year,season,districtName,mandalName,crop,normalAreaSown,actualAreaSown
2018-2019,Kharif,Bhadradri Kothagudem,Kothagudem,Paddy,150,118
2018-2019,Kharif,Bhadradri Kothagudem,Sujathanagar,Paddy,1095,1061
2018-2019,Kharif,Bhadradri Kothagudem,Chunchupalli,Paddy,449,520
2018-2019,Kharif,Bhadradri Kothagudem,Laxmidevipalli,Paddy,573,682
2018-2019,Kharif,Bhadradri Kothagudem,Palwancha,Paddy,1658,4231
2018-2019,Kharif,Bhadradri Kothagudem,Julurpadu,Paddy,995,923
2018-2019,Kharif,Bhadradri Kothagudem,Yellandu,Paddy,1062,1769
2018-2019,Kharif,Bhadradri Kothagudem,Tekulapally,Paddy,1361,1715
2018-2019,Kharif,Bhadradri Kothagudem,Aswaraopet,Paddy,2447,2369
2018-2019,Kharif,Bhadradri Kothagudem,Dammapet,Paddy,3150,3363
2018-2019,Kharif,Bhadradri Kothagudem,Mulkalapally,Paddy,1850,1846
2018-2019,Kharif,Bhadradri Kothagudem,Chandrugonda,Paddy,1668,1705
2018-2019,Kharif,Bhadradri Kothagudem,Annapureddipalli,Paddy,2421,2721
2018-2019,Kharif,Bhadradri Kothagudem,Manuguru,Paddy,2674,2683
2018-2019,Kharif,Bhadradri Kothagudem,Pinapaka,Paddy,3788,3939
2018-2019,Kharif,Bhadradri Kothagudem,Karakagudem,Paddy,1991,2002
2018-2019,Kharif,Bhadradri Kothagudem,Gundala,Paddy,923,1290
2018-2019,Kharif,Bhadradri Kothagudem,Allapalli,Paddy,398,659
2018-2019,Kharif,Bhadradri Kothagudem,Aswapuram,Paddy,2324,2408
2018-2019,Kharif,Bhadradri Kothagudem,Burgampadu,Paddy,1309,1238
2018-2019,Kharif,Bhadradri Kothagudem,Bhadrachalam,Paddy,9,6
2018-2019,Kharif,Bhadradri Kothagudem,Dummugudem,Paddy,5573,5473
2018-2019,Kharif,Bhadradri Kothagudem,Cherla,Paddy,5537,5554
2018-2019,Kharif,Bhadradri Kothagudem,Kothagudem,Jowar,0,0
2018-2019,Kharif,Bhadradri Kothagudem,Sujathanagar,Jowar,0,0
2018-2019,Kharif,Bhadradri Kothagudem,Chunchupalli,Jowar,0,0
2018-2019,Kharif,Bhadradri Kothagudem,Laxmidevipalli,Jowar,0,0
2018-2019,Kharif,Bhadradri Kothagudem,Palwancha,Jowar,0,0
2018-2019,Kharif,Bhadradri Kothagudem,Julurpadu,Jowar,0,0
2018-2019,Kharif,Bhadradri Kothagudem,Yellandu,Jowar,0,0
2018-2019,Kharif,Bhadradri Kothagudem,Tekulapally,Jowar,0,0
2018-2019,Kharif,Bhadradri Kothagudem,Aswaraopet,Jowar,0,0
2018-2019,Kharif,Bhadradri Kothagudem,Dammapet,Jowar,0,0
2018-2019,Kharif,Bhadradri Kothagudem,Mulkalapally,Jowar,0,0
2018-2019,Kharif,Bhadradri Kothagudem,Chandrugonda,Jowar,0,0
2018-2019,Kharif,Bhadradri Kothagudem,Annapureddipalli,Jowar,0,0
2018-2019,Kharif,Bhadradri Kothagudem,Manuguru,Jowar,0,0
2018-2019,Kharif,Bhadradri Kothagudem,Pinapaka,Jowar,0,0
2018-2019,Kharif,Bhadradri Kothagudem,Karakagudem,Jowar,0,0
2018-2019,Kharif,Bhadradri Kothagudem,Gundala,Jowar,0,0
2018-2019,Kharif,Bhadradri Kothagudem,Allapalli,Jowar,0,0
2018-2019,Kharif,Bhadradri Kothagudem,Aswapuram,Jowar,0,0
2018-2019,Kharif,Bhadradri Kothagudem,Burgampadu,Jowar,0,0
2018-2019,Kharif,Bhadradri Kothagudem,Bhadrachalam,Jowar,0,0
2018-2019,Kharif,Bhadradri Kothagudem,Dummugudem,Jowar,0,0
2018-2019,Kharif,Bhadradri Kothagudem,Cherla,Jowar,0,0
2018-2019,Kharif,Bhadradri Kothagudem,Kothagudem,Bajra,0,0
2018-2019,Kharif,Bhadradri Kothagudem,Sujathanagar,Bajra,0,0
2018-2019,Kharif,Bhadradri Kothagudem,Chunchupalli,Bajra,0,0
2018-2019,Kharif,Bhadradri Kothagudem,Laxmidevipalli,Bajra,0,0
2018-2019,Kharif,Bhadradri Kothagudem,Palwancha,Bajra,0,0
2018-2019,Kharif,Bhadradri Kothagudem,Julurpadu,Bajra,0,0
2018-2019,Kharif,Bhadradri Kothagudem,Yellandu,Bajra,0,0
2018-2019,Kharif,Bhadradri Kothagudem,Tekulapally,Bajra,0,0
2018-2019,Kharif,Bhadradri Kothagudem,Aswaraopet,Bajra,0,0
2018-2019,Kharif,Bhadradri Kothagudem,Dammapet,Bajra,0,0
2018-2019,Kharif,Bhadradri Kothagudem,Mulkalapally,Bajra,0,0
2018-2019,Kharif,Bhadradri Kothagudem,Chandrugonda,Bajra,0,0
2018-2019,Kharif,Bhadradri Kothagudem,Annapureddipalli,Bajra,0,0
2018-2019,Kharif,Bhadradri Kothagudem,Manuguru,Bajra,0,0
2018-2019,Kharif,Bhadradri Kothagudem,Pinapaka,Bajra,0,0
2018-2019,Kharif,Bhadradri Kothagudem,Karakagudem,Bajra,0,0
2018-2019,Kharif,Bhadradri Kothagudem,Gundala,Bajra,0,0
2018-2019,Kharif,Bhadradri Kothagudem,Allapalli,Bajra,0,0
2018-2019,Kharif,Bhadradri Kothagudem,Aswapuram,Bajra,0,0
2018-2019,Kharif,Bhadradri Kothagudem,Burgampadu,Bajra,0,0
2018-2019,Kharif,Bhadradri Kothagudem,Bhadrachalam,Bajra,0,0
2018-2019,Kharif,Bhadradri Kothagudem,Dummugudem,Bajra,0,0
2018-2019,Kharif,Bhadradri Kothagudem,Cherla,Bajra,0,0
2018-2019,Kharif,Bhadradri Kothagudem,Kothagudem,Maize,1,2
2018-2019,Kharif,Bhadradri Kothagudem,Sujathanagar,Maize,36,34
2018-2019,Kharif,Bhadradri Kothagudem,Chunchupalli,Maize,9,1
2018-2019,Kharif,Bhadradri Kothagudem,Laxmidevipalli,Maize,79,110
2018-2019,Kharif,Bhadradri Kothagudem,Palwancha,Maize,134,51
2018-2019,Kharif,Bhadradri Kothagudem,Julurpadu,Maize,40,29
2018-2019,Kharif,Bhadradri Kothagudem,Yellandu,Maize,2435,1933
2018-2019,Kharif,Bhadradri Kothagudem,Tekulapally,Maize,789,664
2018-2019,Kharif,Bhadradri Kothagudem,Aswaraopet,Maize,181,72
2018-2019,Kharif,Bhadradri Kothagudem,Dammapet,Maize,287,318
2018-2019,Kharif,Bhadradri Kothagudem,Mulkalapally,Maize,62,65
2018-2019,Kharif,Bhadradri Kothagudem,Chandrugonda,Maize,13,16
2018-2019,Kharif,Bhadradri Kothagudem,Annapureddipalli,Maize,28,79
2018-2019,Kharif,Bhadradri Kothagudem,Manuguru,Maize,14,9
2018-2019,Kharif,Bhadradri Kothagudem,Pinapaka,Maize,21,14
2018-2019,Kharif,Bhadradri Kothagudem,Karakagudem,Maize,145,28
2018-2019,Kharif,Bhadradri Kothagudem,Gundala,Maize,1778,1608
2018-2019,Kharif,Bhadradri Kothagudem,Allapalli,Maize,702,1075
2018-2019,Kharif,Bhadradri Kothagudem,Aswapuram,Maize,62,21
2018-2019,Kharif,Bhadradri Kothagudem,Burgampadu,Maize,43,16
2018-2019,Kharif,Bhadradri Kothagudem,Bhadrachalam,Maize,0,0
2018-2019,Kharif,Bhadradri Kothagudem,Dummugudem,Maize,25,0
2018-2019,Kharif,Bhadradri Kothagudem,Cherla,Maize,3,0
2018-2019,Kharif,Bhadradri Kothagudem,Kothagudem,Green Gram,1,1
2018-2019,Kharif,Bhadradri Kothagudem,Sujathanagar,Green Gram,18,5
2018-2019,Kharif,Bhadradri Kothagudem,Chunchupalli,Green Gram,1,1
2018-2019,Kharif,Bhadradri Kothagudem,Laxmidevipalli,Green Gram,13,0
2018-2019,Kharif,Bhadradri Kothagudem,Palwancha,Green Gram,2,7
2018-2019,Kharif,Bhadradri Kothagudem,Julurpadu,Green Gram,4,3
2018-2019,Kharif,Bhadradri Kothagudem,Yellandu,Green Gram,24,15
2018-2019,Kharif,Bhadradri Kothagudem,Tekulapally,Green Gram,17,23
2018-2019,Kharif,Bhadradri Kothagudem,Aswaraopet,Green Gram,23,14
2018-2019,Kharif,Bhadradri Kothagudem,Dammapet,Green Gram,13,13
2018-2019,Kharif,Bhadradri Kothagudem,Mulkalapally,Green Gram,4,0
2018-2019,Kharif,Bhadradri Kothagudem,Chandrugonda,Green Gram,6,0
2018-2019,Kharif,Bhadradri Kothagudem,Annapureddipalli,Green Gram,6,2
2018-2019,Kharif,Bhadradri Kothagudem,Manuguru,Green Gram,2,5
2018-2019,Kharif,Bhadradri Kothagudem,Pinapaka,Green Gram,4,0
2018-2019,Kharif,Bhadradri Kothagudem,Karakagudem,Green Gram,1,0
2018-2019,Kharif,Bhadradri Kothagudem,Gundala,Green Gram,26,7
2018-2019,Kharif,Bhadradri Kothagudem,Allapalli,Green Gram,12,0
2018-2019,Kharif,Bhadradri Kothagudem,Aswapuram,Green Gram,5,20
2018-2019,Kharif,Bhadradri Kothagudem,Burgampadu,Green Gram,37,8
2018-2019,Kharif,Bhadradri Kothagudem,Bhadrachalam,Green Gram,1,0
2018-2019,Kharif,Bhadradri Kothagudem,Dummugudem,Green Gram,6,2
2018-2019,Kharif,Bhadradri Kothagudem,Cherla,Green Gram,10,2
2018-2019,Kharif,Bhadradri Kothagudem,Kothagudem,Black Gram,0,0
2018-2019,Kharif,Bhadradri Kothagudem,Sujathanagar,Black Gram,0,0
2018-2019,Kharif,Bhadradri Kothagudem,Chunchupalli,Black Gram,0,0
2018-2019,Kharif,Bhadradri Kothagudem,Laxmidevipalli,Black Gram,0,0
2018-2019,Kharif,Bhadradri Kothagudem,Palwancha,Black Gram,0,1
2018-2019,Kharif,Bhadradri Kothagudem,Julurpadu,Black Gram,0,0
2018-2019,Kharif,Bhadradri Kothagudem,Yellandu,Black Gram,0,0
2018-2019,Kharif,Bhadradri Kothagudem,Tekulapally,Black Gram,0,0
2018-2019,Kharif,Bhadradri Kothagudem,Aswaraopet,Black Gram,26,12
2018-2019,Kharif,Bhadradri Kothagudem,Dammapet,Black Gram,4,2
2018-2019,Kharif,Bhadradri Kothagudem,Mulkalapally,Black Gram,4,0
2018-2019,Kharif,Bhadradri Kothagudem,Chandrugonda,Black Gram,2,5
2018-2019,Kharif,Bhadradri Kothagudem,Annapureddipalli,Black Gram,0,2
2018-2019,Kharif,Bhadradri Kothagudem,Manuguru,Black Gram,0,0
2018-2019,Kharif,Bhadradri Kothagudem,Pinapaka,Black Gram,0,0
2018-2019,Kharif,Bhadradri Kothagudem,Karakagudem,Black Gram,0,0
2018-2019,Kharif,Bhadradri Kothagudem,Gundala,Black Gram,0,0
2018-2019,Kharif,Bhadradri Kothagudem,Allapalli,Black Gram,0,0
2018-2019,Kharif,Bhadradri Kothagudem,Aswapuram,Black Gram,1,0
2018-2019,Kharif,Bhadradri Kothagudem,Burgampadu,Black Gram,22,6
2018-2019,Kharif,Bhadradri Kothagudem,Bhadrachalam,Black Gram,0,0
2018-2019,Kharif,Bhadradri Kothagudem,Dummugudem,Black Gram,4,1
2018-2019,Kharif,Bhadradri Kothagudem,Cherla,Black Gram,0,0
2018-2019,Kharif,Bhadradri Kothagudem,Kothagudem,Red Gram,3,2
2018-2019,Kharif,Bhadradri Kothagudem,Sujathanagar,Red Gram,42,25
2018-2019,Kharif,Bhadradri Kothagudem,Chunchupalli,Red Gram,9,2
2018-2019,Kharif,Bhadradri Kothagudem,Laxmidevipalli,Red Gram,63,42
2018-2019,Kharif,Bhadradri Kothagudem,Palwancha,Red Gram,62,63
2018-2019,Kharif,Bhadradri Kothagudem,Julurpadu,Red Gram,20,14
2018-2019,Kharif,Bhadradri Kothagudem,Yellandu,Red Gram,61,29
2018-2019,Kharif,Bhadradri Kothagudem,Tekulapally,Red Gram,249,232
2018-2019,Kharif,Bhadradri Kothagudem,Aswaraopet,Red Gram,37,5
2018-2019,Kharif,Bhadradri Kothagudem,Dammapet,Red Gram,14,13
2018-2019,Kharif,Bhadradri Kothagudem,Mulkalapally,Red Gram,18,3
2018-2019,Kharif,Bhadradri Kothagudem,Chandrugonda,Red Gram,4,2
2018-2019,Kharif,Bhadradri Kothagudem,Annapureddipalli,Red Gram,1,2
2018-2019,Kharif,Bhadradri Kothagudem,Manuguru,Red Gram,36,14
2018-2019,Kharif,Bhadradri Kothagudem,Pinapaka,Red Gram,12,9
2018-2019,Kharif,Bhadradri Kothagudem,Karakagudem,Red Gram,7,3
2018-2019,Kharif,Bhadradri Kothagudem,Gundala,Red Gram,133,53
2018-2019,Kharif,Bhadradri Kothagudem,Allapalli,Red Gram,94,18
2018-2019,Kharif,Bhadradri Kothagudem,Aswapuram,Red Gram,41,19
2018-2019,Kharif,Bhadradri Kothagudem,Burgampadu,Red Gram,66,3
2018-2019,Kharif,Bhadradri Kothagudem,Bhadrachalam,Red Gram,0,0
2018-2019,Kharif,Bhadradri Kothagudem,Dummugudem,Red Gram,174,240
2018-2019,Kharif,Bhadradri Kothagudem,Cherla,Red Gram,5,6
2018-2019,Kharif,Bhadradri Kothagudem,Kothagudem,Cow Gram,0,0
2018-2019,Kharif,Bhadradri Kothagudem,Sujathanagar,Cow Gram,0,0
2018-2019,Kharif,Bhadradri Kothagudem,Chunchupalli,Cow Gram,0,0
2018-2019,Kharif,Bhadradri Kothagudem,Laxmidevipalli,Cow Gram,0,0
2018-2019,Kharif,Bhadradri Kothagudem,Palwancha,Cow Gram,0,0
2018-2019,Kharif,Bhadradri Kothagudem,Julurpadu,Cow Gram,0,0
2018-2019,Kharif,Bhadradri Kothagudem,Yellandu,Cow Gram,0,0
2018-2019,Kharif,Bhadradri Kothagudem,Tekulapally,Cow Gram,0,0
2018-2019,Kharif,Bhadradri Kothagudem,Aswaraopet,Cow Gram,14,11
2018-2019,Kharif,Bhadradri Kothagudem,Dammapet,Cow Gram,0,0
2018-2019,Kharif,Bhadradri Kothagudem,Mulkalapally,Cow Gram,0,0
2018-2019,Kharif,Bhadradri Kothagudem,Chandrugonda,Cow Gram,0,0
2018-2019,Kharif,Bhadradri Kothagudem,Annapureddipalli,Cow Gram,0,0
2018-2019,Kharif,Bhadradri Kothagudem,Manuguru,Cow Gram,0,0
2018-2019,Kharif,Bhadradri Kothagudem,Pinapaka,Cow Gram,0,0
2018-2019,Kharif,Bhadradri Kothagudem,Karakagudem,Cow Gram,0,0
2018-2019,Kharif,Bhadradri Kothagudem,Gundala,Cow Gram,0,0
2018-2019,Kharif,Bhadradri Kothagudem,Allapalli,Cow Gram,0,0
2018-2019,Kharif,Bhadradri Kothagudem,Aswapuram,Cow Gram,0,0
2018-2019,Kharif,Bhadradri Kothagudem,Burgampadu,Cow Gram,0,0
2018-2019,Kharif,Bhadradri Kothagudem,Bhadrachalam,Cow Gram,0,0
2018-2019,Kharif,Bhadradri Kothagudem,Dummugudem,Cow Gram,0,0
2018-2019,Kharif,Bhadradri Kothagudem,Cherla,Cow Gram,0,0
2018-2019,Kharif,Bhadradri Kothagudem,Kothagudem,Chillies,4,2
2018-2019,Kharif,Bhadradri Kothagudem,Sujathanagar,Chillies,104,25
2018-2019,Kharif,Bhadradri Kothagudem,Chunchupalli,Chillies,8,4
2018-2019,Kharif,Bhadradri Kothagudem,Laxmidevipalli,Chillies,64,51
2018-2019,Kharif,Bhadradri Kothagudem,Palwancha,Chillies,68,259
2018-2019,Kharif,Bhadradri Kothagudem,Julurpadu,Chillies,994,512
2018-2019,Kharif,Bhadradri Kothagudem,Yellandu,Chillies,183,130
2018-2019,Kharif,Bhadradri Kothagudem,Tekulapally,Chillies,706,236
2018-2019,Kharif,Bhadradri Kothagudem,Aswaraopet,Chillies,15,17
2018-2019,Kharif,Bhadradri Kothagudem,Dammapet,Chillies,0,0
2018-2019,Kharif,Bhadradri Kothagudem,Mulkalapally,Chillies,14,0
2018-2019,Kharif,Bhadradri Kothagudem,Chandrugonda,Chillies,1192,1311
2018-2019,Kharif,Bhadradri Kothagudem,Annapureddipalli,Chillies,41,38
2018-2019,Kharif,Bhadradri Kothagudem,Manuguru,Chillies,18,42
2018-2019,Kharif,Bhadradri Kothagudem,Pinapaka,Chillies,165,42
2018-2019,Kharif,Bhadradri Kothagudem,Karakagudem,Chillies,28,4
2018-2019,Kharif,Bhadradri Kothagudem,Gundala,Chillies,27,3
2018-2019,Kharif,Bhadradri Kothagudem,Allapalli,Chillies,12,0
2018-2019,Kharif,Bhadradri Kothagudem,Aswapuram,Chillies,3,0
2018-2019,Kharif,Bhadradri Kothagudem,Burgampadu,Chillies,50,0
2018-2019,Kharif,Bhadradri Kothagudem,Bhadrachalam,Chillies,0,0
2018-2019,Kharif,Bhadradri Kothagudem,Dummugudem,Chillies,0,0
2018-2019,Kharif,Bhadradri Kothagudem,Cherla,Chillies,0,0
2018-2019,Kharif,Bhadradri Kothagudem,Kothagudem,Turmeric,0,0
2018-2019,Kharif,Bhadradri Kothagudem,Sujathanagar,Turmeric,0,0
2018-2019,Kharif,Bhadradri Kothagudem,Chunchupalli,Turmeric,0,0
2018-2019,Kharif,Bhadradri Kothagudem,Laxmidevipalli,Turmeric,0,0
2018-2019,Kharif,Bhadradri Kothagudem,Palwancha,Turmeric,7,8
2018-2019,Kharif,Bhadradri Kothagudem,Julurpadu,Turmeric,0,0
2018-2019,Kharif,Bhadradri Kothagudem,Yellandu,Turmeric,24,8
2018-2019,Kharif,Bhadradri Kothagudem,Tekulapally,Turmeric,0,0
2018-2019,Kharif,Bhadradri Kothagudem,Aswaraopet,Turmeric,0,0
2018-2019,Kharif,Bhadradri Kothagudem,Dammapet,Turmeric,0,0
2018-2019,Kharif,Bhadradri Kothagudem,Mulkalapally,Turmeric,0,0
2018-2019,Kharif,Bhadradri Kothagudem,Chandrugonda,Turmeric,0,0
2018-2019,Kharif,Bhadradri Kothagudem,Annapureddipalli,Turmeric,0,0
2018-2019,Kharif,Bhadradri Kothagudem,Manuguru,Turmeric,1,0
2018-2019,Kharif,Bhadradri Kothagudem,Pinapaka,Turmeric,0,0
2018-2019,Kharif,Bhadradri Kothagudem,Karakagudem,Turmeric,0,0
2018-2019,Kharif,Bhadradri Kothagudem,Gundala,Turmeric,0,0
2018-2019,Kharif,Bhadradri Kothagudem,Allapalli,Turmeric,0,0
2018-2019,Kharif,Bhadradri Kothagudem,Aswapuram,Turmeric,0,0
2018-2019,Kharif,Bhadradri Kothagudem,Burgampadu,Turmeric,21,0
2018-2019,Kharif,Bhadradri Kothagudem,Bhadrachalam,Turmeric,0,0
2018-2019,Kharif,Bhadradri Kothagudem,Dummugudem,Turmeric,0,0
2018-2019,Kharif,Bhadradri Kothagudem,Cherla,Turmeric,0,0
2018-2019,Kharif,Bhadradri Kothagudem,Kothagudem,Sugarcane,5,5
2018-2019,Kharif,Bhadradri Kothagudem,Sujathanagar,Sugarcane,0,0
2018-2019,Kharif,Bhadradri Kothagudem,Chunchupalli,Sugarcane,0,5
2018-2019,Kharif,Bhadradri Kothagudem,Laxmidevipalli,Sugarcane,22,0
2018-2019,Kharif,Bhadradri Kothagudem,Palwancha,Sugarcane,12,4
2018-2019,Kharif,Bhadradri Kothagudem,Julurpadu,Sugarcane,11,0
2018-2019,Kharif,Bhadradri Kothagudem,Yellandu,Sugarcane,0,0
2018-2019,Kharif,Bhadradri Kothagudem,Tekulapally,Sugarcane,0,0
2018-2019,Kharif,Bhadradri Kothagudem,Aswaraopet,Sugarcane,123,27
2018-2019,Kharif,Bhadradri Kothagudem,Dammapet,Sugarcane,337,342
2018-2019,Kharif,Bhadradri Kothagudem,Mulkalapally,Sugarcane,62,27
2018-2019,Kharif,Bhadradri Kothagudem,Chandrugonda,Sugarcane,1,24
2018-2019,Kharif,Bhadradri Kothagudem,Annapureddipalli,Sugarcane,21,21
2018-2019,Kharif,Bhadradri Kothagudem,Manuguru,Sugarcane,0,0
2018-2019,Kharif,Bhadradri Kothagudem,Pinapaka,Sugarcane,0,0
2018-2019,Kharif,Bhadradri Kothagudem,Karakagudem,Sugarcane,0,0
2018-2019,Kharif,Bhadradri Kothagudem,Gundala,Sugarcane,0,0
2018-2019,Kharif,Bhadradri Kothagudem,Allapalli,Sugarcane,0,0
2018-2019,Kharif,Bhadradri Kothagudem,Aswapuram,Sugarcane,3,5
2018-2019,Kharif,Bhadradri Kothagudem,Burgampadu,Sugarcane,0,0
2018-2019,Kharif,Bhadradri Kothagudem,Bhadrachalam,Sugarcane,0,0
2018-2019,Kharif,Bhadradri Kothagudem,Dummugudem,Sugarcane,0,0
2018-2019,Kharif,Bhadradri Kothagudem,Cherla,Sugarcane,0,0
2018-2019,Kharif,Bhadradri Kothagudem,Kothagudem,Cotton,67,36
2018-2019,Kharif,Bhadradri Kothagudem,Sujathanagar,Cotton,3566,3507
2018-2019,Kharif,Bhadradri Kothagudem,Chunchupalli,Cotton,480,502
2018-2019,Kharif,Bhadradri Kothagudem,Laxmidevipalli,Cotton,3861,3834
2018-2019,Kharif,Bhadradri Kothagudem,Palwancha,Cotton,4667,4551
2018-2019,Kharif,Bhadradri Kothagudem,Julurpadu,Cotton,6847,6559
2018-2019,Kharif,Bhadradri Kothagudem,Yellandu,Cotton,1710,1384
2018-2019,Kharif,Bhadradri Kothagudem,Tekulapally,Cotton,7288,8052
2018-2019,Kharif,Bhadradri Kothagudem,Aswaraopet,Cotton,1664,1228
2018-2019,Kharif,Bhadradri Kothagudem,Dammapet,Cotton,179,66
2018-2019,Kharif,Bhadradri Kothagudem,Mulkalapally,Cotton,684,660
2018-2019,Kharif,Bhadradri Kothagudem,Chandrugonda,Cotton,3020,3156
2018-2019,Kharif,Bhadradri Kothagudem,Annapureddipalli,Cotton,994,475
2018-2019,Kharif,Bhadradri Kothagudem,Manuguru,Cotton,704,604
2018-2019,Kharif,Bhadradri Kothagudem,Pinapaka,Cotton,466,230
2018-2019,Kharif,Bhadradri Kothagudem,Karakagudem,Cotton,661,682
2018-2019,Kharif,Bhadradri Kothagudem,Gundala,Cotton,1133,1156
2018-2019,Kharif,Bhadradri Kothagudem,Allapalli,Cotton,654,1140
2018-2019,Kharif,Bhadradri Kothagudem,Aswapuram,Cotton,3343,1963
2018-2019,Kharif,Bhadradri Kothagudem,Burgampadu,Cotton,2802,2315
2018-2019,Kharif,Bhadradri Kothagudem,Bhadrachalam,Cotton,22,12
2018-2019,Kharif,Bhadradri Kothagudem,Dummugudem,Cotton,2688,2337
2018-2019,Kharif,Bhadradri Kothagudem,Cherla,Cotton,322,107
2018-2019,Kharif,Bhadradri Kothagudem,Kothagudem,Groundnut,0,0
2018-2019,Kharif,Bhadradri Kothagudem,Sujathanagar,Groundnut,0,0
2018-2019,Kharif,Bhadradri Kothagudem,Chunchupalli,Groundnut,0,0
2018-2019,Kharif,Bhadradri Kothagudem,Laxmidevipalli,Groundnut,0,0
2018-2019,Kharif,Bhadradri Kothagudem,Palwancha,Groundnut,0,0
2018-2019,Kharif,Bhadradri Kothagudem,Julurpadu,Groundnut,2,0
2018-2019,Kharif,Bhadradri Kothagudem,Yellandu,Groundnut,0,0
2018-2019,Kharif,Bhadradri Kothagudem,Tekulapally,Groundnut,0,0
2018-2019,Kharif,Bhadradri Kothagudem,Aswaraopet,Groundnut,204,119
2018-2019,Kharif,Bhadradri Kothagudem,Dammapet,Groundnut,59,69
2018-2019,Kharif,Bhadradri Kothagudem,Mulkalapally,Groundnut,30,146
2018-2019,Kharif,Bhadradri Kothagudem,Chandrugonda,Groundnut,0,0
2018-2019,Kharif,Bhadradri Kothagudem,Annapureddipalli,Groundnut,2,0
2018-2019,Kharif,Bhadradri Kothagudem,Manuguru,Groundnut,0,0
2018-2019,Kharif,Bhadradri Kothagudem,Pinapaka,Groundnut,0,0
2018-2019,Kharif,Bhadradri Kothagudem,Karakagudem,Groundnut,0,0
2018-2019,Kharif,Bhadradri Kothagudem,Gundala,Groundnut,0,0
2018-2019,Kharif,Bhadradri Kothagudem,Allapalli,Groundnut,0,0
2018-2019,Kharif,Bhadradri Kothagudem,Aswapuram,Groundnut,0,0
2018-2019,Kharif,Bhadradri Kothagudem,Burgampadu,Groundnut,0,0
2018-2019,Kharif,Bhadradri Kothagudem,Bhadrachalam,Groundnut,0,0
2018-2019,Kharif,Bhadradri Kothagudem,Dummugudem,Groundnut,0,0
2018-2019,Kharif,Bhadradri Kothagudem,Cherla,Groundnut,0,0
2018-2019,Kharif,Bhadradri Kothagudem,Kothagudem,Sesamum,0,0
2018-2019,Kharif,Bhadradri Kothagudem,Sujathanagar,Sesamum,0,0
2018-2019,Kharif,Bhadradri Kothagudem,Chunchupalli,Sesamum,0,0
2018-2019,Kharif,Bhadradri Kothagudem,Laxmidevipalli,Sesamum,7,8
2018-2019,Kharif,Bhadradri Kothagudem,Palwancha,Sesamum,5,5
2018-2019,Kharif,Bhadradri Kothagudem,Julurpadu,Sesamum,0,0
2018-2019,Kharif,Bhadradri Kothagudem,Yellandu,Sesamum,16,6
2018-2019,Kharif,Bhadradri Kothagudem,Tekulapally,Sesamum,21,2
2018-2019,Kharif,Bhadradri Kothagudem,Aswaraopet,Sesamum,50,0
2018-2019,Kharif,Bhadradri Kothagudem,Dammapet,Sesamum,0,0
2018-2019,Kharif,Bhadradri Kothagudem,Mulkalapally,Sesamum,0,0
2018-2019,Kharif,Bhadradri Kothagudem,Chandrugonda,Sesamum,0,0
2018-2019,Kharif,Bhadradri Kothagudem,Annapureddipalli,Sesamum,1,0
2018-2019,Kharif,Bhadradri Kothagudem,Manuguru,Sesamum,0,0
2018-2019,Kharif,Bhadradri Kothagudem,Pinapaka,Sesamum,0,0
2018-2019,Kharif,Bhadradri Kothagudem,Karakagudem,Sesamum,2,0
2018-2019,Kharif,Bhadradri Kothagudem,Gundala,Sesamum,57,0
2018-2019,Kharif,Bhadradri Kothagudem,Allapalli,Sesamum,40,0
2018-2019,Kharif,Bhadradri Kothagudem,Aswapuram,Sesamum,11,4
2018-2019,Kharif,Bhadradri Kothagudem,Burgampadu,Sesamum,2,2
2018-2019,Kharif,Bhadradri Kothagudem,Bhadrachalam,Sesamum,0,0
2018-2019,Kharif,Bhadradri Kothagudem,Dummugudem,Sesamum,0,0
2018-2019,Kharif,Bhadradri Kothagudem,Cherla,Sesamum,15,0
2018-2019,Kharif,Bhadradri Kothagudem,Kothagudem,Tobacco,0,0
2018-2019,Kharif,Bhadradri Kothagudem,Sujathanagar,Tobacco,0,0
2018-2019,Kharif,Bhadradri Kothagudem,Chunchupalli,Tobacco,0,0
2018-2019,Kharif,Bhadradri Kothagudem,Laxmidevipalli,Tobacco,0,0
2018-2019,Kharif,Bhadradri Kothagudem,Palwancha,Tobacco,0,0
2018-2019,Kharif,Bhadradri Kothagudem,Julurpadu,Tobacco,0,0
2018-2019,Kharif,Bhadradri Kothagudem,Yellandu,Tobacco,0,0
2018-2019,Kharif,Bhadradri Kothagudem,Tekulapally,Tobacco,0,0
2018-2019,Kharif,Bhadradri Kothagudem,Aswaraopet,Tobacco,0,0
2018-2019,Kharif,Bhadradri Kothagudem,Dammapet,Tobacco,0,0
2018-2019,Kharif,Bhadradri Kothagudem,Mulkalapally,Tobacco,0,0
2018-2019,Kharif,Bhadradri Kothagudem,Chandrugonda,Tobacco,0,0
2018-2019,Kharif,Bhadradri Kothagudem,Annapureddipalli,Tobacco,0,0
2018-2019,Kharif,Bhadradri Kothagudem,Manuguru,Tobacco,0,0
2018-2019,Kharif,Bhadradri Kothagudem,Pinapaka,Tobacco,0,0
2018-2019,Kharif,Bhadradri Kothagudem,Karakagudem,Tobacco,0,0
2018-2019,Kharif,Bhadradri Kothagudem,Gundala,Tobacco,0,0
2018-2019,Kharif,Bhadradri Kothagudem,Allapalli,Tobacco,0,0
2018-2019,Kharif,Bhadradri Kothagudem,Aswapuram,Tobacco,0,0
2018-2019,Kharif,Bhadradri Kothagudem,Burgampadu,Tobacco,0,0
2018-2019,Kharif,Bhadradri Kothagudem,Bhadrachalam,Tobacco,0,0
2018-2019,Kharif,Bhadradri Kothagudem,Dummugudem,Tobacco,0,0
2018-2019,Kharif,Bhadradri Kothagudem,Cherla,Tobacco,0,0
2018-2019,Kharif,Bhadradri Kothagudem,Kothagudem,Other crops,42,7
2018-2019,Kharif,Bhadradri Kothagudem,Sujathanagar,Other crops,223,209
2018-2019,Kharif,Bhadradri Kothagudem,Chunchupalli,Other crops,87,53
2018-2019,Kharif,Bhadradri Kothagudem,Laxmidevipalli,Other crops,288,264
2018-2019,Kharif,Bhadradri Kothagudem,Palwancha,Other crops,809,742
2018-2019,Kharif,Bhadradri Kothagudem,Julurpadu,Other crops,576,505
2018-2019,Kharif,Bhadradri Kothagudem,Yellandu,Other crops,175,183
2018-2019,Kharif,Bhadradri Kothagudem,Tekulapally,Other crops,588,200
2018-2019,Kharif,Bhadradri Kothagudem,Aswaraopet,Other crops,4721,5926
2018-2019,Kharif,Bhadradri Kothagudem,Dammapet,Other crops,5750,6721
2018-2019,Kharif,Bhadradri Kothagudem,Mulkalapally,Other crops,2946,2947
2018-2019,Kharif,Bhadradri Kothagudem,Chandrugonda,Other crops,1320,873
2018-2019,Kharif,Bhadradri Kothagudem,Annapureddipalli,Other crops,1820,1296
2018-2019,Kharif,Bhadradri Kothagudem,Manuguru,Other crops,103,115
2018-2019,Kharif,Bhadradri Kothagudem,Pinapaka,Other crops,116,98
2018-2019,Kharif,Bhadradri Kothagudem,Karakagudem,Other crops,46,46
2018-2019,Kharif,Bhadradri Kothagudem,Gundala,Other crops,30,72
2018-2019,Kharif,Bhadradri Kothagudem,Allapalli,Other crops,125,79
2018-2019,Kharif,Bhadradri Kothagudem,Aswapuram,Other crops,307,379
2018-2019,Kharif,Bhadradri Kothagudem,Burgampadu,Other crops,500,698
2018-2019,Kharif,Bhadradri Kothagudem,Bhadrachalam,Other crops,137,142
2018-2019,Kharif,Bhadradri Kothagudem,Dummugudem,Other crops,144,65
2018-2019,Kharif,Bhadradri Kothagudem,Cherla,Other crops,9,20
2018-2019,Kharif,Bhadradri Kothagudem,Kothagudem,Total,273,173
2018-2019,Kharif,Bhadradri Kothagudem,Sujathanagar,Total,5084,4866
2018-2019,Kharif,Bhadradri Kothagudem,Chunchupalli,Total,1043,1088
2018-2019,Kharif,Bhadradri Kothagudem,Laxmidevipalli,Total,4970,4991
2018-2019,Kharif,Bhadradri Kothagudem,Palwancha,Total,7424,9922
2018-2019,Kharif,Bhadradri Kothagudem,Julurpadu,Total,9489,8545
2018-2019,Kharif,Bhadradri Kothagudem,Yellandu,Total,5690,5457
2018-2019,Kharif,Bhadradri Kothagudem,Tekulapally,Total,11019,11124
2018-2019,Kharif,Bhadradri Kothagudem,Aswaraopet,Total,9505,9800
2018-2019,Kharif,Bhadradri Kothagudem,Dammapet,Total,9793,10907
2018-2019,Kharif,Bhadradri Kothagudem,Mulkalapally,Total,5674,5694
2018-2019,Kharif,Bhadradri Kothagudem,Chandrugonda,Total,7226,7092
2018-2019,Kharif,Bhadradri Kothagudem,Annapureddipalli,Total,5335,4636
2018-2019,Kharif,Bhadradri Kothagudem,Manuguru,Total,3552,3472
2018-2019,Kharif,Bhadradri Kothagudem,Pinapaka,Total,4572,4332
2018-2019,Kharif,Bhadradri Kothagudem,Karakagudem,Total,2881,2765
2018-2019,Kharif,Bhadradri Kothagudem,Gundala,Total,4107,4189
2018-2019,Kharif,Bhadradri Kothagudem,Allapalli,Total,2037,2971
2018-2019,Kharif,Bhadradri Kothagudem,Aswapuram,Total,6100,4819
2018-2019,Kharif,Bhadradri Kothagudem,Burgampadu,Total,4852,4286
2018-2019,Kharif,Bhadradri Kothagudem,Bhadrachalam,Total,169,160
2018-2019,Kharif,Bhadradri Kothagudem,Dummugudem,Total,8614,8118
2018-2019,Kharif,Bhadradri Kothagudem,Cherla,Total,5901,5689
