year,season,districtName,mandalName,crop,normalAreaSown,actualAreaSown
2016-2017,Kharif,Bhadradri Kothagudem,Kothagudem,Paddy,2022,2562
2016-2017,Kharif,Bhadradri Kothagudem,Julurphad,Paddy,1261,822
2016-2017,Kharif,Bhadradri Kothagudem,Palwancha,Paddy,1719,1883
2016-2017,Kharif,Bhadradri Kothagudem,Yellandu,Paddy,833,1653
2016-2017,Kharif,Bhadradri Kothagudem,Tekulapalli,Paddy,1014,2416
2016-2017,Kharif,Bhadradri Kothagudem,Aswaraopet,Paddy,2383,2421
2016-2017,Kharif,Bhadradri Kothagudem,Dammapet,Paddy,3244,2910
2016-2017,Kharif,Bhadradri Kothagudem,Mulkalpalli,Paddy,1997,1773
2016-2017,Kharif,Bhadradri Kothagudem,Chandrugonda,Paddy,3795,4258
2016-2017,Kharif,Bhadradri Kothagudem,Manguru,Paddy,2807,2647
2016-2017,Kharif,Bhadradri Kothagudem,Pinapaka,Paddy,5353,5594
2016-2017,Kharif,Bhadradri Kothagudem,Gundala,Paddy,917,1693
2016-2017,Kharif,Bhadradri Kothagudem,Aswapuram,Paddy,2319,2413
2016-2017,Kharif,Bhadradri Kothagudem,Burgampad,Paddy,1286,1296
2016-2017,Kharif,Bhadradri Kothagudem,Bhadrachalam,Paddy,20,5
2016-2017,Kharif,Bhadradri Kothagudem,Dummugudem,Paddy,5400,5809
2016-2017,Kharif,Bhadradri Kothagudem,Cherla,Paddy,5358,5707
2016-2017,Kharif,Bhadradri Kothagudem,Kothagudem,Jowar,0,0
2016-2017,Kharif,Bhadradri Kothagudem,Julurphad,Jowar,0,0
2016-2017,Kharif,Bhadradri Kothagudem,Palwancha,Jowar,0,0
2016-2017,Kharif,Bhadradri Kothagudem,Yellandu,Jowar,0,0
2016-2017,Kharif,Bhadradri Kothagudem,Tekulapalli,Jowar,0,0
2016-2017,Kharif,Bhadradri Kothagudem,Aswaraopet,Jowar,0,0
2016-2017,Kharif,Bhadradri Kothagudem,Dammapet,Jowar,0,0
2016-2017,Kharif,Bhadradri Kothagudem,Mulkalpalli,Jowar,0,0
2016-2017,Kharif,Bhadradri Kothagudem,Chandrugonda,Jowar,0,0
2016-2017,Kharif,Bhadradri Kothagudem,Manguru,Jowar,0,2
2016-2017,Kharif,Bhadradri Kothagudem,Pinapaka,Jowar,0,0
2016-2017,Kharif,Bhadradri Kothagudem,Gundala,Jowar,0,0
2016-2017,Kharif,Bhadradri Kothagudem,Aswapuram,Jowar,0,0
2016-2017,Kharif,Bhadradri Kothagudem,Burgampad,Jowar,0,0
2016-2017,Kharif,Bhadradri Kothagudem,Bhadrachalam,Jowar,0,0
2016-2017,Kharif,Bhadradri Kothagudem,Dummugudem,Jowar,0,0
2016-2017,Kharif,Bhadradri Kothagudem,Cherla,Jowar,0,0
2016-2017,Kharif,Bhadradri Kothagudem,Kothagudem,Maize,97,144
2016-2017,Kharif,Bhadradri Kothagudem,Julurphad,Maize,29,59
2016-2017,Kharif,Bhadradri Kothagudem,Palwancha,Maize,73,205
2016-2017,Kharif,Bhadradri Kothagudem,Yellandu,Maize,2318,1680
2016-2017,Kharif,Bhadradri Kothagudem,Tekulapalli,Maize,636,547
2016-2017,Kharif,Bhadradri Kothagudem,Aswaraopet,Maize,188,172
2016-2017,Kharif,Bhadradri Kothagudem,Dammapet,Maize,357,327
2016-2017,Kharif,Bhadradri Kothagudem,Mulkalpalli,Maize,44,76
2016-2017,Kharif,Bhadradri Kothagudem,Chandrugonda,Maize,35,44
2016-2017,Kharif,Bhadradri Kothagudem,Manguru,Maize,14,15
2016-2017,Kharif,Bhadradri Kothagudem,Pinapaka,Maize,147,90
2016-2017,Kharif,Bhadradri Kothagudem,Gundala,Maize,2452,2198
2016-2017,Kharif,Bhadradri Kothagudem,Aswapuram,Maize,53,81
2016-2017,Kharif,Bhadradri Kothagudem,Burgampad,Maize,19,90
2016-2017,Kharif,Bhadradri Kothagudem,Bhadrachalam,Maize,0,0
2016-2017,Kharif,Bhadradri Kothagudem,Dummugudem,Maize,23,13
2016-2017,Kharif,Bhadradri Kothagudem,Cherla,Maize,5,0
2016-2017,Kharif,Bhadradri Kothagudem,Kothagudem,Green Gram,21,17
2016-2017,Kharif,Bhadradri Kothagudem,Julurphad,Green Gram,3,8
2016-2017,Kharif,Bhadradri Kothagudem,Palwancha,Green Gram,0,5
2016-2017,Kharif,Bhadradri Kothagudem,Yellandu,Green Gram,30,24
2016-2017,Kharif,Bhadradri Kothagudem,Tekulapalli,Green Gram,5,45
2016-2017,Kharif,Bhadradri Kothagudem,Aswaraopet,Green Gram,0,90
2016-2017,Kharif,Bhadradri Kothagudem,Dammapet,Green Gram,12,16
2016-2017,Kharif,Bhadradri Kothagudem,Mulkalpalli,Green Gram,2,10
2016-2017,Kharif,Bhadradri Kothagudem,Chandrugonda,Green Gram,18,18
2016-2017,Kharif,Bhadradri Kothagudem,Manguru,Green Gram,0,8
2016-2017,Kharif,Bhadradri Kothagudem,Pinapaka,Green Gram,17,0
2016-2017,Kharif,Bhadradri Kothagudem,Gundala,Green Gram,47,57
2016-2017,Kharif,Bhadradri Kothagudem,Aswapuram,Green Gram,2,15
2016-2017,Kharif,Bhadradri Kothagudem,Burgampad,Green Gram,4,140
2016-2017,Kharif,Bhadradri Kothagudem,Bhadrachalam,Green Gram,0,4
2016-2017,Kharif,Bhadradri Kothagudem,Dummugudem,Green Gram,5,3
2016-2017,Kharif,Bhadradri Kothagudem,Cherla,Green Gram,4,29
2016-2017,Kharif,Bhadradri Kothagudem,Kothagudem,Black Gram,0,0
2016-2017,Kharif,Bhadradri Kothagudem,Julurphad,Black Gram,0,0
2016-2017,Kharif,Bhadradri Kothagudem,Palwancha,Black Gram,0,0
2016-2017,Kharif,Bhadradri Kothagudem,Yellandu,Black Gram,0,0
2016-2017,Kharif,Bhadradri Kothagudem,Tekulapalli,Black Gram,0,0
2016-2017,Kharif,Bhadradri Kothagudem,Aswaraopet,Black Gram,2,101
2016-2017,Kharif,Bhadradri Kothagudem,Dammapet,Black Gram,4,3
2016-2017,Kharif,Bhadradri Kothagudem,Mulkalpalli,Black Gram,0,20
2016-2017,Kharif,Bhadradri Kothagudem,Chandrugonda,Black Gram,0,4
2016-2017,Kharif,Bhadradri Kothagudem,Manguru,Black Gram,0,0
2016-2017,Kharif,Bhadradri Kothagudem,Pinapaka,Black Gram,1,0
2016-2017,Kharif,Bhadradri Kothagudem,Gundala,Black Gram,0,0
2016-2017,Kharif,Bhadradri Kothagudem,Aswapuram,Black Gram,0,0
2016-2017,Kharif,Bhadradri Kothagudem,Burgampad,Black Gram,3,80
2016-2017,Kharif,Bhadradri Kothagudem,Bhadrachalam,Black Gram,0,0
2016-2017,Kharif,Bhadradri Kothagudem,Dummugudem,Black Gram,3,3
2016-2017,Kharif,Bhadradri Kothagudem,Cherla,Black Gram,0,0
2016-2017,Kharif,Bhadradri Kothagudem,Kothagudem,Red Gram,116,124
2016-2017,Kharif,Bhadradri Kothagudem,Julurphad,Red Gram,117,23
2016-2017,Kharif,Bhadradri Kothagudem,Palwancha,Red Gram,36,187
2016-2017,Kharif,Bhadradri Kothagudem,Yellandu,Red Gram,96,114
2016-2017,Kharif,Bhadradri Kothagudem,Tekulapalli,Red Gram,164,483
2016-2017,Kharif,Bhadradri Kothagudem,Aswaraopet,Red Gram,18,136
2016-2017,Kharif,Bhadradri Kothagudem,Dammapet,Red Gram,20,13
2016-2017,Kharif,Bhadradri Kothagudem,Mulkalpalli,Red Gram,32,29
2016-2017,Kharif,Bhadradri Kothagudem,Chandrugonda,Red Gram,77,9
2016-2017,Kharif,Bhadradri Kothagudem,Manguru,Red Gram,4,92
2016-2017,Kharif,Bhadradri Kothagudem,Pinapaka,Red Gram,29,30
2016-2017,Kharif,Bhadradri Kothagudem,Gundala,Red Gram,220,327
2016-2017,Kharif,Bhadradri Kothagudem,Aswapuram,Red Gram,36,107
2016-2017,Kharif,Bhadradri Kothagudem,Burgampad,Red Gram,7,256
2016-2017,Kharif,Bhadradri Kothagudem,Bhadrachalam,Red Gram,0,0
2016-2017,Kharif,Bhadradri Kothagudem,Dummugudem,Red Gram,33,482
2016-2017,Kharif,Bhadradri Kothagudem,Cherla,Red Gram,12,0
2016-2017,Kharif,Bhadradri Kothagudem,Kothagudem,Cow Gram,0,0
2016-2017,Kharif,Bhadradri Kothagudem,Julurphad,Cow Gram,0,0
2016-2017,Kharif,Bhadradri Kothagudem,Palwancha,Cow Gram,0,0
2016-2017,Kharif,Bhadradri Kothagudem,Yellandu,Cow Gram,0,0
2016-2017,Kharif,Bhadradri Kothagudem,Tekulapalli,Cow Gram,0,0
2016-2017,Kharif,Bhadradri Kothagudem,Aswaraopet,Cow Gram,0,41
2016-2017,Kharif,Bhadradri Kothagudem,Dammapet,Cow Gram,0,0
2016-2017,Kharif,Bhadradri Kothagudem,Mulkalpalli,Cow Gram,0,0
2016-2017,Kharif,Bhadradri Kothagudem,Chandrugonda,Cow Gram,0,0
2016-2017,Kharif,Bhadradri Kothagudem,Manguru,Cow Gram,0,0
2016-2017,Kharif,Bhadradri Kothagudem,Pinapaka,Cow Gram,0,0
2016-2017,Kharif,Bhadradri Kothagudem,Gundala,Cow Gram,0,0
2016-2017,Kharif,Bhadradri Kothagudem,Aswapuram,Cow Gram,0,0
2016-2017,Kharif,Bhadradri Kothagudem,Burgampad,Cow Gram,0,0
2016-2017,Kharif,Bhadradri Kothagudem,Bhadrachalam,Cow Gram,0,0
2016-2017,Kharif,Bhadradri Kothagudem,Dummugudem,Cow Gram,0,0
2016-2017,Kharif,Bhadradri Kothagudem,Cherla,Cow Gram,0,0
2016-2017,Kharif,Bhadradri Kothagudem,Kothagudem,Groundnut,0,0
2016-2017,Kharif,Bhadradri Kothagudem,Julurphad,Groundnut,2,0
2016-2017,Kharif,Bhadradri Kothagudem,Palwancha,Groundnut,0,0
2016-2017,Kharif,Bhadradri Kothagudem,Yellandu,Groundnut,0,0
2016-2017,Kharif,Bhadradri Kothagudem,Tekulapalli,Groundnut,0,0
2016-2017,Kharif,Bhadradri Kothagudem,Aswaraopet,Groundnut,125,239
2016-2017,Kharif,Bhadradri Kothagudem,Dammapet,Groundnut,52,63
2016-2017,Kharif,Bhadradri Kothagudem,Mulkalpalli,Groundnut,0,0
2016-2017,Kharif,Bhadradri Kothagudem,Chandrugonda,Groundnut,11,0
2016-2017,Kharif,Bhadradri Kothagudem,Manguru,Groundnut,0,0
2016-2017,Kharif,Bhadradri Kothagudem,Pinapaka,Groundnut,0,0
2016-2017,Kharif,Bhadradri Kothagudem,Gundala,Groundnut,0,0
2016-2017,Kharif,Bhadradri Kothagudem,Aswapuram,Groundnut,0,0
2016-2017,Kharif,Bhadradri Kothagudem,Burgampad,Groundnut,0,0
2016-2017,Kharif,Bhadradri Kothagudem,Bhadrachalam,Groundnut,0,0
2016-2017,Kharif,Bhadradri Kothagudem,Dummugudem,Groundnut,0,0
2016-2017,Kharif,Bhadradri Kothagudem,Cherla,Groundnut,0,0
2016-2017,Kharif,Bhadradri Kothagudem,Kothagudem,Sesamum,4,21
2016-2017,Kharif,Bhadradri Kothagudem,Julurphad,Sesamum,0,0
2016-2017,Kharif,Bhadradri Kothagudem,Palwancha,Sesamum,8,6
2016-2017,Kharif,Bhadradri Kothagudem,Yellandu,Sesamum,13,24
2016-2017,Kharif,Bhadradri Kothagudem,Tekulapalli,Sesamum,22,22
2016-2017,Kharif,Bhadradri Kothagudem,Aswaraopet,Sesamum,12,203
2016-2017,Kharif,Bhadradri Kothagudem,Dammapet,Sesamum,0,0
2016-2017,Kharif,Bhadradri Kothagudem,Mulkalpalli,Sesamum,0,0
2016-2017,Kharif,Bhadradri Kothagudem,Chandrugonda,Sesamum,1,0
2016-2017,Kharif,Bhadradri Kothagudem,Manguru,Sesamum,1,0
2016-2017,Kharif,Bhadradri Kothagudem,Pinapaka,Sesamum,8,0
2016-2017,Kharif,Bhadradri Kothagudem,Gundala,Sesamum,130,85
2016-2017,Kharif,Bhadradri Kothagudem,Aswapuram,Sesamum,2,51
2016-2017,Kharif,Bhadradri Kothagudem,Burgampad,Sesamum,2,0
2016-2017,Kharif,Bhadradri Kothagudem,Bhadrachalam,Sesamum,0,0
2016-2017,Kharif,Bhadradri Kothagudem,Dummugudem,Sesamum,0,0
2016-2017,Kharif,Bhadradri Kothagudem,Cherla,Sesamum,15,0
2016-2017,Kharif,Bhadradri Kothagudem,Kothagudem,Soyabean,0,3
2016-2017,Kharif,Bhadradri Kothagudem,Julurphad,Soyabean,0,0
2016-2017,Kharif,Bhadradri Kothagudem,Palwancha,Soyabean,0,0
2016-2017,Kharif,Bhadradri Kothagudem,Yellandu,Soyabean,0,0
2016-2017,Kharif,Bhadradri Kothagudem,Tekulapalli,Soyabean,0,0
2016-2017,Kharif,Bhadradri Kothagudem,Aswaraopet,Soyabean,0,0
2016-2017,Kharif,Bhadradri Kothagudem,Dammapet,Soyabean,0,0
2016-2017,Kharif,Bhadradri Kothagudem,Mulkalpalli,Soyabean,0,0
2016-2017,Kharif,Bhadradri Kothagudem,Chandrugonda,Soyabean,0,0
2016-2017,Kharif,Bhadradri Kothagudem,Manguru,Soyabean,0,0
2016-2017,Kharif,Bhadradri Kothagudem,Pinapaka,Soyabean,14,0
2016-2017,Kharif,Bhadradri Kothagudem,Gundala,Soyabean,0,0
2016-2017,Kharif,Bhadradri Kothagudem,Aswapuram,Soyabean,0,12
2016-2017,Kharif,Bhadradri Kothagudem,Burgampad,Soyabean,0,0
2016-2017,Kharif,Bhadradri Kothagudem,Bhadrachalam,Soyabean,0,0
2016-2017,Kharif,Bhadradri Kothagudem,Dummugudem,Soyabean,0,4
2016-2017,Kharif,Bhadradri Kothagudem,Cherla,Soyabean,3,0
2016-2017,Kharif,Bhadradri Kothagudem,Kothagudem,Mesta,0,0
2016-2017,Kharif,Bhadradri Kothagudem,Julurphad,Mesta,0,0
2016-2017,Kharif,Bhadradri Kothagudem,Palwancha,Mesta,0,0
2016-2017,Kharif,Bhadradri Kothagudem,Yellandu,Mesta,0,0
2016-2017,Kharif,Bhadradri Kothagudem,Tekulapalli,Mesta,0,0
2016-2017,Kharif,Bhadradri Kothagudem,Aswaraopet,Mesta,0,0
2016-2017,Kharif,Bhadradri Kothagudem,Dammapet,Mesta,0,0
2016-2017,Kharif,Bhadradri Kothagudem,Mulkalpalli,Mesta,0,0
2016-2017,Kharif,Bhadradri Kothagudem,Chandrugonda,Mesta,0,0
2016-2017,Kharif,Bhadradri Kothagudem,Manguru,Mesta,0,0
2016-2017,Kharif,Bhadradri Kothagudem,Pinapaka,Mesta,0,0
2016-2017,Kharif,Bhadradri Kothagudem,Gundala,Mesta,0,0
2016-2017,Kharif,Bhadradri Kothagudem,Aswapuram,Mesta,0,0
2016-2017,Kharif,Bhadradri Kothagudem,Burgampad,Mesta,0,0
2016-2017,Kharif,Bhadradri Kothagudem,Bhadrachalam,Mesta,0,0
2016-2017,Kharif,Bhadradri Kothagudem,Dummugudem,Mesta,0,0
2016-2017,Kharif,Bhadradri Kothagudem,Cherla,Mesta,0,0
2016-2017,Kharif,Bhadradri Kothagudem,Kothagudem,Chillies,108,88
2016-2017,Kharif,Bhadradri Kothagudem,Julurphad,Chillies,712,1585
2016-2017,Kharif,Bhadradri Kothagudem,Palwancha,Chillies,3,673
2016-2017,Kharif,Bhadradri Kothagudem,Yellandu,Chillies,160,234
2016-2017,Kharif,Bhadradri Kothagudem,Tekulapalli,Chillies,278,1938
2016-2017,Kharif,Bhadradri Kothagudem,Aswaraopet,Chillies,2,36
2016-2017,Kharif,Bhadradri Kothagudem,Dammapet,Chillies,0,0
2016-2017,Kharif,Bhadradri Kothagudem,Mulkalpalli,Chillies,18,0
2016-2017,Kharif,Bhadradri Kothagudem,Chandrugonda,Chillies,723,1729
2016-2017,Kharif,Bhadradri Kothagudem,Manguru,Chillies,22,44
2016-2017,Kharif,Bhadradri Kothagudem,Pinapaka,Chillies,210,219
2016-2017,Kharif,Bhadradri Kothagudem,Gundala,Chillies,2,187
2016-2017,Kharif,Bhadradri Kothagudem,Aswapuram,Chillies,3,0
2016-2017,Kharif,Bhadradri Kothagudem,Burgampad,Chillies,20,110
2016-2017,Kharif,Bhadradri Kothagudem,Bhadrachalam,Chillies,0,0
2016-2017,Kharif,Bhadradri Kothagudem,Dummugudem,Chillies,0,0
2016-2017,Kharif,Bhadradri Kothagudem,Cherla,Chillies,0,0
2016-2017,Kharif,Bhadradri Kothagudem,Kothagudem,Cotton,8473,7250
2016-2017,Kharif,Bhadradri Kothagudem,Julurphad,Cotton,7080,5672
2016-2017,Kharif,Bhadradri Kothagudem,Palwancha,Cotton,5227,3811
2016-2017,Kharif,Bhadradri Kothagudem,Yellandu,Cotton,2518,813
2016-2017,Kharif,Bhadradri Kothagudem,Tekulapalli,Cotton,8403,4585
2016-2017,Kharif,Bhadradri Kothagudem,Aswaraopet,Cotton,2513,497
2016-2017,Kharif,Bhadradri Kothagudem,Dammapet,Cotton,275,68
2016-2017,Kharif,Bhadradri Kothagudem,Mulkalpalli,Cotton,772,410
2016-2017,Kharif,Bhadradri Kothagudem,Chandrugonda,Cotton,5240,3105
2016-2017,Kharif,Bhadradri Kothagudem,Manguru,Cotton,940,335
2016-2017,Kharif,Bhadradri Kothagudem,Pinapaka,Cotton,1444,804
2016-2017,Kharif,Bhadradri Kothagudem,Gundala,Cotton,1868,1883
2016-2017,Kharif,Bhadradri Kothagudem,Aswapuram,Cotton,3601,2760
2016-2017,Kharif,Bhadradri Kothagudem,Burgampad,Cotton,2887,2300
2016-2017,Kharif,Bhadradri Kothagudem,Bhadrachalam,Cotton,57,0
2016-2017,Kharif,Bhadradri Kothagudem,Dummugudem,Cotton,2622,2257
2016-2017,Kharif,Bhadradri Kothagudem,Cherla,Cotton,545,97
2016-2017,Kharif,Bhadradri Kothagudem,Kothagudem,Sugarcane,35,12
2016-2017,Kharif,Bhadradri Kothagudem,Julurphad,Sugarcane,12,8
2016-2017,Kharif,Bhadradri Kothagudem,Palwancha,Sugarcane,26,4
2016-2017,Kharif,Bhadradri Kothagudem,Yellandu,Sugarcane,0,0
2016-2017,Kharif,Bhadradri Kothagudem,Tekulapalli,Sugarcane,0,0
2016-2017,Kharif,Bhadradri Kothagudem,Aswaraopet,Sugarcane,192,101
2016-2017,Kharif,Bhadradri Kothagudem,Dammapet,Sugarcane,351,391
2016-2017,Kharif,Bhadradri Kothagudem,Mulkalpalli,Sugarcane,60,74
2016-2017,Kharif,Bhadradri Kothagudem,Chandrugonda,Sugarcane,9,33
2016-2017,Kharif,Bhadradri Kothagudem,Manguru,Sugarcane,0,0
2016-2017,Kharif,Bhadradri Kothagudem,Pinapaka,Sugarcane,0,0
2016-2017,Kharif,Bhadradri Kothagudem,Gundala,Sugarcane,0,0
2016-2017,Kharif,Bhadradri Kothagudem,Aswapuram,Sugarcane,3,1
2016-2017,Kharif,Bhadradri Kothagudem,Burgampad,Sugarcane,0,0
2016-2017,Kharif,Bhadradri Kothagudem,Bhadrachalam,Sugarcane,0,0
2016-2017,Kharif,Bhadradri Kothagudem,Dummugudem,Sugarcane,0,0
2016-2017,Kharif,Bhadradri Kothagudem,Cherla,Sugarcane,0,0
2016-2017,Kharif,Bhadradri Kothagudem,Kothagudem,Turmeric,0,0
2016-2017,Kharif,Bhadradri Kothagudem,Julurphad,Turmeric,0,0
2016-2017,Kharif,Bhadradri Kothagudem,Palwancha,Turmeric,2,13
2016-2017,Kharif,Bhadradri Kothagudem,Yellandu,Turmeric,30,22
2016-2017,Kharif,Bhadradri Kothagudem,Tekulapalli,Turmeric,0,0
2016-2017,Kharif,Bhadradri Kothagudem,Aswaraopet,Turmeric,0,0
2016-2017,Kharif,Bhadradri Kothagudem,Dammapet,Turmeric,0,0
2016-2017,Kharif,Bhadradri Kothagudem,Mulkalpalli,Turmeric,0,0
2016-2017,Kharif,Bhadradri Kothagudem,Chandrugonda,Turmeric,0,0
2016-2017,Kharif,Bhadradri Kothagudem,Manguru,Turmeric,0,0
2016-2017,Kharif,Bhadradri Kothagudem,Pinapaka,Turmeric,1,0
2016-2017,Kharif,Bhadradri Kothagudem,Gundala,Turmeric,0,0
2016-2017,Kharif,Bhadradri Kothagudem,Aswapuram,Turmeric,50,4
2016-2017,Kharif,Bhadradri Kothagudem,Burgampad,Turmeric,35,20
2016-2017,Kharif,Bhadradri Kothagudem,Bhadrachalam,Turmeric,0,0
2016-2017,Kharif,Bhadradri Kothagudem,Dummugudem,Turmeric,0,0
2016-2017,Kharif,Bhadradri Kothagudem,Cherla,Turmeric,0,0
2016-2017,Kharif,Bhadradri Kothagudem,Kothagudem,Other crops,519,1127
2016-2017,Kharif,Bhadradri Kothagudem,Julurphad,Other crops,578,1041
2016-2017,Kharif,Bhadradri Kothagudem,Palwancha,Other crops,881,567
2016-2017,Kharif,Bhadradri Kothagudem,Yellandu,Other crops,188,345
2016-2017,Kharif,Bhadradri Kothagudem,Tekulapalli,Other crops,790,907
2016-2017,Kharif,Bhadradri Kothagudem,Aswaraopet,Other crops,4064,5699
2016-2017,Kharif,Bhadradri Kothagudem,Dammapet,Other crops,5494,6963
2016-2017,Kharif,Bhadradri Kothagudem,Mulkalpalli,Other crops,2779,3213
2016-2017,Kharif,Bhadradri Kothagudem,Chandrugonda,Other crops,2525,2779
2016-2017,Kharif,Bhadradri Kothagudem,Manguru,Other crops,134,117
2016-2017,Kharif,Bhadradri Kothagudem,Pinapaka,Other crops,174,133
2016-2017,Kharif,Bhadradri Kothagudem,Gundala,Other crops,159,154
2016-2017,Kharif,Bhadradri Kothagudem,Aswapuram,Other crops,218,347
2016-2017,Kharif,Bhadradri Kothagudem,Burgampad,Other crops,525,568
2016-2017,Kharif,Bhadradri Kothagudem,Bhadrachalam,Other crops,152,144
2016-2017,Kharif,Bhadradri Kothagudem,Dummugudem,Other crops,111,77
2016-2017,Kharif,Bhadradri Kothagudem,Cherla,Other crops,1,0
2016-2017,Kharif,Bhadradri Kothagudem,Kothagudem,Total,11395,11348
2016-2017,Kharif,Bhadradri Kothagudem,Julurphad,Total,9794,9218
2016-2017,Kharif,Bhadradri Kothagudem,Palwancha,Total,7975,7354
2016-2017,Kharif,Bhadradri Kothagudem,Yellandu,Total,6186,4909
2016-2017,Kharif,Bhadradri Kothagudem,Tekulapalli,Total,11312,10943
2016-2017,Kharif,Bhadradri Kothagudem,Aswaraopet,Total,9499,9736
2016-2017,Kharif,Bhadradri Kothagudem,Dammapet,Total,9809,10754
2016-2017,Kharif,Bhadradri Kothagudem,Mulkalpalli,Total,5704,5605
2016-2017,Kharif,Bhadradri Kothagudem,Chandrugonda,Total,12434,11979
2016-2017,Kharif,Bhadradri Kothagudem,Manguru,Total,3922,3260
2016-2017,Kharif,Bhadradri Kothagudem,Pinapaka,Total,7398,6870
2016-2017,Kharif,Bhadradri Kothagudem,Gundala,Total,5795,6584
2016-2017,Kharif,Bhadradri Kothagudem,Aswapuram,Total,6287,5791
2016-2017,Kharif,Bhadradri Kothagudem,Burgampad,Total,4788,4860
2016-2017,Kharif,Bhadradri Kothagudem,Bhadrachalam,Total,229,153
2016-2017,Kharif,Bhadradri Kothagudem,Dummugudem,Total,8197,8648
2016-2017,Kharif,Bhadradri Kothagudem,Cherla,Total,5943,5833
