year,season,districtName,mandalName,crop,normalAreaSown,actualAreaSown
2017-2018,Kharif,Bhadradri Kothagudem,Kothagudem,Paddy,125,82
2017-2018,Kharif,Bhadradri Kothagudem,Sujathanagar,Paddy,1075,1068
2017-2018,Kharif,Bhadradri Kothagudem,Chunchupalli,Paddy,425,425
2017-2018,Kharif,Bhadradri Kothagudem,Laxmidevipalli,Paddy,537,543
2017-2018,Kharif,Bhadradri Kothagudem,Julurpadu,Paddy,1116,1123
2017-2018,Kharif,Bhadradri Kothagudem,Palwancha,Paddy,1733,1688
2017-2018,Kharif,Bhadradri Kothagudem,Yellandu,Paddy,910,889
2017-2018,Kharif,Bhadradri Kothagudem,Tekulapally,Paddy,1301,1284
2017-2018,Kharif,Bhadradri Kothagudem,Aswaraopet,Paddy,2377,2396
2017-2018,Kharif,Bhadradri Kothagudem,Dammapet,Paddy,3179,3248
2017-2018,Kharif,Bhadradri Kothagudem,Mulkalapally,Paddy,2085,2214
2017-2018,Kharif,Bhadradri Kothagudem,Chandrugonda,Paddy,1738,1922
2017-2018,Kharif,Bhadradri Kothagudem,Annapureddipalli,Paddy,2280,2394
2017-2018,Kharif,Bhadradri Kothagudem,Manuguru,Paddy,2772,2817
2017-2018,Kharif,Bhadradri Kothagudem,Pinapaka,Paddy,3798,3869
2017-2018,Kharif,Bhadradri Kothagudem,Karakagudem,Paddy,1983,1967
2017-2018,Kharif,Bhadradri Kothagudem,Gundala,Paddy,941,996
2017-2018,Kharif,Bhadradri Kothagudem,Allapalli,Paddy,389,456
2017-2018,Kharif,Bhadradri Kothagudem,Aswapuram,Paddy,2383,2357
2017-2018,Kharif,Bhadradri Kothagudem,Burgampadu,Paddy,1316,1384
2017-2018,Kharif,Bhadradri Kothagudem,Bhadrachalam,Paddy,29,32
2017-2018,Kharif,Bhadradri Kothagudem,Dummugudem,Paddy,5798,5986
2017-2018,Kharif,Bhadradri Kothagudem,Cherla,Paddy,5956,5984
2017-2018,Kharif,Bhadradri Kothagudem,Kothagudem,Jowar,0,0
2017-2018,Kharif,Bhadradri Kothagudem,Sujathanagar,Jowar,0,0
2017-2018,Kharif,Bhadradri Kothagudem,Chunchupalli,Jowar,0,0
2017-2018,Kharif,Bhadradri Kothagudem,Laxmidevipalli,Jowar,0,0
2017-2018,Kharif,Bhadradri Kothagudem,Julurpadu,Jowar,0,0
2017-2018,Kharif,Bhadradri Kothagudem,Palwancha,Jowar,0,0
2017-2018,Kharif,Bhadradri Kothagudem,Yellandu,Jowar,0,0
2017-2018,Kharif,Bhadradri Kothagudem,Tekulapally,Jowar,0,0
2017-2018,Kharif,Bhadradri Kothagudem,Aswaraopet,Jowar,0,0
2017-2018,Kharif,Bhadradri Kothagudem,Dammapet,Jowar,0,0
2017-2018,Kharif,Bhadradri Kothagudem,Mulkalapally,Jowar,0,0
2017-2018,Kharif,Bhadradri Kothagudem,Chandrugonda,Jowar,0,0
2017-2018,Kharif,Bhadradri Kothagudem,Annapureddipalli,Jowar,0,0
2017-2018,Kharif,Bhadradri Kothagudem,Manuguru,Jowar,0,0
2017-2018,Kharif,Bhadradri Kothagudem,Pinapaka,Jowar,0,0
2017-2018,Kharif,Bhadradri Kothagudem,Karakagudem,Jowar,0,0
2017-2018,Kharif,Bhadradri Kothagudem,Gundala,Jowar,1,0
2017-2018,Kharif,Bhadradri Kothagudem,Allapalli,Jowar,0,0
2017-2018,Kharif,Bhadradri Kothagudem,Aswapuram,Jowar,0,0
2017-2018,Kharif,Bhadradri Kothagudem,Burgampadu,Jowar,0,0
2017-2018,Kharif,Bhadradri Kothagudem,Bhadrachalam,Jowar,0,0
2017-2018,Kharif,Bhadradri Kothagudem,Dummugudem,Jowar,0,0
2017-2018,Kharif,Bhadradri Kothagudem,Cherla,Jowar,0,0
2017-2018,Kharif,Bhadradri Kothagudem,Kothagudem,Bajra,0,0
2017-2018,Kharif,Bhadradri Kothagudem,Sujathanagar,Bajra,0,0
2017-2018,Kharif,Bhadradri Kothagudem,Chunchupalli,Bajra,0,0
2017-2018,Kharif,Bhadradri Kothagudem,Laxmidevipalli,Bajra,0,0
2017-2018,Kharif,Bhadradri Kothagudem,Julurpadu,Bajra,0,0
2017-2018,Kharif,Bhadradri Kothagudem,Palwancha,Bajra,0,0
2017-2018,Kharif,Bhadradri Kothagudem,Yellandu,Bajra,0,0
2017-2018,Kharif,Bhadradri Kothagudem,Tekulapally,Bajra,0,0
2017-2018,Kharif,Bhadradri Kothagudem,Aswaraopet,Bajra,0,0
2017-2018,Kharif,Bhadradri Kothagudem,Dammapet,Bajra,0,0
2017-2018,Kharif,Bhadradri Kothagudem,Mulkalapally,Bajra,0,0
2017-2018,Kharif,Bhadradri Kothagudem,Chandrugonda,Bajra,0,0
2017-2018,Kharif,Bhadradri Kothagudem,Annapureddipalli,Bajra,0,0
2017-2018,Kharif,Bhadradri Kothagudem,Manuguru,Bajra,0,0
2017-2018,Kharif,Bhadradri Kothagudem,Pinapaka,Bajra,0,0
2017-2018,Kharif,Bhadradri Kothagudem,Karakagudem,Bajra,0,0
2017-2018,Kharif,Bhadradri Kothagudem,Gundala,Bajra,0,0
2017-2018,Kharif,Bhadradri Kothagudem,Allapalli,Bajra,0,0
2017-2018,Kharif,Bhadradri Kothagudem,Aswapuram,Bajra,0,0
2017-2018,Kharif,Bhadradri Kothagudem,Burgampadu,Bajra,0,0
2017-2018,Kharif,Bhadradri Kothagudem,Bhadrachalam,Bajra,0,0
2017-2018,Kharif,Bhadradri Kothagudem,Dummugudem,Bajra,0,0
2017-2018,Kharif,Bhadradri Kothagudem,Cherla,Bajra,0,0
2017-2018,Kharif,Bhadradri Kothagudem,Kothagudem,Maize,1,0
2017-2018,Kharif,Bhadradri Kothagudem,Sujathanagar,Maize,30,32
2017-2018,Kharif,Bhadradri Kothagudem,Chunchupalli,Maize,9,6
2017-2018,Kharif,Bhadradri Kothagudem,Laxmidevipalli,Maize,66,65
2017-2018,Kharif,Bhadradri Kothagudem,Julurpadu,Maize,39,20
2017-2018,Kharif,Bhadradri Kothagudem,Palwancha,Maize,112,165
2017-2018,Kharif,Bhadradri Kothagudem,Yellandu,Maize,1542,1687
2017-2018,Kharif,Bhadradri Kothagudem,Tekulapally,Maize,715,886
2017-2018,Kharif,Bhadradri Kothagudem,Aswaraopet,Maize,182,165
2017-2018,Kharif,Bhadradri Kothagudem,Dammapet,Maize,256,188
2017-2018,Kharif,Bhadradri Kothagudem,Mulkalapally,Maize,45,46
2017-2018,Kharif,Bhadradri Kothagudem,Chandrugonda,Maize,12,10
2017-2018,Kharif,Bhadradri Kothagudem,Annapureddipalli,Maize,22,32
2017-2018,Kharif,Bhadradri Kothagudem,Manuguru,Maize,14,10
2017-2018,Kharif,Bhadradri Kothagudem,Pinapaka,Maize,29,26
2017-2018,Kharif,Bhadradri Kothagudem,Karakagudem,Maize,142,143
2017-2018,Kharif,Bhadradri Kothagudem,Gundala,Maize,994,884
2017-2018,Kharif,Bhadradri Kothagudem,Allapalli,Maize,432,354
2017-2018,Kharif,Bhadradri Kothagudem,Aswapuram,Maize,53,48
2017-2018,Kharif,Bhadradri Kothagudem,Burgampadu,Maize,34,32
2017-2018,Kharif,Bhadradri Kothagudem,Bhadrachalam,Maize,0,0
2017-2018,Kharif,Bhadradri Kothagudem,Dummugudem,Maize,32,24
2017-2018,Kharif,Bhadradri Kothagudem,Cherla,Maize,4,1
2017-2018,Kharif,Bhadradri Kothagudem,Kothagudem,Ragi,0,0
2017-2018,Kharif,Bhadradri Kothagudem,Sujathanagar,Ragi,0,0
2017-2018,Kharif,Bhadradri Kothagudem,Chunchupalli,Ragi,0,0
2017-2018,Kharif,Bhadradri Kothagudem,Laxmidevipalli,Ragi,0,0
2017-2018,Kharif,Bhadradri Kothagudem,Julurpadu,Ragi,0,0
2017-2018,Kharif,Bhadradri Kothagudem,Palwancha,Ragi,0,0
2017-2018,Kharif,Bhadradri Kothagudem,Yellandu,Ragi,0,0
2017-2018,Kharif,Bhadradri Kothagudem,Tekulapally,Ragi,0,0
2017-2018,Kharif,Bhadradri Kothagudem,Aswaraopet,Ragi,0,0
2017-2018,Kharif,Bhadradri Kothagudem,Dammapet,Ragi,0,0
2017-2018,Kharif,Bhadradri Kothagudem,Mulkalapally,Ragi,0,0
2017-2018,Kharif,Bhadradri Kothagudem,Chandrugonda,Ragi,0,0
2017-2018,Kharif,Bhadradri Kothagudem,Annapureddipalli,Ragi,0,0
2017-2018,Kharif,Bhadradri Kothagudem,Manuguru,Ragi,0,0
2017-2018,Kharif,Bhadradri Kothagudem,Pinapaka,Ragi,0,0
2017-2018,Kharif,Bhadradri Kothagudem,Karakagudem,Ragi,0,0
2017-2018,Kharif,Bhadradri Kothagudem,Gundala,Ragi,0,0
2017-2018,Kharif,Bhadradri Kothagudem,Allapalli,Ragi,0,0
2017-2018,Kharif,Bhadradri Kothagudem,Aswapuram,Ragi,0,0
2017-2018,Kharif,Bhadradri Kothagudem,Burgampadu,Ragi,0,0
2017-2018,Kharif,Bhadradri Kothagudem,Bhadrachalam,Ragi,0,0
2017-2018,Kharif,Bhadradri Kothagudem,Dummugudem,Ragi,0,0
2017-2018,Kharif,Bhadradri Kothagudem,Cherla,Ragi,0,0
2017-2018,Kharif,Bhadradri Kothagudem,Kothagudem,Horse Gram,0,0
2017-2018,Kharif,Bhadradri Kothagudem,Sujathanagar,Horse Gram,0,0
2017-2018,Kharif,Bhadradri Kothagudem,Chunchupalli,Horse Gram,0,0
2017-2018,Kharif,Bhadradri Kothagudem,Laxmidevipalli,Horse Gram,0,0
2017-2018,Kharif,Bhadradri Kothagudem,Julurpadu,Horse Gram,0,0
2017-2018,Kharif,Bhadradri Kothagudem,Palwancha,Horse Gram,0,0
2017-2018,Kharif,Bhadradri Kothagudem,Yellandu,Horse Gram,0,0
2017-2018,Kharif,Bhadradri Kothagudem,Tekulapally,Horse Gram,0,0
2017-2018,Kharif,Bhadradri Kothagudem,Aswaraopet,Horse Gram,0,0
2017-2018,Kharif,Bhadradri Kothagudem,Dammapet,Horse Gram,0,0
2017-2018,Kharif,Bhadradri Kothagudem,Mulkalapally,Horse Gram,0,0
2017-2018,Kharif,Bhadradri Kothagudem,Chandrugonda,Horse Gram,0,0
2017-2018,Kharif,Bhadradri Kothagudem,Annapureddipalli,Horse Gram,0,0
2017-2018,Kharif,Bhadradri Kothagudem,Manuguru,Horse Gram,0,0
2017-2018,Kharif,Bhadradri Kothagudem,Pinapaka,Horse Gram,0,0
2017-2018,Kharif,Bhadradri Kothagudem,Karakagudem,Horse Gram,0,0
2017-2018,Kharif,Bhadradri Kothagudem,Gundala,Horse Gram,0,0
2017-2018,Kharif,Bhadradri Kothagudem,Allapalli,Horse Gram,0,0
2017-2018,Kharif,Bhadradri Kothagudem,Aswapuram,Horse Gram,0,0
2017-2018,Kharif,Bhadradri Kothagudem,Burgampadu,Horse Gram,0,0
2017-2018,Kharif,Bhadradri Kothagudem,Bhadrachalam,Horse Gram,0,0
2017-2018,Kharif,Bhadradri Kothagudem,Dummugudem,Horse Gram,0,0
2017-2018,Kharif,Bhadradri Kothagudem,Cherla,Horse Gram,0,0
2017-2018,Kharif,Bhadradri Kothagudem,Kothagudem,Green Gram,0.8,0
2017-2018,Kharif,Bhadradri Kothagudem,Sujathanagar,Green Gram,18,8
2017-2018,Kharif,Bhadradri Kothagudem,Chunchupalli,Green Gram,1,0
2017-2018,Kharif,Bhadradri Kothagudem,Laxmidevipalli,Green Gram,12.6,12
2017-2018,Kharif,Bhadradri Kothagudem,Julurpadu,Green Gram,3,32
2017-2018,Kharif,Bhadradri Kothagudem,Palwancha,Green Gram,1,0
2017-2018,Kharif,Bhadradri Kothagudem,Yellandu,Green Gram,25,12
2017-2018,Kharif,Bhadradri Kothagudem,Tekulapally,Green Gram,14,16.8
2017-2018,Kharif,Bhadradri Kothagudem,Aswaraopet,Green Gram,18,14
2017-2018,Kharif,Bhadradri Kothagudem,Dammapet,Green Gram,10.2,10
2017-2018,Kharif,Bhadradri Kothagudem,Mulkalapally,Green Gram,2.6,0
2017-2018,Kharif,Bhadradri Kothagudem,Chandrugonda,Green Gram,11,8
2017-2018,Kharif,Bhadradri Kothagudem,Annapureddipalli,Green Gram,11,8
2017-2018,Kharif,Bhadradri Kothagudem,Manuguru,Green Gram,2,0
2017-2018,Kharif,Bhadradri Kothagudem,Pinapaka,Green Gram,4,0
2017-2018,Kharif,Bhadradri Kothagudem,Karakagudem,Green Gram,1,0
2017-2018,Kharif,Bhadradri Kothagudem,Gundala,Green Gram,29,10
2017-2018,Kharif,Bhadradri Kothagudem,Allapalli,Green Gram,12,5
2017-2018,Kharif,Bhadradri Kothagudem,Aswapuram,Green Gram,5,0
2017-2018,Kharif,Bhadradri Kothagudem,Burgampadu,Green Gram,31,0
2017-2018,Kharif,Bhadradri Kothagudem,Bhadrachalam,Green Gram,0.8,0
2017-2018,Kharif,Bhadradri Kothagudem,Dummugudem,Green Gram,6,0
2017-2018,Kharif,Bhadradri Kothagudem,Cherla,Green Gram,10,0
2017-2018,Kharif,Bhadradri Kothagudem,Kothagudem,Black Gram,0,0
2017-2018,Kharif,Bhadradri Kothagudem,Sujathanagar,Black Gram,0,0
2017-2018,Kharif,Bhadradri Kothagudem,Chunchupalli,Black Gram,0,0
2017-2018,Kharif,Bhadradri Kothagudem,Laxmidevipalli,Black Gram,0,0
2017-2018,Kharif,Bhadradri Kothagudem,Julurpadu,Black Gram,0,0
2017-2018,Kharif,Bhadradri Kothagudem,Palwancha,Black Gram,0,0
2017-2018,Kharif,Bhadradri Kothagudem,Yellandu,Black Gram,0,0
2017-2018,Kharif,Bhadradri Kothagudem,Tekulapally,Black Gram,0,0
2017-2018,Kharif,Bhadradri Kothagudem,Aswaraopet,Black Gram,22,0
2017-2018,Kharif,Bhadradri Kothagudem,Dammapet,Black Gram,3,0
2017-2018,Kharif,Bhadradri Kothagudem,Mulkalapally,Black Gram,4,0
2017-2018,Kharif,Bhadradri Kothagudem,Chandrugonda,Black Gram,1,0
2017-2018,Kharif,Bhadradri Kothagudem,Annapureddipalli,Black Gram,0,0
2017-2018,Kharif,Bhadradri Kothagudem,Manuguru,Black Gram,0,0
2017-2018,Kharif,Bhadradri Kothagudem,Pinapaka,Black Gram,0.4,0
2017-2018,Kharif,Bhadradri Kothagudem,Karakagudem,Black Gram,0,0
2017-2018,Kharif,Bhadradri Kothagudem,Gundala,Black Gram,0,0
2017-2018,Kharif,Bhadradri Kothagudem,Allapalli,Black Gram,0,0
2017-2018,Kharif,Bhadradri Kothagudem,Aswapuram,Black Gram,0.4,0
2017-2018,Kharif,Bhadradri Kothagudem,Burgampadu,Black Gram,18,0
2017-2018,Kharif,Bhadradri Kothagudem,Bhadrachalam,Black Gram,0,0
2017-2018,Kharif,Bhadradri Kothagudem,Dummugudem,Black Gram,3,0
2017-2018,Kharif,Bhadradri Kothagudem,Cherla,Black Gram,0,0
2017-2018,Kharif,Bhadradri Kothagudem,Kothagudem,Red Gram,4,0
2017-2018,Kharif,Bhadradri Kothagudem,Sujathanagar,Red Gram,48,24
2017-2018,Kharif,Bhadradri Kothagudem,Chunchupalli,Red Gram,12,8
2017-2018,Kharif,Bhadradri Kothagudem,Laxmidevipalli,Red Gram,71,32
2017-2018,Kharif,Bhadradri Kothagudem,Julurpadu,Red Gram,25,24
2017-2018,Kharif,Bhadradri Kothagudem,Palwancha,Red Gram,48,34
2017-2018,Kharif,Bhadradri Kothagudem,Yellandu,Red Gram,65,40
2017-2018,Kharif,Bhadradri Kothagudem,Tekulapally,Red Gram,211,94
2017-2018,Kharif,Bhadradri Kothagudem,Aswaraopet,Red Gram,42,0
2017-2018,Kharif,Bhadradri Kothagudem,Dammapet,Red Gram,14,0
2017-2018,Kharif,Bhadradri Kothagudem,Mulkalapally,Red Gram,27,0
2017-2018,Kharif,Bhadradri Kothagudem,Chandrugonda,Red Gram,30,0
2017-2018,Kharif,Bhadradri Kothagudem,Annapureddipalli,Red Gram,20,0
2017-2018,Kharif,Bhadradri Kothagudem,Manuguru,Red Gram,32,6
2017-2018,Kharif,Bhadradri Kothagudem,Pinapaka,Red Gram,13,10
2017-2018,Kharif,Bhadradri Kothagudem,Karakagudem,Red Gram,7,0
2017-2018,Kharif,Bhadradri Kothagudem,Gundala,Red Gram,122,20
2017-2018,Kharif,Bhadradri Kothagudem,Allapalli,Red Gram,85,0
2017-2018,Kharif,Bhadradri Kothagudem,Aswapuram,Red Gram,48,0
2017-2018,Kharif,Bhadradri Kothagudem,Burgampadu,Red Gram,58,0
2017-2018,Kharif,Bhadradri Kothagudem,Bhadrachalam,Red Gram,0.4,0
2017-2018,Kharif,Bhadradri Kothagudem,Dummugudem,Red Gram,115,43
2017-2018,Kharif,Bhadradri Kothagudem,Cherla,Red Gram,12,10
2017-2018,Kharif,Bhadradri Kothagudem,Kothagudem,Bengal Gram,0,0
2017-2018,Kharif,Bhadradri Kothagudem,Sujathanagar,Bengal Gram,0,0
2017-2018,Kharif,Bhadradri Kothagudem,Chunchupalli,Bengal Gram,0,0
2017-2018,Kharif,Bhadradri Kothagudem,Laxmidevipalli,Bengal Gram,0,0
2017-2018,Kharif,Bhadradri Kothagudem,Julurpadu,Bengal Gram,0,0
2017-2018,Kharif,Bhadradri Kothagudem,Palwancha,Bengal Gram,0,0
2017-2018,Kharif,Bhadradri Kothagudem,Yellandu,Bengal Gram,0,0
2017-2018,Kharif,Bhadradri Kothagudem,Tekulapally,Bengal Gram,0,0
2017-2018,Kharif,Bhadradri Kothagudem,Aswaraopet,Bengal Gram,0,0
2017-2018,Kharif,Bhadradri Kothagudem,Dammapet,Bengal Gram,0,0
2017-2018,Kharif,Bhadradri Kothagudem,Mulkalapally,Bengal Gram,0,0
2017-2018,Kharif,Bhadradri Kothagudem,Chandrugonda,Bengal Gram,0,0
2017-2018,Kharif,Bhadradri Kothagudem,Annapureddipalli,Bengal Gram,0,0
2017-2018,Kharif,Bhadradri Kothagudem,Manuguru,Bengal Gram,0,0
2017-2018,Kharif,Bhadradri Kothagudem,Onions,Bengal Gram,0,0
2017-2018,Kharif,Bhadradri Kothagudem,Karakagudem,Bengal Gram,0,0
2017-2018,Kharif,Bhadradri Kothagudem,Gundala,Bengal Gram,0,0
2017-2018,Kharif,Bhadradri Kothagudem,Allapalli,Bengal Gram,0,0
2017-2018,Kharif,Bhadradri Kothagudem,Aswapuram,Bengal Gram,0,0
2017-2018,Kharif,Bhadradri Kothagudem,Burgampadu,Bengal Gram,0,0
2017-2018,Kharif,Bhadradri Kothagudem,Bhadrachalam,Bengal Gram,0,0
2017-2018,Kharif,Bhadradri Kothagudem,Dummugudem,Bengal Gram,0,0
2017-2018,Kharif,Bhadradri Kothagudem,Cherla,Bengal Gram,0,0
2017-2018,Kharif,Bhadradri Kothagudem,Kothagudem,Cow Gram,0,0
2017-2018,Kharif,Bhadradri Kothagudem,Sujathanagar,Cow Gram,0,0
2017-2018,Kharif,Bhadradri Kothagudem,Chunchupalli,Cow Gram,0,0
2017-2018,Kharif,Bhadradri Kothagudem,Laxmidevipalli,Cow Gram,0,0
2017-2018,Kharif,Bhadradri Kothagudem,Julurpadu,Cow Gram,0,0
2017-2018,Kharif,Bhadradri Kothagudem,Palwancha,Cow Gram,0,0
2017-2018,Kharif,Bhadradri Kothagudem,Yellandu,Cow Gram,0,0
2017-2018,Kharif,Bhadradri Kothagudem,Tekulapally,Cow Gram,0,0
2017-2018,Kharif,Bhadradri Kothagudem,Aswaraopet,Cow Gram,8,0
2017-2018,Kharif,Bhadradri Kothagudem,Dammapet,Cow Gram,0,0
2017-2018,Kharif,Bhadradri Kothagudem,Mulkalapally,Cow Gram,0,0
2017-2018,Kharif,Bhadradri Kothagudem,Chandrugonda,Cow Gram,0,0
2017-2018,Kharif,Bhadradri Kothagudem,Annapureddipalli,Cow Gram,0,0
2017-2018,Kharif,Bhadradri Kothagudem,Manuguru,Cow Gram,0,0
2017-2018,Kharif,Bhadradri Kothagudem,Pinapaka,Cow Gram,0,0
2017-2018,Kharif,Bhadradri Kothagudem,Karakagudem,Cow Gram,0,0
2017-2018,Kharif,Bhadradri Kothagudem,Gundala,Cow Gram,0,0
2017-2018,Kharif,Bhadradri Kothagudem,Allapalli,Cow Gram,0,0
2017-2018,Kharif,Bhadradri Kothagudem,Aswapuram,Cow Gram,0,0
2017-2018,Kharif,Bhadradri Kothagudem,Burgampadu,Cow Gram,0,0
2017-2018,Kharif,Bhadradri Kothagudem,Bhadrachalam,Cow Gram,0,0
2017-2018,Kharif,Bhadradri Kothagudem,Dummugudem,Cow Gram,0,0
2017-2018,Kharif,Bhadradri Kothagudem,Cherla,Cow Gram,0,0
2017-2018,Kharif,Bhadradri Kothagudem,Kothagudem,Other pulses,0.2,0
2017-2018,Kharif,Bhadradri Kothagudem,Sujathanagar,Other pulses,0,0
2017-2018,Kharif,Bhadradri Kothagudem,Chunchupalli,Other pulses,0,0
2017-2018,Kharif,Bhadradri Kothagudem,Laxmidevipalli,Other pulses,0.400000000000006,0
2017-2018,Kharif,Bhadradri Kothagudem,Julurpadu,Other pulses,0,0
2017-2018,Kharif,Bhadradri Kothagudem,Palwancha,Other pulses,0,0
2017-2018,Kharif,Bhadradri Kothagudem,Yellandu,Other pulses,0,0
2017-2018,Kharif,Bhadradri Kothagudem,Tekulapally,Other pulses,0,0
2017-2018,Kharif,Bhadradri Kothagudem,Aswaraopet,Other pulses,0,0
2017-2018,Kharif,Bhadradri Kothagudem,Dammapet,Other pulses,-0.199999999999999,0
2017-2018,Kharif,Bhadradri Kothagudem,Mulkalapally,Other pulses,0.399999999999999,0
2017-2018,Kharif,Bhadradri Kothagudem,Chandrugonda,Other pulses,0,0
2017-2018,Kharif,Bhadradri Kothagudem,Annapureddipalli,Other pulses,0,0
2017-2018,Kharif,Bhadradri Kothagudem,Manuguru,Other pulses,0,0
2017-2018,Kharif,Bhadradri Kothagudem,Pinapaka,Other pulses,-0.399999999999999,0
2017-2018,Kharif,Bhadradri Kothagudem,Karakagudem,Other pulses,0,0
2017-2018,Kharif,Bhadradri Kothagudem,Gundala,Other pulses,0,0
2017-2018,Kharif,Bhadradri Kothagudem,Allapalli,Other pulses,0,0
2017-2018,Kharif,Bhadradri Kothagudem,Aswapuram,Other pulses,-0.399999999999999,0
2017-2018,Kharif,Bhadradri Kothagudem,Burgampadu,Other pulses,0,0
2017-2018,Kharif,Bhadradri Kothagudem,Bhadrachalam,Other pulses,-0.2,0
2017-2018,Kharif,Bhadradri Kothagudem,Dummugudem,Other pulses,0,0
2017-2018,Kharif,Bhadradri Kothagudem,Cherla,Other pulses,0,0
2017-2018,Kharif,Bhadradri Kothagudem,Kothagudem,Total pulses,5,0
2017-2018,Kharif,Bhadradri Kothagudem,Sujathanagar,Total pulses,66,32
2017-2018,Kharif,Bhadradri Kothagudem,Chunchupalli,Total pulses,13,8
2017-2018,Kharif,Bhadradri Kothagudem,Laxmidevipalli,Total pulses,84,44
2017-2018,Kharif,Bhadradri Kothagudem,Julurpadu,Total pulses,28,56
2017-2018,Kharif,Bhadradri Kothagudem,Palwancha,Total pulses,49,34
2017-2018,Kharif,Bhadradri Kothagudem,Yellandu,Total pulses,90,52
2017-2018,Kharif,Bhadradri Kothagudem,Tekulapally,Total pulses,225,110.8
2017-2018,Kharif,Bhadradri Kothagudem,Aswaraopet,Total pulses,90,14
2017-2018,Kharif,Bhadradri Kothagudem,Dammapet,Total pulses,27,10
2017-2018,Kharif,Bhadradri Kothagudem,Mulkalapally,Total pulses,34,0
2017-2018,Kharif,Bhadradri Kothagudem,Onions,Total pulses,42,8
2017-2018,Kharif,Bhadradri Kothagudem,Annapureddipalli,Total pulses,31,8
2017-2018,Kharif,Bhadradri Kothagudem,Manuguru,Total pulses,34,6
2017-2018,Kharif,Bhadradri Kothagudem,Pinapaka,Total pulses,17,10
2017-2018,Kharif,Bhadradri Kothagudem,Karakagudem,Total pulses,8,0
2017-2018,Kharif,Bhadradri Kothagudem,Gundala,Total pulses,151,30
2017-2018,Kharif,Bhadradri Kothagudem,Allapalli,Total pulses,97,5
2017-2018,Kharif,Bhadradri Kothagudem,Aswapuram,Total pulses,53,0
2017-2018,Kharif,Bhadradri Kothagudem,Burgampadu,Total pulses,107,0
2017-2018,Kharif,Bhadradri Kothagudem,Bhadrachalam,Total pulses,1,0
2017-2018,Kharif,Bhadradri Kothagudem,Dummugudem,Total pulses,124,43
2017-2018,Kharif,Bhadradri Kothagudem,Cherla,Total pulses,22,10
2017-2018,Kharif,Bhadradri Kothagudem,Kothagudem,Total food grains,131,82
2017-2018,Kharif,Bhadradri Kothagudem,Sujathanagar,Total food grains,1171,1132
2017-2018,Kharif,Bhadradri Kothagudem,Chunchupalli,Total food grains,447,439
2017-2018,Kharif,Bhadradri Kothagudem,Laxmidevipalli,Total food grains,687,652
2017-2018,Kharif,Bhadradri Kothagudem,Julurpadu,Total food grains,1183,1199
2017-2018,Kharif,Bhadradri Kothagudem,Palwancha,Total food grains,1894,1887
2017-2018,Kharif,Bhadradri Kothagudem,Yellandu,Total food grains,3382,2628
2017-2018,Kharif,Bhadradri Kothagudem,Tekulapally,Total food grains,2241,2280.8
2017-2018,Kharif,Bhadradri Kothagudem,Aswaraopet,Total food grains,2649,2575
2017-2018,Kharif,Bhadradri Kothagudem,Dammapet,Total food grains,3564,3446
2017-2018,Kharif,Bhadradri Kothagudem,Mulkalapally,Total food grains,2175,2260
2017-2018,Kharif,Bhadradri Kothagudem,Chandrugonda,Total food grains,1793,1940
2017-2018,Kharif,Bhadradri Kothagudem,Annapureddipalli,Total food grains,2339,2434
2017-2018,Kharif,Bhadradri Kothagudem,Manuguru,Total food grains,2818,2833
2017-2018,Kharif,Bhadradri Kothagudem,Pinapaka,Total food grains,3674,3905
2017-2018,Kharif,Bhadradri Kothagudem,Karakagudem,Total food grains,2134,2110
2017-2018,Kharif,Bhadradri Kothagudem,Gundala,Total food grains,2787,1910
2017-2018,Kharif,Bhadradri Kothagudem,Allapalli,Total food grains,1069,815
2017-2018,Kharif,Bhadradri Kothagudem,Aswapuram,Total food grains,2501,2405
2017-2018,Kharif,Bhadradri Kothagudem,Burgampadu,Total food grains,1457,1416
2017-2018,Kharif,Bhadradri Kothagudem,Bhadrachalam,Total food grains,17,32
2017-2018,Kharif,Bhadradri Kothagudem,Dummugudem,Total food grains,5715,6053
2017-2018,Kharif,Bhadradri Kothagudem,Cherla,Total food grains,5515,5995
2017-2018,Kharif,Bhadradri Kothagudem,Kothagudem,Chillies,4,0
2017-2018,Kharif,Bhadradri Kothagudem,Sujathanagar,Chillies,102,0
2017-2018,Kharif,Bhadradri Kothagudem,Chunchupalli,Chillies,10,0
2017-2018,Kharif,Bhadradri Kothagudem,Laxmidevipalli,Chillies,54,0
2017-2018,Kharif,Bhadradri Kothagudem,Julurpadu,Chillies,946,0
2017-2018,Kharif,Bhadradri Kothagudem,Palwancha,Chillies,56,0
2017-2018,Kharif,Bhadradri Kothagudem,Yellandu,Chillies,195,0
2017-2018,Kharif,Bhadradri Kothagudem,Tekulapally,Chillies,666,0
2017-2018,Kharif,Bhadradri Kothagudem,Aswaraopet,Chillies,9,0
2017-2018,Kharif,Bhadradri Kothagudem,Dammapet,Chillies,0,0
2017-2018,Kharif,Bhadradri Kothagudem,Mulkalapally,Chillies,18,0
2017-2018,Kharif,Bhadradri Kothagudem,Chandrugonda,Chillies,987,0
2017-2018,Kharif,Bhadradri Kothagudem,Annapureddipalli,Chillies,31,0
2017-2018,Kharif,Bhadradri Kothagudem,Manuguru,Chillies,9,0
2017-2018,Kharif,Bhadradri Kothagudem,Pinapaka,Chillies,159,0
2017-2018,Kharif,Bhadradri Kothagudem,Karakagudem,Chillies,27,0
2017-2018,Kharif,Bhadradri Kothagudem,Gundala,Chillies,26,0
2017-2018,Kharif,Bhadradri Kothagudem,Allapalli,Chillies,11,0
2017-2018,Kharif,Bhadradri Kothagudem,Aswapuram,Chillies,3,0
2017-2018,Kharif,Bhadradri Kothagudem,Burgampadu,Chillies,42,0
2017-2018,Kharif,Bhadradri Kothagudem,Bhadrachalam,Chillies,0,0
2017-2018,Kharif,Bhadradri Kothagudem,Dummugudem,Chillies,0,0
2017-2018,Kharif,Bhadradri Kothagudem,Cherla,Chillies,0,0
2017-2018,Kharif,Bhadradri Kothagudem,Kothagudem,Turmeric,0,0
2017-2018,Kharif,Bhadradri Kothagudem,Sujathanagar,Turmeric,0,0
2017-2018,Kharif,Bhadradri Kothagudem,Chunchupalli,Turmeric,0,0
2017-2018,Kharif,Bhadradri Kothagudem,Laxmidevipalli,Turmeric,0,0
2017-2018,Kharif,Bhadradri Kothagudem,Julurpadu,Turmeric,0,0
2017-2018,Kharif,Bhadradri Kothagudem,Palwancha,Turmeric,5,0
2017-2018,Kharif,Bhadradri Kothagudem,Yellandu,Turmeric,26,1
2017-2018,Kharif,Bhadradri Kothagudem,Tekulapally,Turmeric,0,0
2017-2018,Kharif,Bhadradri Kothagudem,Aswaraopet,Turmeric,0,0
2017-2018,Kharif,Bhadradri Kothagudem,Dammapet,Turmeric,0,0
2017-2018,Kharif,Bhadradri Kothagudem,Mulkalapally,Turmeric,0,0
2017-2018,Kharif,Bhadradri Kothagudem,Chandrugonda,Turmeric,0,0
2017-2018,Kharif,Bhadradri Kothagudem,Annapureddipalli,Turmeric,0,0
2017-2018,Kharif,Bhadradri Kothagudem,Manuguru,Turmeric,1,0
2017-2018,Kharif,Bhadradri Kothagudem,Pinapaka,Turmeric,1,0
2017-2018,Kharif,Bhadradri Kothagudem,Karakagudem,Turmeric,0,0
2017-2018,Kharif,Bhadradri Kothagudem,Gundala,Turmeric,0,0
2017-2018,Kharif,Bhadradri Kothagudem,Allapalli,Turmeric,0,0
2017-2018,Kharif,Bhadradri Kothagudem,Aswapuram,Turmeric,9,0
2017-2018,Kharif,Bhadradri Kothagudem,Burgampadu,Turmeric,25,0
2017-2018,Kharif,Bhadradri Kothagudem,Bhadrachalam,Turmeric,0,0
2017-2018,Kharif,Bhadradri Kothagudem,Dummugudem,Turmeric,0,0
2017-2018,Kharif,Bhadradri Kothagudem,Cherla,Turmeric,0,0
2017-2018,Kharif,Bhadradri Kothagudem,Kothagudem,Sugarcane,4,4
2017-2018,Kharif,Bhadradri Kothagudem,Sujathanagar,Sugarcane,0,0
2017-2018,Kharif,Bhadradri Kothagudem,Chunchupalli,Sugarcane,1,1
2017-2018,Kharif,Bhadradri Kothagudem,Laxmidevipalli,Sugarcane,30,28
2017-2018,Kharif,Bhadradri Kothagudem,Julurpadu,Sugarcane,12,12
2017-2018,Kharif,Bhadradri Kothagudem,Palwancha,Sugarcane,23,20
2017-2018,Kharif,Bhadradri Kothagudem,Yellandu,Sugarcane,0,0
2017-2018,Kharif,Bhadradri Kothagudem,Tekulapally,Sugarcane,0,0
2017-2018,Kharif,Bhadradri Kothagudem,Aswaraopet,Sugarcane,136,135
2017-2018,Kharif,Bhadradri Kothagudem,Dammapet,Sugarcane,342,340
2017-2018,Kharif,Bhadradri Kothagudem,Mulkalapally,Sugarcane,70,70
2017-2018,Kharif,Bhadradri Kothagudem,Chandrugonda,Sugarcane,1,1
2017-2018,Kharif,Bhadradri Kothagudem,Annapureddipalli,Sugarcane,14,14
2017-2018,Kharif,Bhadradri Kothagudem,Manuguru,Sugarcane,0,0
2017-2018,Kharif,Bhadradri Kothagudem,Pinapaka,Sugarcane,0,0
2017-2018,Kharif,Bhadradri Kothagudem,Karakagudem,Sugarcane,0,0
2017-2018,Kharif,Bhadradri Kothagudem,Gundala,Sugarcane,0,0
2017-2018,Kharif,Bhadradri Kothagudem,Allapalli,Sugarcane,0,0
2017-2018,Kharif,Bhadradri Kothagudem,Aswapuram,Sugarcane,3,0
2017-2018,Kharif,Bhadradri Kothagudem,Burgampadu,Sugarcane,0,0
2017-2018,Kharif,Bhadradri Kothagudem,Bhadrachalam,Sugarcane,0,0
2017-2018,Kharif,Bhadradri Kothagudem,Dummugudem,Sugarcane,0,0
2017-2018,Kharif,Bhadradri Kothagudem,Cherla,Sugarcane,0,0
2017-2018,Kharif,Bhadradri Kothagudem,Kothagudem,Potato,0,0
2017-2018,Kharif,Bhadradri Kothagudem,Sujathanagar,Potato,0,0
2017-2018,Kharif,Bhadradri Kothagudem,Chunchupalli,Potato,0,0
2017-2018,Kharif,Bhadradri Kothagudem,Laxmidevipalli,Potato,0,0
2017-2018,Kharif,Bhadradri Kothagudem,Julurpadu,Potato,0,0
2017-2018,Kharif,Bhadradri Kothagudem,Palwancha,Potato,0,0
2017-2018,Kharif,Bhadradri Kothagudem,Yellandu,Potato,0,0
2017-2018,Kharif,Bhadradri Kothagudem,Tekulapally,Potato,0,0
2017-2018,Kharif,Bhadradri Kothagudem,Aswaraopet,Potato,0,0
2017-2018,Kharif,Bhadradri Kothagudem,Dammapet,Potato,0,0
2017-2018,Kharif,Bhadradri Kothagudem,Mulkalapally,Potato,0,0
2017-2018,Kharif,Bhadradri Kothagudem,Chandrugonda,Potato,0,0
2017-2018,Kharif,Bhadradri Kothagudem,Annapureddipalli,Potato,0,0
2017-2018,Kharif,Bhadradri Kothagudem,Manuguru,Potato,0,0
2017-2018,Kharif,Bhadradri Kothagudem,Pinapaka,Potato,0,0
2017-2018,Kharif,Bhadradri Kothagudem,Karakagudem,Potato,0,0
2017-2018,Kharif,Bhadradri Kothagudem,Gundala,Potato,0,0
2017-2018,Kharif,Bhadradri Kothagudem,Allapalli,Potato,0,0
2017-2018,Kharif,Bhadradri Kothagudem,Aswapuram,Potato,0,0
2017-2018,Kharif,Bhadradri Kothagudem,Burgampadu,Potato,0,0
2017-2018,Kharif,Bhadradri Kothagudem,Bhadrachalam,Potato,0,0
2017-2018,Kharif,Bhadradri Kothagudem,Dummugudem,Potato,0,0
2017-2018,Kharif,Bhadradri Kothagudem,Cherla,Potato,0,0
2017-2018,Kharif,Bhadradri Kothagudem,Kothagudem,Onion,0,0
2017-2018,Kharif,Bhadradri Kothagudem,Sujathanagar,Onion,0,0
2017-2018,Kharif,Bhadradri Kothagudem,Chunchupalli,Onion,0,0
2017-2018,Kharif,Bhadradri Kothagudem,Laxmidevipalli,Onion,0,0
2017-2018,Kharif,Bhadradri Kothagudem,Julurpadu,Onion,0,0
2017-2018,Kharif,Bhadradri Kothagudem,Palwancha,Onion,0,0
2017-2018,Kharif,Bhadradri Kothagudem,Yellandu,Onion,0,0
2017-2018,Kharif,Bhadradri Kothagudem,Tekulapally,Onion,0,0
2017-2018,Kharif,Bhadradri Kothagudem,Aswaraopet,Onion,0,0
2017-2018,Kharif,Bhadradri Kothagudem,Dammapet,Onion,0,0
2017-2018,Kharif,Bhadradri Kothagudem,Mulkalapally,Onion,0,0
2017-2018,Kharif,Bhadradri Kothagudem,Chandrugonda,Onion,0,0
2017-2018,Kharif,Bhadradri Kothagudem,Annapureddipalli,Onion,0,0
2017-2018,Kharif,Bhadradri Kothagudem,Manuguru,Onion,0,0
2017-2018,Kharif,Bhadradri Kothagudem,Pinapaka,Onion,0,0
2017-2018,Kharif,Bhadradri Kothagudem,Karakagudem,Onion,0,0
2017-2018,Kharif,Bhadradri Kothagudem,Gundala,Onion,0,0
2017-2018,Kharif,Bhadradri Kothagudem,Allapalli,Onion,0,0
2017-2018,Kharif,Bhadradri Kothagudem,Aswapuram,Onion,0,0
2017-2018,Kharif,Bhadradri Kothagudem,Burgampadu,Onion,0,0
2017-2018,Kharif,Bhadradri Kothagudem,Bhadrachalam,Onion,0,0
2017-2018,Kharif,Bhadradri Kothagudem,Dummugudem,Onion,0,0
2017-2018,Kharif,Bhadradri Kothagudem,Cherla,Onion,0,0
2017-2018,Kharif,Bhadradri Kothagudem,Kothagudem,Other food crops,13.8,12
2017-2018,Kharif,Bhadradri Kothagudem,Sujathanagar,Other food crops,144.2,142
2017-2018,Kharif,Bhadradri Kothagudem,Chunchupalli,Other food crops,50.1999999999999,48
2017-2018,Kharif,Bhadradri Kothagudem,Laxmidevipalli,Other food crops,100.8,78
2017-2018,Kharif,Bhadradri Kothagudem,Julurpadu,Other food crops,268.2,248
2017-2018,Kharif,Bhadradri Kothagudem,Palwancha,Other food crops,365.8,340
2017-2018,Kharif,Bhadradri Kothagudem,Yellandu,Other food crops,182.2,172
2017-2018,Kharif,Bhadradri Kothagudem,Tekulapally,Other food crops,562.800000000001,448
2017-2018,Kharif,Bhadradri Kothagudem,Aswaraopet,Other food crops,1454.4,1224
2017-2018,Kharif,Bhadradri Kothagudem,Dammapet,Other food crops,3021.2,1824
2017-2018,Kharif,Bhadradri Kothagudem,Mulkalapally,Other food crops,1988.8,1478
2017-2018,Kharif,Bhadradri Kothagudem,Chandrugonda,Other food crops,404.495694400001,204
2017-2018,Kharif,Bhadradri Kothagudem,Annapureddipalli,Other food crops,1367.62106,1244
2017-2018,Kharif,Bhadradri Kothagudem,Manuguru,Other food crops,50,8
2017-2018,Kharif,Bhadradri Kothagudem,Pinapaka,Other food crops,56.2000000000003,8
2017-2018,Kharif,Bhadradri Kothagudem,Karakagudem,Other food crops,14,4
2017-2018,Kharif,Bhadradri Kothagudem,Gundala,Other food crops,12,4
2017-2018,Kharif,Bhadradri Kothagudem,Allapalli,Other food crops,140.2,26
2017-2018,Kharif,Bhadradri Kothagudem,Aswapuram,Other food crops,63.2000000000003,34
2017-2018,Kharif,Bhadradri Kothagudem,Burgampadu,Other food crops,160.6,32
2017-2018,Kharif,Bhadradri Kothagudem,Bhadrachalam,Other food crops,1.79999999999998,0
2017-2018,Kharif,Bhadradri Kothagudem,Dummugudem,Other food crops,5.39999999999964,0
2017-2018,Kharif,Bhadradri Kothagudem,Cherla,Other food crops,0,0
2017-2018,Kharif,Bhadradri Kothagudem,Kothagudem,Total food crops,152.8,98
2017-2018,Kharif,Bhadradri Kothagudem,Sujathanagar,Total food crops,1417.2,1274
2017-2018,Kharif,Bhadradri Kothagudem,Chunchupalli,Total food crops,508.2,488
2017-2018,Kharif,Bhadradri Kothagudem,Laxmidevipalli,Total food crops,871.8,758
2017-2018,Kharif,Bhadradri Kothagudem,Julurpadu,Total food crops,2409.2,1459
2017-2018,Kharif,Bhadradri Kothagudem,Palwancha,Total food crops,2343.8,2247
2017-2018,Kharif,Bhadradri Kothagudem,Yellandu,Total food crops,3785.2,2801
2017-2018,Kharif,Bhadradri Kothagudem,Tekulapally,Total food crops,3469.8,2728.8
2017-2018,Kharif,Bhadradri Kothagudem,Aswaraopet,Total food crops,4248.4,3934
2017-2018,Kharif,Bhadradri Kothagudem,Dammapet,Total food crops,6927.2,5610
2017-2018,Kharif,Bhadradri Kothagudem,Mulkalapally,Total food crops,4251.8,3808
2017-2018,Kharif,Bhadradri Kothagudem,Chandrugonda,Total food crops,3185.4956944,2145
2017-2018,Kharif,Bhadradri Kothagudem,Annapureddipalli,Total food crops,3751.62106,3692
2017-2018,Kharif,Bhadradri Kothagudem,Manuguru,Total food crops,2878,2841
2017-2018,Kharif,Bhadradri Kothagudem,Pinapaka,Total food crops,3890.2,3913
2017-2018,Kharif,Bhadradri Kothagudem,Karakagudem,Total food crops,2175,2114
2017-2018,Kharif,Bhadradri Kothagudem,Gundala,Total food crops,2825,1914
2017-2018,Kharif,Bhadradri Kothagudem,Allapalli,Total food crops,1220.2,841
2017-2018,Kharif,Bhadradri Kothagudem,Aswapuram,Total food crops,2579.2,2439
2017-2018,Kharif,Bhadradri Kothagudem,Burgampadu,Total food crops,1684.6,1448
2017-2018,Kharif,Bhadradri Kothagudem,Bhadrachalam,Total food crops,18.8,32
2017-2018,Kharif,Bhadradri Kothagudem,Dummugudem,Total food crops,5720.4,6053
2017-2018,Kharif,Bhadradri Kothagudem,Cherla,Total food crops,5514.6,5995
2017-2018,Kharif,Bhadradri Kothagudem,Kothagudem,Cotton,241,255
2017-2018,Kharif,Bhadradri Kothagudem,Sujathanagar,Cotton,3674,3896
2017-2018,Kharif,Bhadradri Kothagudem,Chunchupalli,Cotton,531,684
2017-2018,Kharif,Bhadradri Kothagudem,Laxmidevipalli,Cotton,4023,4265
2017-2018,Kharif,Bhadradri Kothagudem,Julurpadu,Cotton,6912,7012
2017-2018,Kharif,Bhadradri Kothagudem,Palwancha,Cotton,5463,5668
2017-2018,Kharif,Bhadradri Kothagudem,Yellandu,Cotton,2236,2348
2017-2018,Kharif,Bhadradri Kothagudem,Tekulapally,Cotton,7986,8674
2017-2018,Kharif,Bhadradri Kothagudem,Aswaraopet,Cotton,2210,2310
2017-2018,Kharif,Bhadradri Kothagudem,Dammapet,Cotton,447,647
2017-2018,Kharif,Bhadradri Kothagudem,Mulkalapally,Cotton,715,986
2017-2018,Kharif,Bhadradri Kothagudem,Chandrugonda,Cotton,3568,3647
2017-2018,Kharif,Bhadradri Kothagudem,Annapureddipalli,Cotton,1268,1347
2017-2018,Kharif,Bhadradri Kothagudem,Manuguru,Cotton,864,1015
2017-2018,Kharif,Bhadradri Kothagudem,Pinapaka,Cotton,787,977
2017-2018,Kharif,Bhadradri Kothagudem,Karakagudem,Cotton,842,984
2017-2018,Kharif,Bhadradri Kothagudem,Gundala,Cotton,1264,1552
2017-2018,Kharif,Bhadradri Kothagudem,Allapalli,Cotton,965,1157
2017-2018,Kharif,Bhadradri Kothagudem,Aswapuram,Cotton,3552,3627
2017-2018,Kharif,Bhadradri Kothagudem,Burgampadu,Cotton,2815,2947
2017-2018,Kharif,Bhadradri Kothagudem,Bhadrachalam,Cotton,49,48
2017-2018,Kharif,Bhadradri Kothagudem,Dummugudem,Cotton,2865,3547
2017-2018,Kharif,Bhadradri Kothagudem,Cherla,Cotton,476,466
2017-2018,Kharif,Bhadradri Kothagudem,Kothagudem,Mesta,0,0
2017-2018,Kharif,Bhadradri Kothagudem,Sujathanagar,Mesta,0,0
2017-2018,Kharif,Bhadradri Kothagudem,Chunchupalli,Mesta,0,0
2017-2018,Kharif,Bhadradri Kothagudem,Laxmidevipalli,Mesta,0,0
2017-2018,Kharif,Bhadradri Kothagudem,Julurpadu,Mesta,0,0
2017-2018,Kharif,Bhadradri Kothagudem,Palwancha,Mesta,0,0
2017-2018,Kharif,Bhadradri Kothagudem,Yellandu,Mesta,0,0
2017-2018,Kharif,Bhadradri Kothagudem,Tekulapally,Mesta,0,0
2017-2018,Kharif,Bhadradri Kothagudem,Aswaraopet,Mesta,0,0
2017-2018,Kharif,Bhadradri Kothagudem,Dammapet,Mesta,0,0
2017-2018,Kharif,Bhadradri Kothagudem,Mulkalapally,Mesta,0,0
2017-2018,Kharif,Bhadradri Kothagudem,Chandrugonda,Mesta,0,0
2017-2018,Kharif,Bhadradri Kothagudem,Annapureddipalli,Mesta,0,0
2017-2018,Kharif,Bhadradri Kothagudem,Manuguru,Mesta,0,0
2017-2018,Kharif,Bhadradri Kothagudem,Pinapaka,Mesta,0,0
2017-2018,Kharif,Bhadradri Kothagudem,Karakagudem,Mesta,0,0
2017-2018,Kharif,Bhadradri Kothagudem,Gundala,Mesta,0,0
2017-2018,Kharif,Bhadradri Kothagudem,Allapalli,Mesta,0,0
2017-2018,Kharif,Bhadradri Kothagudem,Aswapuram,Mesta,0,0
2017-2018,Kharif,Bhadradri Kothagudem,Burgampadu,Mesta,0,0
2017-2018,Kharif,Bhadradri Kothagudem,Bhadrachalam,Mesta,0,0
2017-2018,Kharif,Bhadradri Kothagudem,Dummugudem,Mesta,0,0
2017-2018,Kharif,Bhadradri Kothagudem,Cherla,Mesta,0,0
2017-2018,Kharif,Bhadradri Kothagudem,Kothagudem,Groundnut,0,0
2017-2018,Kharif,Bhadradri Kothagudem,Sujathanagar,Groundnut,0,0
2017-2018,Kharif,Bhadradri Kothagudem,Chunchupalli,Groundnut,0,0
2017-2018,Kharif,Bhadradri Kothagudem,Laxmidevipalli,Groundnut,0,0
2017-2018,Kharif,Bhadradri Kothagudem,Julurpadu,Groundnut,2.2,0
2017-2018,Kharif,Bhadradri Kothagudem,Palwancha,Groundnut,0,0
2017-2018,Kharif,Bhadradri Kothagudem,Yellandu,Groundnut,0,0
2017-2018,Kharif,Bhadradri Kothagudem,Tekulapally,Groundnut,0,0
2017-2018,Kharif,Bhadradri Kothagudem,Aswaraopet,Groundnut,172.4,0
2017-2018,Kharif,Bhadradri Kothagudem,Dammapet,Groundnut,64.4,0
2017-2018,Kharif,Bhadradri Kothagudem,Mulkalapally,Groundnut,0,0
2017-2018,Kharif,Bhadradri Kothagudem,Chandrugonda,Groundnut,0,0
2017-2018,Kharif,Bhadradri Kothagudem,Annapureddipalli,Groundnut,2.2,0
2017-2018,Kharif,Bhadradri Kothagudem,Manuguru,Groundnut,0,0
2017-2018,Kharif,Bhadradri Kothagudem,Pinapaka,Groundnut,0,0
2017-2018,Kharif,Bhadradri Kothagudem,Karakagudem,Groundnut,0,0
2017-2018,Kharif,Bhadradri Kothagudem,Gundala,Groundnut,0,0
2017-2018,Kharif,Bhadradri Kothagudem,Allapalli,Groundnut,0,0
2017-2018,Kharif,Bhadradri Kothagudem,Aswapuram,Groundnut,0,0
2017-2018,Kharif,Bhadradri Kothagudem,Burgampadu,Groundnut,0,0
2017-2018,Kharif,Bhadradri Kothagudem,Bhadrachalam,Groundnut,0,0
2017-2018,Kharif,Bhadradri Kothagudem,Dummugudem,Groundnut,0,0
2017-2018,Kharif,Bhadradri Kothagudem,Cherla,Groundnut,0,0
2017-2018,Kharif,Bhadradri Kothagudem,Kothagudem,Sesamum,0,0
2017-2018,Kharif,Bhadradri Kothagudem,Sujathanagar,Sesamum,0,0
2017-2018,Kharif,Bhadradri Kothagudem,Chunchupalli,Sesamum,0,0
2017-2018,Kharif,Bhadradri Kothagudem,Laxmidevipalli,Sesamum,5,0
2017-2018,Kharif,Bhadradri Kothagudem,Julurpadu,Sesamum,0,0
2017-2018,Kharif,Bhadradri Kothagudem,Palwancha,Sesamum,8,0
2017-2018,Kharif,Bhadradri Kothagudem,Yellandu,Sesamum,15,0
2017-2018,Kharif,Bhadradri Kothagudem,Tekulapally,Sesamum,26,0
2017-2018,Kharif,Bhadradri Kothagudem,Aswaraopet,Sesamum,50,0
2017-2018,Kharif,Bhadradri Kothagudem,Dammapet,Sesamum,0,0
2017-2018,Kharif,Bhadradri Kothagudem,Mulkalapally,Sesamum,0,0
2017-2018,Kharif,Bhadradri Kothagudem,Chandrugonda,Sesamum,0,0
2017-2018,Kharif,Bhadradri Kothagudem,Annapureddipalli,Sesamum,1,0
2017-2018,Kharif,Bhadradri Kothagudem,Manuguru,Sesamum,0,0
2017-2018,Kharif,Bhadradri Kothagudem,Pinapaka,Sesamum,0,0
2017-2018,Kharif,Bhadradri Kothagudem,Karakagudem,Sesamum,2,0
2017-2018,Kharif,Bhadradri Kothagudem,Gundala,Sesamum,64,20
2017-2018,Kharif,Bhadradri Kothagudem,Allapalli,Sesamum,43,20
2017-2018,Kharif,Bhadradri Kothagudem,Aswapuram,Sesamum,11,0
2017-2018,Kharif,Bhadradri Kothagudem,Burgampadu,Sesamum,2,0
2017-2018,Kharif,Bhadradri Kothagudem,Bhadrachalam,Sesamum,0,0
2017-2018,Kharif,Bhadradri Kothagudem,Dummugudem,Sesamum,0,0
2017-2018,Kharif,Bhadradri Kothagudem,Cherla,Sesamum,15,0
2017-2018,Kharif,Bhadradri Kothagudem,Kothagudem,Sunflower,0,0
2017-2018,Kharif,Bhadradri Kothagudem,Sujathanagar,Sunflower,0,0
2017-2018,Kharif,Bhadradri Kothagudem,Chunchupalli,Sunflower,0,0
2017-2018,Kharif,Bhadradri Kothagudem,Laxmidevipalli,Sunflower,0,0
2017-2018,Kharif,Bhadradri Kothagudem,Julurpadu,Sunflower,0,0
2017-2018,Kharif,Bhadradri Kothagudem,Palwancha,Sunflower,0,0
2017-2018,Kharif,Bhadradri Kothagudem,Yellandu,Sunflower,0,0
2017-2018,Kharif,Bhadradri Kothagudem,Tekulapally,Sunflower,0,0
2017-2018,Kharif,Bhadradri Kothagudem,Aswaraopet,Sunflower,0,0
2017-2018,Kharif,Bhadradri Kothagudem,Dammapet,Sunflower,0,0
2017-2018,Kharif,Bhadradri Kothagudem,Mulkalapally,Sunflower,0,0
2017-2018,Kharif,Bhadradri Kothagudem,Chandrugonda,Sunflower,0,0
2017-2018,Kharif,Bhadradri Kothagudem,Annapureddipalli,Sunflower,0,0
2017-2018,Kharif,Bhadradri Kothagudem,Manuguru,Sunflower,0,0
2017-2018,Kharif,Bhadradri Kothagudem,Pinapaka,Sunflower,0,0
2017-2018,Kharif,Bhadradri Kothagudem,Karakagudem,Sunflower,0,0
2017-2018,Kharif,Bhadradri Kothagudem,Gundala,Sunflower,0,0
2017-2018,Kharif,Bhadradri Kothagudem,Allapalli,Sunflower,0,0
2017-2018,Kharif,Bhadradri Kothagudem,Aswapuram,Sunflower,0,0
2017-2018,Kharif,Bhadradri Kothagudem,Burgampadu,Sunflower,0,0
2017-2018,Kharif,Bhadradri Kothagudem,Bhadrachalam,Sunflower,0,0
2017-2018,Kharif,Bhadradri Kothagudem,Dummugudem,Sunflower,0,0
2017-2018,Kharif,Bhadradri Kothagudem,Cherla,Sunflower,0,0
2017-2018,Kharif,Bhadradri Kothagudem,Kothagudem,Castor,0,0
2017-2018,Kharif,Bhadradri Kothagudem,Sujathanagar,Castor,0,0
2017-2018,Kharif,Bhadradri Kothagudem,Chunchupalli,Castor,0,0
2017-2018,Kharif,Bhadradri Kothagudem,Laxmidevipalli,Castor,0,0
2017-2018,Kharif,Bhadradri Kothagudem,Julurpadu,Castor,0,0
2017-2018,Kharif,Bhadradri Kothagudem,Palwancha,Castor,0,0
2017-2018,Kharif,Bhadradri Kothagudem,Yellandu,Castor,0,0
2017-2018,Kharif,Bhadradri Kothagudem,Tekulapally,Castor,0,0
2017-2018,Kharif,Bhadradri Kothagudem,Aswaraopet,Castor,0,0
2017-2018,Kharif,Bhadradri Kothagudem,Dammapet,Castor,0,0
2017-2018,Kharif,Bhadradri Kothagudem,Mulkalapally,Castor,0,0
2017-2018,Kharif,Bhadradri Kothagudem,Chandrugonda,Castor,0,0
2017-2018,Kharif,Bhadradri Kothagudem,Annapureddipalli,Castor,0,0
2017-2018,Kharif,Bhadradri Kothagudem,Manuguru,Castor,0,0
2017-2018,Kharif,Bhadradri Kothagudem,Pinapaka,Castor,0,0
2017-2018,Kharif,Bhadradri Kothagudem,Karakagudem,Castor,0,0
2017-2018,Kharif,Bhadradri Kothagudem,Gundala,Castor,0,0
2017-2018,Kharif,Bhadradri Kothagudem,Allapalli,Castor,0,0
2017-2018,Kharif,Bhadradri Kothagudem,Aswapuram,Castor,0,0
2017-2018,Kharif,Bhadradri Kothagudem,Burgampadu,Castor,0,0
2017-2018,Kharif,Bhadradri Kothagudem,Bhadrachalam,Castor,0,0
2017-2018,Kharif,Bhadradri Kothagudem,Dummugudem,Castor,0,0
2017-2018,Kharif,Bhadradri Kothagudem,Cherla,Castor,0,0
2017-2018,Kharif,Bhadradri Kothagudem,Kothagudem,Soyabean,1,0
2017-2018,Kharif,Bhadradri Kothagudem,Sujathanagar,Soyabean,0,0
2017-2018,Kharif,Bhadradri Kothagudem,Chunchupalli,Soyabean,0,0
2017-2018,Kharif,Bhadradri Kothagudem,Laxmidevipalli,Soyabean,0,0
2017-2018,Kharif,Bhadradri Kothagudem,Julurpadu,Soyabean,0,0
2017-2018,Kharif,Bhadradri Kothagudem,Palwancha,Soyabean,0,0
2017-2018,Kharif,Bhadradri Kothagudem,Yellandu,Soyabean,0,0
2017-2018,Kharif,Bhadradri Kothagudem,Tekulapally,Soyabean,0,0
2017-2018,Kharif,Bhadradri Kothagudem,Aswaraopet,Soyabean,0,0
2017-2018,Kharif,Bhadradri Kothagudem,Dammapet,Soyabean,0,0
2017-2018,Kharif,Bhadradri Kothagudem,Mulkalapally,Soyabean,0,0
2017-2018,Kharif,Bhadradri Kothagudem,Chandrugonda,Soyabean,0,0
2017-2018,Kharif,Bhadradri Kothagudem,Annapureddipalli,Soyabean,0,0
2017-2018,Kharif,Bhadradri Kothagudem,Manuguru,Soyabean,0,0
2017-2018,Kharif,Bhadradri Kothagudem,Pinapaka,Soyabean,0,0
2017-2018,Kharif,Bhadradri Kothagudem,Karakagudem,Soyabean,0,0
2017-2018,Kharif,Bhadradri Kothagudem,Gundala,Soyabean,0,0
2017-2018,Kharif,Bhadradri Kothagudem,Allapalli,Soyabean,0,0
2017-2018,Kharif,Bhadradri Kothagudem,Aswapuram,Soyabean,2,0
2017-2018,Kharif,Bhadradri Kothagudem,Burgampadu,Soyabean,0,0
2017-2018,Kharif,Bhadradri Kothagudem,Bhadrachalam,Soyabean,0,0
2017-2018,Kharif,Bhadradri Kothagudem,Dummugudem,Soyabean,1,0
2017-2018,Kharif,Bhadradri Kothagudem,Cherla,Soyabean,0,0
2017-2018,Kharif,Bhadradri Kothagudem,Kothagudem,Other oil seeds,-0.4,0
2017-2018,Kharif,Bhadradri Kothagudem,Sujathanagar,Other oil seeds,0,0
2017-2018,Kharif,Bhadradri Kothagudem,Chunchupalli,Other oil seeds,0.4,0
2017-2018,Kharif,Bhadradri Kothagudem,Laxmidevipalli,Other oil seeds,0.4,0
2017-2018,Kharif,Bhadradri Kothagudem,Julurpadu,Other oil seeds,43.8,0
2017-2018,Kharif,Bhadradri Kothagudem,Palwancha,Other oil seeds,72,0
2017-2018,Kharif,Bhadradri Kothagudem,Yellandu,Other oil seeds,0,0
2017-2018,Kharif,Bhadradri Kothagudem,Tekulapally,Other oil seeds,1.2,0
2017-2018,Kharif,Bhadradri Kothagudem,Aswaraopet,Other oil seeds,985.6,0
2017-2018,Kharif,Bhadradri Kothagudem,Dammapet,Other oil seeds,1918,0
2017-2018,Kharif,Bhadradri Kothagudem,Mulkalapally,Other oil seeds,28.6,0
2017-2018,Kharif,Bhadradri Kothagudem,Chandrugonda,Other oil seeds,12.8,0
2017-2018,Kharif,Bhadradri Kothagudem,Annapureddipalli,Other oil seeds,50.2,0
2017-2018,Kharif,Bhadradri Kothagudem,Manuguru,Other oil seeds,0,0
2017-2018,Kharif,Bhadradri Kothagudem,Pinapaka,Other oil seeds,1.4,0
2017-2018,Kharif,Bhadradri Kothagudem,Karakagudem,Other oil seeds,12,0
2017-2018,Kharif,Bhadradri Kothagudem,Gundala,Other oil seeds,0.194484399999993,0
2017-2018,Kharif,Bhadradri Kothagudem,Allapalli,Other oil seeds,0.205515599999998,0
2017-2018,Kharif,Bhadradri Kothagudem,Aswapuram,Other oil seeds,0.800000000000001,0
2017-2018,Kharif,Bhadradri Kothagudem,Burgampadu,Other oil seeds,1.4,0
2017-2018,Kharif,Bhadradri Kothagudem,Bhadrachalam,Other oil seeds,0,0
2017-2018,Kharif,Bhadradri Kothagudem,Dummugudem,Other oil seeds,0.2,0
2017-2018,Kharif,Bhadradri Kothagudem,Cherla,Other oil seeds,2.6,0
2017-2018,Kharif,Bhadradri Kothagudem,Kothagudem,Total oil seeds,0.6,0
2017-2018,Kharif,Bhadradri Kothagudem,Sujathanagar,Total oil seeds,0,0
2017-2018,Kharif,Bhadradri Kothagudem,Chunchupalli,Total oil seeds,0.4,0
2017-2018,Kharif,Bhadradri Kothagudem,Laxmidevipalli,Total oil seeds,5.4,0
2017-2018,Kharif,Bhadradri Kothagudem,Julurpadu,Total oil seeds,46,0
2017-2018,Kharif,Bhadradri Kothagudem,Palwancha,Total oil seeds,80,0
2017-2018,Kharif,Bhadradri Kothagudem,Yellandu,Total oil seeds,15,0
2017-2018,Kharif,Bhadradri Kothagudem,Tekulapally,Total oil seeds,27.2,0
2017-2018,Kharif,Bhadradri Kothagudem,Aswaraopet,Total oil seeds,1208,0
2017-2018,Kharif,Bhadradri Kothagudem,Dammapet,Total oil seeds,1982.4,0
2017-2018,Kharif,Bhadradri Kothagudem,Mulkalapally,Total oil seeds,28.6,0
2017-2018,Kharif,Bhadradri Kothagudem,Chandrugonda,Total oil seeds,12.8,0
2017-2018,Kharif,Bhadradri Kothagudem,Annapureddipalli,Total oil seeds,53.4,0
2017-2018,Kharif,Bhadradri Kothagudem,Manuguru,Total oil seeds,0,0
2017-2018,Kharif,Bhadradri Kothagudem,Pinapaka,Total oil seeds,1.4,0
2017-2018,Kharif,Bhadradri Kothagudem,Karakagudem,Total oil seeds,13,0
2017-2018,Kharif,Bhadradri Kothagudem,Gundala,Total oil seeds,64.1944844,20
2017-2018,Kharif,Bhadradri Kothagudem,Allapalli,Total oil seeds,43.2055156,20
2017-2018,Kharif,Bhadradri Kothagudem,Aswapuram,Total oil seeds,13.8,0
2017-2018,Kharif,Bhadradri Kothagudem,Burgampadu,Total oil seeds,3.4,0
2017-2018,Kharif,Bhadradri Kothagudem,Bhadrachalam,Total oil seeds,0,0
2017-2018,Kharif,Bhadradri Kothagudem,Dummugudem,Total oil seeds,1.2,0
2017-2018,Kharif,Bhadradri Kothagudem,Cherla,Total oil seeds,17.6,0
2017-2018,Kharif,Bhadradri Kothagudem,Kothagudem,Tobacco,0,0
2017-2018,Kharif,Bhadradri Kothagudem,Sujathanagar,Tobacco,0,0
2017-2018,Kharif,Bhadradri Kothagudem,Chunchupalli,Tobacco,0,0
2017-2018,Kharif,Bhadradri Kothagudem,Laxmidevipalli,Tobacco,0,0
2017-2018,Kharif,Bhadradri Kothagudem,Julurpadu,Tobacco,0,0
2017-2018,Kharif,Bhadradri Kothagudem,Palwancha,Tobacco,0,0
2017-2018,Kharif,Bhadradri Kothagudem,Yellandu,Tobacco,0,0
2017-2018,Kharif,Bhadradri Kothagudem,Tekulapally,Tobacco,0,0
2017-2018,Kharif,Bhadradri Kothagudem,Aswaraopet,Tobacco,0,0
2017-2018,Kharif,Bhadradri Kothagudem,Dammapet,Tobacco,0,0
2017-2018,Kharif,Bhadradri Kothagudem,Mulkalapally,Tobacco,0,0
2017-2018,Kharif,Bhadradri Kothagudem,Chandrugonda,Tobacco,0,0
2017-2018,Kharif,Bhadradri Kothagudem,Annapureddipalli,Tobacco,0,0
2017-2018,Kharif,Bhadradri Kothagudem,Manuguru,Tobacco,0,0
2017-2018,Kharif,Bhadradri Kothagudem,Pinapaka,Tobacco,0,0
2017-2018,Kharif,Bhadradri Kothagudem,Karakagudem,Tobacco,0,0
2017-2018,Kharif,Bhadradri Kothagudem,Gundala,Tobacco,0,0
2017-2018,Kharif,Bhadradri Kothagudem,Allapalli,Tobacco,0,0
2017-2018,Kharif,Bhadradri Kothagudem,Aswapuram,Tobacco,0,0
2017-2018,Kharif,Bhadradri Kothagudem,Burgampadu,Tobacco,0,0
2017-2018,Kharif,Bhadradri Kothagudem,Bhadrachalam,Tobacco,0,0
2017-2018,Kharif,Bhadradri Kothagudem,Dummugudem,Tobacco,0,0
2017-2018,Kharif,Bhadradri Kothagudem,Cherla,Tobacco,0,0
2017-2018,Kharif,Bhadradri Kothagudem,Kothagudem,Other non-food crops,25.2,18
2017-2018,Kharif,Bhadradri Kothagudem,Sujathanagar,Other non-food crops,77.8000000000002,34
2017-2018,Kharif,Bhadradri Kothagudem,Chunchupalli,Other non-food crops,39,16
2017-2018,Kharif,Bhadradri Kothagudem,Laxmidevipalli,Other non-food crops,154.8,86
2017-2018,Kharif,Bhadradri Kothagudem,Julurpadu,Other non-food crops,263.8,148
2017-2018,Kharif,Bhadradri Kothagudem,Palwancha,Other non-food crops,400,256
2017-2018,Kharif,Bhadradri Kothagudem,Yellandu,Other non-food crops,-0.400000000000091,0
2017-2018,Kharif,Bhadradri Kothagudem,Tekulapally,Other non-food crops,134.2,124
2017-2018,Kharif,Bhadradri Kothagudem,Aswaraopet,Other non-food crops,1808,852
2017-2018,Kharif,Bhadradri Kothagudem,Dammapet,Other non-food crops,675.6,342
2017-2018,Kharif,Bhadradri Kothagudem,Mulkalapally,Other non-food crops,869.8,426
2017-2018,Kharif,Bhadradri Kothagudem,Chandrugonda,Other non-food crops,808.2,396
2017-2018,Kharif,Bhadradri Kothagudem,Annapureddipalli,Other non-food crops,394,243
2017-2018,Kharif,Bhadradri Kothagudem,Manuguru,Other non-food crops,65,32
2017-2018,Kharif,Bhadradri Kothagudem,Pinapaka,Other non-food crops,66,34
2017-2018,Kharif,Bhadradri Kothagudem,Karakagudem,Other non-food crops,27.2,16
2017-2018,Kharif,Bhadradri Kothagudem,Gundala,Other non-food crops,0.405515599999944,0
2017-2018,Kharif,Bhadradri Kothagudem,Allapalli,Other non-food crops,0,0
2017-2018,Kharif,Bhadradri Kothagudem,Aswapuram,Other non-food crops,195,82
2017-2018,Kharif,Bhadradri Kothagudem,Burgampadu,Other non-food crops,359.8,163
2017-2018,Kharif,Bhadradri Kothagudem,Bhadrachalam,Other non-food crops,142.8,78
2017-2018,Kharif,Bhadradri Kothagudem,Dummugudem,Other non-food crops,120,66
2017-2018,Kharif,Bhadradri Kothagudem,Cherla,Other non-food crops,1.79999999999995,2
2017-2018,Kharif,Bhadradri Kothagudem,Kothagudem,Total non-food crops,167.8,273
2017-2018,Kharif,Bhadradri Kothagudem,Sujathanagar,Total non-food crops,3751.8,3930
2017-2018,Kharif,Bhadradri Kothagudem,Chunchupalli,Total non-food crops,469.6,700
2017-2018,Kharif,Bhadradri Kothagudem,Laxmidevipalli,Total non-food crops,4123.2,4351
2017-2018,Kharif,Bhadradri Kothagudem,Julurpadu,Total non-food crops,7221.8,7160
2017-2018,Kharif,Bhadradri Kothagudem,Palwancha,Total non-food crops,5482,5924
2017-2018,Kharif,Bhadradri Kothagudem,Yellandu,Total non-food crops,2025.6,2348
2017-2018,Kharif,Bhadradri Kothagudem,Tekulapally,Total non-food crops,7744.4,8798
2017-2018,Kharif,Bhadradri Kothagudem,Aswaraopet,Total non-food crops,4990,3162
2017-2018,Kharif,Bhadradri Kothagudem,Dammapet,Total non-food crops,2905,989
2017-2018,Kharif,Bhadradri Kothagudem,Mulkalapally,Total non-food crops,1614,1412
2017-2018,Kharif,Bhadradri Kothagudem,Chandrugonda,Total non-food crops,4073,4043
2017-2018,Kharif,Bhadradri Kothagudem,Annapureddipalli,Total non-food crops,1566.4,1590
2017-2018,Kharif,Bhadradri Kothagudem,Manuguru,Total non-food crops,876,1047
2017-2018,Kharif,Bhadradri Kothagudem,Pinapaka,Total non-food crops,654.4,1011
2017-2018,Kharif,Bhadradri Kothagudem,Karakagudem,Total non-food crops,782.2,1000
2017-2018,Kharif,Bhadradri Kothagudem,Gundala,Total non-food crops,1249,1572
2017-2018,Kharif,Bhadradri Kothagudem,Allapalli,Total non-food crops,670.6,1177
2017-2018,Kharif,Bhadradri Kothagudem,Aswapuram,Total non-food crops,3651.4,3709
2017-2018,Kharif,Bhadradri Kothagudem,Burgampadu,Total non-food crops,3178.2,3110
2017-2018,Kharif,Bhadradri Kothagudem,Bhadrachalam,Total non-food crops,181.8,126
2017-2018,Kharif,Bhadradri Kothagudem,Dummugudem,Total non-food crops,2844,3613
2017-2018,Kharif,Bhadradri Kothagudem,Cherla,Total non-food crops,475,468
2017-2018,Kharif,Bhadradri Kothagudem,Kothagudem,Total,320.6,371
2017-2018,Kharif,Bhadradri Kothagudem,Sujathanagar,Total,5169,5204
2017-2018,Kharif,Bhadradri Kothagudem,Chunchupalli,Total,977.8,1188
2017-2018,Kharif,Bhadradri Kothagudem,Laxmidevipalli,Total,4995,5109
2017-2018,Kharif,Bhadradri Kothagudem,Julurpadu,Total,9631,8619
2017-2018,Kharif,Bhadradri Kothagudem,Palwancha,Total,7825.8,8171
2017-2018,Kharif,Bhadradri Kothagudem,Yellandu,Total,5810.8,5149
2017-2018,Kharif,Bhadradri Kothagudem,Tekulapally,Total,11214.2,11526.8
2017-2018,Kharif,Bhadradri Kothagudem,Aswaraopet,Total,9237.8,7096
2017-2018,Kharif,Bhadradri Kothagudem,Dammapet,Total,9832.2,6599
2017-2018,Kharif,Bhadradri Kothagudem,Mulkalapally,Total,5865.2,5220
2017-2018,Kharif,Bhadradri Kothagudem,Chandrugonda,Total,7258.4956944,6188
2017-2018,Kharif,Bhadradri Kothagudem,Annapureddipalli,Total,5318.02106,5282
2017-2018,Kharif,Bhadradri Kothagudem,Manuguru,Total,3754,3888
2017-2018,Kharif,Bhadradri Kothagudem,Pinapaka,Total,4544.6,4924
2017-2018,Kharif,Bhadradri Kothagudem,Karakagudem,Total,2957.2,3114
2017-2018,Kharif,Bhadradri Kothagudem,Gundala,Total,4074.6,3486
2017-2018,Kharif,Bhadradri Kothagudem,Allapalli,Total,1890.8,2018
2017-2018,Kharif,Bhadradri Kothagudem,Aswapuram,Total,6230.6,6148
2017-2018,Kharif,Bhadradri Kothagudem,Burgampadu,Total,4862.8,4558
2017-2018,Kharif,Bhadradri Kothagudem,Bhadrachalam,Total,200.6,158
2017-2018,Kharif,Bhadradri Kothagudem,Dummugudem,Total,8564.4,9666
2017-2018,Kharif,Bhadradri Kothagudem,Cherla,Total,5990,6463
