year,season,districtName,mandalName,crop,normalArea,actualArea
2018-2019,Rabi,Karimnagar,Karimnagar (Rural),Paddy,2156.4,593.188727042432
2018-2019,Rabi,Karimnagar,Kothapalli,Paddy,1350.8,891.229892336922
2018-2019,Rabi,Karimnagar,Choppadandi,Paddy,2852.2,210
2018-2019,Rabi,Karimnagar,Gangadhara,Paddy,1599.2,688.677644078531
2018-2019,Rabi,Karimnagar,Ramadugu,Paddy,2263,381.955668144395
2018-2019,Rabi,Karimnagar,Manakondur,Paddy,7153.4,202.552248258391
2018-2019,Rabi,Karimnagar,Thimmapur,Paddy,2511.6,127.318556048132
2018-2019,Rabi,Karimnagar,Chigurumamidi,Paddy,1301.8,515.061431285624
2018-2019,Rabi,Karimnagar,Gannervaram,Paddy,486,312.509183027232
2018-2019,Rabi,Karimnagar,Shankarapatnam,Paddy,6615.2,532.423052564915
2018-2019,Rabi,Karimnagar,Huzurabad,Paddy,4614.4,1006.97403419886
2018-2019,Rabi,Karimnagar,Veenavenka.,Paddy,4350.2,1840.33185560481
2018-2019,Rabi,Karimnagar,Saidapur,Paddy,1314,1053.27169094364
2018-2019,Rabi,Karimnagar,Jammikunta.,Paddy,1657,486.125395820139
2018-2019,Rabi,Karimnagar,Ellandhakunta,Paddy,1419,393.530082330589
2018-2019,Rabi,Karimnagar,Karimnagar (Rural),Maize,814.8,242
2018-2019,Rabi,Karimnagar,Kothapalli,Maize,600,678
2018-2019,Rabi,Karimnagar,Choppadandi,Maize,1675.4,552
2018-2019,Rabi,Karimnagar,Gangadhara,Maize,398.6,77
2018-2019,Rabi,Karimnagar,Ramadugu,Maize,1265.8,256
2018-2019,Rabi,Karimnagar,Manakondur,Maize,786.6,654
2018-2019,Rabi,Karimnagar,Thimmapur,Maize,1203.2,619
2018-2019,Rabi,Karimnagar,Chigurumamidi,Maize,876.2,841
2018-2019,Rabi,Karimnagar,Gannervaram,Maize,476.2,648
2018-2019,Rabi,Karimnagar,Shankarapatnam,Maize,754.2,542
2018-2019,Rabi,Karimnagar,Huzurabad,Maize,1062,445
2018-2019,Rabi,Karimnagar,Veenavenka.,Maize,1778.2,1049.6
2018-2019,Rabi,Karimnagar,Saidapur,Maize,1518.4,919
2018-2019,Rabi,Karimnagar,Jammikunta.,Maize,850.2,241
2018-2019,Rabi,Karimnagar,Ellandhakunta,Maize,999.8,358
2018-2019,Rabi,Karimnagar,Karimnagar (Rural),Green Gram,29.8,30
2018-2019,Rabi,Karimnagar,Kothapalli,Green Gram,12.6,14
2018-2019,Rabi,Karimnagar,Choppadandi,Green Gram,18.2,13
2018-2019,Rabi,Karimnagar,Gangadhara,Green Gram,33.2,10
2018-2019,Rabi,Karimnagar,Ramadugu,Green Gram,15.4,16
2018-2019,Rabi,Karimnagar,Manakondur,Green Gram,16.6,3
2018-2019,Rabi,Karimnagar,Thimmapur,Green Gram,29.2,3
2018-2019,Rabi,Karimnagar,Chigurumamidi,Green Gram,32.8,87
2018-2019,Rabi,Karimnagar,Gannervaram,Green Gram,17.4,85
2018-2019,Rabi,Karimnagar,Shankarapatnam,Green Gram,27.4,12
2018-2019,Rabi,Karimnagar,Huzurabad,Green Gram,13.2,2
2018-2019,Rabi,Karimnagar,Veenavenka.,Green Gram,7.8,0
2018-2019,Rabi,Karimnagar,Saidapur,Green Gram,14.2,0
2018-2019,Rabi,Karimnagar,Jammikunta.,Green Gram,3.2,0
2018-2019,Rabi,Karimnagar,Ellandhakunta,Green Gram,2,0
2018-2019,Rabi,Karimnagar,Karimnagar (Rural),Black Gram,15,10
2018-2019,Rabi,Karimnagar,Kothapalli,Black Gram,8.4,15
2018-2019,Rabi,Karimnagar,Choppadandi,Black Gram,15.8,0
2018-2019,Rabi,Karimnagar,Gangadhara,Black Gram,8.8,0
2018-2019,Rabi,Karimnagar,Ramadugu,Black Gram,6.8,0
2018-2019,Rabi,Karimnagar,Manakondur,Black Gram,5.6,0
2018-2019,Rabi,Karimnagar,Thimmapur,Black Gram,7.2,0
2018-2019,Rabi,Karimnagar,Chigurumamidi,Black Gram,14,22
2018-2019,Rabi,Karimnagar,Gannervaram,Black Gram,4.2,0
2018-2019,Rabi,Karimnagar,Shankarapatnam,Black Gram,27.4,10
2018-2019,Rabi,Karimnagar,Huzurabad,Black Gram,5.6,0
2018-2019,Rabi,Karimnagar,Veenavenka.,Black Gram,2.8,0
2018-2019,Rabi,Karimnagar,Saidapur,Black Gram,12.4,0
2018-2019,Rabi,Karimnagar,Jammikunta.,Black Gram,3,0
2018-2019,Rabi,Karimnagar,Ellandhakunta,Black Gram,1.6,0
2018-2019,Rabi,Karimnagar,Karimnagar (Rural),Cow Gram,5.2,6
2018-2019,Rabi,Karimnagar,Kothapalli,Cow Gram,2.2,0
2018-2019,Rabi,Karimnagar,Choppadandi,Cow Gram,2.4,0
2018-2019,Rabi,Karimnagar,Gangadhara,Cow Gram,26,0
2018-2019,Rabi,Karimnagar,Ramadugu,Cow Gram,8.4,0
2018-2019,Rabi,Karimnagar,Manakondur,Cow Gram,11.8,0
2018-2019,Rabi,Karimnagar,Thimmapur,Cow Gram,23.8,0
2018-2019,Rabi,Karimnagar,Chigurumamidi,Cow Gram,42,24
2018-2019,Rabi,Karimnagar,Gannervaram,Cow Gram,2.8,0
2018-2019,Rabi,Karimnagar,Shankarapatnam,Cow Gram,12.4,8
2018-2019,Rabi,Karimnagar,Huzurabad,Cow Gram,4.8,0
2018-2019,Rabi,Karimnagar,Veenavenka.,Cow Gram,1,0
2018-2019,Rabi,Karimnagar,Saidapur,Cow Gram,5.4,0
2018-2019,Rabi,Karimnagar,Jammikunta.,Cow Gram,0.8,0
2018-2019,Rabi,Karimnagar,Ellandhakunta,Cow Gram,0.6,0
2018-2019,Rabi,Karimnagar,Karimnagar (Rural),Bengal Gram,21.2,47
2018-2019,Rabi,Karimnagar,Kothapalli,Bengal Gram,27.8,106
2018-2019,Rabi,Karimnagar,Choppadandi,Bengal Gram,59,33
2018-2019,Rabi,Karimnagar,Gangadhara,Bengal Gram,36.6,7
2018-2019,Rabi,Karimnagar,Ramadugu,Bengal Gram,34.6,24
2018-2019,Rabi,Karimnagar,Manakondur,Bengal Gram,8.6,0
2018-2019,Rabi,Karimnagar,Thimmapur,Bengal Gram,17,10
2018-2019,Rabi,Karimnagar,Chigurumamidi,Bengal Gram,40,12
2018-2019,Rabi,Karimnagar,Gannervaram,Bengal Gram,6.4,66
2018-2019,Rabi,Karimnagar,Shankarapatnam,Bengal Gram,29.4,8
2018-2019,Rabi,Karimnagar,Huzurabad,Bengal Gram,12.8,0
2018-2019,Rabi,Karimnagar,Veenavenka.,Bengal Gram,10.4,0
2018-2019,Rabi,Karimnagar,Saidapur,Bengal Gram,17.4,6
2018-2019,Rabi,Karimnagar,Jammikunta.,Bengal Gram,10.6,23
2018-2019,Rabi,Karimnagar,Ellandhakunta,Bengal Gram,9.2,21
2018-2019,Rabi,Karimnagar,Karimnagar (Rural),Other food crops,49,41
2018-2019,Rabi,Karimnagar,Kothapalli,Other food crops,43.8,136
2018-2019,Rabi,Karimnagar,Choppadandi,Other food crops,66.8,0
2018-2019,Rabi,Karimnagar,Gangadhara,Other food crops,89.8,0
2018-2019,Rabi,Karimnagar,Ramadugu,Other food crops,54.2,0
2018-2019,Rabi,Karimnagar,Manakondur,Other food crops,54.2,0
2018-2019,Rabi,Karimnagar,Thimmapur,Other food crops,322.2,114
2018-2019,Rabi,Karimnagar,Chigurumamidi,Other food crops,24.2,0
2018-2019,Rabi,Karimnagar,Gannervaram,Other food crops,32.4,69
2018-2019,Rabi,Karimnagar,Shankarapatnam,Other food crops,4.4,10
2018-2019,Rabi,Karimnagar,Huzurabad,Other food crops,25.6,19
2018-2019,Rabi,Karimnagar,Veenavenka.,Other food crops,0.8,9
2018-2019,Rabi,Karimnagar,Saidapur,Other food crops,22.8,130
2018-2019,Rabi,Karimnagar,Jammikunta.,Other food crops,19.2,5
2018-2019,Rabi,Karimnagar,Ellandhakunta,Other food crops,9.4,8
2018-2019,Rabi,Karimnagar,Karimnagar (Rural),Groundnut,33.8,45
2018-2019,Rabi,Karimnagar,Kothapalli,Groundnut,29.8,26
2018-2019,Rabi,Karimnagar,Choppadandi,Groundnut,47.6,8
2018-2019,Rabi,Karimnagar,Gangadhara,Groundnut,86.6,10
2018-2019,Rabi,Karimnagar,Ramadugu,Groundnut,41,21
2018-2019,Rabi,Karimnagar,Manakondur,Groundnut,44.4,61
2018-2019,Rabi,Karimnagar,Thimmapur,Groundnut,520.2,376
2018-2019,Rabi,Karimnagar,Chigurumamidi,Groundnut,1004.8,458
2018-2019,Rabi,Karimnagar,Gannervaram,Groundnut,108.8,220
2018-2019,Rabi,Karimnagar,Shankarapatnam,Groundnut,271.2,185
2018-2019,Rabi,Karimnagar,Huzurabad,Groundnut,51,4
2018-2019,Rabi,Karimnagar,Veenavenka.,Groundnut,17.8,0
2018-2019,Rabi,Karimnagar,Saidapur,Groundnut,414.8,116
2018-2019,Rabi,Karimnagar,Jammikunta.,Groundnut,4.8,4
2018-2019,Rabi,Karimnagar,Ellandhakunta,Groundnut,8.6,3
2018-2019,Rabi,Karimnagar,Karimnagar (Rural),Sesamum,4.2,0
2018-2019,Rabi,Karimnagar,Kothapalli,Sesamum,2.8,0
2018-2019,Rabi,Karimnagar,Choppadandi,Sesamum,21.4,0
2018-2019,Rabi,Karimnagar,Gangadhara,Sesamum,5.4,0
2018-2019,Rabi,Karimnagar,Ramadugu,Sesamum,0,0
2018-2019,Rabi,Karimnagar,Manakondur,Sesamum,0.6,0
2018-2019,Rabi,Karimnagar,Thimmapur,Sesamum,0,0
2018-2019,Rabi,Karimnagar,Chigurumamidi,Sesamum,0,0
2018-2019,Rabi,Karimnagar,Gannervaram,Sesamum,0,0
2018-2019,Rabi,Karimnagar,Shankarapatnam,Sesamum,0.2,0
2018-2019,Rabi,Karimnagar,Huzurabad,Sesamum,1.2,0
2018-2019,Rabi,Karimnagar,Veenavenka.,Sesamum,0.2,0
2018-2019,Rabi,Karimnagar,Saidapur,Sesamum,0,0
2018-2019,Rabi,Karimnagar,Jammikunta.,Sesamum,1.4,0
2018-2019,Rabi,Karimnagar,Ellandhakunta,Sesamum,1.4,0
2018-2019,Rabi,Karimnagar,Karimnagar (Rural),Tobacco,0,0
2018-2019,Rabi,Karimnagar,Kothapalli,Tobacco,0,0
2018-2019,Rabi,Karimnagar,Choppadandi,Tobacco,0,0
2018-2019,Rabi,Karimnagar,Gangadhara,Tobacco,0,0
2018-2019,Rabi,Karimnagar,Ramadugu,Tobacco,0,0
2018-2019,Rabi,Karimnagar,Manakondur,Tobacco,0,0
2018-2019,Rabi,Karimnagar,Thimmapur,Tobacco,0,0
2018-2019,Rabi,Karimnagar,Chigurumamidi,Tobacco,0,0
2018-2019,Rabi,Karimnagar,Gannervaram,Tobacco,0,0
2018-2019,Rabi,Karimnagar,Shankarapatnam,Tobacco,0,0
2018-2019,Rabi,Karimnagar,Huzurabad,Tobacco,0,0
2018-2019,Rabi,Karimnagar,Veenavenka.,Tobacco,0,0
2018-2019,Rabi,Karimnagar,Saidapur,Tobacco,26.4,40
2018-2019,Rabi,Karimnagar,Jammikunta.,Tobacco,0.2,0
2018-2019,Rabi,Karimnagar,Ellandhakunta,Tobacco,0,0
2018-2019,Rabi,Karimnagar,Karimnagar (Rural),Total,3129.4,1014.18872704243
2018-2019,Rabi,Karimnagar,Kothapalli,Total,2078.2,1866.22989233692
2018-2019,Rabi,Karimnagar,Choppadandi,Total,4758.8,816
2018-2019,Rabi,Karimnagar,Gangadhara,Total,2284.2,792.677644078531
2018-2019,Rabi,Karimnagar,Ramadugu,Total,3689.2,698.955668144395
2018-2019,Rabi,Karimnagar,Manakondur,Total,8081.8,920.552248258391
2018-2019,Rabi,Karimnagar,Thimmapur,Total,4634.4,1249.31855604813
2018-2019,Rabi,Karimnagar,Chigurumamidi,Total,3335.8,1959.06143128562
2018-2019,Rabi,Karimnagar,Gannervaram,Total,1134.2,1400.50918302723
2018-2019,Rabi,Karimnagar,Shankarapatnam,Total,7741.8,1307.42305256491
2018-2019,Rabi,Karimnagar,Huzurabad,Total,5790.6,1476.97403419886
2018-2019,Rabi,Karimnagar,Veenavenka.,Total,6169.2,2898.93185560481
2018-2019,Rabi,Karimnagar,Saidapur,Total,3345.8,2264.27169094363
2018-2019,Rabi,Karimnagar,Jammikunta.,Total,2550.4,759.125395820139
2018-2019,Rabi,Karimnagar,Ellandhakunta,Total,2451.6,783.530082330589
