year,season,districtName,mandalName,crop,normalArea,actualArea
2016-2017,Kharif,Karimnagar,Karimnagar Rural ,Paddy,1894.64,1612
2016-2017,Kharif,Karimnagar,Kothapally,Paddy,1550.16,1003
2016-2017,Kharif,Karimnagar,Manakondur,Paddy,7355.2,4643
2016-2017,Kharif,Karimnagar,Thimmapur,Paddy,2742.4,2238
2016-2017,Kharif,Karimnagar,Kesavapatnam,Paddy,6860.4,6525
2016-2017,Kharif,Karimnagar,Ganneruvaram,Paddy,710.56,592
2016-2017,Kharif,Karimnagar,Chigurmamidi,Paddy,1371,690
2016-2017,Kharif,Karimnagar,Gangadhara,Paddy,1123.6,1157
2016-2017,Kharif,Karimnagar,Ramadugu,Paddy,1673.6,1345
2016-2017,Kharif,Karimnagar,Choppadandi,Paddy,2548.6,2465
2016-2017,Kharif,Karimnagar,Huzurabad,Paddy,5599.6,4338
2016-2017,Kharif,Karimnagar,Venavanka,Paddy,3334.8,2251
2016-2017,Kharif,Karimnagar,Jammikunta,Paddy,1546.92,1436
2016-2017,Kharif,Karimnagar,Ellandhakunta,Paddy,1031.28,1102
2016-2017,Kharif,Karimnagar,Saidapur,Paddy,1506.2,1688
2016-2017,Kharif,Karimnagar,Karimnagar Rural ,Maize,328.79,507
2016-2017,Kharif,Karimnagar,Kothapally,Maize,269.01,440
2016-2017,Kharif,Karimnagar,Manakondur,Maize,694.8,1053
2016-2017,Kharif,Karimnagar,Thimmapur,Maize,1708.6,1986
2016-2017,Kharif,Karimnagar,Kesavapatnam,Maize,454.6,1425
2016-2017,Kharif,Karimnagar,Ganneruvaram,Maize,717.36,570
2016-2017,Kharif,Karimnagar,Chigurmamidi,Maize,2783,976
2016-2017,Kharif,Karimnagar,Gangadhara,Maize,173.6,648
2016-2017,Kharif,Karimnagar,Ramadugu,Maize,761,915
2016-2017,Kharif,Karimnagar,Choppadandi,Maize,1466,3140
2016-2017,Kharif,Karimnagar,Huzurabad,Maize,812,864
2016-2017,Kharif,Karimnagar,Venavanka,Maize,1135.2,1325
2016-2017,Kharif,Karimnagar,Jammikunta,Maize,186.24,557
2016-2017,Kharif,Karimnagar,Ellandhakunta,Maize,124.16,453
2016-2017,Kharif,Karimnagar,Saidapur,Maize,1311.6,1257
2016-2017,Kharif,Karimnagar,Karimnagar Rural ,Green Gram,55.22,19
2016-2017,Kharif,Karimnagar,Kothapally,Green Gram,45.18,13
2016-2017,Kharif,Karimnagar,Manakondur,Green Gram,47.6,62
2016-2017,Kharif,Karimnagar,Thimmapur,Green Gram,68.6,29
2016-2017,Kharif,Karimnagar,Kesavapatnam,Green Gram,21.4,51
2016-2017,Kharif,Karimnagar,Ganneruvaram,Green Gram,53.04,14
2016-2017,Kharif,Karimnagar,Chigurmamidi,Green Gram,57.8,109
2016-2017,Kharif,Karimnagar,Gangadhara,Green Gram,223.4,138
2016-2017,Kharif,Karimnagar,Ramadugu,Green Gram,89.2,54
2016-2017,Kharif,Karimnagar,Choppadandi,Green Gram,41.6,40
2016-2017,Kharif,Karimnagar,Huzurabad,Green Gram,22.4,45
2016-2017,Kharif,Karimnagar,Venavanka,Green Gram,3.6,39
2016-2017,Kharif,Karimnagar,Jammikunta,Green Gram,6.36,0
2016-2017,Kharif,Karimnagar,Ellandhakunta,Green Gram,4.24,0
2016-2017,Kharif,Karimnagar,Saidapur,Green Gram,27.2,34
2016-2017,Kharif,Karimnagar,Karimnagar Rural ,Black Gram,0,0
2016-2017,Kharif,Karimnagar,Kothapally,Black Gram,0,0
2016-2017,Kharif,Karimnagar,Manakondur,Black Gram,0,0
2016-2017,Kharif,Karimnagar,Thimmapur,Black Gram,8.4,16
2016-2017,Kharif,Karimnagar,Kesavapatnam,Black Gram,0,12
2016-2017,Kharif,Karimnagar,Ganneruvaram,Black Gram,0.32,4
2016-2017,Kharif,Karimnagar,Chigurmamidi,Black Gram,0,16
2016-2017,Kharif,Karimnagar,Gangadhara,Black Gram,0,2
2016-2017,Kharif,Karimnagar,Ramadugu,Black Gram,14.8,3
2016-2017,Kharif,Karimnagar,Choppadandi,Black Gram,22,0
2016-2017,Kharif,Karimnagar,Huzurabad,Black Gram,3,0
2016-2017,Kharif,Karimnagar,Venavanka,Black Gram,0,0
2016-2017,Kharif,Karimnagar,Jammikunta,Black Gram,0,0
2016-2017,Kharif,Karimnagar,Ellandhakunta,Black Gram,0,0
2016-2017,Kharif,Karimnagar,Saidapur,Black Gram,5.8,2
2016-2017,Kharif,Karimnagar,Karimnagar Rural ,Red Gram,165.66,161
2016-2017,Kharif,Karimnagar,Kothapally,Red Gram,135.54,106
2016-2017,Kharif,Karimnagar,Manakondur,Red Gram,51.8,73
2016-2017,Kharif,Karimnagar,Thimmapur,Red Gram,59,117
2016-2017,Kharif,Karimnagar,Kesavapatnam,Red Gram,7.4,62
2016-2017,Kharif,Karimnagar,Ganneruvaram,Red Gram,40.88,52
2016-2017,Kharif,Karimnagar,Chigurmamidi,Red Gram,39.6,123
2016-2017,Kharif,Karimnagar,Gangadhara,Red Gram,213.8,150
2016-2017,Kharif,Karimnagar,Ramadugu,Red Gram,173.4,145
2016-2017,Kharif,Karimnagar,Choppadandi,Red Gram,48.6,230
2016-2017,Kharif,Karimnagar,Huzurabad,Red Gram,9.8,25
2016-2017,Kharif,Karimnagar,Venavanka,Red Gram,5,0
2016-2017,Kharif,Karimnagar,Jammikunta,Red Gram,4.56,24
2016-2017,Kharif,Karimnagar,Ellandhakunta,Red Gram,3.04,12
2016-2017,Kharif,Karimnagar,Saidapur,Red Gram,34.4,46
2016-2017,Kharif,Karimnagar,Karimnagar Rural ,Bengal Gram,0,0
2016-2017,Kharif,Karimnagar,Kothapally,Bengal Gram,0,0
2016-2017,Kharif,Karimnagar,Manakondur,Bengal Gram,0,0
2016-2017,Kharif,Karimnagar,Thimmapur,Bengal Gram,0,0
2016-2017,Kharif,Karimnagar,Kesavapatnam,Bengal Gram,0,0
2016-2017,Kharif,Karimnagar,Ganneruvaram,Bengal Gram,0,0
2016-2017,Kharif,Karimnagar,Chigurmamidi,Bengal Gram,0,0
2016-2017,Kharif,Karimnagar,Gangadhara,Bengal Gram,0,0
2016-2017,Kharif,Karimnagar,Ramadugu,Bengal Gram,0,0
2016-2017,Kharif,Karimnagar,Choppadandi,Bengal Gram,0,0
2016-2017,Kharif,Karimnagar,Huzurabad,Bengal Gram,0,0
2016-2017,Kharif,Karimnagar,Venavanka,Bengal Gram,0,0
2016-2017,Kharif,Karimnagar,Jammikunta,Bengal Gram,0,0
2016-2017,Kharif,Karimnagar,Ellandhakunta,Bengal Gram,0,0
2016-2017,Kharif,Karimnagar,Saidapur,Bengal Gram,0,0
2016-2017,Kharif,Karimnagar,Karimnagar Rural ,Cow Gram,0,0
2016-2017,Kharif,Karimnagar,Kothapally,Cow Gram,0,0
2016-2017,Kharif,Karimnagar,Manakondur,Cow Gram,0,16
2016-2017,Kharif,Karimnagar,Thimmapur,Cow Gram,0,0
2016-2017,Kharif,Karimnagar,Kesavapatnam,Cow Gram,0,0
2016-2017,Kharif,Karimnagar,Ganneruvaram,Cow Gram,0.72,0
2016-2017,Kharif,Karimnagar,Chigurmamidi,Cow Gram,0,0
2016-2017,Kharif,Karimnagar,Gangadhara,Cow Gram,1.2,0
2016-2017,Kharif,Karimnagar,Ramadugu,Cow Gram,39.8,0
2016-2017,Kharif,Karimnagar,Choppadandi,Cow Gram,0,0
2016-2017,Kharif,Karimnagar,Huzurabad,Cow Gram,0,0
2016-2017,Kharif,Karimnagar,Venavanka,Cow Gram,0,0
2016-2017,Kharif,Karimnagar,Jammikunta,Cow Gram,0,0
2016-2017,Kharif,Karimnagar,Ellandhakunta,Cow Gram,0,0
2016-2017,Kharif,Karimnagar,Saidapur,Cow Gram,0,0
2016-2017,Kharif,Karimnagar,Karimnagar Rural ,Other pulses,0,0
2016-2017,Kharif,Karimnagar,Kothapally,Other pulses,0,0
2016-2017,Kharif,Karimnagar,Manakondur,Other pulses,0,0
2016-2017,Kharif,Karimnagar,Thimmapur,Other pulses,0,0
2016-2017,Kharif,Karimnagar,Kesavapatnam,Other pulses,0,0
2016-2017,Kharif,Karimnagar,Ganneruvaram,Other pulses,0.16,0
2016-2017,Kharif,Karimnagar,Chigurmamidi,Other pulses,0,0
2016-2017,Kharif,Karimnagar,Gangadhara,Other pulses,11.2,0
2016-2017,Kharif,Karimnagar,Ramadugu,Other pulses,0,0
2016-2017,Kharif,Karimnagar,Choppadandi,Other pulses,0,0
2016-2017,Kharif,Karimnagar,Huzurabad,Other pulses,0,0
2016-2017,Kharif,Karimnagar,Venavanka,Other pulses,0,0
2016-2017,Kharif,Karimnagar,Jammikunta,Other pulses,0,0
2016-2017,Kharif,Karimnagar,Ellandhakunta,Other pulses,0,0
2016-2017,Kharif,Karimnagar,Saidapur,Other pulses,0,0
2016-2017,Kharif,Karimnagar,Karimnagar Rural ,Chillies,0,0
2016-2017,Kharif,Karimnagar,Kothapally,Chillies,0,0
2016-2017,Kharif,Karimnagar,Manakondur,Chillies,1.8,0
2016-2017,Kharif,Karimnagar,Thimmapur,Chillies,6,0
2016-2017,Kharif,Karimnagar,Kesavapatnam,Chillies,0,0
2016-2017,Kharif,Karimnagar,Ganneruvaram,Chillies,7.68,0
2016-2017,Kharif,Karimnagar,Chigurmamidi,Chillies,21.2,0
2016-2017,Kharif,Karimnagar,Gangadhara,Chillies,19.8,0
2016-2017,Kharif,Karimnagar,Ramadugu,Chillies,17.6,0
2016-2017,Kharif,Karimnagar,Choppadandi,Chillies,0,0
2016-2017,Kharif,Karimnagar,Huzurabad,Chillies,1.6,7
2016-2017,Kharif,Karimnagar,Venavanka,Chillies,0,0
2016-2017,Kharif,Karimnagar,Jammikunta,Chillies,26.52,180
2016-2017,Kharif,Karimnagar,Ellandhakunta,Chillies,17.68,121
2016-2017,Kharif,Karimnagar,Saidapur,Chillies,0.8,0
2016-2017,Kharif,Karimnagar,Karimnagar Rural ,Turmeric,0,0
2016-2017,Kharif,Karimnagar,Kothapally,Turmeric,0,0
2016-2017,Kharif,Karimnagar,Manakondur,Turmeric,1.4,0
2016-2017,Kharif,Karimnagar,Thimmapur,Turmeric,0,0
2016-2017,Kharif,Karimnagar,Kesavapatnam,Turmeric,2,0
2016-2017,Kharif,Karimnagar,Ganneruvaram,Turmeric,0,0
2016-2017,Kharif,Karimnagar,Chigurmamidi,Turmeric,0,0
2016-2017,Kharif,Karimnagar,Gangadhara,Turmeric,0,0
2016-2017,Kharif,Karimnagar,Ramadugu,Turmeric,0,0
2016-2017,Kharif,Karimnagar,Choppadandi,Turmeric,0,0
2016-2017,Kharif,Karimnagar,Huzurabad,Turmeric,2.6,0
2016-2017,Kharif,Karimnagar,Venavanka,Turmeric,0,0
2016-2017,Kharif,Karimnagar,Jammikunta,Turmeric,13.32,85
2016-2017,Kharif,Karimnagar,Ellandhakunta,Turmeric,8.88,57
2016-2017,Kharif,Karimnagar,Saidapur,Turmeric,0.4,0
2016-2017,Kharif,Karimnagar,Karimnagar Rural ,Other food crops,219.23,0
2016-2017,Kharif,Karimnagar,Kothapally,Other food crops,179.37,0
2016-2017,Kharif,Karimnagar,Manakondur,Other food crops,869.2,80
2016-2017,Kharif,Karimnagar,Thimmapur,Other food crops,737.2,399
2016-2017,Kharif,Karimnagar,Kesavapatnam,Other food crops,106,13
2016-2017,Kharif,Karimnagar,Ganneruvaram,Other food crops,386,22
2016-2017,Kharif,Karimnagar,Chigurmamidi,Other food crops,593,0
2016-2017,Kharif,Karimnagar,Gangadhara,Other food crops,350.2,0
2016-2017,Kharif,Karimnagar,Ramadugu,Other food crops,387.6,55
2016-2017,Kharif,Karimnagar,Choppadandi,Other food crops,621.2,0
2016-2017,Kharif,Karimnagar,Huzurabad,Other food crops,83,0
2016-2017,Kharif,Karimnagar,Venavanka,Other food crops,9.6,0
2016-2017,Kharif,Karimnagar,Jammikunta,Other food crops,50.52,0
2016-2017,Kharif,Karimnagar,Ellandhakunta,Other food crops,33.68,0
2016-2017,Kharif,Karimnagar,Saidapur,Other food crops,115.6,65
2016-2017,Kharif,Karimnagar,Karimnagar Rural ,Cotton,2853.18,1000
2016-2017,Kharif,Karimnagar,Kothapally,Cotton,2334.42,850
2016-2017,Kharif,Karimnagar,Manakondur,Cotton,1545.8,721
2016-2017,Kharif,Karimnagar,Thimmapur,Cotton,2714.6,2265
2016-2017,Kharif,Karimnagar,Kesavapatnam,Cotton,1484.2,1121
2016-2017,Kharif,Karimnagar,Ganneruvaram,Cotton,4097.44,3210
2016-2017,Kharif,Karimnagar,Chigurmamidi,Cotton,4482.2,4282
2016-2017,Kharif,Karimnagar,Gangadhara,Cotton,6735.4,5142
2016-2017,Kharif,Karimnagar,Ramadugu,Cotton,6575.8,4950
2016-2017,Kharif,Karimnagar,Choppadandi,Cotton,4960.4,1856
2016-2017,Kharif,Karimnagar,Huzurabad,Cotton,2653,2497
2016-2017,Kharif,Karimnagar,Venavanka,Cotton,3353,2565
2016-2017,Kharif,Karimnagar,Jammikunta,Cotton,6154.2,4732
2016-2017,Kharif,Karimnagar,Ellandhakunta,Cotton,4102.8,4062
2016-2017,Kharif,Karimnagar,Saidapur,Cotton,7801.6,7454
2016-2017,Kharif,Karimnagar,Karimnagar Rural ,Groundnut,1.1,0
2016-2017,Kharif,Karimnagar,Kothapally,Groundnut,0.9,0
2016-2017,Kharif,Karimnagar,Manakondur,Groundnut,3.6,0
2016-2017,Kharif,Karimnagar,Thimmapur,Groundnut,9.4,0
2016-2017,Kharif,Karimnagar,Kesavapatnam,Groundnut,6.4,0
2016-2017,Kharif,Karimnagar,Ganneruvaram,Groundnut,3.12,0
2016-2017,Kharif,Karimnagar,Chigurmamidi,Groundnut,10,0
2016-2017,Kharif,Karimnagar,Gangadhara,Groundnut,0,0
2016-2017,Kharif,Karimnagar,Ramadugu,Groundnut,0,0
2016-2017,Kharif,Karimnagar,Choppadandi,Groundnut,0,0
2016-2017,Kharif,Karimnagar,Huzurabad,Groundnut,16.4,0
2016-2017,Kharif,Karimnagar,Venavanka,Groundnut,0,0
2016-2017,Kharif,Karimnagar,Jammikunta,Groundnut,0,0
2016-2017,Kharif,Karimnagar,Ellandhakunta,Groundnut,0,0
2016-2017,Kharif,Karimnagar,Saidapur,Groundnut,10,1
2016-2017,Kharif,Karimnagar,Karimnagar Rural ,Castor,0,0
2016-2017,Kharif,Karimnagar,Kothapally,Castor,0,0
2016-2017,Kharif,Karimnagar,Manakondur,Castor,0,0
2016-2017,Kharif,Karimnagar,Thimmapur,Castor,0.4,0
2016-2017,Kharif,Karimnagar,Kesavapatnam,Castor,0,0
2016-2017,Kharif,Karimnagar,Ganneruvaram,Castor,2.4,0
2016-2017,Kharif,Karimnagar,Chigurmamidi,Castor,5.6,0
2016-2017,Kharif,Karimnagar,Gangadhara,Castor,3.4,0
2016-2017,Kharif,Karimnagar,Ramadugu,Castor,0,0
2016-2017,Kharif,Karimnagar,Choppadandi,Castor,0,0
2016-2017,Kharif,Karimnagar,Huzurabad,Castor,0,0
2016-2017,Kharif,Karimnagar,Venavanka,Castor,0,0
2016-2017,Kharif,Karimnagar,Jammikunta,Castor,0,0
2016-2017,Kharif,Karimnagar,Ellandhakunta,Castor,0,0
2016-2017,Kharif,Karimnagar,Saidapur,Castor,2.4,0
2016-2017,Kharif,Karimnagar,Karimnagar Rural ,Soyabean,13.53,7
2016-2017,Kharif,Karimnagar,Kothapally,Soyabean,11.07,6
2016-2017,Kharif,Karimnagar,Manakondur,Soyabean,0,0
2016-2017,Kharif,Karimnagar,Thimmapur,Soyabean,0,0
2016-2017,Kharif,Karimnagar,Kesavapatnam,Soyabean,0,0
2016-2017,Kharif,Karimnagar,Ganneruvaram,Soyabean,0,0
2016-2017,Kharif,Karimnagar,Chigurmamidi,Soyabean,0,76
2016-2017,Kharif,Karimnagar,Gangadhara,Soyabean,7.4,0
2016-2017,Kharif,Karimnagar,Ramadugu,Soyabean,2.2,5
2016-2017,Kharif,Karimnagar,Choppadandi,Soyabean,10.6,6
2016-2017,Kharif,Karimnagar,Huzurabad,Soyabean,0,1
2016-2017,Kharif,Karimnagar,Venavanka,Soyabean,0,2
2016-2017,Kharif,Karimnagar,Jammikunta,Soyabean,0,0
2016-2017,Kharif,Karimnagar,Ellandhakunta,Soyabean,0,0
2016-2017,Kharif,Karimnagar,Saidapur,Soyabean,0,5
2016-2017,Kharif,Karimnagar,Karimnagar Rural ,Total,5531.35,3306
2016-2017,Kharif,Karimnagar,Kothapally,Total,4525.65,2418
2016-2017,Kharif,Karimnagar,Manakondur,Total,10571.2,6648
2016-2017,Kharif,Karimnagar,Thimmapur,Total,8054.2,7050
2016-2017,Kharif,Karimnagar,Kesavapatnam,Total,8942.4,9209
2016-2017,Kharif,Karimnagar,Ganneruvaram,Total,6017.28,4464
2016-2017,Kharif,Karimnagar,Chigurmamidi,Total,9357.8,6272
2016-2017,Kharif,Karimnagar,Gangadhara,Total,8859.6,7237
2016-2017,Kharif,Karimnagar,Ramadugu,Total,9735,7472
2016-2017,Kharif,Karimnagar,Choppadandi,Total,9719,7737
2016-2017,Kharif,Karimnagar,Huzurabad,Total,9203.4,7777
2016-2017,Kharif,Karimnagar,Venavanka,Total,7841.2,6182
2016-2017,Kharif,Karimnagar,Jammikunta,Total,7988.64,7014
2016-2017,Kharif,Karimnagar,Ellandhakunta,Total,5325.76,5807
2016-2017,Kharif,Karimnagar,Saidapur,Total,10813.6,10552
