year,season,districtName,mandalName,crop,normalAreaSown,actualAreaSown
2017-2018,Rabi,Khammam,Khammam (u),Paddy,157,294
2017-2018,Rabi,Khammam,Raghunadhapalem,Paddy,178,319
2017-2018,Rabi,Khammam,Kamepalli,Paddy,154,351
2017-2018,Rabi,Khammam,Kusumanchi,Paddy,2812,4153
2017-2018,Rabi,Khammam,Nelakondapalli,Paddy,3377,9118
2017-2018,Rabi,Khammam,Tirumalaipalem,Paddy,480,1954
2017-2018,Rabi,Khammam,Khammam (r),Paddy,564,801.7
2017-2018,Rabi,Khammam,Mudigonda,Paddy,1456,2789
2017-2018,Rabi,Khammam,Madhira,Paddy,267,408
2017-2018,Rabi,Khammam,Bonakal,Paddy,422,378
2017-2018,Rabi,Khammam,Chinthakani,Paddy,265,785
2017-2018,Rabi,Khammam,Yerrupalem,Paddy,446,480
2017-2018,Rabi,Khammam,Konijerla,Paddy,662,1272
2017-2018,Rabi,Khammam,Wyra,Paddy,2030,5928
2017-2018,Rabi,Khammam,Singareni,Paddy,49,100
2017-2018,Rabi,Khammam,Enkoor,Paddy,653,731
2017-2018,Rabi,Khammam,Sathupalli,Paddy,1709,2232
2017-2018,Rabi,Khammam,Vemsoor,Paddy,764,1362
2017-2018,Rabi,Khammam,Penuballi,Paddy,1867,3159
2017-2018,Rabi,Khammam,Kalluru,Paddy,3952,9632
2017-2018,Rabi,Khammam,Thallada,Paddy,1252,4883
2017-2018,Rabi,Khammam,Khammam (u),Jowar,1,0
2017-2018,Rabi,Khammam,Raghunadhapalem,Jowar,12,25
2017-2018,Rabi,Khammam,Kamepalli,Jowar,19,31
2017-2018,Rabi,Khammam,Kusumanchi,Jowar,100,26
2017-2018,Rabi,Khammam,Nelakondapalli,Jowar,1,0
2017-2018,Rabi,Khammam,Tirumalaipalem,Jowar,42,27
2017-2018,Rabi,Khammam,Khammam (r),Jowar,8,3
2017-2018,Rabi,Khammam,Mudigonda,Jowar,0,0
2017-2018,Rabi,Khammam,Madhira,Jowar,2,0
2017-2018,Rabi,Khammam,Bonakal,Jowar,0,0
2017-2018,Rabi,Khammam,Chinthakani,Jowar,0,0
2017-2018,Rabi,Khammam,Yerrupalem,Jowar,2,0
2017-2018,Rabi,Khammam,Konijerla,Jowar,0,0
2017-2018,Rabi,Khammam,Wyra,Jowar,0,0
2017-2018,Rabi,Khammam,Singareni,Jowar,10,0
2017-2018,Rabi,Khammam,Enkoor,Jowar,3,17
2017-2018,Rabi,Khammam,Sathupalli,Jowar,4,0
2017-2018,Rabi,Khammam,Vemsoor,Jowar,19,79
2017-2018,Rabi,Khammam,Penuballi,Jowar,1,0
2017-2018,Rabi,Khammam,Kalluru,Jowar,0,0
2017-2018,Rabi,Khammam,Thallada,Jowar,0,0
2017-2018,Rabi,Khammam,Khammam (u),Bajra,0,0
2017-2018,Rabi,Khammam,Raghunadhapalem,Bajra,0,0
2017-2018,Rabi,Khammam,Kamepalli,Bajra,0,0
2017-2018,Rabi,Khammam,Kusumanchi,Bajra,0,0
2017-2018,Rabi,Khammam,Nelakondapalli,Bajra,0,0
2017-2018,Rabi,Khammam,Tirumalaipalem,Bajra,1,0
2017-2018,Rabi,Khammam,Khammam (r),Bajra,0,0
2017-2018,Rabi,Khammam,Mudigonda,Bajra,0,0
2017-2018,Rabi,Khammam,Madhira,Bajra,0,0
2017-2018,Rabi,Khammam,Bonakal,Bajra,0,0
2017-2018,Rabi,Khammam,Chinthakani,Bajra,0,0
2017-2018,Rabi,Khammam,Yerrupalem,Bajra,0,0
2017-2018,Rabi,Khammam,Konijerla,Bajra,0,0
2017-2018,Rabi,Khammam,Wyra,Bajra,0,0
2017-2018,Rabi,Khammam,Singareni,Bajra,0,0
2017-2018,Rabi,Khammam,Enkoor,Bajra,0,0
2017-2018,Rabi,Khammam,Sathupalli,Bajra,0,0
2017-2018,Rabi,Khammam,Vemsoor,Bajra,0,0
2017-2018,Rabi,Khammam,Penuballi,Bajra,0,0
2017-2018,Rabi,Khammam,Kalluru,Bajra,0,0
2017-2018,Rabi,Khammam,Thallada,Bajra,0,0
2017-2018,Rabi,Khammam,Khammam (u),Maize,233,354
2017-2018,Rabi,Khammam,Raghunadhapalem,Maize,196,698
2017-2018,Rabi,Khammam,Kamepalli,Maize,59,36
2017-2018,Rabi,Khammam,Kusumanchi,Maize,77,423
2017-2018,Rabi,Khammam,Nelakondapalli,Maize,299,1099
2017-2018,Rabi,Khammam,Tirumalaipalem,Maize,91,273
2017-2018,Rabi,Khammam,Khammam (r),Maize,280,690
2017-2018,Rabi,Khammam,Mudigonda,Maize,1422,3137
2017-2018,Rabi,Khammam,Madhira,Maize,149,385
2017-2018,Rabi,Khammam,Bonakal,Maize,946,2747
2017-2018,Rabi,Khammam,Chinthakani,Maize,1631,7309
2017-2018,Rabi,Khammam,Yerrupalem,Maize,205,403
2017-2018,Rabi,Khammam,Konijerla,Maize,928,1724
2017-2018,Rabi,Khammam,Wyra,Maize,287,891
2017-2018,Rabi,Khammam,Singareni,Maize,71,154
2017-2018,Rabi,Khammam,Enkoor,Maize,244,286
2017-2018,Rabi,Khammam,Sathupalli,Maize,1418,1494
2017-2018,Rabi,Khammam,Vemsoor,Maize,396,729
2017-2018,Rabi,Khammam,Penuballi,Maize,59,74
2017-2018,Rabi,Khammam,Kalluru,Maize,60,115
2017-2018,Rabi,Khammam,Thallada,Maize,83,854
2017-2018,Rabi,Khammam,Khammam (u),Horse Gram,0,0
2017-2018,Rabi,Khammam,Raghunadhapalem,Horse Gram,1,0
2017-2018,Rabi,Khammam,Kamepalli,Horse Gram,0,0
2017-2018,Rabi,Khammam,Kusumanchi,Horse Gram,0,0
2017-2018,Rabi,Khammam,Nelakondapalli,Horse Gram,0,0
2017-2018,Rabi,Khammam,Tirumalaipalem,Horse Gram,0,0
2017-2018,Rabi,Khammam,Khammam (r),Horse Gram,0,1
2017-2018,Rabi,Khammam,Mudigonda,Horse Gram,0,0
2017-2018,Rabi,Khammam,Madhira,Horse Gram,0,0
2017-2018,Rabi,Khammam,Bonakal,Horse Gram,0,0
2017-2018,Rabi,Khammam,Chinthakani,Horse Gram,0,0
2017-2018,Rabi,Khammam,Yerrupalem,Horse Gram,0,0
2017-2018,Rabi,Khammam,Konijerla,Horse Gram,0,0
2017-2018,Rabi,Khammam,Wyra,Horse Gram,0,0
2017-2018,Rabi,Khammam,Singareni,Horse Gram,0,0
2017-2018,Rabi,Khammam,Enkoor,Horse Gram,0,0
2017-2018,Rabi,Khammam,Sathupalli,Horse Gram,0,0
2017-2018,Rabi,Khammam,Vemsoor,Horse Gram,0,0
2017-2018,Rabi,Khammam,Penuballi,Horse Gram,0,0
2017-2018,Rabi,Khammam,Kalluru,Horse Gram,0,0
2017-2018,Rabi,Khammam,Thallada,Horse Gram,0,0
2017-2018,Rabi,Khammam,Khammam (u),Green Gram,14,0
2017-2018,Rabi,Khammam,Raghunadhapalem,Green Gram,33,29
2017-2018,Rabi,Khammam,Kamepalli,Green Gram,139,53
2017-2018,Rabi,Khammam,Kusumanchi,Green Gram,25,34
2017-2018,Rabi,Khammam,Nelakondapalli,Green Gram,40,1
2017-2018,Rabi,Khammam,Tirumalaipalem,Green Gram,40,10
2017-2018,Rabi,Khammam,Khammam (r),Green Gram,49,57
2017-2018,Rabi,Khammam,Mudigonda,Green Gram,109,79
2017-2018,Rabi,Khammam,Madhira,Green Gram,3,0
2017-2018,Rabi,Khammam,Bonakal,Green Gram,42,24.3
2017-2018,Rabi,Khammam,Chinthakani,Green Gram,199,343
2017-2018,Rabi,Khammam,Yerrupalem,Green Gram,14,0
2017-2018,Rabi,Khammam,Konijerla,Green Gram,309,61
2017-2018,Rabi,Khammam,Wyra,Green Gram,51,18
2017-2018,Rabi,Khammam,Singareni,Green Gram,196,52
2017-2018,Rabi,Khammam,Enkoor,Green Gram,58,7
2017-2018,Rabi,Khammam,Sathupalli,Green Gram,1,8
2017-2018,Rabi,Khammam,Vemsoor,Green Gram,5,1
2017-2018,Rabi,Khammam,Penuballi,Green Gram,4,0
2017-2018,Rabi,Khammam,Kalluru,Green Gram,44,11
2017-2018,Rabi,Khammam,Thallada,Green Gram,25,0
2017-2018,Rabi,Khammam,Khammam (u),Black Gram,11,0
2017-2018,Rabi,Khammam,Raghunadhapalem,Black Gram,17,26
2017-2018,Rabi,Khammam,Kamepalli,Black Gram,15,11
2017-2018,Rabi,Khammam,Kusumanchi,Black Gram,11,0
2017-2018,Rabi,Khammam,Nelakondapalli,Black Gram,37,2
2017-2018,Rabi,Khammam,Tirumalaipalem,Black Gram,36,18
2017-2018,Rabi,Khammam,Khammam (r),Black Gram,18,24
2017-2018,Rabi,Khammam,Mudigonda,Black Gram,21,0
2017-2018,Rabi,Khammam,Madhira,Black Gram,7,4
2017-2018,Rabi,Khammam,Bonakal,Black Gram,21,0
2017-2018,Rabi,Khammam,Chinthakani,Black Gram,74,85
2017-2018,Rabi,Khammam,Yerrupalem,Black Gram,17,3
2017-2018,Rabi,Khammam,Konijerla,Black Gram,43,26
2017-2018,Rabi,Khammam,Wyra,Black Gram,35,0
2017-2018,Rabi,Khammam,Singareni,Black Gram,54,34
2017-2018,Rabi,Khammam,Enkoor,Black Gram,27,0
2017-2018,Rabi,Khammam,Sathupalli,Black Gram,11,13
2017-2018,Rabi,Khammam,Vemsoor,Black Gram,2,2
2017-2018,Rabi,Khammam,Penuballi,Black Gram,6,5
2017-2018,Rabi,Khammam,Kalluru,Black Gram,66,14
2017-2018,Rabi,Khammam,Thallada,Black Gram,14,2
2017-2018,Rabi,Khammam,Khammam (u),Red Gram,1,0
2017-2018,Rabi,Khammam,Raghunadhapalem,Red Gram,1,9
2017-2018,Rabi,Khammam,Kamepalli,Red Gram,0,0
2017-2018,Rabi,Khammam,Kusumanchi,Red Gram,0,0
2017-2018,Rabi,Khammam,Nelakondapalli,Red Gram,0,0
2017-2018,Rabi,Khammam,Tirumalaipalem,Red Gram,0,0
2017-2018,Rabi,Khammam,Khammam (r),Red Gram,0,0
2017-2018,Rabi,Khammam,Mudigonda,Red Gram,0,0
2017-2018,Rabi,Khammam,Madhira,Red Gram,0,0
2017-2018,Rabi,Khammam,Bonakal,Red Gram,1,4.05
2017-2018,Rabi,Khammam,Chinthakani,Red Gram,25,0
2017-2018,Rabi,Khammam,Yerrupalem,Red Gram,0,0
2017-2018,Rabi,Khammam,Konijerla,Red Gram,1,0
2017-2018,Rabi,Khammam,Wyra,Red Gram,0,0
2017-2018,Rabi,Khammam,Singareni,Red Gram,0,0
2017-2018,Rabi,Khammam,Enkoor,Red Gram,0,0
2017-2018,Rabi,Khammam,Sathupalli,Red Gram,0,0
2017-2018,Rabi,Khammam,Vemsoor,Red Gram,0,0
2017-2018,Rabi,Khammam,Penuballi,Red Gram,0,0
2017-2018,Rabi,Khammam,Kalluru,Red Gram,0,0
2017-2018,Rabi,Khammam,Thallada,Red Gram,0,0
2017-2018,Rabi,Khammam,Khammam (u),Bengal Gram,0,0
2017-2018,Rabi,Khammam,Raghunadhapalem,Bengal Gram,0,0
2017-2018,Rabi,Khammam,Kamepalli,Bengal Gram,0,0
2017-2018,Rabi,Khammam,Kusumanchi,Bengal Gram,0,0
2017-2018,Rabi,Khammam,Nelakondapalli,Bengal Gram,1,0
2017-2018,Rabi,Khammam,Tirumalaipalem,Bengal Gram,1,0
2017-2018,Rabi,Khammam,Khammam (r),Bengal Gram,0,0
2017-2018,Rabi,Khammam,Mudigonda,Bengal Gram,0,0
2017-2018,Rabi,Khammam,Madhira,Bengal Gram,1,7
2017-2018,Rabi,Khammam,Bonakal,Bengal Gram,1,0
2017-2018,Rabi,Khammam,Chinthakani,Bengal Gram,0,0
2017-2018,Rabi,Khammam,Yerrupalem,Bengal Gram,9,10
2017-2018,Rabi,Khammam,Konijerla,Bengal Gram,0,0
2017-2018,Rabi,Khammam,Wyra,Bengal Gram,0,0
2017-2018,Rabi,Khammam,Singareni,Bengal Gram,0,0
2017-2018,Rabi,Khammam,Enkoor,Bengal Gram,5,0
2017-2018,Rabi,Khammam,Sathupalli,Bengal Gram,0,0
2017-2018,Rabi,Khammam,Vemsoor,Bengal Gram,0,0
2017-2018,Rabi,Khammam,Penuballi,Bengal Gram,0,0
2017-2018,Rabi,Khammam,Kalluru,Bengal Gram,0,0
2017-2018,Rabi,Khammam,Thallada,Bengal Gram,0,0
2017-2018,Rabi,Khammam,Khammam (u),Cow Gram,21,0
2017-2018,Rabi,Khammam,Raghunadhapalem,Cow Gram,24,10
2017-2018,Rabi,Khammam,Kamepalli,Cow Gram,11,3
2017-2018,Rabi,Khammam,Kusumanchi,Cow Gram,53,0
2017-2018,Rabi,Khammam,Nelakondapalli,Cow Gram,22,4
2017-2018,Rabi,Khammam,Tirumalaipalem,Cow Gram,17,78
2017-2018,Rabi,Khammam,Khammam (r),Cow Gram,48,21
2017-2018,Rabi,Khammam,Mudigonda,Cow Gram,80,85
2017-2018,Rabi,Khammam,Madhira,Cow Gram,0,0
2017-2018,Rabi,Khammam,Bonakal,Cow Gram,10,0
2017-2018,Rabi,Khammam,Chinthakani,Cow Gram,31,55
2017-2018,Rabi,Khammam,Yerrupalem,Cow Gram,0,0
2017-2018,Rabi,Khammam,Konijerla,Cow Gram,11,2
2017-2018,Rabi,Khammam,Wyra,Cow Gram,14,0
2017-2018,Rabi,Khammam,Singareni,Cow Gram,1,0
2017-2018,Rabi,Khammam,Enkoor,Cow Gram,0,0
2017-2018,Rabi,Khammam,Sathupalli,Cow Gram,18,0
2017-2018,Rabi,Khammam,Vemsoor,Cow Gram,0,0
2017-2018,Rabi,Khammam,Penuballi,Cow Gram,0,0
2017-2018,Rabi,Khammam,Kalluru,Cow Gram,3,0
2017-2018,Rabi,Khammam,Thallada,Cow Gram,2,4
2017-2018,Rabi,Khammam,Khammam (u),Chillies,0,0
2017-2018,Rabi,Khammam,Raghunadhapalem,Chillies,0,0
2017-2018,Rabi,Khammam,Kamepalli,Chillies,0,0
2017-2018,Rabi,Khammam,Kusumanchi,Chillies,0,0
2017-2018,Rabi,Khammam,Nelakondapalli,Chillies,54,7
2017-2018,Rabi,Khammam,Tirumalaipalem,Chillies,0,0
2017-2018,Rabi,Khammam,Khammam (r),Chillies,17,1
2017-2018,Rabi,Khammam,Mudigonda,Chillies,13,0
2017-2018,Rabi,Khammam,Madhira,Chillies,8,0
2017-2018,Rabi,Khammam,Bonakal,Chillies,0,0
2017-2018,Rabi,Khammam,Chinthakani,Chillies,0,0
2017-2018,Rabi,Khammam,Yerrupalem,Chillies,0,0
2017-2018,Rabi,Khammam,Konijerla,Chillies,0,0
2017-2018,Rabi,Khammam,Wyra,Chillies,0,0
2017-2018,Rabi,Khammam,Singareni,Chillies,0,0
2017-2018,Rabi,Khammam,Enkoor,Chillies,0,0
2017-2018,Rabi,Khammam,Sathupalli,Chillies,14,4
2017-2018,Rabi,Khammam,Vemsoor,Chillies,190,184
2017-2018,Rabi,Khammam,Penuballi,Chillies,427,308
2017-2018,Rabi,Khammam,Kalluru,Chillies,55,2
2017-2018,Rabi,Khammam,Thallada,Chillies,0,0
2017-2018,Rabi,Khammam,Khammam (u),Sugarcane,0,0
2017-2018,Rabi,Khammam,Raghunadhapalem,Sugarcane,1,0
2017-2018,Rabi,Khammam,Kamepalli,Sugarcane,0,0
2017-2018,Rabi,Khammam,Kusumanchi,Sugarcane,507,484
2017-2018,Rabi,Khammam,Nelakondapalli,Sugarcane,1048,1305
2017-2018,Rabi,Khammam,Tirumalaipalem,Sugarcane,3,2
2017-2018,Rabi,Khammam,Khammam (r),Sugarcane,14,11
2017-2018,Rabi,Khammam,Mudigonda,Sugarcane,201,106
2017-2018,Rabi,Khammam,Madhira,Sugarcane,41,14
2017-2018,Rabi,Khammam,Bonakal,Sugarcane,11,3.6
2017-2018,Rabi,Khammam,Chinthakani,Sugarcane,4,0
2017-2018,Rabi,Khammam,Yerrupalem,Sugarcane,25,29
2017-2018,Rabi,Khammam,Konijerla,Sugarcane,27,2
2017-2018,Rabi,Khammam,Wyra,Sugarcane,456,157
2017-2018,Rabi,Khammam,Singareni,Sugarcane,0,0
2017-2018,Rabi,Khammam,Enkoor,Sugarcane,74,26
2017-2018,Rabi,Khammam,Sathupalli,Sugarcane,648,538
2017-2018,Rabi,Khammam,Vemsoor,Sugarcane,141,173
2017-2018,Rabi,Khammam,Penuballi,Sugarcane,229,152
2017-2018,Rabi,Khammam,Kalluru,Sugarcane,141,73
2017-2018,Rabi,Khammam,Thallada,Sugarcane,58,150
2017-2018,Rabi,Khammam,Khammam (u),Onion,0,0
2017-2018,Rabi,Khammam,Raghunadhapalem,Onion,1,0
2017-2018,Rabi,Khammam,Kamepalli,Onion,0,0
2017-2018,Rabi,Khammam,Kusumanchi,Onion,0,0
2017-2018,Rabi,Khammam,Nelakondapalli,Onion,0,0
2017-2018,Rabi,Khammam,Tirumalaipalem,Onion,0,0
2017-2018,Rabi,Khammam,Khammam (r),Onion,0,0
2017-2018,Rabi,Khammam,Mudigonda,Onion,0,0
2017-2018,Rabi,Khammam,Madhira,Onion,0,0
2017-2018,Rabi,Khammam,Bonakal,Onion,1,0
2017-2018,Rabi,Khammam,Chinthakani,Onion,0,0
2017-2018,Rabi,Khammam,Yerrupalem,Onion,0,0
2017-2018,Rabi,Khammam,Konijerla,Onion,0,0
2017-2018,Rabi,Khammam,Wyra,Onion,0,0
2017-2018,Rabi,Khammam,Singareni,Onion,0,0
2017-2018,Rabi,Khammam,Enkoor,Onion,0,0
2017-2018,Rabi,Khammam,Sathupalli,Onion,0,0
2017-2018,Rabi,Khammam,Vemsoor,Onion,0,0
2017-2018,Rabi,Khammam,Penuballi,Onion,0,0
2017-2018,Rabi,Khammam,Kalluru,Onion,0,0
2017-2018,Rabi,Khammam,Thallada,Onion,0,0
2017-2018,Rabi,Khammam,Khammam (u),Groundnut,5,0
2017-2018,Rabi,Khammam,Raghunadhapalem,Groundnut,67,32
2017-2018,Rabi,Khammam,Kamepalli,Groundnut,15,12
2017-2018,Rabi,Khammam,Kusumanchi,Groundnut,399,285
2017-2018,Rabi,Khammam,Nelakondapalli,Groundnut,28,65
2017-2018,Rabi,Khammam,Tirumalaipalem,Groundnut,1230,929
2017-2018,Rabi,Khammam,Khammam (r),Groundnut,15,5
2017-2018,Rabi,Khammam,Mudigonda,Groundnut,35,23
2017-2018,Rabi,Khammam,Madhira,Groundnut,7,4
2017-2018,Rabi,Khammam,Bonakal,Groundnut,21,5
2017-2018,Rabi,Khammam,Chinthakani,Groundnut,190,279
2017-2018,Rabi,Khammam,Yerrupalem,Groundnut,7,11
2017-2018,Rabi,Khammam,Konijerla,Groundnut,12,5
2017-2018,Rabi,Khammam,Wyra,Groundnut,5,3
2017-2018,Rabi,Khammam,Singareni,Groundnut,18,1
2017-2018,Rabi,Khammam,Enkoor,Groundnut,25,18
2017-2018,Rabi,Khammam,Sathupalli,Groundnut,69,21
2017-2018,Rabi,Khammam,Vemsoor,Groundnut,2,8
2017-2018,Rabi,Khammam,Penuballi,Groundnut,6,6
2017-2018,Rabi,Khammam,Kalluru,Groundnut,24,15
2017-2018,Rabi,Khammam,Thallada,Groundnut,7,1
2017-2018,Rabi,Khammam,Khammam (u),Sesamum,0,0
2017-2018,Rabi,Khammam,Raghunadhapalem,Sesamum,0,0
2017-2018,Rabi,Khammam,Kamepalli,Sesamum,0,0
2017-2018,Rabi,Khammam,Kusumanchi,Sesamum,0,0
2017-2018,Rabi,Khammam,Nelakondapalli,Sesamum,0,0
2017-2018,Rabi,Khammam,Tirumalaipalem,Sesamum,0,0
2017-2018,Rabi,Khammam,Khammam (r),Sesamum,0,0
2017-2018,Rabi,Khammam,Mudigonda,Sesamum,0,0
2017-2018,Rabi,Khammam,Madhira,Sesamum,4,2
2017-2018,Rabi,Khammam,Bonakal,Sesamum,0,0
2017-2018,Rabi,Khammam,Chinthakani,Sesamum,0,0
2017-2018,Rabi,Khammam,Yerrupalem,Sesamum,7,2
2017-2018,Rabi,Khammam,Konijerla,Sesamum,0,0
2017-2018,Rabi,Khammam,Wyra,Sesamum,3,0
2017-2018,Rabi,Khammam,Singareni,Sesamum,0,0
2017-2018,Rabi,Khammam,Enkoor,Sesamum,0,0
2017-2018,Rabi,Khammam,Sathupalli,Sesamum,42,18
2017-2018,Rabi,Khammam,Vemsoor,Sesamum,326,121
2017-2018,Rabi,Khammam,Penuballi,Sesamum,76,2
2017-2018,Rabi,Khammam,Kalluru,Sesamum,3,4
2017-2018,Rabi,Khammam,Thallada,Sesamum,2,1
2017-2018,Rabi,Khammam,Khammam (u),Sunflower,0,0
2017-2018,Rabi,Khammam,Raghunadhapalem,Sunflower,0,0
2017-2018,Rabi,Khammam,Kamepalli,Sunflower,0,0
2017-2018,Rabi,Khammam,Kusumanchi,Sunflower,0,0
2017-2018,Rabi,Khammam,Nelakondapalli,Sunflower,0,0
2017-2018,Rabi,Khammam,Tirumalaipalem,Sunflower,0,0
2017-2018,Rabi,Khammam,Khammam (r),Sunflower,0,0
2017-2018,Rabi,Khammam,Mudigonda,Sunflower,0,0
2017-2018,Rabi,Khammam,Madhira,Sunflower,0,0
2017-2018,Rabi,Khammam,Bonakal,Sunflower,1,0
2017-2018,Rabi,Khammam,Chinthakani,Sunflower,5,0
2017-2018,Rabi,Khammam,Yerrupalem,Sunflower,0,0
2017-2018,Rabi,Khammam,Konijerla,Sunflower,0,0
2017-2018,Rabi,Khammam,Wyra,Sunflower,0,0
2017-2018,Rabi,Khammam,Singareni,Sunflower,0,0
2017-2018,Rabi,Khammam,Enkoor,Sunflower,0,0
2017-2018,Rabi,Khammam,Sathupalli,Sunflower,2,0
2017-2018,Rabi,Khammam,Vemsoor,Sunflower,85,5
2017-2018,Rabi,Khammam,Penuballi,Sunflower,0,0
2017-2018,Rabi,Khammam,Kalluru,Sunflower,0,0
2017-2018,Rabi,Khammam,Thallada,Sunflower,0,13
2017-2018,Rabi,Khammam,Khammam (u),Other oil seeds,0,0
2017-2018,Rabi,Khammam,Raghunadhapalem,Other oil seeds,0,0
2017-2018,Rabi,Khammam,Kamepalli,Other oil seeds,0,0
2017-2018,Rabi,Khammam,Kusumanchi,Other oil seeds,0,0
2017-2018,Rabi,Khammam,Nelakondapalli,Other oil seeds,0,0
2017-2018,Rabi,Khammam,Tirumalaipalem,Other oil seeds,0,0
2017-2018,Rabi,Khammam,Khammam (r),Other oil seeds,0,0
2017-2018,Rabi,Khammam,Mudigonda,Other oil seeds,0,0
2017-2018,Rabi,Khammam,Madhira,Other oil seeds,0,0
2017-2018,Rabi,Khammam,Bonakal,Other oil seeds,0,0
2017-2018,Rabi,Khammam,Chinthakani,Other oil seeds,0,0
2017-2018,Rabi,Khammam,Yerrupalem,Other oil seeds,1,0
2017-2018,Rabi,Khammam,Konijerla,Other oil seeds,0,0
2017-2018,Rabi,Khammam,Wyra,Other oil seeds,0,0
2017-2018,Rabi,Khammam,Singareni,Other oil seeds,0,0
2017-2018,Rabi,Khammam,Enkoor,Other oil seeds,0,0
2017-2018,Rabi,Khammam,Sathupalli,Other oil seeds,2,0
2017-2018,Rabi,Khammam,Vemsoor,Other oil seeds,0,0
2017-2018,Rabi,Khammam,Penuballi,Other oil seeds,0,0
2017-2018,Rabi,Khammam,Kalluru,Other oil seeds,0,0
2017-2018,Rabi,Khammam,Thallada,Other oil seeds,0,0
2017-2018,Rabi,Khammam,Khammam (u),Tobacco,0,0
2017-2018,Rabi,Khammam,Raghunadhapalem,Tobacco,0,0
2017-2018,Rabi,Khammam,Kamepalli,Tobacco,0,0
2017-2018,Rabi,Khammam,Kusumanchi,Tobacco,0,0
2017-2018,Rabi,Khammam,Nelakondapalli,Tobacco,0,0
2017-2018,Rabi,Khammam,Tirumalaipalem,Tobacco,0,0
2017-2018,Rabi,Khammam,Khammam (r),Tobacco,0,0
2017-2018,Rabi,Khammam,Mudigonda,Tobacco,0,0
2017-2018,Rabi,Khammam,Madhira,Tobacco,0,0
2017-2018,Rabi,Khammam,Bonakal,Tobacco,9,4
2017-2018,Rabi,Khammam,Chinthakani,Tobacco,0,0
2017-2018,Rabi,Khammam,Yerrupalem,Tobacco,0,0
2017-2018,Rabi,Khammam,Konijerla,Tobacco,0,0
2017-2018,Rabi,Khammam,Wyra,Tobacco,0,0
2017-2018,Rabi,Khammam,Singareni,Tobacco,0,0
2017-2018,Rabi,Khammam,Enkoor,Tobacco,0,0
2017-2018,Rabi,Khammam,Sathupalli,Tobacco,0,0
2017-2018,Rabi,Khammam,Vemsoor,Tobacco,0,0
2017-2018,Rabi,Khammam,Penuballi,Tobacco,0,0
2017-2018,Rabi,Khammam,Kalluru,Tobacco,0,0
2017-2018,Rabi,Khammam,Thallada,Tobacco,0,0
2017-2018,Rabi,Khammam,Khammam (u),Others crops,25,26
2017-2018,Rabi,Khammam,Raghunadhapalem,Others crops,90,60
2017-2018,Rabi,Khammam,Kamepalli,Others crops,38,22
2017-2018,Rabi,Khammam,Kusumanchi,Others crops,325,270
2017-2018,Rabi,Khammam,Nelakondapalli,Others crops,11,10
2017-2018,Rabi,Khammam,Tirumalaipalem,Others crops,35,64
2017-2018,Rabi,Khammam,Khammam (r),Others crops,102,120
2017-2018,Rabi,Khammam,Mudigonda,Others crops,13,15
2017-2018,Rabi,Khammam,Madhira,Others crops,206,150
2017-2018,Rabi,Khammam,Bonakal,Others crops,38,6
2017-2018,Rabi,Khammam,Chinthakani,Others crops,63,121
2017-2018,Rabi,Khammam,Yerrupalem,Others crops,321,161
2017-2018,Rabi,Khammam,Konijerla,Others crops,15,11
2017-2018,Rabi,Khammam,Wyra,Others crops,150,3
2017-2018,Rabi,Khammam,Singareni,Others crops,28,31
2017-2018,Rabi,Khammam,Enkoor,Others crops,42,44
2017-2018,Rabi,Khammam,Sathupalli,Others crops,56,65
2017-2018,Rabi,Khammam,Vemsoor,Others crops,10,8
2017-2018,Rabi,Khammam,Penuballi,Others crops,5,13
2017-2018,Rabi,Khammam,Kalluru,Others crops,2,7
2017-2018,Rabi,Khammam,Thallada,Others crops,23,38
2017-2018,Rabi,Khammam,Khammam (u),Total,468,674
2017-2018,Rabi,Khammam,Raghunadhapalem,Total,621,1208
2017-2018,Rabi,Khammam,Kamepalli,Total,450,519
2017-2018,Rabi,Khammam,Kusumanchi,Total,4309,5675
2017-2018,Rabi,Khammam,Nelakondapalli,Total,4918,11611
2017-2018,Rabi,Khammam,Tirumalaipalem,Total,1976,3355
2017-2018,Rabi,Khammam,Khammam (r),Total,1115,1734.7
2017-2018,Rabi,Khammam,Mudigonda,Total,3350,6234
2017-2018,Rabi,Khammam,Madhira,Total,695,974
2017-2018,Rabi,Khammam,Bonakal,Total,1524,3171.95
2017-2018,Rabi,Khammam,Chinthakani,Total,2487,8977
2017-2018,Rabi,Khammam,Yerrupalem,Total,1054,1099
2017-2018,Rabi,Khammam,Konijerla,Total,2008,3103
2017-2018,Rabi,Khammam,Wyra,Total,3031,7000
2017-2018,Rabi,Khammam,Singareni,Total,427,372
2017-2018,Rabi,Khammam,Enkoor,Total,1131,1129
2017-2018,Rabi,Khammam,Sathupalli,Total,3994,4393
2017-2018,Rabi,Khammam,Vemsoor,Total,1940,2672
2017-2018,Rabi,Khammam,Penuballi,Total,2680,3719
2017-2018,Rabi,Khammam,Kalluru,Total,4350,9873
2017-2018,Rabi,Khammam,Thallada,Total,1466,5946
