year,season,districtName,mandalName,crop,normalAreaSown,actualAreaSown
2016-2017,Rabi,Khammam,Raghunadhapalem,Paddy,283,85
2016-2017,Rabi,Khammam,Kamepalli,Paddy,141,367
2016-2017,Rabi,Khammam,Khammam (U),Paddy,0,255
2016-2017,Rabi,Khammam,Kusumanchi,Paddy,2876,2768
2016-2017,Rabi,Khammam,Nelakondapalli,Paddy,3031,3264
2016-2017,Rabi,Khammam,Tirumalaipalem,Paddy,387,915
2016-2017,Rabi,Khammam,Khammam (R),Paddy,542,663
2016-2017,Rabi,Khammam,Madhira,Paddy,219,263
2016-2017,Rabi,Khammam,Bonakal,Paddy,418,146
2016-2017,Rabi,Khammam,Chinthakani,Paddy,214,383
2016-2017,Rabi,Khammam,Mudigonda,Paddy,1390,778
2016-2017,Rabi,Khammam,Yerrupalem,Paddy,403,458
2016-2017,Rabi,Khammam,Konijerla,Paddy,555,593
2016-2017,Rabi,Khammam,Wyra,Paddy,1041,5153
2016-2017,Rabi,Khammam,Singareni,Paddy,24,123
2016-2017,Rabi,Khammam,Enkoor,Paddy,597,334
2016-2017,Rabi,Khammam,Sathupalli,Paddy,1593,2055
2016-2017,Rabi,Khammam,Vemsoor,Paddy,719,1088
2016-2017,Rabi,Khammam,Penuballi,Paddy,1492,2506
2016-2017,Rabi,Khammam,Kalluru,Paddy,2715,6927
2016-2017,Rabi,Khammam,Thallada,Paddy,957,1611
2016-2017,Rabi,Khammam,Raghunadhapalem,Jowar,13,6
2016-2017,Rabi,Khammam,Kamepalli,Jowar,17,39
2016-2017,Rabi,Khammam,Khammam (U),Jowar,0,0
2016-2017,Rabi,Khammam,Kusumanchi,Jowar,97,45
2016-2017,Rabi,Khammam,Nelakondapalli,Jowar,1,0
2016-2017,Rabi,Khammam,Tirumalaipalem,Jowar,58,35
2016-2017,Rabi,Khammam,Khammam (R),Jowar,14,6
2016-2017,Rabi,Khammam,Madhira,Jowar,3,2
2016-2017,Rabi,Khammam,Bonakal,Jowar,0,0
2016-2017,Rabi,Khammam,Chinthakani,Jowar,0,0
2016-2017,Rabi,Khammam,Mudigonda,Jowar,0,
2016-2017,Rabi,Khammam,Yerrupalem,Jowar,2,0
2016-2017,Rabi,Khammam,Konijerla,Jowar,1,0
2016-2017,Rabi,Khammam,Wyra,Jowar,0,0
2016-2017,Rabi,Khammam,Singareni,Jowar,15,0
2016-2017,Rabi,Khammam,Enkoor,Jowar,7,0
2016-2017,Rabi,Khammam,Sathupalli,Jowar,4,0
2016-2017,Rabi,Khammam,Vemsoor,Jowar,1,87
2016-2017,Rabi,Khammam,Penuballi,Jowar,0,7
2016-2017,Rabi,Khammam,Kalluru,Jowar,0,0
2016-2017,Rabi,Khammam,Thallada,Jowar,0,0
2016-2017,Rabi,Khammam,Raghunadhapalem,Bajra,0,0
2016-2017,Rabi,Khammam,Kamepalli,Bajra,0,0
2016-2017,Rabi,Khammam,Khammam (U),Bajra,0,0
2016-2017,Rabi,Khammam,Kusumanchi,Bajra,0,0
2016-2017,Rabi,Khammam,Nelakondapalli,Bajra,0,0
2016-2017,Rabi,Khammam,Tirumalaipalem,Bajra,1,0
2016-2017,Rabi,Khammam,Khammam (R),Bajra,0,0
2016-2017,Rabi,Khammam,Madhira,Bajra,0,0
2016-2017,Rabi,Khammam,Bonakal,Bajra,0,0
2016-2017,Rabi,Khammam,Chinthakani,Bajra,0,0
2016-2017,Rabi,Khammam,Mudigonda,Bajra,0,0
2016-2017,Rabi,Khammam,Yerrupalem,Bajra,0,0
2016-2017,Rabi,Khammam,Konijerla,Bajra,0,0
2016-2017,Rabi,Khammam,Wyra,Bajra,0,0
2016-2017,Rabi,Khammam,Singareni,Bajra,0,0
2016-2017,Rabi,Khammam,Enkoor,Bajra,0,0
2016-2017,Rabi,Khammam,Sathupalli,Bajra,0,0
2016-2017,Rabi,Khammam,Vemsoor,Bajra,0,0
2016-2017,Rabi,Khammam,Penuballi,Bajra,0,0
2016-2017,Rabi,Khammam,Kalluru,Bajra,0,0
2016-2017,Rabi,Khammam,Thallada,Bajra,0,0
2016-2017,Rabi,Khammam,Raghunadhapalem,Maize,366,89
2016-2017,Rabi,Khammam,Kamepalli,Maize,77,61
2016-2017,Rabi,Khammam,Khammam (U),Maize,0,259
2016-2017,Rabi,Khammam,Kusumanchi,Maize,98,45
2016-2017,Rabi,Khammam,Nelakondapalli,Maize,293,385
2016-2017,Rabi,Khammam,Tirumalaipalem,Maize,141,97
2016-2017,Rabi,Khammam,Khammam (R),Maize,376,237
2016-2017,Rabi,Khammam,Madhira,Maize,210,135
2016-2017,Rabi,Khammam,Bonakal,Maize,1044,1248
2016-2017,Rabi,Khammam,Chinthakani,Maize,1617,1607
2016-2017,Rabi,Khammam,Mudigonda,Maize,1426,1260
2016-2017,Rabi,Khammam,Yerrupalem,Maize,211,185
2016-2017,Rabi,Khammam,Konijerla,Maize,1016,786
2016-2017,Rabi,Khammam,Wyra,Maize,298,280
2016-2017,Rabi,Khammam,Singareni,Maize,75,44
2016-2017,Rabi,Khammam,Enkoor,Maize,240,79.3
2016-2017,Rabi,Khammam,Sathupalli,Maize,1335,1560
2016-2017,Rabi,Khammam,Vemsoor,Maize,410,414
2016-2017,Rabi,Khammam,Penuballi,Maize,59,42
2016-2017,Rabi,Khammam,Kalluru,Maize,72,42
2016-2017,Rabi,Khammam,Thallada,Maize,74,136
2016-2017,Rabi,Khammam,Raghunadhapalem,Horse Gram,1,0
2016-2017,Rabi,Khammam,Kamepalli,Horse Gram,0,0
2016-2017,Rabi,Khammam,Khammam (U),Horse Gram,0,0
2016-2017,Rabi,Khammam,Kusumanchi,Horse Gram,0,0
2016-2017,Rabi,Khammam,Nelakondapalli,Horse Gram,0,0
2016-2017,Rabi,Khammam,Tirumalaipalem,Horse Gram,0,0
2016-2017,Rabi,Khammam,Khammam (R),Horse Gram,0,0
2016-2017,Rabi,Khammam,Madhira,Horse Gram,0,0
2016-2017,Rabi,Khammam,Bonakal,Horse Gram,0,0
2016-2017,Rabi,Khammam,Chinthakani,Horse Gram,0,0
2016-2017,Rabi,Khammam,Mudigonda,Horse Gram,0,0
2016-2017,Rabi,Khammam,Yerrupalem,Horse Gram,0,0
2016-2017,Rabi,Khammam,Konijerla,Horse Gram,0,0
2016-2017,Rabi,Khammam,Wyra,Horse Gram,0,0
2016-2017,Rabi,Khammam,Singareni,Horse Gram,0,0
2016-2017,Rabi,Khammam,Enkoor,Horse Gram,0,0
2016-2017,Rabi,Khammam,Sathupalli,Horse Gram,0,0
2016-2017,Rabi,Khammam,Vemsoor,Horse Gram,0,0
2016-2017,Rabi,Khammam,Penuballi,Horse Gram,0,0
2016-2017,Rabi,Khammam,Kalluru,Horse Gram,0,0
2016-2017,Rabi,Khammam,Thallada,Horse Gram,0,0
2016-2017,Rabi,Khammam,Raghunadhapalem,Green Gram,40,35
2016-2017,Rabi,Khammam,Kamepalli,Green Gram,184,163
2016-2017,Rabi,Khammam,Khammam (U),Green Gram,0,8
2016-2017,Rabi,Khammam,Kusumanchi,Green Gram,24,18
2016-2017,Rabi,Khammam,Nelakondapalli,Green Gram,55,35
2016-2017,Rabi,Khammam,Tirumalaipalem,Green Gram,28,78
2016-2017,Rabi,Khammam,Khammam (R),Green Gram,39,75
2016-2017,Rabi,Khammam,Madhira,Green Gram,4,4
2016-2017,Rabi,Khammam,Bonakal,Green Gram,37,70
2016-2017,Rabi,Khammam,Chinthakani,Green Gram,163,233
2016-2017,Rabi,Khammam,Mudigonda,Green Gram,149,168
2016-2017,Rabi,Khammam,Yerrupalem,Green Gram,12,10
2016-2017,Rabi,Khammam,Konijerla,Green Gram,420,261
2016-2017,Rabi,Khammam,Wyra,Green Gram,65,27
2016-2017,Rabi,Khammam,Singareni,Green Gram,191,101
2016-2017,Rabi,Khammam,Enkoor,Green Gram,61,0
2016-2017,Rabi,Khammam,Sathupalli,Green Gram,1,0
2016-2017,Rabi,Khammam,Vemsoor,Green Gram,5,0
2016-2017,Rabi,Khammam,Penuballi,Green Gram,10,0
2016-2017,Rabi,Khammam,Kalluru,Green Gram,94,16
2016-2017,Rabi,Khammam,Thallada,Green Gram,61,15
2016-2017,Rabi,Khammam,Raghunadhapalem,Black Gram,30,25
2016-2017,Rabi,Khammam,Kamepalli,Black Gram,25,10
2016-2017,Rabi,Khammam,Khammam (U),Black Gram,0,4
2016-2017,Rabi,Khammam,Kusumanchi,Black Gram,15,3
2016-2017,Rabi,Khammam,Nelakondapalli,Black Gram,100,28
2016-2017,Rabi,Khammam,Tirumalaipalem,Black Gram,26,96
2016-2017,Rabi,Khammam,Khammam (R),Black Gram,25,25
2016-2017,Rabi,Khammam,Madhira,Black Gram,7,20
2016-2017,Rabi,Khammam,Bonakal,Black Gram,13,95
2016-2017,Rabi,Khammam,Chinthakani,Black Gram,60,146
2016-2017,Rabi,Khammam,Mudigonda,Black Gram,90,22
2016-2017,Rabi,Khammam,Yerrupalem,Black Gram,15,8
2016-2017,Rabi,Khammam,Konijerla,Black Gram,90,46
2016-2017,Rabi,Khammam,Wyra,Black Gram,34,33
2016-2017,Rabi,Khammam,Singareni,Black Gram,65,11
2016-2017,Rabi,Khammam,Enkoor,Black Gram,14,66
2016-2017,Rabi,Khammam,Sathupalli,Black Gram,11,15
2016-2017,Rabi,Khammam,Vemsoor,Black Gram,8,8
2016-2017,Rabi,Khammam,Penuballi,Black Gram,10,7
2016-2017,Rabi,Khammam,Kalluru,Black Gram,140,40
2016-2017,Rabi,Khammam,Thallada,Black Gram,27,10
2016-2017,Rabi,Khammam,Raghunadhapalem,Red Gram,1,0
2016-2017,Rabi,Khammam,Kamepalli,Red Gram,0,0
2016-2017,Rabi,Khammam,Khammam (U),Red Gram,0,0
2016-2017,Rabi,Khammam,Kusumanchi,Red Gram,0,0
2016-2017,Rabi,Khammam,Nelakondapalli,Red Gram,0,0
2016-2017,Rabi,Khammam,Tirumalaipalem,Red Gram,0,0
2016-2017,Rabi,Khammam,Khammam (R),Red Gram,0,0
2016-2017,Rabi,Khammam,Madhira,Red Gram,0,0
2016-2017,Rabi,Khammam,Bonakal,Red Gram,0,1
2016-2017,Rabi,Khammam,Chinthakani,Red Gram,24,10
2016-2017,Rabi,Khammam,Mudigonda,Red Gram,0,0
2016-2017,Rabi,Khammam,Yerrupalem,Red Gram,0,0
2016-2017,Rabi,Khammam,Konijerla,Red Gram,1,0
2016-2017,Rabi,Khammam,Wyra,Red Gram,0,0
2016-2017,Rabi,Khammam,Singareni,Red Gram,0,0
2016-2017,Rabi,Khammam,Enkoor,Red Gram,0,0
2016-2017,Rabi,Khammam,Sathupalli,Red Gram,0,0
2016-2017,Rabi,Khammam,Vemsoor,Red Gram,0,0
2016-2017,Rabi,Khammam,Penuballi,Red Gram,0,0
2016-2017,Rabi,Khammam,Kalluru,Red Gram,0,2
2016-2017,Rabi,Khammam,Thallada,Red Gram,0,0
2016-2017,Rabi,Khammam,Raghunadhapalem,Bengal Gram,0,0
2016-2017,Rabi,Khammam,Kamepalli,Bengal Gram,21,0
2016-2017,Rabi,Khammam,Khammam (U),Bengal Gram,0,0
2016-2017,Rabi,Khammam,Kusumanchi,Bengal Gram,1,0
2016-2017,Rabi,Khammam,Nelakondapalli,Bengal Gram,0,4
2016-2017,Rabi,Khammam,Tirumalaipalem,Bengal Gram,3,0
2016-2017,Rabi,Khammam,Khammam (R),Bengal Gram,0,0
2016-2017,Rabi,Khammam,Madhira,Bengal Gram,3,3
2016-2017,Rabi,Khammam,Bonakal,Bengal Gram,2,0
2016-2017,Rabi,Khammam,Chinthakani,Bengal Gram,0,0
2016-2017,Rabi,Khammam,Mudigonda,Bengal Gram,1,0
2016-2017,Rabi,Khammam,Yerrupalem,Bengal Gram,5,14
2016-2017,Rabi,Khammam,Konijerla,Bengal Gram,0,0
2016-2017,Rabi,Khammam,Wyra,Bengal Gram,0,0
2016-2017,Rabi,Khammam,Singareni,Bengal Gram,0,0
2016-2017,Rabi,Khammam,Enkoor,Bengal Gram,0,23
2016-2017,Rabi,Khammam,Sathupalli,Bengal Gram,0,0
2016-2017,Rabi,Khammam,Vemsoor,Bengal Gram,0,0
2016-2017,Rabi,Khammam,Penuballi,Bengal Gram,0,0
2016-2017,Rabi,Khammam,Kalluru,Bengal Gram,0,0
2016-2017,Rabi,Khammam,Thallada,Bengal Gram,0,0
2016-2017,Rabi,Khammam,Raghunadhapalem,Cow Gram,27,6
2016-2017,Rabi,Khammam,Kamepalli,Cow Gram,12,3
2016-2017,Rabi,Khammam,Khammam (U),Cow Gram,0,10
2016-2017,Rabi,Khammam,Kusumanchi,Cow Gram,52,34
2016-2017,Rabi,Khammam,Nelakondapalli,Cow Gram,14,58.4
2016-2017,Rabi,Khammam,Tirumalaipalem,Cow Gram,22,23
2016-2017,Rabi,Khammam,Khammam (R),Cow Gram,89,5
2016-2017,Rabi,Khammam,Madhira,Cow Gram,1,0
2016-2017,Rabi,Khammam,Bonakal,Cow Gram,16,12
2016-2017,Rabi,Khammam,Chinthakani,Cow Gram,39,0
2016-2017,Rabi,Khammam,Mudigonda,Cow Gram,82,95
2016-2017,Rabi,Khammam,Yerrupalem,Cow Gram,0,0
2016-2017,Rabi,Khammam,Konijerla,Cow Gram,4,37
2016-2017,Rabi,Khammam,Wyra,Cow Gram,14,2
2016-2017,Rabi,Khammam,Singareni,Cow Gram,1,0
2016-2017,Rabi,Khammam,Enkoor,Cow Gram,0,0
2016-2017,Rabi,Khammam,Sathupalli,Cow Gram,17,11
2016-2017,Rabi,Khammam,Vemsoor,Cow Gram,0,0
2016-2017,Rabi,Khammam,Penuballi,Cow Gram,0,0
2016-2017,Rabi,Khammam,Kalluru,Cow Gram,14,0
2016-2017,Rabi,Khammam,Thallada,Cow Gram,2,0
2016-2017,Rabi,Khammam,Raghunadhapalem,Chillies,0,0
2016-2017,Rabi,Khammam,Kamepalli,Chillies,0,0
2016-2017,Rabi,Khammam,Khammam (U),Chillies,0,0
2016-2017,Rabi,Khammam,Kusumanchi,Chillies,0,0
2016-2017,Rabi,Khammam,Nelakondapalli,Chillies,24,159
2016-2017,Rabi,Khammam,Tirumalaipalem,Chillies,0,0
2016-2017,Rabi,Khammam,Khammam (R),Chillies,0,84
2016-2017,Rabi,Khammam,Madhira,Chillies,8,0
2016-2017,Rabi,Khammam,Bonakal,Chillies,0,0
2016-2017,Rabi,Khammam,Chinthakani,Chillies,0,0
2016-2017,Rabi,Khammam,Mudigonda,Chillies,11,10
2016-2017,Rabi,Khammam,Yerrupalem,Chillies,0,0
2016-2017,Rabi,Khammam,Konijerla,Chillies,0,0
2016-2017,Rabi,Khammam,Wyra,Chillies,2,0
2016-2017,Rabi,Khammam,Singareni,Chillies,0,0
2016-2017,Rabi,Khammam,Enkoor,Chillies,0,0
2016-2017,Rabi,Khammam,Sathupalli,Chillies,10,28
2016-2017,Rabi,Khammam,Vemsoor,Chillies,216,201
2016-2017,Rabi,Khammam,Penuballi,Chillies,467,341
2016-2017,Rabi,Khammam,Kalluru,Chillies,51,32
2016-2017,Rabi,Khammam,Thallada,Chillies,0,0
2016-2017,Rabi,Khammam,Raghunadhapalem,Onion,0,0
2016-2017,Rabi,Khammam,Kamepalli,Onion,0,0
2016-2017,Rabi,Khammam,Khammam (U),Onion,0,0
2016-2017,Rabi,Khammam,Kusumanchi,Onion,0,0
2016-2017,Rabi,Khammam,Nelakondapalli,Onion,0,0
2016-2017,Rabi,Khammam,Tirumalaipalem,Onion,0,0
2016-2017,Rabi,Khammam,Khammam (R),Onion,0,0
2016-2017,Rabi,Khammam,Madhira,Onion,0,0
2016-2017,Rabi,Khammam,Bonakal,Onion,1,0
2016-2017,Rabi,Khammam,Chinthakani,Onion,0,0
2016-2017,Rabi,Khammam,Mudigonda,Onion,0,0
2016-2017,Rabi,Khammam,Yerrupalem,Onion,0,0
2016-2017,Rabi,Khammam,Konijerla,Onion,0,0
2016-2017,Rabi,Khammam,Wyra,Onion,0,0
2016-2017,Rabi,Khammam,Singareni,Onion,0,0
2016-2017,Rabi,Khammam,Enkoor,Onion,0,0
2016-2017,Rabi,Khammam,Sathupalli,Onion,0,0
2016-2017,Rabi,Khammam,Vemsoor,Onion,0,0
2016-2017,Rabi,Khammam,Penuballi,Onion,0,0
2016-2017,Rabi,Khammam,Kalluru,Onion,0,0
2016-2017,Rabi,Khammam,Thallada,Onion,0,0
2016-2017,Rabi,Khammam,Raghunadhapalem,Groundnut,82,7
2016-2017,Rabi,Khammam,Kamepalli,Groundnut,21,7
2016-2017,Rabi,Khammam,Khammam (U),Groundnut,0,1
2016-2017,Rabi,Khammam,Kusumanchi,Groundnut,480,229
2016-2017,Rabi,Khammam,Nelakondapalli,Groundnut,27,22
2016-2017,Rabi,Khammam,Tirumalaipalem,Groundnut,1087,1870
2016-2017,Rabi,Khammam,Khammam (R),Groundnut,21,11
2016-2017,Rabi,Khammam,Madhira,Groundnut,7,5
2016-2017,Rabi,Khammam,Bonakal,Groundnut,20,28
2016-2017,Rabi,Khammam,Chinthakani,Groundnut,177,198
2016-2017,Rabi,Khammam,Mudigonda,Groundnut,29,52
2016-2017,Rabi,Khammam,Yerrupalem,Groundnut,7,12
2016-2017,Rabi,Khammam,Konijerla,Groundnut,10,12
2016-2017,Rabi,Khammam,Wyra,Groundnut,5,8
2016-2017,Rabi,Khammam,Singareni,Groundnut,17,6
2016-2017,Rabi,Khammam,Enkoor,Groundnut,25,9.3
2016-2017,Rabi,Khammam,Sathupalli,Groundnut,71,56
2016-2017,Rabi,Khammam,Vemsoor,Groundnut,14,4
2016-2017,Rabi,Khammam,Penuballi,Groundnut,7,9
2016-2017,Rabi,Khammam,Kalluru,Groundnut,10,11
2016-2017,Rabi,Khammam,Thallada,Groundnut,11,6
2016-2017,Rabi,Khammam,Raghunadhapalem,Sesamum,0,0
2016-2017,Rabi,Khammam,Kamepalli,Sesamum,0,0
2016-2017,Rabi,Khammam,Khammam (U),Sesamum,0,0
2016-2017,Rabi,Khammam,Kusumanchi,Sesamum,0,0
2016-2017,Rabi,Khammam,Nelakondapalli,Sesamum,0,0
2016-2017,Rabi,Khammam,Tirumalaipalem,Sesamum,0,0
2016-2017,Rabi,Khammam,Khammam (R),Sesamum,0,0
2016-2017,Rabi,Khammam,Madhira,Sesamum,13,6
2016-2017,Rabi,Khammam,Bonakal,Sesamum,0,0
2016-2017,Rabi,Khammam,Chinthakani,Sesamum,0,0
2016-2017,Rabi,Khammam,Mudigonda,Sesamum,0,0
2016-2017,Rabi,Khammam,Yerrupalem,Sesamum,9,0
2016-2017,Rabi,Khammam,Konijerla,Sesamum,0,0
2016-2017,Rabi,Khammam,Wyra,Sesamum,3,0
2016-2017,Rabi,Khammam,Singareni,Sesamum,0,0
2016-2017,Rabi,Khammam,Enkoor,Sesamum,0,0
2016-2017,Rabi,Khammam,Sathupalli,Sesamum,26,61
2016-2017,Rabi,Khammam,Vemsoor,Sesamum,325,79
2016-2017,Rabi,Khammam,Penuballi,Sesamum,78,24
2016-2017,Rabi,Khammam,Kalluru,Sesamum,20,3
2016-2017,Rabi,Khammam,Thallada,Sesamum,7,0
2016-2017,Rabi,Khammam,Raghunadhapalem,Sunflower,0,0
2016-2017,Rabi,Khammam,Kamepalli,Sunflower,0,0
2016-2017,Rabi,Khammam,Khammam (U),Sunflower,0,0
2016-2017,Rabi,Khammam,Kusumanchi,Sunflower,0,0
2016-2017,Rabi,Khammam,Nelakondapalli,Sunflower,0,0
2016-2017,Rabi,Khammam,Tirumalaipalem,Sunflower,0,0
2016-2017,Rabi,Khammam,Khammam (R),Sunflower,0,0
2016-2017,Rabi,Khammam,Madhira,Sunflower,0,0
2016-2017,Rabi,Khammam,Bonakal,Sunflower,1,0
2016-2017,Rabi,Khammam,Chinthakani,Sunflower,5,0
2016-2017,Rabi,Khammam,Mudigonda,Sunflower,0,0
2016-2017,Rabi,Khammam,Yerrupalem,Sunflower,0,0
2016-2017,Rabi,Khammam,Konijerla,Sunflower,0,0
2016-2017,Rabi,Khammam,Wyra,Sunflower,0,0
2016-2017,Rabi,Khammam,Singareni,Sunflower,0,0
2016-2017,Rabi,Khammam,Enkoor,Sunflower,0,0
2016-2017,Rabi,Khammam,Sathupalli,Sunflower,2,0
2016-2017,Rabi,Khammam,Vemsoor,Sunflower,101,39
2016-2017,Rabi,Khammam,Penuballi,Sunflower,2,0
2016-2017,Rabi,Khammam,Kalluru,Sunflower,0,0
2016-2017,Rabi,Khammam,Thallada,Sunflower,0,0
2016-2017,Rabi,Khammam,Raghunadhapalem,Other oil seeds,0,0
2016-2017,Rabi,Khammam,Kamepalli,Other oil seeds,0,0
2016-2017,Rabi,Khammam,Khammam (U),Other oil seeds,0,0
2016-2017,Rabi,Khammam,Kusumanchi,Other oil seeds,0,0
2016-2017,Rabi,Khammam,Nelakondapalli,Other oil seeds,0,0
2016-2017,Rabi,Khammam,Tirumalaipalem,Other oil seeds,0,0
2016-2017,Rabi,Khammam,Khammam (R),Other oil seeds,0,0
2016-2017,Rabi,Khammam,Madhira,Other oil seeds,0,0
2016-2017,Rabi,Khammam,Bonakal,Other oil seeds,0,0
2016-2017,Rabi,Khammam,Chinthakani,Other oil seeds,0,0
2016-2017,Rabi,Khammam,Mudigonda,Other oil seeds,0,0
2016-2017,Rabi,Khammam,Yerrupalem,Other oil seeds,0,0
2016-2017,Rabi,Khammam,Konijerla,Other oil seeds,0,0
2016-2017,Rabi,Khammam,Wyra,Other oil seeds,0,0
2016-2017,Rabi,Khammam,Singareni,Other oil seeds,0,0
2016-2017,Rabi,Khammam,Enkoor,Other oil seeds,0,0
2016-2017,Rabi,Khammam,Sathupalli,Other oil seeds,2,0
2016-2017,Rabi,Khammam,Vemsoor,Other oil seeds,0,0
2016-2017,Rabi,Khammam,Penuballi,Other oil seeds,0,0
2016-2017,Rabi,Khammam,Kalluru,Other oil seeds,0,0
2016-2017,Rabi,Khammam,Thallada,Other oil seeds,0,0
2016-2017,Rabi,Khammam,Raghunadhapalem,Tobacco,0,0
2016-2017,Rabi,Khammam,Kamepalli,Tobacco,0,0
2016-2017,Rabi,Khammam,Khammam (U),Tobacco,0,0
2016-2017,Rabi,Khammam,Kusumanchi,Tobacco,0,0
2016-2017,Rabi,Khammam,Nelakondapalli,Tobacco,0,0
2016-2017,Rabi,Khammam,Tirumalaipalem,Tobacco,0,0
2016-2017,Rabi,Khammam,Khammam (R),Tobacco,0,0
2016-2017,Rabi,Khammam,Madhira,Tobacco,0,0
2016-2017,Rabi,Khammam,Bonakal,Tobacco,13,11
2016-2017,Rabi,Khammam,Chinthakani,Tobacco,0,0
2016-2017,Rabi,Khammam,Mudigonda,Tobacco,0,0
2016-2017,Rabi,Khammam,Yerrupalem,Tobacco,0,0
2016-2017,Rabi,Khammam,Konijerla,Tobacco,0,0
2016-2017,Rabi,Khammam,Wyra,Tobacco,0,0
2016-2017,Rabi,Khammam,Singareni,Tobacco,0,0
2016-2017,Rabi,Khammam,Enkoor,Tobacco,0,0
2016-2017,Rabi,Khammam,Sathupalli,Tobacco,0,0
2016-2017,Rabi,Khammam,Vemsoor,Tobacco,0,0
2016-2017,Rabi,Khammam,Penuballi,Tobacco,0,0
2016-2017,Rabi,Khammam,Kalluru,Tobacco,0,0
2016-2017,Rabi,Khammam,Thallada,Tobacco,0,0
2016-2017,Rabi,Khammam,Raghunadhapalem,Other crops,102,101
2016-2017,Rabi,Khammam,Kamepalli,Other crops,30,42
2016-2017,Rabi,Khammam,Khammam (U),Other crops,0,40
2016-2017,Rabi,Khammam,Kusumanchi,Other crops,924,383
2016-2017,Rabi,Khammam,Nelakondapalli,Other crops,1179,754
2016-2017,Rabi,Khammam,Tirumalaipalem,Other crops,35,71
2016-2017,Rabi,Khammam,Khammam (R),Other crops,118,146
2016-2017,Rabi,Khammam,Madhira,Other crops,344,136
2016-2017,Rabi,Khammam,Bonakal,Other crops,212,4
2016-2017,Rabi,Khammam,Chinthakani,Other crops,69,111
2016-2017,Rabi,Khammam,Mudigonda,Other crops,289,130
2016-2017,Rabi,Khammam,Yerrupalem,Other crops,392,168
2016-2017,Rabi,Khammam,Konijerla,Other crops,47,17
2016-2017,Rabi,Khammam,Wyra,Other crops,682,213
2016-2017,Rabi,Khammam,Singareni,Other crops,33,34
2016-2017,Rabi,Khammam,Enkoor,Other crops,148,102
2016-2017,Rabi,Khammam,Sathupalli,Other crops,793,483
2016-2017,Rabi,Khammam,Vemsoor,Other crops,149,239
2016-2017,Rabi,Khammam,Penuballi,Other crops,241,261
2016-2017,Rabi,Khammam,Kalluru,Other crops,137,146
2016-2017,Rabi,Khammam,Thallada,Other crops,101,80
2016-2017,Rabi,Khammam,Raghunadhapalem,Total,944,354
2016-2017,Rabi,Khammam,Kamepalli,Total,528,692
2016-2017,Rabi,Khammam,Khammam (U),Total,0,577
2016-2017,Rabi,Khammam,Kusumanchi,Total,4567,3525
2016-2017,Rabi,Khammam,Nelakondapalli,Total,4724,4709.4
2016-2017,Rabi,Khammam,Tirumalaipalem,Total,1788,3185
2016-2017,Rabi,Khammam,Khammam (R),Total,1224,1252
2016-2017,Rabi,Khammam,Madhira,Total,819,574
2016-2017,Rabi,Khammam,Bonakal,Total,1777,1615
2016-2017,Rabi,Khammam,Chinthakani,Total,2368,2688
2016-2017,Rabi,Khammam,Mudigonda,Total,3467,2515
2016-2017,Rabi,Khammam,Yerrupalem,Total,1056,855
2016-2017,Rabi,Khammam,Konijerla,Total,2144,1752
2016-2017,Rabi,Khammam,Wyra,Total,2144,5716
2016-2017,Rabi,Khammam,Singareni,Total,421,319
2016-2017,Rabi,Khammam,Enkoor,Total,1092,613.6
2016-2017,Rabi,Khammam,Sathupalli,Total,3865,4269
2016-2017,Rabi,Khammam,Vemsoor,Total,1948,2159
2016-2017,Rabi,Khammam,Penuballi,Total,2366,3197
2016-2017,Rabi,Khammam,Kalluru,Total,3253,7219
2016-2017,Rabi,Khammam,Thallada,Total,1240,1858
