year,season,districtName,mandalName,crop,normalAreaSown,actualAreaSown
2017-2018,Rabi,Mahabubnagar,Kosgi,Paddy,1664,880
2017-2018,Rabi,Mahabubnagar,Gandeed,Paddy,710,1632
2017-2018,Rabi,Mahabubnagar,Damaragidda,Paddy,928,810
2017-2018,Rabi,Mahabubnagar,Maddur,Paddy,556,335
2017-2018,Rabi,Mahabubnagar,Hunwada,Paddy,743,532
2017-2018,Rabi,Mahabubnagar,Nawabpet,Paddy,1267,630
2017-2018,Rabi,Mahabubnagar,Balanagar,Paddy,332,780
2017-2018,Rabi,Mahabubnagar,Rajapur,Paddy,294,95
2017-2018,Rabi,Mahabubnagar,Midjil,Paddy,489,970
2017-2018,Rabi,Mahabubnagar,Jadcherla,Paddy,705,350
2017-2018,Rabi,Mahabubnagar,Mahabubnagar(r),Paddy,563,492
2017-2018,Rabi,Mahabubnagar,Mahabubnagar(u),Paddy,312,176
2017-2018,Rabi,Mahabubnagar,Koilkonda,Paddy,669,1080
2017-2018,Rabi,Mahabubnagar,Narayanpet,Paddy,604,710
2017-2018,Rabi,Mahabubnagar,Utkoor,Paddy,538,652
2017-2018,Rabi,Mahabubnagar,Dhanwada,Paddy,522,1560
2017-2018,Rabi,Mahabubnagar,Marikal,Paddy,792,1690
2017-2018,Rabi,Mahabubnagar,Devarkadra,Paddy,1163,1220
2017-2018,Rabi,Mahabubnagar,Bhootpur,Paddy,470,560
2017-2018,Rabi,Mahabubnagar,Addakal,Paddy,387,432
2017-2018,Rabi,Mahabubnagar,Moosapet,Paddy,336,412
2017-2018,Rabi,Mahabubnagar,Cc kunta,Paddy,1670,645
2017-2018,Rabi,Mahabubnagar,Narwa,Paddy,770,683
2017-2018,Rabi,Mahabubnagar,Makthal,Paddy,1640,1723
2017-2018,Rabi,Mahabubnagar,Maganoor,Paddy,780,760
2017-2018,Rabi,Mahabubnagar,Krishna,Paddy,1027,1223
2017-2018,Rabi,Mahabubnagar,Kosgi,Wheat,2,0
2017-2018,Rabi,Mahabubnagar,Gandeed,Wheat,0,0
2017-2018,Rabi,Mahabubnagar,Damaragidda,Wheat,2,0
2017-2018,Rabi,Mahabubnagar,Maddur,Wheat,0,0
2017-2018,Rabi,Mahabubnagar,Hunwada,Wheat,0,0
2017-2018,Rabi,Mahabubnagar,Nawabpet,Wheat,0,0
2017-2018,Rabi,Mahabubnagar,Balanagar,Wheat,0,0
2017-2018,Rabi,Mahabubnagar,Rajapur,Wheat,0,0
2017-2018,Rabi,Mahabubnagar,Midjil,Wheat,1,0
2017-2018,Rabi,Mahabubnagar,Jadcherla,Wheat,0,0
2017-2018,Rabi,Mahabubnagar,Mahabubnagar(r),Wheat,0,0
2017-2018,Rabi,Mahabubnagar,Mahabubnagar(u),Wheat,0,0
2017-2018,Rabi,Mahabubnagar,Koilkonda,Wheat,0,0
2017-2018,Rabi,Mahabubnagar,Narayanpet,Wheat,0,0
2017-2018,Rabi,Mahabubnagar,Utkoor,Wheat,3,0
2017-2018,Rabi,Mahabubnagar,Dhanwada,Wheat,0,0
2017-2018,Rabi,Mahabubnagar,Marikal,Wheat,0,0
2017-2018,Rabi,Mahabubnagar,Devarkadra,Wheat,0,0
2017-2018,Rabi,Mahabubnagar,Bhootpur,Wheat,0,0
2017-2018,Rabi,Mahabubnagar,Addakal,Wheat,0,0
2017-2018,Rabi,Mahabubnagar,Moosapet,Wheat,0,0
2017-2018,Rabi,Mahabubnagar,Cc kunta,Wheat,1,0
2017-2018,Rabi,Mahabubnagar,Narwa,Wheat,1,0
2017-2018,Rabi,Mahabubnagar,Makthal,Wheat,0,0
2017-2018,Rabi,Mahabubnagar,Maganoor,Wheat,1,0
2017-2018,Rabi,Mahabubnagar,Krishna,Wheat,0,0
2017-2018,Rabi,Mahabubnagar,Kosgi,Jowar,41,10
2017-2018,Rabi,Mahabubnagar,Gandeed,Jowar,0,0
2017-2018,Rabi,Mahabubnagar,Damaragidda,Jowar,479,420
2017-2018,Rabi,Mahabubnagar,Maddur,Jowar,37,68
2017-2018,Rabi,Mahabubnagar,Hunwada,Jowar,0,0
2017-2018,Rabi,Mahabubnagar,Nawabpet,Jowar,0,5
2017-2018,Rabi,Mahabubnagar,Balanagar,Jowar,0,0
2017-2018,Rabi,Mahabubnagar,Rajapur,Jowar,0,5
2017-2018,Rabi,Mahabubnagar,Midjil,Jowar,0,0
2017-2018,Rabi,Mahabubnagar,Jadcherla,Jowar,0,0
2017-2018,Rabi,Mahabubnagar,Mahabubnagar(r),Jowar,0,0
2017-2018,Rabi,Mahabubnagar,Mahabubnagar(u),Jowar,0,0
2017-2018,Rabi,Mahabubnagar,Koilkonda,Jowar,4,350
2017-2018,Rabi,Mahabubnagar,Narayanpet,Jowar,339,350
2017-2018,Rabi,Mahabubnagar,Utkoor,Jowar,653,343
2017-2018,Rabi,Mahabubnagar,Dhanwada,Jowar,10,0
2017-2018,Rabi,Mahabubnagar,Marikal,Jowar,14,10
2017-2018,Rabi,Mahabubnagar,Devarkadra,Jowar,1,10
2017-2018,Rabi,Mahabubnagar,Bhootpur,Jowar,0,12
2017-2018,Rabi,Mahabubnagar,Addakal,Jowar,1,0
2017-2018,Rabi,Mahabubnagar,Moosapet,Jowar,0,0
2017-2018,Rabi,Mahabubnagar,Cc kunta,Jowar,0,15
2017-2018,Rabi,Mahabubnagar,Narwa,Jowar,45,5
2017-2018,Rabi,Mahabubnagar,Makthal,Jowar,132,43
2017-2018,Rabi,Mahabubnagar,Maganoor,Jowar,146,0
2017-2018,Rabi,Mahabubnagar,Krishna,Jowar,292,21
2017-2018,Rabi,Mahabubnagar,Kosgi,Bajra,0,0
2017-2018,Rabi,Mahabubnagar,Gandeed,Bajra,0,0
2017-2018,Rabi,Mahabubnagar,Damaragidda,Bajra,0,0
2017-2018,Rabi,Mahabubnagar,Maddur,Bajra,0,0
2017-2018,Rabi,Mahabubnagar,Hunwada,Bajra,0,0
2017-2018,Rabi,Mahabubnagar,Nawabpet,Bajra,0,0
2017-2018,Rabi,Mahabubnagar,Balanagar,Bajra,0,0
2017-2018,Rabi,Mahabubnagar,Rajapur,Bajra,0,0
2017-2018,Rabi,Mahabubnagar,Midjil,Bajra,0,0
2017-2018,Rabi,Mahabubnagar,Jadcherla,Bajra,0,0
2017-2018,Rabi,Mahabubnagar,Mahabubnagar(r),Bajra,0,0
2017-2018,Rabi,Mahabubnagar,Mahabubnagar(u),Bajra,0,0
2017-2018,Rabi,Mahabubnagar,Koilkonda,Bajra,0,0
2017-2018,Rabi,Mahabubnagar,Narayanpet,Bajra,0,0
2017-2018,Rabi,Mahabubnagar,Utkoor,Bajra,0,0
2017-2018,Rabi,Mahabubnagar,Dhanwada,Bajra,0,0
2017-2018,Rabi,Mahabubnagar,Marikal,Bajra,0,0
2017-2018,Rabi,Mahabubnagar,Devarkadra,Bajra,0,0
2017-2018,Rabi,Mahabubnagar,Bhootpur,Bajra,0,0
2017-2018,Rabi,Mahabubnagar,Addakal,Bajra,0,0
2017-2018,Rabi,Mahabubnagar,Moosapet,Bajra,0,0
2017-2018,Rabi,Mahabubnagar,Cc kunta,Bajra,0,0
2017-2018,Rabi,Mahabubnagar,Narwa,Bajra,0,0
2017-2018,Rabi,Mahabubnagar,Makthal,Bajra,0,0
2017-2018,Rabi,Mahabubnagar,Maganoor,Bajra,0,0
2017-2018,Rabi,Mahabubnagar,Krishna,Bajra,0,0
2017-2018,Rabi,Mahabubnagar,Kosgi,Maize,25,24
2017-2018,Rabi,Mahabubnagar,Gandeed,Maize,9,20
2017-2018,Rabi,Mahabubnagar,Damaragidda,Maize,0,0
2017-2018,Rabi,Mahabubnagar,Maddur,Maize,0,0
2017-2018,Rabi,Mahabubnagar,Hunwada,Maize,23,42
2017-2018,Rabi,Mahabubnagar,Nawabpet,Maize,37,25
2017-2018,Rabi,Mahabubnagar,Balanagar,Maize,80,15
2017-2018,Rabi,Mahabubnagar,Rajapur,Maize,57,105
2017-2018,Rabi,Mahabubnagar,Midjil,Maize,57,124
2017-2018,Rabi,Mahabubnagar,Jadcherla,Maize,139,98
2017-2018,Rabi,Mahabubnagar,Mahabubnagar(r),Maize,5,14
2017-2018,Rabi,Mahabubnagar,Mahabubnagar(u),Maize,0,4
2017-2018,Rabi,Mahabubnagar,Koilkonda,Maize,0,0
2017-2018,Rabi,Mahabubnagar,Narayanpet,Maize,0,0
2017-2018,Rabi,Mahabubnagar,Utkoor,Maize,0,0
2017-2018,Rabi,Mahabubnagar,Dhanwada,Maize,4,0
2017-2018,Rabi,Mahabubnagar,Marikal,Maize,5,0
2017-2018,Rabi,Mahabubnagar,Devarkadra,Maize,0,0
2017-2018,Rabi,Mahabubnagar,Bhootpur,Maize,6,0
2017-2018,Rabi,Mahabubnagar,Addakal,Maize,0,0
2017-2018,Rabi,Mahabubnagar,Moosapet,Maize,0,0
2017-2018,Rabi,Mahabubnagar,Cc kunta,Maize,32,0
2017-2018,Rabi,Mahabubnagar,Narwa,Maize,3,0
2017-2018,Rabi,Mahabubnagar,Makthal,Maize,0,0
2017-2018,Rabi,Mahabubnagar,Maganoor,Maize,0,0
2017-2018,Rabi,Mahabubnagar,Krishna,Maize,0,0
2017-2018,Rabi,Mahabubnagar,Kosgi,Ragi,18,0
2017-2018,Rabi,Mahabubnagar,Gandeed,Ragi,45,219
2017-2018,Rabi,Mahabubnagar,Damaragidda,Ragi,0,0
2017-2018,Rabi,Mahabubnagar,Maddur,Ragi,4.8,6
2017-2018,Rabi,Mahabubnagar,Hunwada,Ragi,70,45
2017-2018,Rabi,Mahabubnagar,Nawabpet,Ragi,0,30
2017-2018,Rabi,Mahabubnagar,Balanagar,Ragi,0,0
2017-2018,Rabi,Mahabubnagar,Rajapur,Ragi,0,0
2017-2018,Rabi,Mahabubnagar,Midjil,Ragi,0.4,0
2017-2018,Rabi,Mahabubnagar,Jadcherla,Ragi,0,0
2017-2018,Rabi,Mahabubnagar,Mahabubnagar(r),Ragi,33,11
2017-2018,Rabi,Mahabubnagar,Mahabubnagar(u),Ragi,4,2
2017-2018,Rabi,Mahabubnagar,Koilkonda,Ragi,9,130
2017-2018,Rabi,Mahabubnagar,Narayanpet,Ragi,0,80
2017-2018,Rabi,Mahabubnagar,Utkoor,Ragi,0,0
2017-2018,Rabi,Mahabubnagar,Dhanwada,Ragi,0,0
2017-2018,Rabi,Mahabubnagar,Marikal,Ragi,0,0
2017-2018,Rabi,Mahabubnagar,Devarkadra,Ragi,1,0
2017-2018,Rabi,Mahabubnagar,Bhootpur,Ragi,0,0
2017-2018,Rabi,Mahabubnagar,Addakal,Ragi,1,0
2017-2018,Rabi,Mahabubnagar,Moosapet,Ragi,6,0
2017-2018,Rabi,Mahabubnagar,Cc kunta,Ragi,0,0
2017-2018,Rabi,Mahabubnagar,Narwa,Ragi,0,0
2017-2018,Rabi,Mahabubnagar,Makthal,Ragi,0,0
2017-2018,Rabi,Mahabubnagar,Maganoor,Ragi,0,0
2017-2018,Rabi,Mahabubnagar,Krishna,Ragi,0,0
2017-2018,Rabi,Mahabubnagar,Kosgi,Horse Gram,0,0
2017-2018,Rabi,Mahabubnagar,Gandeed,Horse Gram,8,0
2017-2018,Rabi,Mahabubnagar,Damaragidda,Horse Gram,51,0
2017-2018,Rabi,Mahabubnagar,Maddur,Horse Gram,0,3
2017-2018,Rabi,Mahabubnagar,Hunwada,Horse Gram,0,0
2017-2018,Rabi,Mahabubnagar,Nawabpet,Horse Gram,0,39
2017-2018,Rabi,Mahabubnagar,Balanagar,Horse Gram,3,0
2017-2018,Rabi,Mahabubnagar,Rajapur,Horse Gram,0,0
2017-2018,Rabi,Mahabubnagar,Midjil,Horse Gram,0,0
2017-2018,Rabi,Mahabubnagar,Jadcherla,Horse Gram,0,0
2017-2018,Rabi,Mahabubnagar,Mahabubnagar(r),Horse Gram,0,0
2017-2018,Rabi,Mahabubnagar,Mahabubnagar(u),Horse Gram,0,0
2017-2018,Rabi,Mahabubnagar,Koilkonda,Horse Gram,5,0
2017-2018,Rabi,Mahabubnagar,Narayanpet,Horse Gram,14,0
2017-2018,Rabi,Mahabubnagar,Utkoor,Horse Gram,0,0
2017-2018,Rabi,Mahabubnagar,Dhanwada,Horse Gram,2,0
2017-2018,Rabi,Mahabubnagar,Marikal,Horse Gram,0,0
2017-2018,Rabi,Mahabubnagar,Devarkadra,Horse Gram,0,0
2017-2018,Rabi,Mahabubnagar,Bhootpur,Horse Gram,0,0
2017-2018,Rabi,Mahabubnagar,Addakal,Horse Gram,0,0
2017-2018,Rabi,Mahabubnagar,Moosapet,Horse Gram,0,0
2017-2018,Rabi,Mahabubnagar,Cc kunta,Horse Gram,0,0
2017-2018,Rabi,Mahabubnagar,Narwa,Horse Gram,0,0
2017-2018,Rabi,Mahabubnagar,Makthal,Horse Gram,0,0
2017-2018,Rabi,Mahabubnagar,Maganoor,Horse Gram,0,0
2017-2018,Rabi,Mahabubnagar,Krishna,Horse Gram,0,0
2017-2018,Rabi,Mahabubnagar,Kosgi,Bengal Gram,19,0
2017-2018,Rabi,Mahabubnagar,Gandeed,Bengal Gram,0,0
2017-2018,Rabi,Mahabubnagar,Damaragidda,Bengal Gram,59,120
2017-2018,Rabi,Mahabubnagar,Maddur,Bengal Gram,0,0
2017-2018,Rabi,Mahabubnagar,Hunwada,Bengal Gram,0,0
2017-2018,Rabi,Mahabubnagar,Nawabpet,Bengal Gram,0,0
2017-2018,Rabi,Mahabubnagar,Balanagar,Bengal Gram,1,0
2017-2018,Rabi,Mahabubnagar,Rajapur,Bengal Gram,0,0
2017-2018,Rabi,Mahabubnagar,Midjil,Bengal Gram,0,0
2017-2018,Rabi,Mahabubnagar,Jadcherla,Bengal Gram,6,0
2017-2018,Rabi,Mahabubnagar,Mahabubnagar(r),Bengal Gram,0,0
2017-2018,Rabi,Mahabubnagar,Mahabubnagar(u),Bengal Gram,0,0
2017-2018,Rabi,Mahabubnagar,Koilkonda,Bengal Gram,0,0
2017-2018,Rabi,Mahabubnagar,Narayanpet,Bengal Gram,0,60
2017-2018,Rabi,Mahabubnagar,Utkoor,Bengal Gram,359,177
2017-2018,Rabi,Mahabubnagar,Dhanwada,Bengal Gram,0,0
2017-2018,Rabi,Mahabubnagar,Marikal,Bengal Gram,4,0
2017-2018,Rabi,Mahabubnagar,Devarkadra,Bengal Gram,0,0
2017-2018,Rabi,Mahabubnagar,Bhootpur,Bengal Gram,0,0
2017-2018,Rabi,Mahabubnagar,Addakal,Bengal Gram,0,0
2017-2018,Rabi,Mahabubnagar,Moosapet,Bengal Gram,0,0
2017-2018,Rabi,Mahabubnagar,Cc kunta,Bengal Gram,0,0
2017-2018,Rabi,Mahabubnagar,Narwa,Bengal Gram,14,20
2017-2018,Rabi,Mahabubnagar,Makthal,Bengal Gram,0,11
2017-2018,Rabi,Mahabubnagar,Maganoor,Bengal Gram,5,0
2017-2018,Rabi,Mahabubnagar,Krishna,Bengal Gram,124,132
2017-2018,Rabi,Mahabubnagar,Kosgi,Green chillies,16,0
2017-2018,Rabi,Mahabubnagar,Gandeed,Green chillies,0,0
2017-2018,Rabi,Mahabubnagar,Damaragidda,Green chillies,7,0
2017-2018,Rabi,Mahabubnagar,Maddur,Green chillies,12,0
2017-2018,Rabi,Mahabubnagar,Hunwada,Green chillies,0,0
2017-2018,Rabi,Mahabubnagar,Nawabpet,Green chillies,0,0
2017-2018,Rabi,Mahabubnagar,Balanagar,Green chillies,56,0
2017-2018,Rabi,Mahabubnagar,Rajapur,Green chillies,28,0
2017-2018,Rabi,Mahabubnagar,Midjil,Green chillies,59,0
2017-2018,Rabi,Mahabubnagar,Jadcherla,Green chillies,0,0
2017-2018,Rabi,Mahabubnagar,Mahabubnagar(r),Green chillies,12,0
2017-2018,Rabi,Mahabubnagar,Mahabubnagar(u),Green chillies,35,0
2017-2018,Rabi,Mahabubnagar,Koilkonda,Green chillies,0,0
2017-2018,Rabi,Mahabubnagar,Narayanpet,Green chillies,7,0
2017-2018,Rabi,Mahabubnagar,Utkoor,Green chillies,0,0
2017-2018,Rabi,Mahabubnagar,Dhanwada,Green chillies,16,0
2017-2018,Rabi,Mahabubnagar,Marikal,Green chillies,27,0
2017-2018,Rabi,Mahabubnagar,Devarkadra,Green chillies,15,0
2017-2018,Rabi,Mahabubnagar,Bhootpur,Green chillies,13,0
2017-2018,Rabi,Mahabubnagar,Addakal,Green chillies,3,0
2017-2018,Rabi,Mahabubnagar,Moosapet,Green chillies,6,0
2017-2018,Rabi,Mahabubnagar,Cc kunta,Green chillies,0,0
2017-2018,Rabi,Mahabubnagar,Narwa,Green chillies,0,0
2017-2018,Rabi,Mahabubnagar,Makthal,Green chillies,0,0
2017-2018,Rabi,Mahabubnagar,Maganoor,Green chillies,1,0
2017-2018,Rabi,Mahabubnagar,Krishna,Green chillies,0,0
2017-2018,Rabi,Mahabubnagar,Kosgi,Onion,16,0
2017-2018,Rabi,Mahabubnagar,Gandeed,Onion,49,0
2017-2018,Rabi,Mahabubnagar,Damaragidda,Onion,0,0
2017-2018,Rabi,Mahabubnagar,Maddur,Onion,20,0
2017-2018,Rabi,Mahabubnagar,Hunwada,Onion,121.4,0
2017-2018,Rabi,Mahabubnagar,Nawabpet,Onion,7,0
2017-2018,Rabi,Mahabubnagar,Balanagar,Onion,24,0
2017-2018,Rabi,Mahabubnagar,Rajapur,Onion,9,0
2017-2018,Rabi,Mahabubnagar,Midjil,Onion,7,0
2017-2018,Rabi,Mahabubnagar,Jadcherla,Onion,49,0
2017-2018,Rabi,Mahabubnagar,Mahabubnagar(r),Onion,46,0
2017-2018,Rabi,Mahabubnagar,Mahabubnagar(u),Onion,6,0
2017-2018,Rabi,Mahabubnagar,Koilkonda,Onion,56,80
2017-2018,Rabi,Mahabubnagar,Narayanpet,Onion,75,0
2017-2018,Rabi,Mahabubnagar,Utkoor,Onion,42,0
2017-2018,Rabi,Mahabubnagar,Dhanwada,Onion,0,0
2017-2018,Rabi,Mahabubnagar,Marikal,Onion,0,0
2017-2018,Rabi,Mahabubnagar,Devarkadra,Onion,21,0
2017-2018,Rabi,Mahabubnagar,Bhootpur,Onion,28,0
2017-2018,Rabi,Mahabubnagar,Addakal,Onion,3,0
2017-2018,Rabi,Mahabubnagar,Moosapet,Onion,6,0
2017-2018,Rabi,Mahabubnagar,Cc kunta,Onion,7,0
2017-2018,Rabi,Mahabubnagar,Narwa,Onion,0,0
2017-2018,Rabi,Mahabubnagar,Makthal,Onion,34,0
2017-2018,Rabi,Mahabubnagar,Maganoor,Onion,2,0
2017-2018,Rabi,Mahabubnagar,Krishna,Onion,12,0
2017-2018,Rabi,Mahabubnagar,Kosgi,Groundnut,1718,1934
2017-2018,Rabi,Mahabubnagar,Gandeed,Groundnut,1121,1615
2017-2018,Rabi,Mahabubnagar,Damaragidda,Groundnut,1054,1350
2017-2018,Rabi,Mahabubnagar,Maddur,Groundnut,1380,2378
2017-2018,Rabi,Mahabubnagar,Hunwada,Groundnut,1151,1123
2017-2018,Rabi,Mahabubnagar,Nawabpet,Groundnut,691,890
2017-2018,Rabi,Mahabubnagar,Balanagar,Groundnut,198,230
2017-2018,Rabi,Mahabubnagar,Rajapur,Groundnut,169,131
2017-2018,Rabi,Mahabubnagar,Midjil,Groundnut,882,470
2017-2018,Rabi,Mahabubnagar,Jadcherla,Groundnut,911,100
2017-2018,Rabi,Mahabubnagar,Mahabubnagar(r),Groundnut,324,451
2017-2018,Rabi,Mahabubnagar,Mahabubnagar(u),Groundnut,101,104
2017-2018,Rabi,Mahabubnagar,Koilkonda,Groundnut,1164,1475
2017-2018,Rabi,Mahabubnagar,Narayanpet,Groundnut,964,1450
2017-2018,Rabi,Mahabubnagar,Utkoor,Groundnut,1030,284
2017-2018,Rabi,Mahabubnagar,Dhanwada,Groundnut,706,335
2017-2018,Rabi,Mahabubnagar,Marikal,Groundnut,681,430
2017-2018,Rabi,Mahabubnagar,Devarkadra,Groundnut,898,285
2017-2018,Rabi,Mahabubnagar,Bhootpur,Groundnut,518,440
2017-2018,Rabi,Mahabubnagar,Addakal,Groundnut,846,572
2017-2018,Rabi,Mahabubnagar,Moosapet,Groundnut,356,287
2017-2018,Rabi,Mahabubnagar,Cc kunta,Groundnut,1256,180
2017-2018,Rabi,Mahabubnagar,Narwa,Groundnut,875,156
2017-2018,Rabi,Mahabubnagar,Makthal,Groundnut,1226,520
2017-2018,Rabi,Mahabubnagar,Maganoor,Groundnut,656,1070
2017-2018,Rabi,Mahabubnagar,Krishna,Groundnut,323,120
2017-2018,Rabi,Mahabubnagar,Kosgi,Safflower,9,0
2017-2018,Rabi,Mahabubnagar,Gandeed,Safflower,0,0
2017-2018,Rabi,Mahabubnagar,Damaragidda,Safflower,11,35
2017-2018,Rabi,Mahabubnagar,Maddur,Safflower,0,35
2017-2018,Rabi,Mahabubnagar,Hunwada,Safflower,0,0
2017-2018,Rabi,Mahabubnagar,Nawabpet,Safflower,0,0
2017-2018,Rabi,Mahabubnagar,Balanagar,Safflower,0,0
2017-2018,Rabi,Mahabubnagar,Rajapur,Safflower,16,0
2017-2018,Rabi,Mahabubnagar,Midjil,Safflower,0,0
2017-2018,Rabi,Mahabubnagar,Jadcherla,Safflower,0,0
2017-2018,Rabi,Mahabubnagar,Mahabubnagar(r),Safflower,0,0
2017-2018,Rabi,Mahabubnagar,Mahabubnagar(u),Safflower,0,0
2017-2018,Rabi,Mahabubnagar,Koilkonda,Safflower,0,0
2017-2018,Rabi,Mahabubnagar,Narayanpet,Safflower,15,35
2017-2018,Rabi,Mahabubnagar,Utkoor,Safflower,207,14
2017-2018,Rabi,Mahabubnagar,Dhanwada,Safflower,18,0
2017-2018,Rabi,Mahabubnagar,Marikal,Safflower,13,0
2017-2018,Rabi,Mahabubnagar,Devarkadra,Safflower,0,0
2017-2018,Rabi,Mahabubnagar,Bhootpur,Safflower,0,0
2017-2018,Rabi,Mahabubnagar,Addakal,Safflower,0,0
2017-2018,Rabi,Mahabubnagar,Moosapet,Safflower,0,0
2017-2018,Rabi,Mahabubnagar,Cc kunta,Safflower,0,0
2017-2018,Rabi,Mahabubnagar,Narwa,Safflower,0,0
2017-2018,Rabi,Mahabubnagar,Makthal,Safflower,0,0
2017-2018,Rabi,Mahabubnagar,Maganoor,Safflower,0,0
2017-2018,Rabi,Mahabubnagar,Krishna,Safflower,0,0
2017-2018,Rabi,Mahabubnagar,Kosgi, Tobacco,0,0
2017-2018,Rabi,Mahabubnagar,Gandeed, Tobacco,0,0
2017-2018,Rabi,Mahabubnagar,Damaragidda, Tobacco,0,0
2017-2018,Rabi,Mahabubnagar,Maddur, Tobacco,0,0
2017-2018,Rabi,Mahabubnagar,Hunwada, Tobacco,0,0
2017-2018,Rabi,Mahabubnagar,Nawabpet, Tobacco,0,0
2017-2018,Rabi,Mahabubnagar,Balanagar, Tobacco,0,0
2017-2018,Rabi,Mahabubnagar,Rajapur, Tobacco,0,0
2017-2018,Rabi,Mahabubnagar,Midjil, Tobacco,0,0
2017-2018,Rabi,Mahabubnagar,Jadcherla, Tobacco,0,0
2017-2018,Rabi,Mahabubnagar,Mahabubnagar(r), Tobacco,0,0
2017-2018,Rabi,Mahabubnagar,Mahabubnagar(u), Tobacco,0,0
2017-2018,Rabi,Mahabubnagar,Koilkonda, Tobacco,0,0
2017-2018,Rabi,Mahabubnagar,Narayanpet, Tobacco,0,0
2017-2018,Rabi,Mahabubnagar,Utkoor, Tobacco,0,0
2017-2018,Rabi,Mahabubnagar,Dhanwada, Tobacco,0,0
2017-2018,Rabi,Mahabubnagar,Marikal, Tobacco,0,0
2017-2018,Rabi,Mahabubnagar,Devarkadra, Tobacco,0,0
2017-2018,Rabi,Mahabubnagar,Bhootpur, Tobacco,0,0
2017-2018,Rabi,Mahabubnagar,Addakal, Tobacco,0,0
2017-2018,Rabi,Mahabubnagar,Moosapet, Tobacco,0,0
2017-2018,Rabi,Mahabubnagar,Cc kunta, Tobacco,0,0
2017-2018,Rabi,Mahabubnagar,Narwa, Tobacco,0,0
2017-2018,Rabi,Mahabubnagar,Makthal, Tobacco,0,0
2017-2018,Rabi,Mahabubnagar,Maganoor, Tobacco,0,0
2017-2018,Rabi,Mahabubnagar,Krishna, Tobacco,0,0
2017-2018,Rabi,Mahabubnagar,Kosgi,Sunflower,3,0
2017-2018,Rabi,Mahabubnagar,Gandeed,Sunflower,0,0
2017-2018,Rabi,Mahabubnagar,Damaragidda,Sunflower,27,0
2017-2018,Rabi,Mahabubnagar,Maddur,Sunflower,3,0
2017-2018,Rabi,Mahabubnagar,Hunwada,Sunflower,1.2,0
2017-2018,Rabi,Mahabubnagar,Nawabpet,Sunflower,8,0
2017-2018,Rabi,Mahabubnagar,Balanagar,Sunflower,20,0
2017-2018,Rabi,Mahabubnagar,Rajapur,Sunflower,0,0
2017-2018,Rabi,Mahabubnagar,Midjil,Sunflower,28,0
2017-2018,Rabi,Mahabubnagar,Jadcherla,Sunflower,17,0
2017-2018,Rabi,Mahabubnagar,Mahabubnagar(r),Sunflower,0,0
2017-2018,Rabi,Mahabubnagar,Mahabubnagar(u),Sunflower,0,0
2017-2018,Rabi,Mahabubnagar,Koilkonda,Sunflower,0.2,0
2017-2018,Rabi,Mahabubnagar,Narayanpet,Sunflower,46,15
2017-2018,Rabi,Mahabubnagar,Utkoor,Sunflower,194,0
2017-2018,Rabi,Mahabubnagar,Dhanwada,Sunflower,6,4
2017-2018,Rabi,Mahabubnagar,Marikal,Sunflower,5,0
2017-2018,Rabi,Mahabubnagar,Devarkadra,Sunflower,2,0
2017-2018,Rabi,Mahabubnagar,Bhootpur,Sunflower,0.8,0
2017-2018,Rabi,Mahabubnagar,Addakal,Sunflower,0,0
2017-2018,Rabi,Mahabubnagar,Moosapet,Sunflower,0,0
2017-2018,Rabi,Mahabubnagar,Cc kunta,Sunflower,7,0
2017-2018,Rabi,Mahabubnagar,Narwa,Sunflower,5.6,0
2017-2018,Rabi,Mahabubnagar,Makthal,Sunflower,44,0
2017-2018,Rabi,Mahabubnagar,Maganoor,Sunflower,25,0
2017-2018,Rabi,Mahabubnagar,Krishna,Sunflower,19,0
2017-2018,Rabi,Mahabubnagar,Kosgi,Other oil seeds,10.6000000000001,0
2017-2018,Rabi,Mahabubnagar,Gandeed,Other oil seeds,0,0
2017-2018,Rabi,Mahabubnagar,Damaragidda,Other oil seeds,0,0
2017-2018,Rabi,Mahabubnagar,Maddur,Other oil seeds,0,10
2017-2018,Rabi,Mahabubnagar,Hunwada,Other oil seeds,4,0
2017-2018,Rabi,Mahabubnagar,Nawabpet,Other oil seeds,0,0
2017-2018,Rabi,Mahabubnagar,Balanagar,Other oil seeds,0,0
2017-2018,Rabi,Mahabubnagar,Rajapur,Other oil seeds,0,0
2017-2018,Rabi,Mahabubnagar,Midjil,Other oil seeds,1,0
2017-2018,Rabi,Mahabubnagar,Jadcherla,Other oil seeds,0,0
2017-2018,Rabi,Mahabubnagar,Mahabubnagar(r),Other oil seeds,0,0
2017-2018,Rabi,Mahabubnagar,Mahabubnagar(u),Other oil seeds,14,0
2017-2018,Rabi,Mahabubnagar,Koilkonda,Other oil seeds,8.59999999999991,102
2017-2018,Rabi,Mahabubnagar,Narayanpet,Other oil seeds,8.80000000000007,10
2017-2018,Rabi,Mahabubnagar,Utkoor,Other oil seeds,9,0
2017-2018,Rabi,Mahabubnagar,Dhanwada,Other oil seeds,0,0
2017-2018,Rabi,Mahabubnagar,Marikal,Other oil seeds,0,0
2017-2018,Rabi,Mahabubnagar,Devarkadra,Other oil seeds,14,0
2017-2018,Rabi,Mahabubnagar,Bhootpur,Other oil seeds,24.2,2
2017-2018,Rabi,Mahabubnagar,Addakal,Other oil seeds,3,20
2017-2018,Rabi,Mahabubnagar,Moosapet,Other oil seeds,2,30
2017-2018,Rabi,Mahabubnagar,Cc kunta,Other oil seeds,0,15
2017-2018,Rabi,Mahabubnagar,Narwa,Other oil seeds,2,0
2017-2018,Rabi,Mahabubnagar,Makthal,Other oil seeds,0,0
2017-2018,Rabi,Mahabubnagar,Maganoor,Other oil seeds,3,0
2017-2018,Rabi,Mahabubnagar,Krishna,Other oil seeds,9,0
2017-2018,Rabi,Mahabubnagar,Kosgi,Other food crops,40,0
2017-2018,Rabi,Mahabubnagar,Gandeed,Other food crops,86,0
2017-2018,Rabi,Mahabubnagar,Damaragidda,Other food crops,69,45
2017-2018,Rabi,Mahabubnagar,Maddur,Other food crops,21,45
2017-2018,Rabi,Mahabubnagar,Hunwada,Other food crops,163,0
2017-2018,Rabi,Mahabubnagar,Nawabpet,Other food crops,145.6,65
2017-2018,Rabi,Mahabubnagar,Balanagar,Other food crops,118,0
2017-2018,Rabi,Mahabubnagar,Rajapur,Other food crops,80,0
2017-2018,Rabi,Mahabubnagar,Midjil,Other food crops,210,0
2017-2018,Rabi,Mahabubnagar,Jadcherla,Other food crops,137,0
2017-2018,Rabi,Mahabubnagar,Mahabubnagar(r),Other food crops,47,0
2017-2018,Rabi,Mahabubnagar,Mahabubnagar(u),Other food crops,114,0
2017-2018,Rabi,Mahabubnagar,Koilkonda,Other food crops,61,60
2017-2018,Rabi,Mahabubnagar,Narayanpet,Other food crops,117,98
2017-2018,Rabi,Mahabubnagar,Utkoor,Other food crops,58,11
2017-2018,Rabi,Mahabubnagar,Dhanwada,Other food crops,45,55
2017-2018,Rabi,Mahabubnagar,Marikal,Other food crops,183,55
2017-2018,Rabi,Mahabubnagar,Devarkadra,Other food crops,12,61
2017-2018,Rabi,Mahabubnagar,Bhootpur,Other food crops,81,85
2017-2018,Rabi,Mahabubnagar,Addakal,Other food crops,0,50
2017-2018,Rabi,Mahabubnagar,Moosapet,Other food crops,9,25
2017-2018,Rabi,Mahabubnagar,Cc kunta,Other food crops,28,75
2017-2018,Rabi,Mahabubnagar,Narwa,Other food crops,86,110
2017-2018,Rabi,Mahabubnagar,Makthal,Other food crops,60,11
2017-2018,Rabi,Mahabubnagar,Maganoor,Other food crops,13,84
2017-2018,Rabi,Mahabubnagar,Krishna,Other food crops,4,0
2017-2018,Rabi,Mahabubnagar,Kosgi,Other non-food crops,0,0
2017-2018,Rabi,Mahabubnagar,Gandeed,Other non-food crops,89,55
2017-2018,Rabi,Mahabubnagar,Damaragidda,Other non-food crops,10,0
2017-2018,Rabi,Mahabubnagar,Maddur,Other non-food crops,0,0
2017-2018,Rabi,Mahabubnagar,Hunwada,Other non-food crops,39,22
2017-2018,Rabi,Mahabubnagar,Nawabpet,Other non-food crops,-0.200000000000045,0
2017-2018,Rabi,Mahabubnagar,Balanagar,Other non-food crops,0,0
2017-2018,Rabi,Mahabubnagar,Rajapur,Other non-food crops,0,0
2017-2018,Rabi,Mahabubnagar,Midjil,Other non-food crops,143,102
2017-2018,Rabi,Mahabubnagar,Jadcherla,Other non-food crops,-0.399999999999977,0
2017-2018,Rabi,Mahabubnagar,Mahabubnagar(r),Other non-food crops,1,6
2017-2018,Rabi,Mahabubnagar,Mahabubnagar(u),Other non-food crops,0,0
2017-2018,Rabi,Mahabubnagar,Koilkonda,Other non-food crops,9,12
2017-2018,Rabi,Mahabubnagar,Narayanpet,Other non-food crops,86,0
2017-2018,Rabi,Mahabubnagar,Utkoor,Other non-food crops,0,0
2017-2018,Rabi,Mahabubnagar,Dhanwada,Other non-food crops,0.200000000000045,0
2017-2018,Rabi,Mahabubnagar,Marikal,Other non-food crops,333,139
2017-2018,Rabi,Mahabubnagar,Devarkadra,Other non-food crops,0.200000000000045,0
2017-2018,Rabi,Mahabubnagar,Bhootpur,Other non-food crops,-0.200000000000045,0
2017-2018,Rabi,Mahabubnagar,Addakal,Other non-food crops,0,0
2017-2018,Rabi,Mahabubnagar,Moosapet,Other non-food crops,0,0
2017-2018,Rabi,Mahabubnagar,Cc kunta,Other non-food crops,-0.400000000000091,0
2017-2018,Rabi,Mahabubnagar,Narwa,Other non-food crops,0,0
2017-2018,Rabi,Mahabubnagar,Makthal,Other non-food crops,-0.200000000000045,0
2017-2018,Rabi,Mahabubnagar,Maganoor,Other non-food crops,-0.200000000000045,0
2017-2018,Rabi,Mahabubnagar,Krishna,Other non-food crops,0,0
2017-2018,Rabi,Mahabubnagar,Kosgi,Total,3581.6,2848
2017-2018,Rabi,Mahabubnagar,Gandeed,Total,2117,3541
2017-2018,Rabi,Mahabubnagar,Damaragidda,Total,2697,2780
2017-2018,Rabi,Mahabubnagar,Maddur,Total,2033.8,2880
2017-2018,Rabi,Mahabubnagar,Hunwada,Total,2315.6,1764
2017-2018,Rabi,Mahabubnagar,Nawabpet,Total,2155.4,1684
2017-2018,Rabi,Mahabubnagar,Balanagar,Total,832,1025
2017-2018,Rabi,Mahabubnagar,Rajapur,Total,653,336
2017-2018,Rabi,Mahabubnagar,Midjil,Total,1877.4,1666
2017-2018,Rabi,Mahabubnagar,Jadcherla,Total,1963.6,548
2017-2018,Rabi,Mahabubnagar,Mahabubnagar(r),Total,1031,974
2017-2018,Rabi,Mahabubnagar,Mahabubnagar(u),Total,586,286
2017-2018,Rabi,Mahabubnagar,Koilkonda,Total,1985.8,3289
2017-2018,Rabi,Mahabubnagar,Narayanpet,Total,2275.8,2808
2017-2018,Rabi,Mahabubnagar,Utkoor,Total,3093,1481
2017-2018,Rabi,Mahabubnagar,Dhanwada,Total,1329.2,1954
2017-2018,Rabi,Mahabubnagar,Marikal,Total,2057,2324
2017-2018,Rabi,Mahabubnagar,Devarkadra,Total,2127.2,1576
2017-2018,Rabi,Mahabubnagar,Bhootpur,Total,1141,1099
2017-2018,Rabi,Mahabubnagar,Addakal,Total,1244,1074
2017-2018,Rabi,Mahabubnagar,Moosapet,Total,721,754
2017-2018,Rabi,Mahabubnagar,Cc kunta,Total,3000.6,930
2017-2018,Rabi,Mahabubnagar,Narwa,Total,1801.6,974
2017-2018,Rabi,Mahabubnagar,Makthal,Total,3135.8,2308
2017-2018,Rabi,Mahabubnagar,Maganoor,Total,1631.8,1914
2017-2018,Rabi,Mahabubnagar,Krishna,Total,1810,1496
