year,season,districtName,mandalName,crop,normalAreaSown,actualAreaSown
2016-2017,Rabi,Mahabubnagar,Devarkadra,Paddy,1288,963
2016-2017,Rabi,Mahabubnagar,Bhootpur,Paddy,1143,851
2016-2017,Rabi,Mahabubnagar,Addakal,Paddy,892,546
2016-2017,Rabi,Mahabubnagar,Moosapet,Paddy,,0
2016-2017,Rabi,Mahabubnagar,Cc kunta,Paddy,1670,960
2016-2017,Rabi,Mahabubnagar,Nawabpet,Paddy,1212,1084
2016-2017,Rabi,Mahabubnagar,Balanagar,Paddy,813,720
2016-2017,Rabi,Mahabubnagar,Rajapur,Paddy,,0
2016-2017,Rabi,Mahabubnagar,Midjil,Paddy,1254,1280
2016-2017,Rabi,Mahabubnagar,Jadcherla,Paddy,673,704
2016-2017,Rabi,Mahabubnagar,Kosgi,Paddy,1746,885
2016-2017,Rabi,Mahabubnagar,Maddur,Paddy,914,758
2016-2017,Rabi,Mahabubnagar,Koilkonda,Paddy,947,765
2016-2017,Rabi,Mahabubnagar,Utkoor,Paddy,633,657
2016-2017,Rabi,Mahabubnagar,Narwa,Paddy,1094,1329
2016-2017,Rabi,Mahabubnagar,Makthal,Paddy,1580,1512
2016-2017,Rabi,Mahabubnagar,Maganoor,Paddy,1519,1342
2016-2017,Rabi,Mahabubnagar,Krishna,Paddy,,0
2016-2017,Rabi,Mahabubnagar,Gandeed,Paddy,1424,1372
2016-2017,Rabi,Mahabubnagar,Hunwada,Paddy,900,904
2016-2017,Rabi,Mahabubnagar,Mahabubnagar ( r ),Paddy,971,802
2016-2017,Rabi,Mahabubnagar,Mahabubnagar (u),Paddy,,0
2016-2017,Rabi,Mahabubnagar,Damaragidda,Paddy,1116,1700
2016-2017,Rabi,Mahabubnagar,Narayanpet,Paddy,724,1278
2016-2017,Rabi,Mahabubnagar,Dhanwada,Paddy,1122,1124
2016-2017,Rabi,Mahabubnagar,Marikal,Paddy,,0
2016-2017,Rabi,Mahabubnagar,Devarkadra,Wheat,0,
2016-2017,Rabi,Mahabubnagar,Bhootpur,Wheat,0,
2016-2017,Rabi,Mahabubnagar,Addakal,Wheat,0,
2016-2017,Rabi,Mahabubnagar,Moosapet,Wheat,,
2016-2017,Rabi,Mahabubnagar,Cc kunta,Wheat,0,
2016-2017,Rabi,Mahabubnagar,Nawabpet,Wheat,0,
2016-2017,Rabi,Mahabubnagar,Balanagar,Wheat,0,
2016-2017,Rabi,Mahabubnagar,Rajapur,Wheat,,
2016-2017,Rabi,Mahabubnagar,Midjil,Wheat,0,
2016-2017,Rabi,Mahabubnagar,Jadcherla,Wheat,0,
2016-2017,Rabi,Mahabubnagar,Kosgi,Wheat,0,
2016-2017,Rabi,Mahabubnagar,Maddur,Wheat,0,
2016-2017,Rabi,Mahabubnagar,Koilkonda,Wheat,0,
2016-2017,Rabi,Mahabubnagar,Utkoor,Wheat,0,
2016-2017,Rabi,Mahabubnagar,Narwa,Wheat,0,
2016-2017,Rabi,Mahabubnagar,Makthal,Wheat,0,
2016-2017,Rabi,Mahabubnagar,Maganoor,Wheat,0,
2016-2017,Rabi,Mahabubnagar,Krishna,Wheat,,
2016-2017,Rabi,Mahabubnagar,Gandeed,Wheat,,
2016-2017,Rabi,Mahabubnagar,Hunwada,Wheat,0,
2016-2017,Rabi,Mahabubnagar,Mahabubnagar ( r ),Wheat,0,
2016-2017,Rabi,Mahabubnagar,Mahabubnagar (u),Wheat,,
2016-2017,Rabi,Mahabubnagar,Damaragidda,Wheat,0,
2016-2017,Rabi,Mahabubnagar,Narayanpet,Wheat,0,
2016-2017,Rabi,Mahabubnagar,Dhanwada,Wheat,0,
2016-2017,Rabi,Mahabubnagar,Marikal,Wheat,,
2016-2017,Rabi,Mahabubnagar,Devarkadra,Jowar,3,
2016-2017,Rabi,Mahabubnagar,Bhootpur,Jowar,0,
2016-2017,Rabi,Mahabubnagar,Addakal,Jowar,1,
2016-2017,Rabi,Mahabubnagar,Moosapet,Jowar,,
2016-2017,Rabi,Mahabubnagar,Cc kunta,Jowar,3,
2016-2017,Rabi,Mahabubnagar,Nawabpet,Jowar,2,
2016-2017,Rabi,Mahabubnagar,Balanagar,Jowar,0,
2016-2017,Rabi,Mahabubnagar,Rajapur,Jowar,,
2016-2017,Rabi,Mahabubnagar,Midjil,Jowar,0,
2016-2017,Rabi,Mahabubnagar,Jadcherla,Jowar,0,
2016-2017,Rabi,Mahabubnagar,Kosgi,Jowar,48,21
2016-2017,Rabi,Mahabubnagar,Maddur,Jowar,17,
2016-2017,Rabi,Mahabubnagar,Koilkonda,Jowar,4,
2016-2017,Rabi,Mahabubnagar,Utkoor,Jowar,786,425
2016-2017,Rabi,Mahabubnagar,Narwa,Jowar,69,27
2016-2017,Rabi,Mahabubnagar,Makthal,Jowar,176,52
2016-2017,Rabi,Mahabubnagar,Maganoor,Jowar,717,479
2016-2017,Rabi,Mahabubnagar,Krishna,Jowar,,
2016-2017,Rabi,Mahabubnagar,Gandeed,Jowar,2,
2016-2017,Rabi,Mahabubnagar,Hunwada,Jowar,1,
2016-2017,Rabi,Mahabubnagar,Mahabubnagar ( r ),Jowar,0,
2016-2017,Rabi,Mahabubnagar,Mahabubnagar (u),Jowar,,
2016-2017,Rabi,Mahabubnagar,Damaragidda,Jowar,645,125
2016-2017,Rabi,Mahabubnagar,Narayanpet,Jowar,442,321
2016-2017,Rabi,Mahabubnagar,Dhanwada,Jowar,22,
2016-2017,Rabi,Mahabubnagar,Marikal,Jowar,,
2016-2017,Rabi,Mahabubnagar,Devarkadra,Bajra,0,
2016-2017,Rabi,Mahabubnagar,Bhootpur,Bajra,0,
2016-2017,Rabi,Mahabubnagar,Addakal,Bajra,0,
2016-2017,Rabi,Mahabubnagar,Moosapet,Bajra,,
2016-2017,Rabi,Mahabubnagar,Cc kunta,Bajra,0,
2016-2017,Rabi,Mahabubnagar,Nawabpet,Bajra,0,
2016-2017,Rabi,Mahabubnagar,Balanagar,Bajra,0,
2016-2017,Rabi,Mahabubnagar,Rajapur,Bajra,,
2016-2017,Rabi,Mahabubnagar,Midjil,Bajra,0,
2016-2017,Rabi,Mahabubnagar,Jadcherla,Bajra,0,
2016-2017,Rabi,Mahabubnagar,Kosgi,Bajra,0,
2016-2017,Rabi,Mahabubnagar,Maddur,Bajra,0,
2016-2017,Rabi,Mahabubnagar,Koilkonda,Bajra,0,
2016-2017,Rabi,Mahabubnagar,Utkoor,Bajra,0,
2016-2017,Rabi,Mahabubnagar,Narwa,Bajra,0,
2016-2017,Rabi,Mahabubnagar,Makthal,Bajra,0,
2016-2017,Rabi,Mahabubnagar,Maganoor,Bajra,0,
2016-2017,Rabi,Mahabubnagar,Krishna,Bajra,,
2016-2017,Rabi,Mahabubnagar,Gandeed,Bajra,,
2016-2017,Rabi,Mahabubnagar,Hunwada,Bajra,0,
2016-2017,Rabi,Mahabubnagar,Mahabubnagar ( r ),Bajra,0,
2016-2017,Rabi,Mahabubnagar,Mahabubnagar (u),Bajra,,
2016-2017,Rabi,Mahabubnagar,Damaragidda,Bajra,0,
2016-2017,Rabi,Mahabubnagar,Narayanpet,Bajra,0,
2016-2017,Rabi,Mahabubnagar,Dhanwada,Bajra,0,
2016-2017,Rabi,Mahabubnagar,Marikal,Bajra,,
2016-2017,Rabi,Mahabubnagar,Devarkadra,Maize,0,
2016-2017,Rabi,Mahabubnagar,Bhootpur,Maize,3.2,
2016-2017,Rabi,Mahabubnagar,Addakal,Maize,0,
2016-2017,Rabi,Mahabubnagar,Moosapet,Maize,,
2016-2017,Rabi,Mahabubnagar,Cc kunta,Maize,28.2,
2016-2017,Rabi,Mahabubnagar,Nawabpet,Maize,36.4,10
2016-2017,Rabi,Mahabubnagar,Balanagar,Maize,198,52
2016-2017,Rabi,Mahabubnagar,Rajapur,Maize,,
2016-2017,Rabi,Mahabubnagar,Midjil,Maize,100,5
2016-2017,Rabi,Mahabubnagar,Jadcherla,Maize,71.2,
2016-2017,Rabi,Mahabubnagar,Kosgi,Maize,24.4,
2016-2017,Rabi,Mahabubnagar,Maddur,Maize,0.8,
2016-2017,Rabi,Mahabubnagar,Koilkonda,Maize,4.6,
2016-2017,Rabi,Mahabubnagar,Utkoor,Maize,0,
2016-2017,Rabi,Mahabubnagar,Narwa,Maize,0.8,
2016-2017,Rabi,Mahabubnagar,Makthal,Maize,0,
2016-2017,Rabi,Mahabubnagar,Maganoor,Maize,0,
2016-2017,Rabi,Mahabubnagar,Krishna,Maize,,
2016-2017,Rabi,Mahabubnagar,Gandeed,Maize,20,12
2016-2017,Rabi,Mahabubnagar,Hunwada,Maize,26.4,10
2016-2017,Rabi,Mahabubnagar,Mahabubnagar ( r ),Maize,10.8,4
2016-2017,Rabi,Mahabubnagar,Mahabubnagar (u),Maize,,
2016-2017,Rabi,Mahabubnagar,Damaragidda,Maize,0,
2016-2017,Rabi,Mahabubnagar,Narayanpet,Maize,0,
2016-2017,Rabi,Mahabubnagar,Dhanwada,Maize,0.8,
2016-2017,Rabi,Mahabubnagar,Marikal,Maize,,
2016-2017,Rabi,Mahabubnagar,Devarkadra,Ragi,0,
2016-2017,Rabi,Mahabubnagar,Bhootpur,Ragi,0,
2016-2017,Rabi,Mahabubnagar,Addakal,Ragi,10.8,
2016-2017,Rabi,Mahabubnagar,Moosapet,Ragi,,
2016-2017,Rabi,Mahabubnagar,Cc kunta,Ragi,0,
2016-2017,Rabi,Mahabubnagar,Nawabpet,Ragi,6.4,
2016-2017,Rabi,Mahabubnagar,Balanagar,Ragi,0,
2016-2017,Rabi,Mahabubnagar,Rajapur,Ragi,,
2016-2017,Rabi,Mahabubnagar,Midjil,Ragi,0.4,
2016-2017,Rabi,Mahabubnagar,Jadcherla,Ragi,0,
2016-2017,Rabi,Mahabubnagar,Kosgi,Ragi,20.8,
2016-2017,Rabi,Mahabubnagar,Maddur,Ragi,4.8,
2016-2017,Rabi,Mahabubnagar,Koilkonda,Ragi,17.2,
2016-2017,Rabi,Mahabubnagar,Utkoor,Ragi,0,
2016-2017,Rabi,Mahabubnagar,Narwa,Ragi,0,
2016-2017,Rabi,Mahabubnagar,Makthal,Ragi,0,
2016-2017,Rabi,Mahabubnagar,Maganoor,Ragi,0,
2016-2017,Rabi,Mahabubnagar,Krishna,Ragi,,
2016-2017,Rabi,Mahabubnagar,Gandeed,Ragi,37,
2016-2017,Rabi,Mahabubnagar,Hunwada,Ragi,68,
2016-2017,Rabi,Mahabubnagar,Mahabubnagar ( r ),Ragi,20,
2016-2017,Rabi,Mahabubnagar,Mahabubnagar (u),Ragi,,
2016-2017,Rabi,Mahabubnagar,Damaragidda,Ragi,0,
2016-2017,Rabi,Mahabubnagar,Narayanpet,Ragi,0,
2016-2017,Rabi,Mahabubnagar,Dhanwada,Ragi,0,
2016-2017,Rabi,Mahabubnagar,Marikal,Ragi,,
2016-2017,Rabi,Mahabubnagar,Devarkadra,Horse Gram,0,
2016-2017,Rabi,Mahabubnagar,Bhootpur,Horse Gram,0,
2016-2017,Rabi,Mahabubnagar,Addakal,Horse Gram,0,
2016-2017,Rabi,Mahabubnagar,Moosapet,Horse Gram,,
2016-2017,Rabi,Mahabubnagar,Cc kunta,Horse Gram,0,
2016-2017,Rabi,Mahabubnagar,Nawabpet,Horse Gram,0,
2016-2017,Rabi,Mahabubnagar,Balanagar,Horse Gram,1,
2016-2017,Rabi,Mahabubnagar,Rajapur,Horse Gram,,
2016-2017,Rabi,Mahabubnagar,Midjil,Horse Gram,21,
2016-2017,Rabi,Mahabubnagar,Jadcherla,Horse Gram,0,
2016-2017,Rabi,Mahabubnagar,Kosgi,Horse Gram,0,
2016-2017,Rabi,Mahabubnagar,Maddur,Horse Gram,0,
2016-2017,Rabi,Mahabubnagar,Koilkonda,Horse Gram,5,
2016-2017,Rabi,Mahabubnagar,Utkoor,Horse Gram,0,
2016-2017,Rabi,Mahabubnagar,Narwa,Horse Gram,0,
2016-2017,Rabi,Mahabubnagar,Makthal,Horse Gram,0,
2016-2017,Rabi,Mahabubnagar,Maganoor,Horse Gram,0,
2016-2017,Rabi,Mahabubnagar,Krishna,Horse Gram,,
2016-2017,Rabi,Mahabubnagar,Gandeed,Horse Gram,8,
2016-2017,Rabi,Mahabubnagar,Hunwada,Horse Gram,0,
2016-2017,Rabi,Mahabubnagar,Mahabubnagar ( r ),Horse Gram,4,
2016-2017,Rabi,Mahabubnagar,Mahabubnagar (u),Horse Gram,,
2016-2017,Rabi,Mahabubnagar,Damaragidda,Horse Gram,68,25
2016-2017,Rabi,Mahabubnagar,Narayanpet,Horse Gram,7,
2016-2017,Rabi,Mahabubnagar,Dhanwada,Horse Gram,0.4,
2016-2017,Rabi,Mahabubnagar,Marikal,Horse Gram,,
2016-2017,Rabi,Mahabubnagar,Devarkadra,Bengal Gram,0,
2016-2017,Rabi,Mahabubnagar,Bhootpur,Bengal Gram,0,
2016-2017,Rabi,Mahabubnagar,Addakal,Bengal Gram,0,
2016-2017,Rabi,Mahabubnagar,Moosapet,Bengal Gram,,
2016-2017,Rabi,Mahabubnagar,Cc kunta,Bengal Gram,0,
2016-2017,Rabi,Mahabubnagar,Nawabpet,Bengal Gram,0,
2016-2017,Rabi,Mahabubnagar,Balanagar,Bengal Gram,0,
2016-2017,Rabi,Mahabubnagar,Rajapur,Bengal Gram,,
2016-2017,Rabi,Mahabubnagar,Midjil,Bengal Gram,0,
2016-2017,Rabi,Mahabubnagar,Jadcherla,Bengal Gram,7,
2016-2017,Rabi,Mahabubnagar,Kosgi,Bengal Gram,6,
2016-2017,Rabi,Mahabubnagar,Maddur,Bengal Gram,0,
2016-2017,Rabi,Mahabubnagar,Koilkonda,Bengal Gram,0,
2016-2017,Rabi,Mahabubnagar,Utkoor,Bengal Gram,475,150
2016-2017,Rabi,Mahabubnagar,Narwa,Bengal Gram,12,
2016-2017,Rabi,Mahabubnagar,Makthal,Bengal Gram,0,
2016-2017,Rabi,Mahabubnagar,Maganoor,Bengal Gram,41,20
2016-2017,Rabi,Mahabubnagar,Krishna,Bengal Gram,,
2016-2017,Rabi,Mahabubnagar,Gandeed,Bengal Gram,,
2016-2017,Rabi,Mahabubnagar,Hunwada,Bengal Gram,0,
2016-2017,Rabi,Mahabubnagar,Mahabubnagar ( r ),Bengal Gram,0,
2016-2017,Rabi,Mahabubnagar,Mahabubnagar (u),Bengal Gram,,
2016-2017,Rabi,Mahabubnagar,Damaragidda,Bengal Gram,116,
2016-2017,Rabi,Mahabubnagar,Narayanpet,Bengal Gram,5,
2016-2017,Rabi,Mahabubnagar,Dhanwada,Bengal Gram,19,
2016-2017,Rabi,Mahabubnagar,Marikal,Bengal Gram,,
2016-2017,Rabi,Mahabubnagar,Devarkadra,Chillies,0,
2016-2017,Rabi,Mahabubnagar,Bhootpur,Chillies,0,
2016-2017,Rabi,Mahabubnagar,Addakal,Chillies,0,
2016-2017,Rabi,Mahabubnagar,Moosapet,Chillies,,
2016-2017,Rabi,Mahabubnagar,Cc kunta,Chillies,12,10
2016-2017,Rabi,Mahabubnagar,Nawabpet,Chillies,0,
2016-2017,Rabi,Mahabubnagar,Balanagar,Chillies,0,
2016-2017,Rabi,Mahabubnagar,Rajapur,Chillies,,
2016-2017,Rabi,Mahabubnagar,Midjil,Chillies,0,
2016-2017,Rabi,Mahabubnagar,Jadcherla,Chillies,0,
2016-2017,Rabi,Mahabubnagar,Kosgi,Chillies,0,
2016-2017,Rabi,Mahabubnagar,Maddur,Chillies,0,
2016-2017,Rabi,Mahabubnagar,Koilkonda,Chillies,0,
2016-2017,Rabi,Mahabubnagar,Utkoor,Chillies,0,
2016-2017,Rabi,Mahabubnagar,Narwa,Chillies,0,
2016-2017,Rabi,Mahabubnagar,Makthal,Chillies,0,
2016-2017,Rabi,Mahabubnagar,Maganoor,Chillies,0,
2016-2017,Rabi,Mahabubnagar,Krishna,Chillies,,
2016-2017,Rabi,Mahabubnagar,Gandeed,Chillies,,
2016-2017,Rabi,Mahabubnagar,Hunwada,Chillies,0,
2016-2017,Rabi,Mahabubnagar,Mahabubnagar ( r ),Chillies,0,
2016-2017,Rabi,Mahabubnagar,Mahabubnagar (u),Chillies,,
2016-2017,Rabi,Mahabubnagar,Damaragidda,Chillies,0,
2016-2017,Rabi,Mahabubnagar,Narayanpet,Chillies,0,
2016-2017,Rabi,Mahabubnagar,Dhanwada,Chillies,0,
2016-2017,Rabi,Mahabubnagar,Marikal,Chillies,,
2016-2017,Rabi,Mahabubnagar,Devarkadra,Onion,44,
2016-2017,Rabi,Mahabubnagar,Bhootpur,Onion,32.8,
2016-2017,Rabi,Mahabubnagar,Addakal,Onion,8,
2016-2017,Rabi,Mahabubnagar,Moosapet,Onion,,
2016-2017,Rabi,Mahabubnagar,Cc kunta,Onion,0,
2016-2017,Rabi,Mahabubnagar,Nawabpet,Onion,37.6,
2016-2017,Rabi,Mahabubnagar,Balanagar,Onion,32.6,
2016-2017,Rabi,Mahabubnagar,Rajapur,Onion,,
2016-2017,Rabi,Mahabubnagar,Midjil,Onion,5.4,
2016-2017,Rabi,Mahabubnagar,Jadcherla,Onion,33.8,
2016-2017,Rabi,Mahabubnagar,Kosgi,Onion,35.4,
2016-2017,Rabi,Mahabubnagar,Maddur,Onion,27.8,
2016-2017,Rabi,Mahabubnagar,Koilkonda,Onion,89.6,
2016-2017,Rabi,Mahabubnagar,Utkoor,Onion,54.6,
2016-2017,Rabi,Mahabubnagar,Narwa,Onion,0,
2016-2017,Rabi,Mahabubnagar,Makthal,Onion,20,
2016-2017,Rabi,Mahabubnagar,Maganoor,Onion,1.2,
2016-2017,Rabi,Mahabubnagar,Krishna,Onion,,
2016-2017,Rabi,Mahabubnagar,Gandeed,Onion,67,
2016-2017,Rabi,Mahabubnagar,Hunwada,Onion,121.4,20
2016-2017,Rabi,Mahabubnagar,Mahabubnagar ( r ),Onion,37.4,16
2016-2017,Rabi,Mahabubnagar,Mahabubnagar (u),Onion,,
2016-2017,Rabi,Mahabubnagar,Damaragidda,Onion,0,
2016-2017,Rabi,Mahabubnagar,Narayanpet,Onion,90.6,10
2016-2017,Rabi,Mahabubnagar,Dhanwada,Onion,29.6,10
2016-2017,Rabi,Mahabubnagar,Marikal,Onion,,
2016-2017,Rabi,Mahabubnagar,Devarkadra,Other food crops,45,
2016-2017,Rabi,Mahabubnagar,Bhootpur,Other food crops,133,
2016-2017,Rabi,Mahabubnagar,Addakal,Other food crops,48.2000000000001,
2016-2017,Rabi,Mahabubnagar,Moosapet,Other food crops,,
2016-2017,Rabi,Mahabubnagar,Cc kunta,Other food crops,118.8,
2016-2017,Rabi,Mahabubnagar,Nawabpet,Other food crops,145.6,
2016-2017,Rabi,Mahabubnagar,Balanagar,Other food crops,298.4,
2016-2017,Rabi,Mahabubnagar,Rajapur,Other food crops,,
2016-2017,Rabi,Mahabubnagar,Midjil,Other food crops,256.2,
2016-2017,Rabi,Mahabubnagar,Jadcherla,Other food crops,167,
2016-2017,Rabi,Mahabubnagar,Kosgi,Other food crops,77.3999999999999,
2016-2017,Rabi,Mahabubnagar,Maddur,Other food crops,61.6,
2016-2017,Rabi,Mahabubnagar,Koilkonda,Other food crops,104.6,
2016-2017,Rabi,Mahabubnagar,Utkoor,Other food crops,35.4000000000001,
2016-2017,Rabi,Mahabubnagar,Narwa,Other food crops,250.2,
2016-2017,Rabi,Mahabubnagar,Makthal,Other food crops,25,
2016-2017,Rabi,Mahabubnagar,Maganoor,Other food crops,18.8000000000002,
2016-2017,Rabi,Mahabubnagar,Krishna,Other food crops,,
2016-2017,Rabi,Mahabubnagar,Gandeed,Other food crops,269,
2016-2017,Rabi,Mahabubnagar,Hunwada,Other food crops,173.2,
2016-2017,Rabi,Mahabubnagar,Mahabubnagar ( r ),Other food crops,114.8,
2016-2017,Rabi,Mahabubnagar,Mahabubnagar (u),Other food crops,,
2016-2017,Rabi,Mahabubnagar,Damaragidda,Other food crops,23,
2016-2017,Rabi,Mahabubnagar,Narayanpet,Other food crops,106.4,
2016-2017,Rabi,Mahabubnagar,Dhanwada,Other food crops,71.2,
2016-2017,Rabi,Mahabubnagar,Marikal,Other food crops,,
2016-2017,Rabi,Mahabubnagar,Devarkadra,Groundnut,1132.6,753
2016-2017,Rabi,Mahabubnagar,Bhootpur,Groundnut,1148.2,512
2016-2017,Rabi,Mahabubnagar,Addakal,Groundnut,1460.4,0
2016-2017,Rabi,Mahabubnagar,Moosapet,Groundnut,,0
2016-2017,Rabi,Mahabubnagar,Cc kunta,Groundnut,1206.4,902
2016-2017,Rabi,Mahabubnagar,Nawabpet,Groundnut,651,590
2016-2017,Rabi,Mahabubnagar,Balanagar,Groundnut,475.6,0
2016-2017,Rabi,Mahabubnagar,Rajapur,Groundnut,,0
2016-2017,Rabi,Mahabubnagar,Midjil,Groundnut,2257,1247
2016-2017,Rabi,Mahabubnagar,Jadcherla,Groundnut,871.8,736
2016-2017,Rabi,Mahabubnagar,Kosgi,Groundnut,1907.6,1254
2016-2017,Rabi,Mahabubnagar,Maddur,Groundnut,1864.6,912
2016-2017,Rabi,Mahabubnagar,Koilkonda,Groundnut,1473,658
2016-2017,Rabi,Mahabubnagar,Utkoor,Groundnut,1253.4,850
2016-2017,Rabi,Mahabubnagar,Narwa,Groundnut,1421.2,862
2016-2017,Rabi,Mahabubnagar,Makthal,Groundnut,1754.2,902
2016-2017,Rabi,Mahabubnagar,Maganoor,Groundnut,1147.8,945
2016-2017,Rabi,Mahabubnagar,Krishna,Groundnut,,625
2016-2017,Rabi,Mahabubnagar,Gandeed,Groundnut,2375,947
2016-2017,Rabi,Mahabubnagar,Hunwada,Groundnut,1235.8,985
2016-2017,Rabi,Mahabubnagar,Mahabubnagar ( r ),Groundnut,734.4,536
2016-2017,Rabi,Mahabubnagar,Mahabubnagar (u),Groundnut,,0
2016-2017,Rabi,Mahabubnagar,Damaragidda,Groundnut,1419,802
2016-2017,Rabi,Mahabubnagar,Narayanpet,Groundnut,971.4,602
2016-2017,Rabi,Mahabubnagar,Dhanwada,Groundnut,1459,512
2016-2017,Rabi,Mahabubnagar,Marikal,Groundnut,,0
2016-2017,Rabi,Mahabubnagar,Devarkadra,Safflower,0,
2016-2017,Rabi,Mahabubnagar,Bhootpur,Safflower,0,
2016-2017,Rabi,Mahabubnagar,Addakal,Safflower,0,
2016-2017,Rabi,Mahabubnagar,Moosapet,Safflower,,
2016-2017,Rabi,Mahabubnagar,Cc kunta,Safflower,0,
2016-2017,Rabi,Mahabubnagar,Nawabpet,Safflower,0,
2016-2017,Rabi,Mahabubnagar,Balanagar,Safflower,0,
2016-2017,Rabi,Mahabubnagar,Rajapur,Safflower,,
2016-2017,Rabi,Mahabubnagar,Midjil,Safflower,0,
2016-2017,Rabi,Mahabubnagar,Jadcherla,Safflower,0,
2016-2017,Rabi,Mahabubnagar,Kosgi,Safflower,8.4,
2016-2017,Rabi,Mahabubnagar,Maddur,Safflower,0,
2016-2017,Rabi,Mahabubnagar,Koilkonda,Safflower,0,
2016-2017,Rabi,Mahabubnagar,Utkoor,Safflower,286.4,
2016-2017,Rabi,Mahabubnagar,Narwa,Safflower,0,
2016-2017,Rabi,Mahabubnagar,Makthal,Safflower,0,
2016-2017,Rabi,Mahabubnagar,Maganoor,Safflower,0,
2016-2017,Rabi,Mahabubnagar,Krishna,Safflower,,
2016-2017,Rabi,Mahabubnagar,Gandeed,Safflower,,
2016-2017,Rabi,Mahabubnagar,Hunwada,Safflower,0,
2016-2017,Rabi,Mahabubnagar,Mahabubnagar ( r ),Safflower,0,
2016-2017,Rabi,Mahabubnagar,Mahabubnagar (u),Safflower,,
2016-2017,Rabi,Mahabubnagar,Damaragidda,Safflower,45,
2016-2017,Rabi,Mahabubnagar,Narayanpet,Safflower,5.6,
2016-2017,Rabi,Mahabubnagar,Dhanwada,Safflower,15.6,
2016-2017,Rabi,Mahabubnagar,Marikal,Safflower,,
2016-2017,Rabi,Mahabubnagar,Devarkadra,Sunflower,1.2,
2016-2017,Rabi,Mahabubnagar,Bhootpur,Sunflower,0.8,
2016-2017,Rabi,Mahabubnagar,Addakal,Sunflower,0,
2016-2017,Rabi,Mahabubnagar,Moosapet,Sunflower,,
2016-2017,Rabi,Mahabubnagar,Cc kunta,Sunflower,0,
2016-2017,Rabi,Mahabubnagar,Nawabpet,Sunflower,4.2,
2016-2017,Rabi,Mahabubnagar,Balanagar,Sunflower,54.4,
2016-2017,Rabi,Mahabubnagar,Rajapur,Sunflower,,
2016-2017,Rabi,Mahabubnagar,Midjil,Sunflower,153.8,15
2016-2017,Rabi,Mahabubnagar,Jadcherla,Sunflower,28.6,
2016-2017,Rabi,Mahabubnagar,Kosgi,Sunflower,4.2,
2016-2017,Rabi,Mahabubnagar,Maddur,Sunflower,1.6,
2016-2017,Rabi,Mahabubnagar,Koilkonda,Sunflower,0.2,
2016-2017,Rabi,Mahabubnagar,Utkoor,Sunflower,251.4,
2016-2017,Rabi,Mahabubnagar,Narwa,Sunflower,5.6,
2016-2017,Rabi,Mahabubnagar,Makthal,Sunflower,111.6,
2016-2017,Rabi,Mahabubnagar,Maganoor,Sunflower,68.4,
2016-2017,Rabi,Mahabubnagar,Krishna,Sunflower,,
2016-2017,Rabi,Mahabubnagar,Gandeed,Sunflower,,
2016-2017,Rabi,Mahabubnagar,Hunwada,Sunflower,1.2,
2016-2017,Rabi,Mahabubnagar,Mahabubnagar ( r ),Sunflower,7,
2016-2017,Rabi,Mahabubnagar,Mahabubnagar (u),Sunflower,,
2016-2017,Rabi,Mahabubnagar,Damaragidda,Sunflower,29.8,
2016-2017,Rabi,Mahabubnagar,Narayanpet,Sunflower,23.8,
2016-2017,Rabi,Mahabubnagar,Dhanwada,Sunflower,29.4,
2016-2017,Rabi,Mahabubnagar,Marikal,Sunflower,,
2016-2017,Rabi,Mahabubnagar,Devarkadra,Other oil seeds,40,
2016-2017,Rabi,Mahabubnagar,Bhootpur,Other oil seeds,24.2,
2016-2017,Rabi,Mahabubnagar,Addakal,Other oil seeds,12.1999999999998,
2016-2017,Rabi,Mahabubnagar,Moosapet,Other oil seeds,,
2016-2017,Rabi,Mahabubnagar,Cc kunta,Other oil seeds,0,
2016-2017,Rabi,Mahabubnagar,Nawabpet,Other oil seeds,0,
2016-2017,Rabi,Mahabubnagar,Balanagar,Other oil seeds,0,
2016-2017,Rabi,Mahabubnagar,Rajapur,Other oil seeds,,
2016-2017,Rabi,Mahabubnagar,Midjil,Other oil seeds,4.39999999999964,
2016-2017,Rabi,Mahabubnagar,Jadcherla,Other oil seeds,0,
2016-2017,Rabi,Mahabubnagar,Kosgi,Other oil seeds,10.6000000000001,
2016-2017,Rabi,Mahabubnagar,Maddur,Other oil seeds,11.8000000000002,
2016-2017,Rabi,Mahabubnagar,Koilkonda,Other oil seeds,8.59999999999991,
2016-2017,Rabi,Mahabubnagar,Utkoor,Other oil seeds,1.79999999999995,
2016-2017,Rabi,Mahabubnagar,Narwa,Other oil seeds,17.8,
2016-2017,Rabi,Mahabubnagar,Makthal,Other oil seeds,0,
2016-2017,Rabi,Mahabubnagar,Maganoor,Other oil seeds,17,
2016-2017,Rabi,Mahabubnagar,Krishna,Other oil seeds,,
2016-2017,Rabi,Mahabubnagar,Gandeed,Other oil seeds,,
2016-2017,Rabi,Mahabubnagar,Hunwada,Other oil seeds,4.79999999999995,
2016-2017,Rabi,Mahabubnagar,Mahabubnagar ( r ),Other oil seeds,0.600000000000023,
2016-2017,Rabi,Mahabubnagar,Mahabubnagar (u),Other oil seeds,,
2016-2017,Rabi,Mahabubnagar,Damaragidda,Other oil seeds,0,
2016-2017,Rabi,Mahabubnagar,Narayanpet,Other oil seeds,8.80000000000007,
2016-2017,Rabi,Mahabubnagar,Dhanwada,Other oil seeds,53.8,
2016-2017,Rabi,Mahabubnagar,Marikal,Other oil seeds,,
2016-2017,Rabi,Mahabubnagar,Devarkadra,Tobacco,0,
2016-2017,Rabi,Mahabubnagar,Bhootpur,Tobacco,0,
2016-2017,Rabi,Mahabubnagar,Addakal,Tobacco,0,
2016-2017,Rabi,Mahabubnagar,Moosapet,Tobacco,,
2016-2017,Rabi,Mahabubnagar,Cc kunta,Tobacco,0,
2016-2017,Rabi,Mahabubnagar,Nawabpet,Tobacco,0,
2016-2017,Rabi,Mahabubnagar,Balanagar,Tobacco,0,
2016-2017,Rabi,Mahabubnagar,Rajapur,Tobacco,,
2016-2017,Rabi,Mahabubnagar,Midjil,Tobacco,0,
2016-2017,Rabi,Mahabubnagar,Jadcherla,Tobacco,0,
2016-2017,Rabi,Mahabubnagar,Kosgi,Tobacco,0,
2016-2017,Rabi,Mahabubnagar,Maddur,Tobacco,0,
2016-2017,Rabi,Mahabubnagar,Koilkonda,Tobacco,0,
2016-2017,Rabi,Mahabubnagar,Utkoor,Tobacco,0,
2016-2017,Rabi,Mahabubnagar,Narwa,Tobacco,0,
2016-2017,Rabi,Mahabubnagar,Makthal,Tobacco,5.4,
2016-2017,Rabi,Mahabubnagar,Maganoor,Tobacco,0,
2016-2017,Rabi,Mahabubnagar,Krishna,Tobacco,,
2016-2017,Rabi,Mahabubnagar,Gandeed,Tobacco,,
2016-2017,Rabi,Mahabubnagar,Hunwada,Tobacco,0,
2016-2017,Rabi,Mahabubnagar,Mahabubnagar ( r ),Tobacco,0,
2016-2017,Rabi,Mahabubnagar,Mahabubnagar (u),Tobacco,,
2016-2017,Rabi,Mahabubnagar,Damaragidda,Tobacco,0,
2016-2017,Rabi,Mahabubnagar,Narayanpet,Tobacco,0,
2016-2017,Rabi,Mahabubnagar,Dhanwada,Tobacco,0,
2016-2017,Rabi,Mahabubnagar,Marikal,Tobacco,,
2016-2017,Rabi,Mahabubnagar,Devarkadra,Other non-food crops,0.200000000000045,
2016-2017,Rabi,Mahabubnagar,Bhootpur,Other non-food crops,-0.200000000000045,
2016-2017,Rabi,Mahabubnagar,Addakal,Other non-food crops,2.40000000000009,
2016-2017,Rabi,Mahabubnagar,Moosapet,Other non-food crops,,
2016-2017,Rabi,Mahabubnagar,Cc kunta,Other non-food crops,-0.400000000000091,
2016-2017,Rabi,Mahabubnagar,Nawabpet,Other non-food crops,-0.200000000000045,
2016-2017,Rabi,Mahabubnagar,Balanagar,Other non-food crops,0,
2016-2017,Rabi,Mahabubnagar,Rajapur,Other non-food crops,,
2016-2017,Rabi,Mahabubnagar,Midjil,Other non-food crops,127.8,
2016-2017,Rabi,Mahabubnagar,Jadcherla,Other non-food crops,-0.399999999999977,
2016-2017,Rabi,Mahabubnagar,Kosgi,Other non-food crops,0,
2016-2017,Rabi,Mahabubnagar,Maddur,Other non-food crops,0,
2016-2017,Rabi,Mahabubnagar,Koilkonda,Other non-food crops,13.2,
2016-2017,Rabi,Mahabubnagar,Utkoor,Other non-food crops,0,
2016-2017,Rabi,Mahabubnagar,Narwa,Other non-food crops,0.400000000000091,
2016-2017,Rabi,Mahabubnagar,Makthal,Other non-food crops,-0.200000000000045,
2016-2017,Rabi,Mahabubnagar,Maganoor,Other non-food crops,-0.200000000000045,
2016-2017,Rabi,Mahabubnagar,Krishna,Other non-food crops,,
2016-2017,Rabi,Mahabubnagar,Gandeed,Other non-food crops,90,
2016-2017,Rabi,Mahabubnagar,Hunwada,Other non-food crops,26.2,
2016-2017,Rabi,Mahabubnagar,Mahabubnagar ( r ),Other non-food crops,4,
2016-2017,Rabi,Mahabubnagar,Mahabubnagar (u),Other non-food crops,,
2016-2017,Rabi,Mahabubnagar,Damaragidda,Other non-food crops,0.200000000000045,
2016-2017,Rabi,Mahabubnagar,Narayanpet,Other non-food crops,0.399999999999977,
2016-2017,Rabi,Mahabubnagar,Dhanwada,Other non-food crops,0.200000000000045,
2016-2017,Rabi,Mahabubnagar,Marikal,Other non-food crops,,
2016-2017,Rabi,Mahabubnagar,Devarkadra,Total,2554,1716
2016-2017,Rabi,Mahabubnagar,Bhootpur,Total,2485,1363
2016-2017,Rabi,Mahabubnagar,Addakal,Total,2435,546
2016-2017,Rabi,Mahabubnagar,Moosapet,Total,0,0
2016-2017,Rabi,Mahabubnagar,Cc kunta,Total,3038,1872
2016-2017,Rabi,Mahabubnagar,Nawabpet,Total,2095,1684
2016-2017,Rabi,Mahabubnagar,Balanagar,Total,1873,772
2016-2017,Rabi,Mahabubnagar,Rajapur,Total,0,0
2016-2017,Rabi,Mahabubnagar,Midjil,Total,4180,2547
2016-2017,Rabi,Mahabubnagar,Jadcherla,Total,1852,1440
2016-2017,Rabi,Mahabubnagar,Kosgi,Total,3888.8,2160
2016-2017,Rabi,Mahabubnagar,Maddur,Total,2904,1670
2016-2017,Rabi,Mahabubnagar,Koilkonda,Total,2667,1423
2016-2017,Rabi,Mahabubnagar,Utkoor,Total,3777,2082
2016-2017,Rabi,Mahabubnagar,Narwa,Total,2871,2218
2016-2017,Rabi,Mahabubnagar,Makthal,Total,3672,2466
2016-2017,Rabi,Mahabubnagar,Maganoor,Total,3530,2786
2016-2017,Rabi,Mahabubnagar,Krishna,Total,0,625
2016-2017,Rabi,Mahabubnagar,Gandeed,Total,4292,2331
2016-2017,Rabi,Mahabubnagar,Hunwada,Total,2558,1919
2016-2017,Rabi,Mahabubnagar,Mahabubnagar ( r ),Total,1904,1358
2016-2017,Rabi,Mahabubnagar,Mahabubnagar (u),Total,0,0
2016-2017,Rabi,Mahabubnagar,Damaragidda,Total,3462,2652
2016-2017,Rabi,Mahabubnagar,Narayanpet,Total,2385,2211
2016-2017,Rabi,Mahabubnagar,Dhanwada,Total,2823,1646
2016-2017,Rabi,Mahabubnagar,Marikal,Total,0,0
