year,season,districtName,mandalName,crop,normalAreaSown,actualAreaSown
2018-2019,Rabi,Mahabubnagar,Damargidda,Paddy,804,
2018-2019,Rabi,Mahabubnagar,Narayanpet,Paddy,605,
2018-2019,Rabi,Mahabubnagar,Utkoor,Paddy,531,38
2018-2019,Rabi,Mahabubnagar,Maganoor,Paddy,883,
2018-2019,Rabi,Mahabubnagar,Krishna,Paddy,994,
2018-2019,Rabi,Mahabubnagar,Makthal,Paddy,1676,0
2018-2019,Rabi,Mahabubnagar,Narva,Paddy,918,
2018-2019,Rabi,Mahabubnagar,Cckunta,Paddy,1752,
2018-2019,Rabi,Mahabubnagar,Marikal,Paddy,957,0
2018-2019,Rabi,Mahabubnagar,Dhanwada,Paddy,659,
2018-2019,Rabi,Mahabubnagar,Koilkonda,Paddy,815,
2018-2019,Rabi,Mahabubnagar,Maddur,Paddy,760,
2018-2019,Rabi,Mahabubnagar,Kosgi,Paddy,1378,
2018-2019,Rabi,Mahabubnagar,Gandeed,Paddy,1208,
2018-2019,Rabi,Mahabubnagar,Hanwada,Paddy,684,
2018-2019,Rabi,Mahabubnagar,Mahabubnagar (r),Paddy,598.5,
2018-2019,Rabi,Mahabubnagar,Devarkadra,Paddy,1294,
2018-2019,Rabi,Mahabubnagar,Addakal,Paddy,454,
2018-2019,Rabi,Mahabubnagar,Moosapet,Paddy,377,
2018-2019,Rabi,Mahabubnagar,Bhoothpur,Paddy,455,
2018-2019,Rabi,Mahabubnagar,Mahabubnagar (u),Paddy,310,
2018-2019,Rabi,Mahabubnagar,Nawabpet,Paddy,707.5,
2018-2019,Rabi,Mahabubnagar,Balanagar,Paddy,384.5,
2018-2019,Rabi,Mahabubnagar,Rajapur,Paddy,211,
2018-2019,Rabi,Mahabubnagar,Jadcherla,Paddy,659,
2018-2019,Rabi,Mahabubnagar,Midjil,Paddy,633.5,
2018-2019,Rabi,Mahabubnagar,Damargidda,Jowar,352,224
2018-2019,Rabi,Mahabubnagar,Narayanpet,Jowar,304,244
2018-2019,Rabi,Mahabubnagar,Utkoor,Jowar,52,80
2018-2019,Rabi,Mahabubnagar,Maganoor,Jowar,83,64
2018-2019,Rabi,Mahabubnagar,Krishna,Jowar,94,67
2018-2019,Rabi,Mahabubnagar,Makthal,Jowar,75,32
2018-2019,Rabi,Mahabubnagar,Narva,Jowar,22,12
2018-2019,Rabi,Mahabubnagar,Cckunta,Jowar,4,0
2018-2019,Rabi,Mahabubnagar,Marikal,Jowar,9,0
2018-2019,Rabi,Mahabubnagar,Dhanwada,Jowar,10,0
2018-2019,Rabi,Mahabubnagar,Koilkonda,Jowar,3,0
2018-2019,Rabi,Mahabubnagar,Maddur,Jowar,37,6
2018-2019,Rabi,Mahabubnagar,Kosgi,Jowar,35,5
2018-2019,Rabi,Mahabubnagar,Gandeed,Jowar,0,0
2018-2019,Rabi,Mahabubnagar,Hanwada,Jowar,5,10
2018-2019,Rabi,Mahabubnagar,Mahabubnagar (r),Jowar,0,0
2018-2019,Rabi,Mahabubnagar,Devarkadra,Jowar,1,2
2018-2019,Rabi,Mahabubnagar,Addakal,Jowar,1,0
2018-2019,Rabi,Mahabubnagar,Moosapet,Jowar,0,0
2018-2019,Rabi,Mahabubnagar,Bhoothpur,Jowar,0,0
2018-2019,Rabi,Mahabubnagar,Mahabubnagar (u),Jowar,0,0
2018-2019,Rabi,Mahabubnagar,Nawabpet,Jowar,1,2
2018-2019,Rabi,Mahabubnagar,Balanagar,Jowar,0,0
2018-2019,Rabi,Mahabubnagar,Rajapur,Jowar,0,0
2018-2019,Rabi,Mahabubnagar,Jadcherla,Jowar,0,0
2018-2019,Rabi,Mahabubnagar,Midjil,Jowar,0,0
2018-2019,Rabi,Mahabubnagar,Damargidda,Bajra,0,
2018-2019,Rabi,Mahabubnagar,Narayanpet,Bajra,1,
2018-2019,Rabi,Mahabubnagar,Utkoor,Bajra,0,0
2018-2019,Rabi,Mahabubnagar,Maganoor,Bajra,0,
2018-2019,Rabi,Mahabubnagar,Krishna,Bajra,0,
2018-2019,Rabi,Mahabubnagar,Makthal,Bajra,0,0
2018-2019,Rabi,Mahabubnagar,Narva,Bajra,0,
2018-2019,Rabi,Mahabubnagar,Cckunta,Bajra,0,
2018-2019,Rabi,Mahabubnagar,Marikal,Bajra,0,0
2018-2019,Rabi,Mahabubnagar,Dhanwada,Bajra,0,
2018-2019,Rabi,Mahabubnagar,Koilkonda,Bajra,0,
2018-2019,Rabi,Mahabubnagar,Maddur,Bajra,0,
2018-2019,Rabi,Mahabubnagar,Kosgi,Bajra,14,
2018-2019,Rabi,Mahabubnagar,Gandeed,Bajra,0,
2018-2019,Rabi,Mahabubnagar,Hanwada,Bajra,0,
2018-2019,Rabi,Mahabubnagar,Mahabubnagar (r),Bajra,0,
2018-2019,Rabi,Mahabubnagar,Devarkadra,Bajra,0,
2018-2019,Rabi,Mahabubnagar,Addakal,Bajra,0,
2018-2019,Rabi,Mahabubnagar,Moosapet,Bajra,0,
2018-2019,Rabi,Mahabubnagar,Bhoothpur,Bajra,0,
2018-2019,Rabi,Mahabubnagar,Mahabubnagar (u),Bajra,0,
2018-2019,Rabi,Mahabubnagar,Nawabpet,Bajra,0,
2018-2019,Rabi,Mahabubnagar,Balanagar,Bajra,0,
2018-2019,Rabi,Mahabubnagar,Rajapur,Bajra,0,
2018-2019,Rabi,Mahabubnagar,Jadcherla,Bajra,0,
2018-2019,Rabi,Mahabubnagar,Midjil,Bajra,0,
2018-2019,Rabi,Mahabubnagar,Damargidda,Maize,0,
2018-2019,Rabi,Mahabubnagar,Narayanpet,Maize,0,
2018-2019,Rabi,Mahabubnagar,Utkoor,Maize,0,0
2018-2019,Rabi,Mahabubnagar,Maganoor,Maize,0,
2018-2019,Rabi,Mahabubnagar,Krishna,Maize,0,
2018-2019,Rabi,Mahabubnagar,Makthal,Maize,0,0
2018-2019,Rabi,Mahabubnagar,Narva,Maize,0,
2018-2019,Rabi,Mahabubnagar,Cckunta,Maize,2,
2018-2019,Rabi,Mahabubnagar,Marikal,Maize,0,0
2018-2019,Rabi,Mahabubnagar,Dhanwada,Maize,0,
2018-2019,Rabi,Mahabubnagar,Koilkonda,Maize,0,
2018-2019,Rabi,Mahabubnagar,Maddur,Maize,0,
2018-2019,Rabi,Mahabubnagar,Kosgi,Maize,0,
2018-2019,Rabi,Mahabubnagar,Gandeed,Maize,12,
2018-2019,Rabi,Mahabubnagar,Hanwada,Maize,29,
2018-2019,Rabi,Mahabubnagar,Mahabubnagar (r),Maize,2.5,
2018-2019,Rabi,Mahabubnagar,Devarkadra,Maize,0,
2018-2019,Rabi,Mahabubnagar,Addakal,Maize,0,
2018-2019,Rabi,Mahabubnagar,Moosapet,Maize,0,
2018-2019,Rabi,Mahabubnagar,Bhoothpur,Maize,4,
2018-2019,Rabi,Mahabubnagar,Mahabubnagar (u),Maize,0,
2018-2019,Rabi,Mahabubnagar,Nawabpet,Maize,27,
2018-2019,Rabi,Mahabubnagar,Balanagar,Maize,39.5,
2018-2019,Rabi,Mahabubnagar,Rajapur,Maize,9.5,
2018-2019,Rabi,Mahabubnagar,Jadcherla,Maize,127,
2018-2019,Rabi,Mahabubnagar,Midjil,Maize,14,
2018-2019,Rabi,Mahabubnagar,Damargidda,Ragi,0,
2018-2019,Rabi,Mahabubnagar,Narayanpet,Ragi,0,
2018-2019,Rabi,Mahabubnagar,Utkoor,Ragi,0,0
2018-2019,Rabi,Mahabubnagar,Maganoor,Ragi,0,
2018-2019,Rabi,Mahabubnagar,Krishna,Ragi,0,
2018-2019,Rabi,Mahabubnagar,Makthal,Ragi,0,0
2018-2019,Rabi,Mahabubnagar,Narva,Ragi,0,
2018-2019,Rabi,Mahabubnagar,Cckunta,Ragi,0,
2018-2019,Rabi,Mahabubnagar,Marikal,Ragi,0,0
2018-2019,Rabi,Mahabubnagar,Dhanwada,Ragi,0,
2018-2019,Rabi,Mahabubnagar,Koilkonda,Ragi,19,
2018-2019,Rabi,Mahabubnagar,Maddur,Ragi,0,
2018-2019,Rabi,Mahabubnagar,Kosgi,Ragi,0,
2018-2019,Rabi,Mahabubnagar,Gandeed,Ragi,43,
2018-2019,Rabi,Mahabubnagar,Hanwada,Ragi,71,
2018-2019,Rabi,Mahabubnagar,Mahabubnagar (r),Ragi,22,
2018-2019,Rabi,Mahabubnagar,Devarkadra,Ragi,1,
2018-2019,Rabi,Mahabubnagar,Addakal,Ragi,2,
2018-2019,Rabi,Mahabubnagar,Moosapet,Ragi,7,
2018-2019,Rabi,Mahabubnagar,Bhoothpur,Ragi,0,
2018-2019,Rabi,Mahabubnagar,Mahabubnagar (u),Ragi,4,
2018-2019,Rabi,Mahabubnagar,Nawabpet,Ragi,40,
2018-2019,Rabi,Mahabubnagar,Balanagar,Ragi,0,
2018-2019,Rabi,Mahabubnagar,Rajapur,Ragi,0,
2018-2019,Rabi,Mahabubnagar,Jadcherla,Ragi,0,
2018-2019,Rabi,Mahabubnagar,Midjil,Ragi,0,
2018-2019,Rabi,Mahabubnagar,Damargidda,Horse Gram,36,
2018-2019,Rabi,Mahabubnagar,Narayanpet,Horse Gram,92,
2018-2019,Rabi,Mahabubnagar,Utkoor,Horse Gram,0,0
2018-2019,Rabi,Mahabubnagar,Maganoor,Horse Gram,0,
2018-2019,Rabi,Mahabubnagar,Krishna,Horse Gram,0,
2018-2019,Rabi,Mahabubnagar,Makthal,Horse Gram,0,0
2018-2019,Rabi,Mahabubnagar,Narva,Horse Gram,0,
2018-2019,Rabi,Mahabubnagar,Cckunta,Horse Gram,0,
2018-2019,Rabi,Mahabubnagar,Marikal,Horse Gram,4,0
2018-2019,Rabi,Mahabubnagar,Dhanwada,Horse Gram,2,
2018-2019,Rabi,Mahabubnagar,Koilkonda,Horse Gram,0,
2018-2019,Rabi,Mahabubnagar,Maddur,Horse Gram,0,
2018-2019,Rabi,Mahabubnagar,Kosgi,Horse Gram,0,
2018-2019,Rabi,Mahabubnagar,Gandeed,Horse Gram,0,
2018-2019,Rabi,Mahabubnagar,Hanwada,Horse Gram,0,
2018-2019,Rabi,Mahabubnagar,Mahabubnagar (r),Horse Gram,0,
2018-2019,Rabi,Mahabubnagar,Devarkadra,Horse Gram,0,
2018-2019,Rabi,Mahabubnagar,Addakal,Horse Gram,0,
2018-2019,Rabi,Mahabubnagar,Moosapet,Horse Gram,0,
2018-2019,Rabi,Mahabubnagar,Bhoothpur,Horse Gram,0,
2018-2019,Rabi,Mahabubnagar,Mahabubnagar (u),Horse Gram,0,
2018-2019,Rabi,Mahabubnagar,Nawabpet,Horse Gram,0,
2018-2019,Rabi,Mahabubnagar,Balanagar,Horse Gram,2,
2018-2019,Rabi,Mahabubnagar,Rajapur,Horse Gram,3,
2018-2019,Rabi,Mahabubnagar,Jadcherla,Horse Gram,0,
2018-2019,Rabi,Mahabubnagar,Midjil,Horse Gram,0,
2018-2019,Rabi,Mahabubnagar,Damargidda,Cow Gram,0,
2018-2019,Rabi,Mahabubnagar,Narayanpet,Cow Gram,0,
2018-2019,Rabi,Mahabubnagar,Utkoor,Cow Gram,0,0
2018-2019,Rabi,Mahabubnagar,Maganoor,Cow Gram,0,
2018-2019,Rabi,Mahabubnagar,Krishna,Cow Gram,0,
2018-2019,Rabi,Mahabubnagar,Makthal,Cow Gram,0,0
2018-2019,Rabi,Mahabubnagar,Narva,Cow Gram,0,
2018-2019,Rabi,Mahabubnagar,Cckunta,Cow Gram,0,
2018-2019,Rabi,Mahabubnagar,Marikal,Cow Gram,0,0
2018-2019,Rabi,Mahabubnagar,Dhanwada,Cow Gram,0,
2018-2019,Rabi,Mahabubnagar,Koilkonda,Cow Gram,0,
2018-2019,Rabi,Mahabubnagar,Maddur,Cow Gram,0,
2018-2019,Rabi,Mahabubnagar,Kosgi,Cow Gram,0,
2018-2019,Rabi,Mahabubnagar,Gandeed,Cow Gram,37,
2018-2019,Rabi,Mahabubnagar,Hanwada,Cow Gram,0,
2018-2019,Rabi,Mahabubnagar,Mahabubnagar (r),Cow Gram,0,
2018-2019,Rabi,Mahabubnagar,Devarkadra,Cow Gram,0,
2018-2019,Rabi,Mahabubnagar,Addakal,Cow Gram,0,
2018-2019,Rabi,Mahabubnagar,Moosapet,Cow Gram,0,
2018-2019,Rabi,Mahabubnagar,Bhoothpur,Cow Gram,0,
2018-2019,Rabi,Mahabubnagar,Mahabubnagar (u),Cow Gram,0,
2018-2019,Rabi,Mahabubnagar,Nawabpet,Cow Gram,0.5,
2018-2019,Rabi,Mahabubnagar,Balanagar,Cow Gram,0,
2018-2019,Rabi,Mahabubnagar,Rajapur,Cow Gram,0,
2018-2019,Rabi,Mahabubnagar,Jadcherla,Cow Gram,0,
2018-2019,Rabi,Mahabubnagar,Midjil,Cow Gram,0,
2018-2019,Rabi,Mahabubnagar,Damargidda,Bengal Gram,35,
2018-2019,Rabi,Mahabubnagar,Narayanpet,Bengal Gram,17,
2018-2019,Rabi,Mahabubnagar,Utkoor,Bengal Gram,294,192
2018-2019,Rabi,Mahabubnagar,Maganoor,Bengal Gram,2,
2018-2019,Rabi,Mahabubnagar,Krishna,Bengal Gram,70,
2018-2019,Rabi,Mahabubnagar,Makthal,Bengal Gram,0,0
2018-2019,Rabi,Mahabubnagar,Narva,Bengal Gram,17,
2018-2019,Rabi,Mahabubnagar,Cckunta,Bengal Gram,0,
2018-2019,Rabi,Mahabubnagar,Marikal,Bengal Gram,3,0
2018-2019,Rabi,Mahabubnagar,Dhanwada,Bengal Gram,4,
2018-2019,Rabi,Mahabubnagar,Koilkonda,Bengal Gram,0,
2018-2019,Rabi,Mahabubnagar,Maddur,Bengal Gram,0,
2018-2019,Rabi,Mahabubnagar,Kosgi,Bengal Gram,18,
2018-2019,Rabi,Mahabubnagar,Gandeed,Bengal Gram,0,
2018-2019,Rabi,Mahabubnagar,Hanwada,Bengal Gram,0,
2018-2019,Rabi,Mahabubnagar,Mahabubnagar (r),Bengal Gram,0,
2018-2019,Rabi,Mahabubnagar,Devarkadra,Bengal Gram,0,
2018-2019,Rabi,Mahabubnagar,Addakal,Bengal Gram,0,
2018-2019,Rabi,Mahabubnagar,Moosapet,Bengal Gram,0,
2018-2019,Rabi,Mahabubnagar,Bhoothpur,Bengal Gram,0,
2018-2019,Rabi,Mahabubnagar,Mahabubnagar (u),Bengal Gram,0,
2018-2019,Rabi,Mahabubnagar,Nawabpet,Bengal Gram,2.5,
2018-2019,Rabi,Mahabubnagar,Balanagar,Bengal Gram,1,
2018-2019,Rabi,Mahabubnagar,Rajapur,Bengal Gram,0,
2018-2019,Rabi,Mahabubnagar,Jadcherla,Bengal Gram,3,
2018-2019,Rabi,Mahabubnagar,Midjil,Bengal Gram,0,
2018-2019,Rabi,Mahabubnagar,Damargidda,Groundnut,888,1124
2018-2019,Rabi,Mahabubnagar,Narayanpet,Groundnut,1052,910
2018-2019,Rabi,Mahabubnagar,Utkoor,Groundnut,804,155
2018-2019,Rabi,Mahabubnagar,Maganoor,Groundnut,639,201
2018-2019,Rabi,Mahabubnagar,Krishna,Groundnut,291,61
2018-2019,Rabi,Mahabubnagar,Makthal,Groundnut,138,251
2018-2019,Rabi,Mahabubnagar,Narva,Groundnut,653,88
2018-2019,Rabi,Mahabubnagar,Cckunta,Groundnut,332.5,56
2018-2019,Rabi,Mahabubnagar,Marikal,Groundnut,522,154
2018-2019,Rabi,Mahabubnagar,Dhanwada,Groundnut,594,112
2018-2019,Rabi,Mahabubnagar,Koilkonda,Groundnut,1134,301
2018-2019,Rabi,Mahabubnagar,Maddur,Groundnut,1607,1199
2018-2019,Rabi,Mahabubnagar,Kosgi,Groundnut,1596,501
2018-2019,Rabi,Mahabubnagar,Gandeed,Groundnut,1214,244
2018-2019,Rabi,Mahabubnagar,Hanwada,Groundnut,1029,201
2018-2019,Rabi,Mahabubnagar,Mahabubnagar (r),Groundnut,389.5,33
2018-2019,Rabi,Mahabubnagar,Devarkadra,Groundnut,854,175
2018-2019,Rabi,Mahabubnagar,Addakal,Groundnut,641,211
2018-2019,Rabi,Mahabubnagar,Moosapet,Groundnut,294,98
2018-2019,Rabi,Mahabubnagar,Bhoothpur,Groundnut,452,87
2018-2019,Rabi,Mahabubnagar,Mahabubnagar (u),Groundnut,110,28
2018-2019,Rabi,Mahabubnagar,Nawabpet,Groundnut,553,121
2018-2019,Rabi,Mahabubnagar,Balanagar,Groundnut,148,44
2018-2019,Rabi,Mahabubnagar,Rajapur,Groundnut,142.5,48
2018-2019,Rabi,Mahabubnagar,Jadcherla,Groundnut,712,196
2018-2019,Rabi,Mahabubnagar,Midjil,Groundnut,623.5,181
2018-2019,Rabi,Mahabubnagar,Damargidda,Sesamum,0,
2018-2019,Rabi,Mahabubnagar,Narayanpet,Sesamum,0,
2018-2019,Rabi,Mahabubnagar,Utkoor,Sesamum,0,0
2018-2019,Rabi,Mahabubnagar,Maganoor,Sesamum,0,
2018-2019,Rabi,Mahabubnagar,Krishna,Sesamum,0,
2018-2019,Rabi,Mahabubnagar,Makthal,Sesamum,0,0
2018-2019,Rabi,Mahabubnagar,Narva,Sesamum,33,
2018-2019,Rabi,Mahabubnagar,Cckunta,Sesamum,0,
2018-2019,Rabi,Mahabubnagar,Marikal,Sesamum,334,0
2018-2019,Rabi,Mahabubnagar,Dhanwada,Sesamum,0,
2018-2019,Rabi,Mahabubnagar,Koilkonda,Sesamum,0,
2018-2019,Rabi,Mahabubnagar,Maddur,Sesamum,0,
2018-2019,Rabi,Mahabubnagar,Kosgi,Sesamum,0,
2018-2019,Rabi,Mahabubnagar,Gandeed,Sesamum,0,
2018-2019,Rabi,Mahabubnagar,Hanwada,Sesamum,0,
2018-2019,Rabi,Mahabubnagar,Mahabubnagar (r),Sesamum,0,
2018-2019,Rabi,Mahabubnagar,Devarkadra,Sesamum,0,
2018-2019,Rabi,Mahabubnagar,Addakal,Sesamum,0,
2018-2019,Rabi,Mahabubnagar,Moosapet,Sesamum,0,
2018-2019,Rabi,Mahabubnagar,Bhoothpur,Sesamum,0,
2018-2019,Rabi,Mahabubnagar,Mahabubnagar (u),Sesamum,0,
2018-2019,Rabi,Mahabubnagar,Nawabpet,Sesamum,0,
2018-2019,Rabi,Mahabubnagar,Balanagar,Sesamum,0,
2018-2019,Rabi,Mahabubnagar,Rajapur,Sesamum,0,
2018-2019,Rabi,Mahabubnagar,Jadcherla,Sesamum,0,
2018-2019,Rabi,Mahabubnagar,Midjil,Sesamum,0,
2018-2019,Rabi,Mahabubnagar,Damargidda,Sunflower,12,
2018-2019,Rabi,Mahabubnagar,Narayanpet,Sunflower,35,
2018-2019,Rabi,Mahabubnagar,Utkoor,Sunflower,0,0
2018-2019,Rabi,Mahabubnagar,Maganoor,Sunflower,17,
2018-2019,Rabi,Mahabubnagar,Krishna,Sunflower,17,
2018-2019,Rabi,Mahabubnagar,Makthal,Sunflower,17,0
2018-2019,Rabi,Mahabubnagar,Narva,Sunflower,6,
2018-2019,Rabi,Mahabubnagar,Cckunta,Sunflower,0,
2018-2019,Rabi,Mahabubnagar,Marikal,Sunflower,0,0
2018-2019,Rabi,Mahabubnagar,Dhanwada,Sunflower,0,
2018-2019,Rabi,Mahabubnagar,Koilkonda,Sunflower,0,
2018-2019,Rabi,Mahabubnagar,Maddur,Sunflower,1,
2018-2019,Rabi,Mahabubnagar,Kosgi,Sunflower,20,
2018-2019,Rabi,Mahabubnagar,Gandeed,Sunflower,0,
2018-2019,Rabi,Mahabubnagar,Hanwada,Sunflower,0,
2018-2019,Rabi,Mahabubnagar,Mahabubnagar (r),Sunflower,0,
2018-2019,Rabi,Mahabubnagar,Devarkadra,Sunflower,0,
2018-2019,Rabi,Mahabubnagar,Addakal,Sunflower,0,
2018-2019,Rabi,Mahabubnagar,Moosapet,Sunflower,0,
2018-2019,Rabi,Mahabubnagar,Bhoothpur,Sunflower,0,
2018-2019,Rabi,Mahabubnagar,Mahabubnagar (u),Sunflower,0,
2018-2019,Rabi,Mahabubnagar,Nawabpet,Sunflower,1,
2018-2019,Rabi,Mahabubnagar,Balanagar,Sunflower,10,
2018-2019,Rabi,Mahabubnagar,Rajapur,Sunflower,3,
2018-2019,Rabi,Mahabubnagar,Jadcherla,Sunflower,9,
2018-2019,Rabi,Mahabubnagar,Midjil,Sunflower,1,
2018-2019,Rabi,Mahabubnagar,Damargidda,Other oil seeds,0,
2018-2019,Rabi,Mahabubnagar,Narayanpet,Other oil seeds,2,
2018-2019,Rabi,Mahabubnagar,Utkoor,Other oil seeds,0,0
2018-2019,Rabi,Mahabubnagar,Maganoor,Other oil seeds,3,
2018-2019,Rabi,Mahabubnagar,Krishna,Other oil seeds,0,
2018-2019,Rabi,Mahabubnagar,Makthal,Other oil seeds,0,0
2018-2019,Rabi,Mahabubnagar,Narva,Other oil seeds,6,
2018-2019,Rabi,Mahabubnagar,Cckunta,Other oil seeds,0,
2018-2019,Rabi,Mahabubnagar,Marikal,Other oil seeds,0,0
2018-2019,Rabi,Mahabubnagar,Dhanwada,Other oil seeds,0,
2018-2019,Rabi,Mahabubnagar,Koilkonda,Other oil seeds,2,
2018-2019,Rabi,Mahabubnagar,Maddur,Other oil seeds,4,
2018-2019,Rabi,Mahabubnagar,Kosgi,Other oil seeds,0,
2018-2019,Rabi,Mahabubnagar,Gandeed,Other oil seeds,0,
2018-2019,Rabi,Mahabubnagar,Hanwada,Other oil seeds,5,
2018-2019,Rabi,Mahabubnagar,Mahabubnagar (r),Other oil seeds,0,
2018-2019,Rabi,Mahabubnagar,Devarkadra,Other oil seeds,12,
2018-2019,Rabi,Mahabubnagar,Addakal,Other oil seeds,6,
2018-2019,Rabi,Mahabubnagar,Moosapet,Other oil seeds,0,
2018-2019,Rabi,Mahabubnagar,Bhoothpur,Other oil seeds,0.5,
2018-2019,Rabi,Mahabubnagar,Mahabubnagar (u),Other oil seeds,12.5,
2018-2019,Rabi,Mahabubnagar,Nawabpet,Other oil seeds,0,
2018-2019,Rabi,Mahabubnagar,Balanagar,Other oil seeds,0,
2018-2019,Rabi,Mahabubnagar,Rajapur,Other oil seeds,1.5,
2018-2019,Rabi,Mahabubnagar,Jadcherla,Other oil seeds,0,
2018-2019,Rabi,Mahabubnagar,Midjil,Other oil seeds,0,
2018-2019,Rabi,Mahabubnagar,Damargidda,Chillies,0,
2018-2019,Rabi,Mahabubnagar,Narayanpet,Chillies,0,
2018-2019,Rabi,Mahabubnagar,Utkoor,Chillies,0,0
2018-2019,Rabi,Mahabubnagar,Maganoor,Chillies,0,
2018-2019,Rabi,Mahabubnagar,Krishna,Chillies,0,
2018-2019,Rabi,Mahabubnagar,Makthal,Chillies,0,0
2018-2019,Rabi,Mahabubnagar,Narva,Chillies,0,
2018-2019,Rabi,Mahabubnagar,Cckunta,Chillies,0,
2018-2019,Rabi,Mahabubnagar,Marikal,Chillies,42,0
2018-2019,Rabi,Mahabubnagar,Dhanwada,Chillies,0,
2018-2019,Rabi,Mahabubnagar,Koilkonda,Chillies,0,
2018-2019,Rabi,Mahabubnagar,Maddur,Chillies,0,
2018-2019,Rabi,Mahabubnagar,Kosgi,Chillies,0,
2018-2019,Rabi,Mahabubnagar,Gandeed,Chillies,0,
2018-2019,Rabi,Mahabubnagar,Hanwada,Chillies,0,
2018-2019,Rabi,Mahabubnagar,Mahabubnagar (r),Chillies,0,
2018-2019,Rabi,Mahabubnagar,Devarkadra,Chillies,0,
2018-2019,Rabi,Mahabubnagar,Addakal,Chillies,0,
2018-2019,Rabi,Mahabubnagar,Moosapet,Chillies,0,
2018-2019,Rabi,Mahabubnagar,Bhoothpur,Chillies,0,
2018-2019,Rabi,Mahabubnagar,Mahabubnagar (u),Chillies,0,
2018-2019,Rabi,Mahabubnagar,Nawabpet,Chillies,0,
2018-2019,Rabi,Mahabubnagar,Balanagar,Chillies,0,
2018-2019,Rabi,Mahabubnagar,Rajapur,Chillies,0,
2018-2019,Rabi,Mahabubnagar,Jadcherla,Chillies,0,
2018-2019,Rabi,Mahabubnagar,Midjil,Chillies,0,
2018-2019,Rabi,Mahabubnagar,Damargidda,Onion,0,
2018-2019,Rabi,Mahabubnagar,Narayanpet,Onion,0,
2018-2019,Rabi,Mahabubnagar,Utkoor,Onion,0,0
2018-2019,Rabi,Mahabubnagar,Maganoor,Onion,0,
2018-2019,Rabi,Mahabubnagar,Krishna,Onion,0,
2018-2019,Rabi,Mahabubnagar,Makthal,Onion,0,0
2018-2019,Rabi,Mahabubnagar,Narva,Onion,0,
2018-2019,Rabi,Mahabubnagar,Cckunta,Onion,2,
2018-2019,Rabi,Mahabubnagar,Marikal,Onion,0,0
2018-2019,Rabi,Mahabubnagar,Dhanwada,Onion,0,
2018-2019,Rabi,Mahabubnagar,Koilkonda,Onion,59,
2018-2019,Rabi,Mahabubnagar,Maddur,Onion,0,
2018-2019,Rabi,Mahabubnagar,Kosgi,Onion,0,
2018-2019,Rabi,Mahabubnagar,Gandeed,Onion,47,
2018-2019,Rabi,Mahabubnagar,Hanwada,Onion,131,
2018-2019,Rabi,Mahabubnagar,Mahabubnagar (r),Onion,34.5,
2018-2019,Rabi,Mahabubnagar,Devarkadra,Onion,56,
2018-2019,Rabi,Mahabubnagar,Addakal,Onion,2,
2018-2019,Rabi,Mahabubnagar,Moosapet,Onion,5,
2018-2019,Rabi,Mahabubnagar,Bhoothpur,Onion,27,
2018-2019,Rabi,Mahabubnagar,Mahabubnagar (u),Onion,6,
2018-2019,Rabi,Mahabubnagar,Nawabpet,Onion,16,
2018-2019,Rabi,Mahabubnagar,Balanagar,Onion,22.5,
2018-2019,Rabi,Mahabubnagar,Rajapur,Onion,6,
2018-2019,Rabi,Mahabubnagar,Jadcherla,Onion,47,
2018-2019,Rabi,Mahabubnagar,Midjil,Onion,5.5,
2018-2019,Rabi,Mahabubnagar,Damargidda,Other food crops,91,
2018-2019,Rabi,Mahabubnagar,Narayanpet,Other food crops,197,
2018-2019,Rabi,Mahabubnagar,Utkoor,Other food crops,67,6
2018-2019,Rabi,Mahabubnagar,Maganoor,Other food crops,7,
2018-2019,Rabi,Mahabubnagar,Krishna,Other food crops,39,
2018-2019,Rabi,Mahabubnagar,Makthal,Other food crops,69,0
2018-2019,Rabi,Mahabubnagar,Narva,Other food crops,148,
2018-2019,Rabi,Mahabubnagar,Cckunta,Other food crops,45.5,
2018-2019,Rabi,Mahabubnagar,Marikal,Other food crops,119,0
2018-2019,Rabi,Mahabubnagar,Dhanwada,Other food crops,56,
2018-2019,Rabi,Mahabubnagar,Koilkonda,Other food crops,73,
2018-2019,Rabi,Mahabubnagar,Maddur,Other food crops,66,
2018-2019,Rabi,Mahabubnagar,Kosgi,Other food crops,20,
2018-2019,Rabi,Mahabubnagar,Gandeed,Other food crops,47,
2018-2019,Rabi,Mahabubnagar,Hanwada,Other food crops,166,
2018-2019,Rabi,Mahabubnagar,Mahabubnagar (r),Other food crops,64.5,
2018-2019,Rabi,Mahabubnagar,Devarkadra,Other food crops,33,
2018-2019,Rabi,Mahabubnagar,Addakal,Other food crops,6,
2018-2019,Rabi,Mahabubnagar,Moosapet,Other food crops,16,
2018-2019,Rabi,Mahabubnagar,Bhoothpur,Other food crops,87,
2018-2019,Rabi,Mahabubnagar,Mahabubnagar (u),Other food crops,113.5,
2018-2019,Rabi,Mahabubnagar,Nawabpet,Other food crops,115.5,
2018-2019,Rabi,Mahabubnagar,Balanagar,Other food crops,160,
2018-2019,Rabi,Mahabubnagar,Rajapur,Other food crops,98.5,
2018-2019,Rabi,Mahabubnagar,Jadcherla,Other food crops,177,
2018-2019,Rabi,Mahabubnagar,Midjil,Other food crops,130,
2018-2019,Rabi,Mahabubnagar,Damargidda,Other non-food crops,0,
2018-2019,Rabi,Mahabubnagar,Narayanpet,Other non-food crops,0,
2018-2019,Rabi,Mahabubnagar,Utkoor,Other non-food crops,0,0
2018-2019,Rabi,Mahabubnagar,Maganoor,Other non-food crops,0,
2018-2019,Rabi,Mahabubnagar,Krishna,Other non-food crops,0,
2018-2019,Rabi,Mahabubnagar,Makthal,Other non-food crops,0,0
2018-2019,Rabi,Mahabubnagar,Narva,Other non-food crops,0,
2018-2019,Rabi,Mahabubnagar,Cckunta,Other non-food crops,143,
2018-2019,Rabi,Mahabubnagar,Marikal,Other non-food crops,0,0
2018-2019,Rabi,Mahabubnagar,Dhanwada,Other non-food crops,0,
2018-2019,Rabi,Mahabubnagar,Koilkonda,Other non-food crops,5,
2018-2019,Rabi,Mahabubnagar,Maddur,Other non-food crops,0,
2018-2019,Rabi,Mahabubnagar,Kosgi,Other non-food crops,0,
2018-2019,Rabi,Mahabubnagar,Gandeed,Other non-food crops,179,
2018-2019,Rabi,Mahabubnagar,Hanwada,Other non-food crops,47,
2018-2019,Rabi,Mahabubnagar,Mahabubnagar (r),Other non-food crops,5.5,
2018-2019,Rabi,Mahabubnagar,Devarkadra,Other non-food crops,13,
2018-2019,Rabi,Mahabubnagar,Addakal,Other non-food crops,0,
2018-2019,Rabi,Mahabubnagar,Moosapet,Other non-food crops,1,
2018-2019,Rabi,Mahabubnagar,Bhoothpur,Other non-food crops,0,
2018-2019,Rabi,Mahabubnagar,Mahabubnagar (u),Other non-food crops,3.5,
2018-2019,Rabi,Mahabubnagar,Nawabpet,Other non-food crops,107.5,
2018-2019,Rabi,Mahabubnagar,Balanagar,Other non-food crops,17.5,
2018-2019,Rabi,Mahabubnagar,Rajapur,Other non-food crops,0.5,
2018-2019,Rabi,Mahabubnagar,Jadcherla,Other non-food crops,30,
2018-2019,Rabi,Mahabubnagar,Midjil,Other non-food crops,194.5,
2018-2019,Rabi,Mahabubnagar,Damargidda,Total,2218,1348
2018-2019,Rabi,Mahabubnagar,Narayanpet,Total,2305,1154
2018-2019,Rabi,Mahabubnagar,Utkoor,Total,1748,471
2018-2019,Rabi,Mahabubnagar,Maganoor,Total,1634,265
2018-2019,Rabi,Mahabubnagar,Krishna,Total,1505,128
2018-2019,Rabi,Mahabubnagar,Makthal,Total,1975,283
2018-2019,Rabi,Mahabubnagar,Narva,Total,1803,100
2018-2019,Rabi,Mahabubnagar,Cckunta,Total,2281,56
2018-2019,Rabi,Mahabubnagar,Marikal,Total,1990,154
2018-2019,Rabi,Mahabubnagar,Dhanwada,Total,1325,112
2018-2019,Rabi,Mahabubnagar,Koilkonda,Total,2110,301
2018-2019,Rabi,Mahabubnagar,Maddur,Total,2475,1205
2018-2019,Rabi,Mahabubnagar,Kosgi,Total,3081,506
2018-2019,Rabi,Mahabubnagar,Gandeed,Total,2787,244
2018-2019,Rabi,Mahabubnagar,Hanwada,Total,2167,211
2018-2019,Rabi,Mahabubnagar,Mahabubnagar (r),Total,1117,25
2018-2019,Rabi,Mahabubnagar,Devarkadra,Total,2264,177
2018-2019,Rabi,Mahabubnagar,Addakal,Total,1112,211
2018-2019,Rabi,Mahabubnagar,Moosapet,Total,700,98
2018-2019,Rabi,Mahabubnagar,Bhoothpur,Total,1025.5,87
2018-2019,Rabi,Mahabubnagar,Mahabubnagar (u),Total,559.5,112
2018-2019,Rabi,Mahabubnagar,Nawabpet,Total,1571.5,123
2018-2019,Rabi,Mahabubnagar,Balanagar,Total,785,44
2018-2019,Rabi,Mahabubnagar,Rajapur,Total,475.5,48
2018-2019,Rabi,Mahabubnagar,Jadcherla,Total,1764,196
2018-2019,Rabi,Mahabubnagar,Midjil,Total,1602,181
