year,season,districtName,mandalName,crop,normalAreaSown,actualAreaSown
2017-2018,Rabi,Mancherial,Jannaram,Paddy,865,1250.4
2017-2018,Rabi,Mancherial,Dandepalli,Paddy,1754,3591.2
2017-2018,Rabi,Mancherial,Luxettipet,Paddy,867,2560
2017-2018,Rabi,Mancherial,Hazipur,Paddy,438,990.8
2017-2018,Rabi,Mancherial,Kasipet,Paddy,86,207.2
2017-2018,Rabi,Mancherial,Tandur,Paddy,91,120.4
2017-2018,Rabi,Mancherial,Bheemini,Paddy,174,154.8
2017-2018,Rabi,Mancherial,Kannepally,Paddy,152,446
2017-2018,Rabi,Mancherial,Vemanpally,Paddy,212,618
2017-2018,Rabi,Mancherial,Nennel,Paddy,190,248.4
2017-2018,Rabi,Mancherial,Bellampally,Paddy,205,340
2017-2018,Rabi,Mancherial,Mandamarri,Paddy,175,281.2
2017-2018,Rabi,Mancherial,Mancherial,Paddy,46,139.2
2017-2018,Rabi,Mancherial,Naspur,Paddy,118,145.2
2017-2018,Rabi,Mancherial,Jaipur,Paddy,736,1100.4
2017-2018,Rabi,Mancherial,Bheemaram,Paddy,418,654.4
2017-2018,Rabi,Mancherial,Chennur,Paddy,855,1125.6
2017-2018,Rabi,Mancherial,Kotapally,Paddy,406,777.6
2017-2018,Rabi,Mancherial,Jannaram,Maize,338,47.2
2017-2018,Rabi,Mancherial,Dandepalli,Maize,199,122
2017-2018,Rabi,Mancherial,Luxettipet,Maize,380,393.6
2017-2018,Rabi,Mancherial,Hazipur,Maize,82,62.8
2017-2018,Rabi,Mancherial,Kasipet,Maize,11,4.4
2017-2018,Rabi,Mancherial,Tandur,Maize,13,10.4
2017-2018,Rabi,Mancherial,Bheemini,Maize,16,16.4
2017-2018,Rabi,Mancherial,Kannepally,Maize,66,50
2017-2018,Rabi,Mancherial,Vemanpally,Maize,146,98
2017-2018,Rabi,Mancherial,Nennel,Maize,33,14
2017-2018,Rabi,Mancherial,Bellampally,Maize,11,40
2017-2018,Rabi,Mancherial,Mandamarri,Maize,58,52.8
2017-2018,Rabi,Mancherial,Mancherial,Maize,8,32
2017-2018,Rabi,Mancherial,Naspur,Maize,12,1.2
2017-2018,Rabi,Mancherial,Jaipur,Maize,53,34.8
2017-2018,Rabi,Mancherial,Bheemaram,Maize,34,20.4
2017-2018,Rabi,Mancherial,Chennur,Maize,86,74
2017-2018,Rabi,Mancherial,Kotapally,Maize,82,63.6
2017-2018,Rabi,Mancherial,Jannaram,Groundnut,0,2
2017-2018,Rabi,Mancherial,Dandepalli,Groundnut,15,0
2017-2018,Rabi,Mancherial,Luxettipet,Groundnut,0,0
2017-2018,Rabi,Mancherial,Hazipur,Groundnut,1,0
2017-2018,Rabi,Mancherial,Kasipet,Groundnut,0,0
2017-2018,Rabi,Mancherial,Tandur,Groundnut,0,0
2017-2018,Rabi,Mancherial,Bheemini,Groundnut,0,0
2017-2018,Rabi,Mancherial,Kannepally,Groundnut,0,0
2017-2018,Rabi,Mancherial,Vemanpally,Groundnut,1,0
2017-2018,Rabi,Mancherial,Nennel,Groundnut,4,0
2017-2018,Rabi,Mancherial,Bellampally,Groundnut,0,0
2017-2018,Rabi,Mancherial,Mandamarri,Groundnut,19,0
2017-2018,Rabi,Mancherial,Mancherial,Groundnut,0,0
2017-2018,Rabi,Mancherial,Naspur,Groundnut,0,0
2017-2018,Rabi,Mancherial,Jaipur,Groundnut,249,158.4
2017-2018,Rabi,Mancherial,Bheemaram,Groundnut,8,14
2017-2018,Rabi,Mancherial,Chennur,Groundnut,24,24.8
2017-2018,Rabi,Mancherial,Kotapally,Groundnut,3,0
2017-2018,Rabi,Mancherial,Jannaram,Bengal Gram,17,11.6
2017-2018,Rabi,Mancherial,Dandepalli,Bengal Gram,1,0
2017-2018,Rabi,Mancherial,Luxettipet,Bengal Gram,15,0
2017-2018,Rabi,Mancherial,Hazipur,Bengal Gram,15,0
2017-2018,Rabi,Mancherial,Kasipet,Bengal Gram,16,10.4
2017-2018,Rabi,Mancherial,Tandur,Bengal Gram,90,38
2017-2018,Rabi,Mancherial,Bheemini,Bengal Gram,41,50.4
2017-2018,Rabi,Mancherial,Kannepally,Bengal Gram,58,34.8
2017-2018,Rabi,Mancherial,Vemanpally,Bengal Gram,15,6
2017-2018,Rabi,Mancherial,Nennel,Bengal Gram,34,40
2017-2018,Rabi,Mancherial,Bellampally,Bengal Gram,13,38
2017-2018,Rabi,Mancherial,Mandamarri,Bengal Gram,32,13.2
2017-2018,Rabi,Mancherial,Mancherial,Bengal Gram,2,0
2017-2018,Rabi,Mancherial,Naspur,Bengal Gram,6,0
2017-2018,Rabi,Mancherial,Jaipur,Bengal Gram,15,10.4
2017-2018,Rabi,Mancherial,Bheemaram,Bengal Gram,10,12.4
2017-2018,Rabi,Mancherial,Chennur,Bengal Gram,57,24.4
2017-2018,Rabi,Mancherial,Kotapally,Bengal Gram,14,0
2017-2018,Rabi,Mancherial,Jannaram,Jowar,25,17.6
2017-2018,Rabi,Mancherial,Dandepalli,Jowar,6,0
2017-2018,Rabi,Mancherial,Luxettipet,Jowar,0,0
2017-2018,Rabi,Mancherial,Hazipur,Jowar,3,0.4
2017-2018,Rabi,Mancherial,Kasipet,Jowar,105,76.8
2017-2018,Rabi,Mancherial,Tandur,Jowar,106,32.8
2017-2018,Rabi,Mancherial,Bheemini,Jowar,170,33.6
2017-2018,Rabi,Mancherial,Kannepally,Jowar,122,25.2
2017-2018,Rabi,Mancherial,Vemanpally,Jowar,111,74
2017-2018,Rabi,Mancherial,Nennel,Jowar,72,10.8
2017-2018,Rabi,Mancherial,Bellampally,Jowar,18,32
2017-2018,Rabi,Mancherial,Mandamarri,Jowar,78,0
2017-2018,Rabi,Mancherial,Mancherial,Jowar,0,0
2017-2018,Rabi,Mancherial,Naspur,Jowar,0,0
2017-2018,Rabi,Mancherial,Jaipur,Jowar,8,0
2017-2018,Rabi,Mancherial,Bheemaram,Jowar,14,0
2017-2018,Rabi,Mancherial,Chennur,Jowar,56,25.2
2017-2018,Rabi,Mancherial,Kotapally,Jowar,112,69.2
2017-2018,Rabi,Mancherial,Jannaram,Black Gram,10,0
2017-2018,Rabi,Mancherial,Dandepalli,Black Gram,0,0
2017-2018,Rabi,Mancherial,Luxettipet,Black Gram,1,0
2017-2018,Rabi,Mancherial,Hazipur,Black Gram,6,0
2017-2018,Rabi,Mancherial,Kasipet,Black Gram,0,0
2017-2018,Rabi,Mancherial,Tandur,Black Gram,1,0
2017-2018,Rabi,Mancherial,Bheemini,Black Gram,1,0
2017-2018,Rabi,Mancherial,Kannepally,Black Gram,0,0
2017-2018,Rabi,Mancherial,Vemanpally,Black Gram,34,2
2017-2018,Rabi,Mancherial,Nennel,Black Gram,19,0
2017-2018,Rabi,Mancherial,Bellampally,Black Gram,6,0
2017-2018,Rabi,Mancherial,Mandamarri,Black Gram,0,0
2017-2018,Rabi,Mancherial,Mancherial,Black Gram,2,0
2017-2018,Rabi,Mancherial,Naspur,Black Gram,3,0
2017-2018,Rabi,Mancherial,Jaipur,Black Gram,19,16.4
2017-2018,Rabi,Mancherial,Bheemaram,Black Gram,4,5.6
2017-2018,Rabi,Mancherial,Chennur,Black Gram,39,5.2
2017-2018,Rabi,Mancherial,Kotapally,Black Gram,16,0
2017-2018,Rabi,Mancherial,Jannaram,Green Gram,146,31.2
2017-2018,Rabi,Mancherial,Dandepalli,Green Gram,36,80
2017-2018,Rabi,Mancherial,Luxettipet,Green Gram,21,16.8
2017-2018,Rabi,Mancherial,Hazipur,Green Gram,7,24.8
2017-2018,Rabi,Mancherial,Kasipet,Green Gram,10,0
2017-2018,Rabi,Mancherial,Tandur,Green Gram,4,6
2017-2018,Rabi,Mancherial,Bheemini,Green Gram,32,8.4
2017-2018,Rabi,Mancherial,Kannepally,Green Gram,19,9.6
2017-2018,Rabi,Mancherial,Vemanpally,Green Gram,118,26
2017-2018,Rabi,Mancherial,Nennel,Green Gram,9,12.4
2017-2018,Rabi,Mancherial,Bellampally,Green Gram,0,0
2017-2018,Rabi,Mancherial,Mandamarri,Green Gram,19,35.2
2017-2018,Rabi,Mancherial,Mancherial,Green Gram,2,0
2017-2018,Rabi,Mancherial,Naspur,Green Gram,4,0
2017-2018,Rabi,Mancherial,Jaipur,Green Gram,114,77.2
2017-2018,Rabi,Mancherial,Bheemaram,Green Gram,48,46
2017-2018,Rabi,Mancherial,Chennur,Green Gram,81,53.6
2017-2018,Rabi,Mancherial,Kotapally,Green Gram,76,46
2017-2018,Rabi,Mancherial,Jannaram,Red Gram,1,0
2017-2018,Rabi,Mancherial,Dandepalli,Red Gram,0,0
2017-2018,Rabi,Mancherial,Luxettipet,Red Gram,2,0
2017-2018,Rabi,Mancherial,Hazipur,Red Gram,18,0
2017-2018,Rabi,Mancherial,Kasipet,Red Gram,52,72.4
2017-2018,Rabi,Mancherial,Tandur,Red Gram,47,31.2
2017-2018,Rabi,Mancherial,Bheemini,Red Gram,10,0
2017-2018,Rabi,Mancherial,Kannepally,Red Gram,11,0
2017-2018,Rabi,Mancherial,Vemanpally,Red Gram,0,0
2017-2018,Rabi,Mancherial,Nennel,Red Gram,2,0
2017-2018,Rabi,Mancherial,Bellampally,Red Gram,16,35.2
2017-2018,Rabi,Mancherial,Mandamarri,Red Gram,36,0
2017-2018,Rabi,Mancherial,Mancherial,Red Gram,8,0
2017-2018,Rabi,Mancherial,Naspur,Red Gram,17,0
2017-2018,Rabi,Mancherial,Jaipur,Red Gram,4,0
2017-2018,Rabi,Mancherial,Bheemaram,Red Gram,0,0
2017-2018,Rabi,Mancherial,Chennur,Red Gram,8,0
2017-2018,Rabi,Mancherial,Kotapally,Red Gram,0,0
2017-2018,Rabi,Mancherial,Jannaram,Other food crops,51,0
2017-2018,Rabi,Mancherial,Dandepalli,Other food crops,37,0
2017-2018,Rabi,Mancherial,Luxettipet,Other food crops,48,0
2017-2018,Rabi,Mancherial,Hazipur,Other food crops,84,0
2017-2018,Rabi,Mancherial,Kasipet,Other food crops,13,4
2017-2018,Rabi,Mancherial,Tandur,Other food crops,29,8
2017-2018,Rabi,Mancherial,Bheemini,Other food crops,11,0
2017-2018,Rabi,Mancherial,Kannepally,Other food crops,18,0
2017-2018,Rabi,Mancherial,Vemanpally,Other food crops,8,0.8
2017-2018,Rabi,Mancherial,Nennel,Other food crops,1,0
2017-2018,Rabi,Mancherial,Bellampally,Other food crops,24,0
2017-2018,Rabi,Mancherial,Mandamarri,Other food crops,72,0
2017-2018,Rabi,Mancherial,Mancherial,Other food crops,3,0
2017-2018,Rabi,Mancherial,Naspur,Other food crops,8,0
2017-2018,Rabi,Mancherial,Jaipur,Other food crops,69,0
2017-2018,Rabi,Mancherial,Bheemaram,Other food crops,25,0
2017-2018,Rabi,Mancherial,Chennur,Other food crops,61,10.8
2017-2018,Rabi,Mancherial,Kotapally,Other food crops,4,0
2017-2018,Rabi,Mancherial,Jannaram,Sesamum,130,26.4
2017-2018,Rabi,Mancherial,Dandepalli,Sesamum,7,0
2017-2018,Rabi,Mancherial,Luxettipet,Sesamum,16,0
2017-2018,Rabi,Mancherial,Hazipur,Sesamum,1,4.8
2017-2018,Rabi,Mancherial,Kasipet,Sesamum,0,0
2017-2018,Rabi,Mancherial,Tandur,Sesamum,2,0
2017-2018,Rabi,Mancherial,Bheemini,Sesamum,8,0
2017-2018,Rabi,Mancherial,Kannepally,Sesamum,7,1.2
2017-2018,Rabi,Mancherial,Vemanpally,Sesamum,96,3.6
2017-2018,Rabi,Mancherial,Nennel,Sesamum,21,0
2017-2018,Rabi,Mancherial,Bellampally,Sesamum,0,0
2017-2018,Rabi,Mancherial,Mandamarri,Sesamum,0,0
2017-2018,Rabi,Mancherial,Mancherial,Sesamum,0,0
2017-2018,Rabi,Mancherial,Naspur,Sesamum,1,0
2017-2018,Rabi,Mancherial,Jaipur,Sesamum,8,8.4
2017-2018,Rabi,Mancherial,Bheemaram,Sesamum,8,14
2017-2018,Rabi,Mancherial,Chennur,Sesamum,5,4.8
2017-2018,Rabi,Mancherial,Kotapally,Sesamum,6,4
2017-2018,Rabi,Mancherial,Jannaram,Onion,0,0
2017-2018,Rabi,Mancherial,Dandepalli,Onion,0,0
2017-2018,Rabi,Mancherial,Luxettipet,Onion,0,0
2017-2018,Rabi,Mancherial,Hazipur,Onion,2,1.2
2017-2018,Rabi,Mancherial,Kasipet,Onion,0,0
2017-2018,Rabi,Mancherial,Tandur,Onion,0,0
2017-2018,Rabi,Mancherial,Bheemini,Onion,6,0
2017-2018,Rabi,Mancherial,Kannepally,Onion,16,20
2017-2018,Rabi,Mancherial,Vemanpally,Onion,7,3.6
2017-2018,Rabi,Mancherial,Nennel,Onion,0,0
2017-2018,Rabi,Mancherial,Bellampally,Onion,0,0
2017-2018,Rabi,Mancherial,Mandamarri,Onion,2,8
2017-2018,Rabi,Mancherial,Mancherial,Onion,0,0
2017-2018,Rabi,Mancherial,Naspur,Onion,1,0
2017-2018,Rabi,Mancherial,Jaipur,Onion,6,0
2017-2018,Rabi,Mancherial,Bheemaram,Onion,1,0
2017-2018,Rabi,Mancherial,Chennur,Onion,3,0
2017-2018,Rabi,Mancherial,Kotapally,Onion,0,0
2017-2018,Rabi,Mancherial,Jannaram,Sunflower,22,0
2017-2018,Rabi,Mancherial,Dandepalli,Sunflower,0,0
2017-2018,Rabi,Mancherial,Luxettipet,Sunflower,0,0
2017-2018,Rabi,Mancherial,Hazipur,Sunflower,0,0
2017-2018,Rabi,Mancherial,Kasipet,Sunflower,0,0
2017-2018,Rabi,Mancherial,Tandur,Sunflower,1,0
2017-2018,Rabi,Mancherial,Bheemini,Sunflower,19,0
2017-2018,Rabi,Mancherial,Kannepally,Sunflower,36,0
2017-2018,Rabi,Mancherial,Vemanpally,Sunflower,65,2.8
2017-2018,Rabi,Mancherial,Nennel,Sunflower,16,1.6
2017-2018,Rabi,Mancherial,Bellampally,Sunflower,1,0
2017-2018,Rabi,Mancherial,Mandamarri,Sunflower,0,0
2017-2018,Rabi,Mancherial,Mancherial,Sunflower,0,1.2
2017-2018,Rabi,Mancherial,Naspur,Sunflower,0,0
2017-2018,Rabi,Mancherial,Jaipur,Sunflower,0,0
2017-2018,Rabi,Mancherial,Bheemaram,Sunflower,0,0
2017-2018,Rabi,Mancherial,Chennur,Sunflower,1,0
2017-2018,Rabi,Mancherial,Kotapally,Sunflower,8,0
2017-2018,Rabi,Mancherial,Jannaram,Total,1605,1386.4
2017-2018,Rabi,Mancherial,Dandepalli,Total,2055,3793.2
2017-2018,Rabi,Mancherial,Luxettipet,Total,1350,2970.4
2017-2018,Rabi,Mancherial,Hazipur,Total,657,1084.8
2017-2018,Rabi,Mancherial,Kasipet,Total,293,375.2
2017-2018,Rabi,Mancherial,Tandur,Total,384,246.8
2017-2018,Rabi,Mancherial,Bheemini,Total,488,263.6
2017-2018,Rabi,Mancherial,Kannepally,Total,505,586.8
2017-2018,Rabi,Mancherial,Vemanpally,Total,813,834.8
2017-2018,Rabi,Mancherial,Nennel,Total,401,327.2
2017-2018,Rabi,Mancherial,Bellampally,Total,294,485.2
2017-2018,Rabi,Mancherial,Mandamarri,Total,491,390.4
2017-2018,Rabi,Mancherial,Mancherial,Total,71,172.4
2017-2018,Rabi,Mancherial,Naspur,Total,170,146.4
2017-2018,Rabi,Mancherial,Jaipur,Total,1281,1406
2017-2018,Rabi,Mancherial,Bheemaram,Total,570,766.8
2017-2018,Rabi,Mancherial,Chennur,Total,1276,1348.4
2017-2018,Rabi,Mancherial,Kotapally,Total,727,960.4
