year,season,districtName,mandalName,crop,normalAreaSown,actualAreaSown
2017-2018,Kharif,Mancherial,Jannaram,Paddy,2934,4205
2017-2018,Kharif,Mancherial,Dandepelly,Paddy,2866,7750
2017-2018,Kharif,Mancherial,Luxettipet,Paddy,2261,3938
2017-2018,Kharif,Mancherial,Hazipur,Paddy,950,1166
2017-2018,Kharif,Mancherial,Kasipet,Paddy,411,164
2017-2018,Kharif,Mancherial,Tandur,Paddy,769,306
2017-2018,Kharif,Mancherial,Bheemini,Paddy,335,436
2017-2018,Kharif,Mancherial,Kanepally,Paddy,1156,942
2017-2018,Kharif,Mancherial,Vemanpalle,Paddy,1200,1321
2017-2018,Kharif,Mancherial,Nennal,Paddy,1522,677
2017-2018,Kharif,Mancherial,Bellampalle,Paddy,792,806
2017-2018,Kharif,Mancherial,Mandamarri,Paddy,755,770
2017-2018,Kharif,Mancherial,Mancherial ,Paddy,144,169
2017-2018,Kharif,Mancherial,Naspur,Paddy,331,263
2017-2018,Kharif,Mancherial,Jaipur,Paddy,2125,1802
2017-2018,Kharif,Mancherial,Bheemaram,Paddy,1004,899
2017-2018,Kharif,Mancherial,Chennur,Paddy,2746,2826
2017-2018,Kharif,Mancherial,Kotapalle,Paddy,1943,1457
2017-2018,Kharif,Mancherial,Jannaram,Maize,147,28
2017-2018,Kharif,Mancherial,Dandepelly,Maize,55,20
2017-2018,Kharif,Mancherial,Luxettipet,Maize,60,43
2017-2018,Kharif,Mancherial,Hazipur,Maize,22,0
2017-2018,Kharif,Mancherial,Kasipet,Maize,130,20
2017-2018,Kharif,Mancherial,Tandur,Maize,78,14
2017-2018,Kharif,Mancherial,Bheemini,Maize,49,11
2017-2018,Kharif,Mancherial,Kanepally,Maize,48,27
2017-2018,Kharif,Mancherial,Vemanpalle,Maize,59,58
2017-2018,Kharif,Mancherial,Nennal,Maize,54,6
2017-2018,Kharif,Mancherial,Bellampalle,Maize,70,45
2017-2018,Kharif,Mancherial,Mandamarri,Maize,44,40
2017-2018,Kharif,Mancherial,Mancherial ,Maize,3,4
2017-2018,Kharif,Mancherial,Naspur,Maize,4,0
2017-2018,Kharif,Mancherial,Jaipur,Maize,40,74
2017-2018,Kharif,Mancherial,Bheemaram,Maize,14,42
2017-2018,Kharif,Mancherial,Chennur,Maize,144,150
2017-2018,Kharif,Mancherial,Kotapalle,Maize,104,62
2017-2018,Kharif,Mancherial,Jannaram,Jowar,0,0
2017-2018,Kharif,Mancherial,Dandepelly,Jowar,0,0
2017-2018,Kharif,Mancherial,Luxettipet,Jowar,0,0
2017-2018,Kharif,Mancherial,Hazipur,Jowar,0,0
2017-2018,Kharif,Mancherial,Kasipet,Jowar,0,0
2017-2018,Kharif,Mancherial,Tandur,Jowar,0,0
2017-2018,Kharif,Mancherial,Bheemini,Jowar,0,0
2017-2018,Kharif,Mancherial,Kanepally,Jowar,1,0
2017-2018,Kharif,Mancherial,Vemanpalle,Jowar,0,18
2017-2018,Kharif,Mancherial,Nennal,Jowar,0,0
2017-2018,Kharif,Mancherial,Bellampalle,Jowar,0,0
2017-2018,Kharif,Mancherial,Mandamarri,Jowar,0,0
2017-2018,Kharif,Mancherial,Mancherial ,Jowar,0,0
2017-2018,Kharif,Mancherial,Naspur,Jowar,0,0
2017-2018,Kharif,Mancherial,Jaipur,Jowar,0,0
2017-2018,Kharif,Mancherial,Bheemaram,Jowar,0,0
2017-2018,Kharif,Mancherial,Chennur,Jowar,0,10
2017-2018,Kharif,Mancherial,Kotapalle,Jowar,0,12
2017-2018,Kharif,Mancherial,Jannaram,Green Gram,182,148
2017-2018,Kharif,Mancherial,Dandepelly,Green Gram,23,15
2017-2018,Kharif,Mancherial,Luxettipet,Green Gram,21,0
2017-2018,Kharif,Mancherial,Hazipur,Green Gram,32,0
2017-2018,Kharif,Mancherial,Kasipet,Green Gram,72,3
2017-2018,Kharif,Mancherial,Tandur,Green Gram,88,25
2017-2018,Kharif,Mancherial,Bheemini,Green Gram,26,0
2017-2018,Kharif,Mancherial,Kanepally,Green Gram,30,10
2017-2018,Kharif,Mancherial,Vemanpalle,Green Gram,32,38
2017-2018,Kharif,Mancherial,Nennal,Green Gram,18,12
2017-2018,Kharif,Mancherial,Bellampalle,Green Gram,23,25
2017-2018,Kharif,Mancherial,Mandamarri,Green Gram,75,40
2017-2018,Kharif,Mancherial,Mancherial ,Green Gram,4,0
2017-2018,Kharif,Mancherial,Naspur,Green Gram,5,0
2017-2018,Kharif,Mancherial,Jaipur,Green Gram,62,43
2017-2018,Kharif,Mancherial,Bheemaram,Green Gram,30,70
2017-2018,Kharif,Mancherial,Chennur,Green Gram,35,44
2017-2018,Kharif,Mancherial,Kotapalle,Green Gram,31,0
2017-2018,Kharif,Mancherial,Jannaram,Red Gram,240,167
2017-2018,Kharif,Mancherial,Dandepelly,Red Gram,105,327
2017-2018,Kharif,Mancherial,Luxettipet,Red Gram,140,116
2017-2018,Kharif,Mancherial,Hazipur,Red Gram,173,33
2017-2018,Kharif,Mancherial,Kasipet,Red Gram,487,185
2017-2018,Kharif,Mancherial,Tandur,Red Gram,260,99
2017-2018,Kharif,Mancherial,Bheemini,Red Gram,383,95
2017-2018,Kharif,Mancherial,Kanepally,Red Gram,277,112
2017-2018,Kharif,Mancherial,Vemanpalle,Red Gram,39,50
2017-2018,Kharif,Mancherial,Nennal,Red Gram,106,84
2017-2018,Kharif,Mancherial,Bellampalle,Red Gram,122,112
2017-2018,Kharif,Mancherial,Mandamarri,Red Gram,115,110
2017-2018,Kharif,Mancherial,Mancherial ,Red Gram,14,20
2017-2018,Kharif,Mancherial,Naspur,Red Gram,22,2
2017-2018,Kharif,Mancherial,Jaipur,Red Gram,153,169
2017-2018,Kharif,Mancherial,Bheemaram,Red Gram,56,164
2017-2018,Kharif,Mancherial,Chennur,Red Gram,124,206
2017-2018,Kharif,Mancherial,Kotapalle,Red Gram,34,25
2017-2018,Kharif,Mancherial,Jannaram,Black Gram,11,0
2017-2018,Kharif,Mancherial,Dandepelly,Black Gram,0,0
2017-2018,Kharif,Mancherial,Luxettipet,Black Gram,1,0
2017-2018,Kharif,Mancherial,Hazipur,Black Gram,0,4
2017-2018,Kharif,Mancherial,Kasipet,Black Gram,2,1
2017-2018,Kharif,Mancherial,Tandur,Black Gram,1,0
2017-2018,Kharif,Mancherial,Bheemini,Black Gram,2,0
2017-2018,Kharif,Mancherial,Kanepally,Black Gram,0,0
2017-2018,Kharif,Mancherial,Vemanpalle,Black Gram,0,0
2017-2018,Kharif,Mancherial,Nennal,Black Gram,0,0
2017-2018,Kharif,Mancherial,Bellampalle,Black Gram,0,15
2017-2018,Kharif,Mancherial,Mandamarri,Black Gram,0,0
2017-2018,Kharif,Mancherial,Mancherial ,Black Gram,0,0
2017-2018,Kharif,Mancherial,Naspur,Black Gram,0,0
2017-2018,Kharif,Mancherial,Jaipur,Black Gram,0,7
2017-2018,Kharif,Mancherial,Bheemaram,Black Gram,0,0
2017-2018,Kharif,Mancherial,Chennur,Black Gram,19,32
2017-2018,Kharif,Mancherial,Kotapalle,Black Gram,1,0
2017-2018,Kharif,Mancherial,Jannaram,Horse Gram,0,0
2017-2018,Kharif,Mancherial,Dandepelly,Horse Gram,0,0
2017-2018,Kharif,Mancherial,Luxettipet,Horse Gram,0,0
2017-2018,Kharif,Mancherial,Hazipur,Horse Gram,0,0
2017-2018,Kharif,Mancherial,Kasipet,Horse Gram,0,0
2017-2018,Kharif,Mancherial,Tandur,Horse Gram,0,0
2017-2018,Kharif,Mancherial,Bheemini,Horse Gram,0,0
2017-2018,Kharif,Mancherial,Kanepally,Horse Gram,0,0
2017-2018,Kharif,Mancherial,Vemanpalle,Horse Gram,0,0
2017-2018,Kharif,Mancherial,Nennal,Horse Gram,0,0
2017-2018,Kharif,Mancherial,Bellampalle,Horse Gram,0,0
2017-2018,Kharif,Mancherial,Mandamarri,Horse Gram,0,0
2017-2018,Kharif,Mancherial,Mancherial ,Horse Gram,0,0
2017-2018,Kharif,Mancherial,Naspur,Horse Gram,0,0
2017-2018,Kharif,Mancherial,Jaipur,Horse Gram,0,0
2017-2018,Kharif,Mancherial,Bheemaram,Horse Gram,0,0
2017-2018,Kharif,Mancherial,Chennur,Horse Gram,0,3
2017-2018,Kharif,Mancherial,Kotapalle,Horse Gram,0,0
2017-2018,Kharif,Mancherial,Jannaram,Other pulses,33,0
2017-2018,Kharif,Mancherial,Dandepelly,Other pulses,0,0
2017-2018,Kharif,Mancherial,Luxettipet,Other pulses,0,0
2017-2018,Kharif,Mancherial,Hazipur,Other pulses,0,0
2017-2018,Kharif,Mancherial,Kasipet,Other pulses,0,0
2017-2018,Kharif,Mancherial,Tandur,Other pulses,23,7
2017-2018,Kharif,Mancherial,Bheemini,Other pulses,0,0
2017-2018,Kharif,Mancherial,Kanepally,Other pulses,0,0
2017-2018,Kharif,Mancherial,Vemanpalle,Other pulses,0,0
2017-2018,Kharif,Mancherial,Nennal,Other pulses,14,0
2017-2018,Kharif,Mancherial,Bellampalle,Other pulses,19,0
2017-2018,Kharif,Mancherial,Mandamarri,Other pulses,0,0
2017-2018,Kharif,Mancherial,Mancherial ,Other pulses,0,0
2017-2018,Kharif,Mancherial,Naspur,Other pulses,0,0
2017-2018,Kharif,Mancherial,Jaipur,Other pulses,0,0
2017-2018,Kharif,Mancherial,Bheemaram,Other pulses,0,0
2017-2018,Kharif,Mancherial,Chennur,Other pulses,15,5
2017-2018,Kharif,Mancherial,Kotapalle,Other pulses,0,0
2017-2018,Kharif,Mancherial,Jannaram,Chillies,82,0
2017-2018,Kharif,Mancherial,Dandepelly,Chillies,16,2
2017-2018,Kharif,Mancherial,Luxettipet,Chillies,18,0
2017-2018,Kharif,Mancherial,Hazipur,Chillies,5,0
2017-2018,Kharif,Mancherial,Kasipet,Chillies,0,0
2017-2018,Kharif,Mancherial,Tandur,Chillies,0,0
2017-2018,Kharif,Mancherial,Bheemini,Chillies,4,0
2017-2018,Kharif,Mancherial,Kanepally,Chillies,4,0
2017-2018,Kharif,Mancherial,Vemanpalle,Chillies,25,27
2017-2018,Kharif,Mancherial,Nennal,Chillies,0,0
2017-2018,Kharif,Mancherial,Bellampalle,Chillies,1,0
2017-2018,Kharif,Mancherial,Mandamarri,Chillies,2,0
2017-2018,Kharif,Mancherial,Mancherial ,Chillies,0,0
2017-2018,Kharif,Mancherial,Naspur,Chillies,0,0
2017-2018,Kharif,Mancherial,Jaipur,Chillies,26,24
2017-2018,Kharif,Mancherial,Bheemaram,Chillies,1,0
2017-2018,Kharif,Mancherial,Chennur,Chillies,126,102
2017-2018,Kharif,Mancherial,Kotapalle,Chillies,245,315
2017-2018,Kharif,Mancherial,Jannaram,Turmeric,72,50
2017-2018,Kharif,Mancherial,Dandepelly,Turmeric,12,40
2017-2018,Kharif,Mancherial,Luxettipet,Turmeric,3,0
2017-2018,Kharif,Mancherial,Hazipur,Turmeric,2,2
2017-2018,Kharif,Mancherial,Kasipet,Turmeric,0,0
2017-2018,Kharif,Mancherial,Tandur,Turmeric,0,0
2017-2018,Kharif,Mancherial,Bheemini,Turmeric,4,4
2017-2018,Kharif,Mancherial,Kanepally,Turmeric,34,28
2017-2018,Kharif,Mancherial,Vemanpalle,Turmeric,18,10
2017-2018,Kharif,Mancherial,Nennal,Turmeric,0,0
2017-2018,Kharif,Mancherial,Bellampalle,Turmeric,0,0
2017-2018,Kharif,Mancherial,Mandamarri,Turmeric,0,0
2017-2018,Kharif,Mancherial,Mancherial ,Turmeric,0,0
2017-2018,Kharif,Mancherial,Naspur,Turmeric,0,0
2017-2018,Kharif,Mancherial,Jaipur,Turmeric,5,1
2017-2018,Kharif,Mancherial,Bheemaram,Turmeric,0,0
2017-2018,Kharif,Mancherial,Chennur,Turmeric,6,0
2017-2018,Kharif,Mancherial,Kotapalle,Turmeric,1,1
2017-2018,Kharif,Mancherial,Jannaram,Cotton,3266,2540
2017-2018,Kharif,Mancherial,Dandepelly,Cotton,4746,3879
2017-2018,Kharif,Mancherial,Luxettipet,Cotton,5042,4042
2017-2018,Kharif,Mancherial,Hazipur,Cotton,3203,2655
2017-2018,Kharif,Mancherial,Kasipet,Cotton,3332,3625
2017-2018,Kharif,Mancherial,Tandur,Cotton,2057,3770
2017-2018,Kharif,Mancherial,Bheemini,Cotton,3635,4989
2017-2018,Kharif,Mancherial,Kanepally,Cotton,4443,5896
2017-2018,Kharif,Mancherial,Vemanpalle,Cotton,2922,2804
2017-2018,Kharif,Mancherial,Nennal,Cotton,2323,2817
2017-2018,Kharif,Mancherial,Bellampalle,Cotton,1339,1429
2017-2018,Kharif,Mancherial,Mandamarri,Cotton,1910,1930
2017-2018,Kharif,Mancherial,Mancherial ,Cotton,168,129
2017-2018,Kharif,Mancherial,Naspur,Cotton,283,61
2017-2018,Kharif,Mancherial,Jaipur,Cotton,2068,2318
2017-2018,Kharif,Mancherial,Bheemaram,Cotton,1310,1182
2017-2018,Kharif,Mancherial,Chennur,Cotton,6256,6340
2017-2018,Kharif,Mancherial,Kotapalle,Cotton,5488,6064
2017-2018,Kharif,Mancherial,Jannaram,Mesta,0,0
2017-2018,Kharif,Mancherial,Dandepelly,Mesta,0,0
2017-2018,Kharif,Mancherial,Luxettipet,Mesta,0,0
2017-2018,Kharif,Mancherial,Hazipur,Mesta,0,0
2017-2018,Kharif,Mancherial,Kasipet,Mesta,0,0
2017-2018,Kharif,Mancherial,Tandur,Mesta,0,0
2017-2018,Kharif,Mancherial,Bheemini,Mesta,0,0
2017-2018,Kharif,Mancherial,Kanepally,Mesta,0,0
2017-2018,Kharif,Mancherial,Vemanpalle,Mesta,0,0
2017-2018,Kharif,Mancherial,Nennal,Mesta,0,0
2017-2018,Kharif,Mancherial,Bellampalle,Mesta,0,0
2017-2018,Kharif,Mancherial,Mandamarri,Mesta,0,0
2017-2018,Kharif,Mancherial,Mancherial ,Mesta,0,0
2017-2018,Kharif,Mancherial,Naspur,Mesta,0,0
2017-2018,Kharif,Mancherial,Jaipur,Mesta,0,0
2017-2018,Kharif,Mancherial,Bheemaram,Mesta,0,0
2017-2018,Kharif,Mancherial,Chennur,Mesta,0,0
2017-2018,Kharif,Mancherial,Kotapalle,Mesta,0,0
2017-2018,Kharif,Mancherial,Jannaram,Groundnut,0,0
2017-2018,Kharif,Mancherial,Dandepelly,Groundnut,0,0
2017-2018,Kharif,Mancherial,Luxettipet,Groundnut,0,0
2017-2018,Kharif,Mancherial,Hazipur,Groundnut,0,0
2017-2018,Kharif,Mancherial,Kasipet,Groundnut,0,0
2017-2018,Kharif,Mancherial,Tandur,Groundnut,0,0
2017-2018,Kharif,Mancherial,Bheemini,Groundnut,0,0
2017-2018,Kharif,Mancherial,Kanepally,Groundnut,0,0
2017-2018,Kharif,Mancherial,Vemanpalle,Groundnut,0,0
2017-2018,Kharif,Mancherial,Nennal,Groundnut,0,0
2017-2018,Kharif,Mancherial,Bellampalle,Groundnut,0,0
2017-2018,Kharif,Mancherial,Mandamarri,Groundnut,0,0
2017-2018,Kharif,Mancherial,Mancherial ,Groundnut,0,0
2017-2018,Kharif,Mancherial,Naspur,Groundnut,0,0
2017-2018,Kharif,Mancherial,Jaipur,Groundnut,0,0
2017-2018,Kharif,Mancherial,Bheemaram,Groundnut,0,0
2017-2018,Kharif,Mancherial,Chennur,Groundnut,0,0
2017-2018,Kharif,Mancherial,Kotapalle,Groundnut,0,1
2017-2018,Kharif,Mancherial,Jannaram,Sesamum,0,0
2017-2018,Kharif,Mancherial,Dandepelly,Sesamum,0,0
2017-2018,Kharif,Mancherial,Luxettipet,Sesamum,0,0
2017-2018,Kharif,Mancherial,Hazipur,Sesamum,0,0
2017-2018,Kharif,Mancherial,Kasipet,Sesamum,0,0
2017-2018,Kharif,Mancherial,Tandur,Sesamum,0,0
2017-2018,Kharif,Mancherial,Bheemini,Sesamum,3,0
2017-2018,Kharif,Mancherial,Kanepally,Sesamum,10,0
2017-2018,Kharif,Mancherial,Vemanpalle,Sesamum,27,6
2017-2018,Kharif,Mancherial,Nennal,Sesamum,0,0
2017-2018,Kharif,Mancherial,Bellampalle,Sesamum,0,0
2017-2018,Kharif,Mancherial,Mandamarri,Sesamum,1,0
2017-2018,Kharif,Mancherial,Mancherial ,Sesamum,0,0
2017-2018,Kharif,Mancherial,Naspur,Sesamum,0,0
2017-2018,Kharif,Mancherial,Jaipur,Sesamum,3,2
2017-2018,Kharif,Mancherial,Bheemaram,Sesamum,7,0
2017-2018,Kharif,Mancherial,Chennur,Sesamum,12,2
2017-2018,Kharif,Mancherial,Kotapalle,Sesamum,103,29
2017-2018,Kharif,Mancherial,Jannaram,Sunflower,0,0
2017-2018,Kharif,Mancherial,Dandepelly,Sunflower,0,0
2017-2018,Kharif,Mancherial,Luxettipet,Sunflower,0,0
2017-2018,Kharif,Mancherial,Hazipur,Sunflower,0,0
2017-2018,Kharif,Mancherial,Kasipet,Sunflower,0,0
2017-2018,Kharif,Mancherial,Tandur,Sunflower,0,0
2017-2018,Kharif,Mancherial,Bheemini,Sunflower,0,0
2017-2018,Kharif,Mancherial,Kanepally,Sunflower,0,0
2017-2018,Kharif,Mancherial,Vemanpalle,Sunflower,0,0
2017-2018,Kharif,Mancherial,Nennal,Sunflower,0,0
2017-2018,Kharif,Mancherial,Bellampalle,Sunflower,0,0
2017-2018,Kharif,Mancherial,Mandamarri,Sunflower,0,0
2017-2018,Kharif,Mancherial,Mancherial ,Sunflower,0,0
2017-2018,Kharif,Mancherial,Naspur,Sunflower,0,0
2017-2018,Kharif,Mancherial,Jaipur,Sunflower,0,0
2017-2018,Kharif,Mancherial,Bheemaram,Sunflower,0,0
2017-2018,Kharif,Mancherial,Chennur,Sunflower,0,0
2017-2018,Kharif,Mancherial,Kotapalle,Sunflower,0,0
2017-2018,Kharif,Mancherial,Jannaram,Castor,0,0
2017-2018,Kharif,Mancherial,Dandepelly,Castor,0,0
2017-2018,Kharif,Mancherial,Luxettipet,Castor,0,0
2017-2018,Kharif,Mancherial,Hazipur,Castor,0,0
2017-2018,Kharif,Mancherial,Kasipet,Castor,0,0
2017-2018,Kharif,Mancherial,Tandur,Castor,4,0
2017-2018,Kharif,Mancherial,Bheemini,Castor,0,0
2017-2018,Kharif,Mancherial,Kanepally,Castor,0,0
2017-2018,Kharif,Mancherial,Vemanpalle,Castor,0,0
2017-2018,Kharif,Mancherial,Nennal,Castor,0,0
2017-2018,Kharif,Mancherial,Bellampalle,Castor,0,0
2017-2018,Kharif,Mancherial,Mandamarri,Castor,0,0
2017-2018,Kharif,Mancherial,Mancherial ,Castor,0,0
2017-2018,Kharif,Mancherial,Naspur,Castor,0,0
2017-2018,Kharif,Mancherial,Jaipur,Castor,1,0
2017-2018,Kharif,Mancherial,Bheemaram,Castor,0,0
2017-2018,Kharif,Mancherial,Chennur,Castor,0,0
2017-2018,Kharif,Mancherial,Kotapalle,Castor,0,0
2017-2018,Kharif,Mancherial,Jannaram,Soyabean,46,24
2017-2018,Kharif,Mancherial,Dandepelly,Soyabean,5,0
2017-2018,Kharif,Mancherial,Luxettipet,Soyabean,10,0
2017-2018,Kharif,Mancherial,Hazipur,Soyabean,4,0
2017-2018,Kharif,Mancherial,Kasipet,Soyabean,0,0
2017-2018,Kharif,Mancherial,Tandur,Soyabean,8,0
2017-2018,Kharif,Mancherial,Bheemini,Soyabean,29,0
2017-2018,Kharif,Mancherial,Kanepally,Soyabean,88,0
2017-2018,Kharif,Mancherial,Vemanpalle,Soyabean,28,57
2017-2018,Kharif,Mancherial,Nennal,Soyabean,10,0
2017-2018,Kharif,Mancherial,Bellampalle,Soyabean,7,0
2017-2018,Kharif,Mancherial,Mandamarri,Soyabean,4,0
2017-2018,Kharif,Mancherial,Mancherial ,Soyabean,1,0
2017-2018,Kharif,Mancherial,Naspur,Soyabean,0,0
2017-2018,Kharif,Mancherial,Jaipur,Soyabean,31,5
2017-2018,Kharif,Mancherial,Bheemaram,Soyabean,29,0
2017-2018,Kharif,Mancherial,Chennur,Soyabean,288,135
2017-2018,Kharif,Mancherial,Kotapalle,Soyabean,54,15
2017-2018,Kharif,Mancherial,Jannaram,Total,7013,7162
2017-2018,Kharif,Mancherial,Dandepelly,Total,7828,12033
2017-2018,Kharif,Mancherial,Luxettipet,Total,7556,8139
2017-2018,Kharif,Mancherial,Hazipur,Total,4391,3860
2017-2018,Kharif,Mancherial,Kasipet,Total,4434,3998
2017-2018,Kharif,Mancherial,Tandur,Total,3288,4221
2017-2018,Kharif,Mancherial,Bheemini,Total,4470,5535
2017-2018,Kharif,Mancherial,Kanepally,Total,6091,7015
2017-2018,Kharif,Mancherial,Vemanpalle,Total,4350,4389
2017-2018,Kharif,Mancherial,Nennal,Total,4047,3596
2017-2018,Kharif,Mancherial,Bellampalle,Total,2373,2432
2017-2018,Kharif,Mancherial,Mandamarri,Total,2906,2890
2017-2018,Kharif,Mancherial,Mancherial ,Total,334,322
2017-2018,Kharif,Mancherial,Naspur,Total,645,326
2017-2018,Kharif,Mancherial,Jaipur,Total,4514,4445
2017-2018,Kharif,Mancherial,Bheemaram,Total,2451,2357
2017-2018,Kharif,Mancherial,Chennur,Total,9771,9855
2017-2018,Kharif,Mancherial,Kotapalle,Total,8004,7981
