year,season,districtName,mandalName,crop,normalAreaSown,actualAreaSown
2018-2019,Rabi,Mancherial,Jannaram,Paddy,1203,504
2018-2019,Rabi,Mancherial,Dandepalli,Paddy,3071,1150
2018-2019,Rabi,Mancherial,Luxettipet,Paddy,1847,720
2018-2019,Rabi,Mancherial,Hajipur,Paddy,632,310
2018-2019,Rabi,Mancherial,Kasipet,Paddy,108,25
2018-2019,Rabi,Mancherial,Tandur,Paddy,148,20
2018-2019,Rabi,Mancherial,Bhimini,Paddy,81,31
2018-2019,Rabi,Mancherial,Kannepalli,Paddy,350,85
2018-2019,Rabi,Mancherial,Vemanpalli,Paddy,405,95
2018-2019,Rabi,Mancherial,Nennal,Paddy,205,90
2018-2019,Rabi,Mancherial,Bellampalli,Paddy,253,280
2018-2019,Rabi,Mancherial,Mandamarri,Paddy,273,201
2018-2019,Rabi,Mancherial,Mancherial,Paddy,75,20
2018-2019,Rabi,Mancherial,Naspur,Paddy,137,35
2018-2019,Rabi,Mancherial,Jaipur,Paddy,1010,560
2018-2019,Rabi,Mancherial,Bheemaram,Paddy,507,220
2018-2019,Rabi,Mancherial,Chennur,Paddy,1021,580
2018-2019,Rabi,Mancherial,Kotapalli,Paddy,512,258
2018-2019,Rabi,Mancherial,Jannaram,Jowar,26,20
2018-2019,Rabi,Mancherial,Dandepalli,Jowar,0,0
2018-2019,Rabi,Mancherial,Luxettipet,Jowar,0,0
2018-2019,Rabi,Mancherial,Hajipur,Jowar,3,0
2018-2019,Rabi,Mancherial,Kasipet,Jowar,91,56
2018-2019,Rabi,Mancherial,Tandur,Jowar,107,28
2018-2019,Rabi,Mancherial,Bhimini,Jowar,109,35
2018-2019,Rabi,Mancherial,Kannepalli,Jowar,67,12
2018-2019,Rabi,Mancherial,Vemanpalli,Jowar,105,9
2018-2019,Rabi,Mancherial,Nennal,Jowar,36,0
2018-2019,Rabi,Mancherial,Bellampalli,Jowar,18,0
2018-2019,Rabi,Mancherial,Mandamarri,Jowar,2,0
2018-2019,Rabi,Mancherial,Mancherial,Jowar,0,0
2018-2019,Rabi,Mancherial,Naspur,Jowar,0,0
2018-2019,Rabi,Mancherial,Jaipur,Jowar,7,0
2018-2019,Rabi,Mancherial,Bheemaram,Jowar,10,0
2018-2019,Rabi,Mancherial,Chennur,Jowar,33,12
2018-2019,Rabi,Mancherial,Kotapalli,Jowar,85,14
2018-2019,Rabi,Mancherial,Jannaram,Maize,255,59
2018-2019,Rabi,Mancherial,Dandepalli,Maize,145,71
2018-2019,Rabi,Mancherial,Luxettipet,Maize,413,136
2018-2019,Rabi,Mancherial,Hajipur,Maize,56,34
2018-2019,Rabi,Mancherial,Kasipet,Maize,9,0
2018-2019,Rabi,Mancherial,Tandur,Maize,17,0
2018-2019,Rabi,Mancherial,Bhimini,Maize,12,0
2018-2019,Rabi,Mancherial,Kannepalli,Maize,40,8
2018-2019,Rabi,Mancherial,Vemanpalli,Maize,195,56
2018-2019,Rabi,Mancherial,Nennal,Maize,18,0
2018-2019,Rabi,Mancherial,Bellampalli,Maize,21,0
2018-2019,Rabi,Mancherial,Mandamarri,Maize,58,60
2018-2019,Rabi,Mancherial,Mancherial,Maize,6,0
2018-2019,Rabi,Mancherial,Naspur,Maize,6,0
2018-2019,Rabi,Mancherial,Jaipur,Maize,54,0
2018-2019,Rabi,Mancherial,Bheemaram,Maize,30,0
2018-2019,Rabi,Mancherial,Chennur,Maize,74,0
2018-2019,Rabi,Mancherial,Kotapalli,Maize,84,0
2018-2019,Rabi,Mancherial,Jannaram,Horse Gram,0,0
2018-2019,Rabi,Mancherial,Dandepalli,Horse Gram,0,0
2018-2019,Rabi,Mancherial,Luxettipet,Horse Gram,0,0
2018-2019,Rabi,Mancherial,Hajipur,Horse Gram,0,0
2018-2019,Rabi,Mancherial,Kasipet,Horse Gram,0,0
2018-2019,Rabi,Mancherial,Tandur,Horse Gram,2,0
2018-2019,Rabi,Mancherial,Bhimini,Horse Gram,0,0
2018-2019,Rabi,Mancherial,Kannepalli,Horse Gram,0,0
2018-2019,Rabi,Mancherial,Vemanpalli,Horse Gram,0,0
2018-2019,Rabi,Mancherial,Nennal,Horse Gram,0,0
2018-2019,Rabi,Mancherial,Bellampalli,Horse Gram,0,0
2018-2019,Rabi,Mancherial,Mandamarri,Horse Gram,0,0
2018-2019,Rabi,Mancherial,Mancherial,Horse Gram,0,0
2018-2019,Rabi,Mancherial,Naspur,Horse Gram,0,0
2018-2019,Rabi,Mancherial,Jaipur,Horse Gram,0,0
2018-2019,Rabi,Mancherial,Bheemaram,Horse Gram,0,0
2018-2019,Rabi,Mancherial,Chennur,Horse Gram,1,0
2018-2019,Rabi,Mancherial,Kotapalli,Horse Gram,0,0
2018-2019,Rabi,Mancherial,Jannaram,Green Gram,119,8
2018-2019,Rabi,Mancherial,Dandepalli,Green Gram,39,13
2018-2019,Rabi,Mancherial,Luxettipet,Green Gram,20,7
2018-2019,Rabi,Mancherial,Hajipur,Green Gram,14,9
2018-2019,Rabi,Mancherial,Kasipet,Green Gram,3,0
2018-2019,Rabi,Mancherial,Tandur,Green Gram,4,0
2018-2019,Rabi,Mancherial,Bhimini,Green Gram,21,0
2018-2019,Rabi,Mancherial,Kannepalli,Green Gram,12,0
2018-2019,Rabi,Mancherial,Vemanpalli,Green Gram,109,31
2018-2019,Rabi,Mancherial,Nennal,Green Gram,10,0
2018-2019,Rabi,Mancherial,Bellampalli,Green Gram,3,3
2018-2019,Rabi,Mancherial,Mandamarri,Green Gram,24,20
2018-2019,Rabi,Mancherial,Mancherial,Green Gram,1,0
2018-2019,Rabi,Mancherial,Naspur,Green Gram,1,0
2018-2019,Rabi,Mancherial,Jaipur,Green Gram,120,41
2018-2019,Rabi,Mancherial,Bheemaram,Green Gram,43,12
2018-2019,Rabi,Mancherial,Chennur,Green Gram,63,14
2018-2019,Rabi,Mancherial,Kotapalli,Green Gram,52,23
2018-2019,Rabi,Mancherial,Jannaram,Black Gram,7,0
2018-2019,Rabi,Mancherial,Dandepalli,Black Gram,0,0
2018-2019,Rabi,Mancherial,Luxettipet,Black Gram,1,0
2018-2019,Rabi,Mancherial,Hajipur,Black Gram,7,0
2018-2019,Rabi,Mancherial,Kasipet,Black Gram,0,0
2018-2019,Rabi,Mancherial,Tandur,Black Gram,1,0
2018-2019,Rabi,Mancherial,Bhimini,Black Gram,1,0
2018-2019,Rabi,Mancherial,Kannepalli,Black Gram,9,0
2018-2019,Rabi,Mancherial,Vemanpalli,Black Gram,30,8
2018-2019,Rabi,Mancherial,Nennal,Black Gram,0,0
2018-2019,Rabi,Mancherial,Bellampalli,Black Gram,7,2
2018-2019,Rabi,Mancherial,Mandamarri,Black Gram,8,5
2018-2019,Rabi,Mancherial,Mancherial,Black Gram,0,0
2018-2019,Rabi,Mancherial,Naspur,Black Gram,0,0
2018-2019,Rabi,Mancherial,Jaipur,Black Gram,23,0
2018-2019,Rabi,Mancherial,Bheemaram,Black Gram,5,0
2018-2019,Rabi,Mancherial,Chennur,Black Gram,26,0
2018-2019,Rabi,Mancherial,Kotapalli,Black Gram,10,0
2018-2019,Rabi,Mancherial,Jannaram,Red Gram,1,0
2018-2019,Rabi,Mancherial,Dandepalli,Red Gram,0,0
2018-2019,Rabi,Mancherial,Luxettipet,Red Gram,0,0
2018-2019,Rabi,Mancherial,Hajipur,Red Gram,24,12
2018-2019,Rabi,Mancherial,Kasipet,Red Gram,69,54
2018-2019,Rabi,Mancherial,Tandur,Red Gram,38,19
2018-2019,Rabi,Mancherial,Bhimini,Red Gram,6,2
2018-2019,Rabi,Mancherial,Kannepalli,Red Gram,9,0
2018-2019,Rabi,Mancherial,Vemanpalli,Red Gram,0,0
2018-2019,Rabi,Mancherial,Nennal,Red Gram,0,0
2018-2019,Rabi,Mancherial,Bellampalli,Red Gram,17,0
2018-2019,Rabi,Mancherial,Mandamarri,Red Gram,13,0
2018-2019,Rabi,Mancherial,Mancherial,Red Gram,3,0
2018-2019,Rabi,Mancherial,Naspur,Red Gram,5,0
2018-2019,Rabi,Mancherial,Jaipur,Red Gram,1,0
2018-2019,Rabi,Mancherial,Bheemaram,Red Gram,0,0
2018-2019,Rabi,Mancherial,Chennur,Red Gram,8,0
2018-2019,Rabi,Mancherial,Kotapalli,Red Gram,0,0
2018-2019,Rabi,Mancherial,Jannaram,Bengal Gram,19,9
2018-2019,Rabi,Mancherial,Dandepalli,Bengal Gram,0,0
2018-2019,Rabi,Mancherial,Luxettipet,Bengal Gram,9,0
2018-2019,Rabi,Mancherial,Hajipur,Bengal Gram,8,0
2018-2019,Rabi,Mancherial,Kasipet,Bengal Gram,13,0
2018-2019,Rabi,Mancherial,Tandur,Bengal Gram,57,29
2018-2019,Rabi,Mancherial,Bhimini,Bengal Gram,32,15
2018-2019,Rabi,Mancherial,Kannepalli,Bengal Gram,45,33
2018-2019,Rabi,Mancherial,Vemanpalli,Bengal Gram,17,4
2018-2019,Rabi,Mancherial,Nennal,Bengal Gram,23,0
2018-2019,Rabi,Mancherial,Bellampalli,Bengal Gram,18,18
2018-2019,Rabi,Mancherial,Mandamarri,Bengal Gram,20,9
2018-2019,Rabi,Mancherial,Mancherial,Bengal Gram,1,0
2018-2019,Rabi,Mancherial,Naspur,Bengal Gram,1,0
2018-2019,Rabi,Mancherial,Jaipur,Bengal Gram,20,15
2018-2019,Rabi,Mancherial,Bheemaram,Bengal Gram,9,0
2018-2019,Rabi,Mancherial,Chennur,Bengal Gram,38,38
2018-2019,Rabi,Mancherial,Kotapalli,Bengal Gram,6,0
2018-2019,Rabi,Mancherial,Jannaram,Total,1630,600
2018-2019,Rabi,Mancherial,Dandepalli,Total,3255,1234
2018-2019,Rabi,Mancherial,Luxettipet,Total,2290,863
2018-2019,Rabi,Mancherial,Hajipur,Total,744,365
2018-2019,Rabi,Mancherial,Kasipet,Total,293,135
2018-2019,Rabi,Mancherial,Tandur,Total,374,96
2018-2019,Rabi,Mancherial,Bhimini,Total,262,83
2018-2019,Rabi,Mancherial,Kannepalli,Total,532,138
2018-2019,Rabi,Mancherial,Vemanpalli,Total,861,203
2018-2019,Rabi,Mancherial,Nennal,Total,292,90
2018-2019,Rabi,Mancherial,Bellampalli,Total,337,303
2018-2019,Rabi,Mancherial,Mandamarri,Total,398,295
2018-2019,Rabi,Mancherial,Mancherial,Total,86,20
2018-2019,Rabi,Mancherial,Naspur,Total,150,35
2018-2019,Rabi,Mancherial,Jaipur,Total,1235,616
2018-2019,Rabi,Mancherial,Bheemaram,Total,604,232
2018-2019,Rabi,Mancherial,Chennur,Total,1264,644
2018-2019,Rabi,Mancherial,Kotapalli,Total,749,295
