year,season,districtName,mandalName,crop,normalAreaSown,actualAreaSown
2016-2017,Kharif,Medak,Shankarampet (A),Paddy,1370,668
2016-2017,Kharif,Medak,Regode,Paddy,475,178
2016-2017,Kharif,Medak,Alladurg,Paddy,819,651
2016-2017,Kharif,Medak,Tekmal,Paddy,2163,1186
2016-2017,Kharif,Medak,Papannapet,Paddy,4906,4569
2016-2017,Kharif,Medak,Ramayampet,Paddy,2639,1887
2016-2017,Kharif,Medak,Chegunta,Paddy,2116,2383
2016-2017,Kharif,Medak,Shankarampet (R),Paddy,2485,2008
2016-2017,Kharif,Medak,Medak,Paddy,5155,5438
2016-2017,Kharif,Medak,Kulcharam,Paddy,3916,3327
2016-2017,Kharif,Medak,Kowdipally,Paddy,4414,3235
2016-2017,Kharif,Medak,Narsapur,Paddy,2681,1388
2016-2017,Kharif,Medak,Shivampet,Paddy,3261,1808
2016-2017,Kharif,Medak,Yeldurthy,Paddy,2026,1722
2016-2017,Kharif,Medak,Toopran,Paddy,1679,1266
2016-2017,Kharif,Medak,Shankarampet (A),Jowar,323.8,174
2016-2017,Kharif,Medak,Regode,Jowar,77.2,0
2016-2017,Kharif,Medak,Alladurg,Jowar,37,17
2016-2017,Kharif,Medak,Tekmal,Jowar,261.2,324
2016-2017,Kharif,Medak,Papannapet,Jowar,70.2,95
2016-2017,Kharif,Medak,Ramayampet,Jowar,0.2,0
2016-2017,Kharif,Medak,Chegunta,Jowar,0,0
2016-2017,Kharif,Medak,Shankarampet (R),Jowar,0,0
2016-2017,Kharif,Medak,Medak,Jowar,5.8,1
2016-2017,Kharif,Medak,Kulcharam,Jowar,39.8,33
2016-2017,Kharif,Medak,Kowdipally,Jowar,99.6,192
2016-2017,Kharif,Medak,Narsapur,Jowar,65.2,220
2016-2017,Kharif,Medak,Shivampet,Jowar,17.8,15
2016-2017,Kharif,Medak,Yeldurthy,Jowar,0,0
2016-2017,Kharif,Medak,Toopran,Jowar,5.8,0
2016-2017,Kharif,Medak,Shankarampet (A),Bajra,0,0
2016-2017,Kharif,Medak,Regode,Bajra,0,0
2016-2017,Kharif,Medak,Alladurg,Bajra,0,0
2016-2017,Kharif,Medak,Tekmal,Bajra,0,0
2016-2017,Kharif,Medak,Papannapet,Bajra,0,0
2016-2017,Kharif,Medak,Ramayampet,Bajra,0,0
2016-2017,Kharif,Medak,Chegunta,Bajra,0,0
2016-2017,Kharif,Medak,Shankarampet (R),Bajra,0,0
2016-2017,Kharif,Medak,Medak,Bajra,0,0
2016-2017,Kharif,Medak,Kulcharam,Bajra,0,0
2016-2017,Kharif,Medak,Kowdipally,Bajra,0,0
2016-2017,Kharif,Medak,Narsapur,Bajra,0,0
2016-2017,Kharif,Medak,Shivampet,Bajra,0,0
2016-2017,Kharif,Medak,Yeldurthy,Bajra,0,0
2016-2017,Kharif,Medak,Toopran,Bajra,6,0
2016-2017,Kharif,Medak,Shankarampet (A),Maize,1666.6,1286
2016-2017,Kharif,Medak,Regode,Maize,192.6,221
2016-2017,Kharif,Medak,Alladurg,Maize,482.4,328
2016-2017,Kharif,Medak,Tekmal,Maize,2500.4,2355
2016-2017,Kharif,Medak,Papannapet,Maize,487.6,407
2016-2017,Kharif,Medak,Ramayampet,Maize,3790,4265
2016-2017,Kharif,Medak,Chegunta,Maize,5149.2,5521
2016-2017,Kharif,Medak,Shankarampet (R),Maize,2084.4,2645
2016-2017,Kharif,Medak,Medak,Maize,584.2,2173
2016-2017,Kharif,Medak,Kulcharam,Maize,1247.6,1151
2016-2017,Kharif,Medak,Kowdipally,Maize,2469.6,2869
2016-2017,Kharif,Medak,Narsapur,Maize,989,1471
2016-2017,Kharif,Medak,Shivampet,Maize,3013.8,2832
2016-2017,Kharif,Medak,Yeldurthy,Maize,768.2,1347
2016-2017,Kharif,Medak,Toopran,Maize,1687,2294
2016-2017,Kharif,Medak,Shankarampet (A),Ragi,0,0
2016-2017,Kharif,Medak,Regode,Ragi,0,0
2016-2017,Kharif,Medak,Alladurg,Ragi,0,0
2016-2017,Kharif,Medak,Tekmal,Ragi,0,0
2016-2017,Kharif,Medak,Papannapet,Ragi,0,0
2016-2017,Kharif,Medak,Ramayampet,Ragi,0,0
2016-2017,Kharif,Medak,Chegunta,Ragi,0,0
2016-2017,Kharif,Medak,Shankarampet (R),Ragi,0,1
2016-2017,Kharif,Medak,Medak,Ragi,0,0
2016-2017,Kharif,Medak,Kulcharam,Ragi,0,0
2016-2017,Kharif,Medak,Kowdipally,Ragi,0,0
2016-2017,Kharif,Medak,Narsapur,Ragi,0,0
2016-2017,Kharif,Medak,Shivampet,Ragi,0,0
2016-2017,Kharif,Medak,Yeldurthy,Ragi,0,0
2016-2017,Kharif,Medak,Toopran,Ragi,2,0
2016-2017,Kharif,Medak,Shankarampet (A),Horse Gram,0,0
2016-2017,Kharif,Medak,Regode,Horse Gram,0,0
2016-2017,Kharif,Medak,Alladurg,Horse Gram,0,0
2016-2017,Kharif,Medak,Tekmal,Horse Gram,0,0
2016-2017,Kharif,Medak,Papannapet,Horse Gram,0,0
2016-2017,Kharif,Medak,Ramayampet,Horse Gram,0,0
2016-2017,Kharif,Medak,Chegunta,Horse Gram,0,0
2016-2017,Kharif,Medak,Shankarampet (R),Horse Gram,0,0
2016-2017,Kharif,Medak,Medak,Horse Gram,0,0
2016-2017,Kharif,Medak,Kulcharam,Horse Gram,0,0
2016-2017,Kharif,Medak,Kowdipally,Horse Gram,0,42
2016-2017,Kharif,Medak,Narsapur,Horse Gram,0,0
2016-2017,Kharif,Medak,Shivampet,Horse Gram,0,0
2016-2017,Kharif,Medak,Yeldurthy,Horse Gram,0,0
2016-2017,Kharif,Medak,Toopran,Horse Gram,2,0
2016-2017,Kharif,Medak,Shankarampet (A),Green Gram,675.8,913
2016-2017,Kharif,Medak,Regode,Green Gram,1681.2,1831
2016-2017,Kharif,Medak,Alladurg,Green Gram,848,320
2016-2017,Kharif,Medak,Tekmal,Green Gram,528.4,761
2016-2017,Kharif,Medak,Papannapet,Green Gram,83.6,103
2016-2017,Kharif,Medak,Ramayampet,Green Gram,0.8,21
2016-2017,Kharif,Medak,Chegunta,Green Gram,1.4,0
2016-2017,Kharif,Medak,Shankarampet (R),Green Gram,1.4,0
2016-2017,Kharif,Medak,Medak,Green Gram,3.6,162
2016-2017,Kharif,Medak,Kulcharam,Green Gram,18.4,128
2016-2017,Kharif,Medak,Kowdipally,Green Gram,73.2,111
2016-2017,Kharif,Medak,Narsapur,Green Gram,11.6,0
2016-2017,Kharif,Medak,Shivampet,Green Gram,1.6,14
2016-2017,Kharif,Medak,Yeldurthy,Green Gram,0,0
2016-2017,Kharif,Medak,Toopran,Green Gram,0.4,0
2016-2017,Kharif,Medak,Shankarampet (A),Black Gram,211.2,236
2016-2017,Kharif,Medak,Regode,Black Gram,609.8,470
2016-2017,Kharif,Medak,Alladurg,Black Gram,472,171
2016-2017,Kharif,Medak,Tekmal,Black Gram,228.2,441
2016-2017,Kharif,Medak,Papannapet,Black Gram,57,83
2016-2017,Kharif,Medak,Ramayampet,Black Gram,0.2,19
2016-2017,Kharif,Medak,Chegunta,Black Gram,0,0
2016-2017,Kharif,Medak,Shankarampet (R),Black Gram,1,0
2016-2017,Kharif,Medak,Medak,Black Gram,3.6,116
2016-2017,Kharif,Medak,Kulcharam,Black Gram,16.8,126
2016-2017,Kharif,Medak,Kowdipally,Black Gram,67.6,81
2016-2017,Kharif,Medak,Narsapur,Black Gram,6.2,0
2016-2017,Kharif,Medak,Shivampet,Black Gram,0,0
2016-2017,Kharif,Medak,Yeldurthy,Black Gram,0,0
2016-2017,Kharif,Medak,Toopran,Black Gram,0,0
2016-2017,Kharif,Medak,Shankarampet (A),Red Gram,267.4,370
2016-2017,Kharif,Medak,Regode,Red Gram,639.8,613
2016-2017,Kharif,Medak,Alladurg,Red Gram,770.4,239
2016-2017,Kharif,Medak,Tekmal,Red Gram,550.2,546
2016-2017,Kharif,Medak,Papannapet,Red Gram,72.6,77
2016-2017,Kharif,Medak,Ramayampet,Red Gram,61.2,252
2016-2017,Kharif,Medak,Chegunta,Red Gram,75.4,188
2016-2017,Kharif,Medak,Shankarampet (R),Red Gram,49.6,77
2016-2017,Kharif,Medak,Medak,Red Gram,4,111
2016-2017,Kharif,Medak,Kulcharam,Red Gram,58.4,245
2016-2017,Kharif,Medak,Kowdipally,Red Gram,344.2,390
2016-2017,Kharif,Medak,Narsapur,Red Gram,107.2,140
2016-2017,Kharif,Medak,Shivampet,Red Gram,186.8,225
2016-2017,Kharif,Medak,Yeldurthy,Red Gram,24.2,55
2016-2017,Kharif,Medak,Toopran,Red Gram,145.6,83
2016-2017,Kharif,Medak,Shankarampet (A),Bengal Gram,0,0
2016-2017,Kharif,Medak,Regode,Bengal Gram,0,0
2016-2017,Kharif,Medak,Alladurg,Bengal Gram,0,0
2016-2017,Kharif,Medak,Tekmal,Bengal Gram,0,0
2016-2017,Kharif,Medak,Papannapet,Bengal Gram,0,0
2016-2017,Kharif,Medak,Ramayampet,Bengal Gram,0,0
2016-2017,Kharif,Medak,Chegunta,Bengal Gram,0,0
2016-2017,Kharif,Medak,Shankarampet (R),Bengal Gram,0,0
2016-2017,Kharif,Medak,Medak,Bengal Gram,0,0
2016-2017,Kharif,Medak,Kulcharam,Bengal Gram,0,0
2016-2017,Kharif,Medak,Kowdipally,Bengal Gram,0,0
2016-2017,Kharif,Medak,Narsapur,Bengal Gram,0,0
2016-2017,Kharif,Medak,Shivampet,Bengal Gram,0,0
2016-2017,Kharif,Medak,Yeldurthy,Bengal Gram,0,0
2016-2017,Kharif,Medak,Toopran,Bengal Gram,0,0
2016-2017,Kharif,Medak,Shankarampet (A),Cow Gram,0,
2016-2017,Kharif,Medak,Regode,Cow Gram,0,
2016-2017,Kharif,Medak,Alladurg,Cow Gram,0,
2016-2017,Kharif,Medak,Tekmal,Cow Gram,0,
2016-2017,Kharif,Medak,Papannapet,Cow Gram,0,0
2016-2017,Kharif,Medak,Ramayampet,Cow Gram,8,6
2016-2017,Kharif,Medak,Chegunta,Cow Gram,1.6,
2016-2017,Kharif,Medak,Shankarampet (R),Cow Gram,13,18
2016-2017,Kharif,Medak,Medak,Cow Gram,0,
2016-2017,Kharif,Medak,Kulcharam,Cow Gram,0,
2016-2017,Kharif,Medak,Kowdipally,Cow Gram,1.4,
2016-2017,Kharif,Medak,Narsapur,Cow Gram,0,
2016-2017,Kharif,Medak,Shivampet,Cow Gram,1,
2016-2017,Kharif,Medak,Yeldurthy,Cow Gram,0,
2016-2017,Kharif,Medak,Toopran,Cow Gram,0,
2016-2017,Kharif,Medak,Shankarampet (A),Other pulses,0,
2016-2017,Kharif,Medak,Regode,Other pulses,19,
2016-2017,Kharif,Medak,Alladurg,Other pulses,0,
2016-2017,Kharif,Medak,Tekmal,Other pulses,0,
2016-2017,Kharif,Medak,Papannapet,Other pulses,0,0
2016-2017,Kharif,Medak,Ramayampet,Other pulses,0,
2016-2017,Kharif,Medak,Chegunta,Other pulses,0,
2016-2017,Kharif,Medak,Shankarampet (R),Other pulses,0,
2016-2017,Kharif,Medak,Medak,Other pulses,0,
2016-2017,Kharif,Medak,Kulcharam,Other pulses,0,
2016-2017,Kharif,Medak,Kowdipally,Other pulses,0,
2016-2017,Kharif,Medak,Narsapur,Other pulses,0,
2016-2017,Kharif,Medak,Shivampet,Other pulses,0,
2016-2017,Kharif,Medak,Yeldurthy,Other pulses,0,
2016-2017,Kharif,Medak,Toopran,Other pulses,0,
2016-2017,Kharif,Medak,Shankarampet (A),Chillies,0,
2016-2017,Kharif,Medak,Regode,Chillies,0.8,
2016-2017,Kharif,Medak,Alladurg,Chillies,26.4,
2016-2017,Kharif,Medak,Tekmal,Chillies,19,
2016-2017,Kharif,Medak,Papannapet,Chillies,0,0
2016-2017,Kharif,Medak,Ramayampet,Chillies,0,
2016-2017,Kharif,Medak,Chegunta,Chillies,0,
2016-2017,Kharif,Medak,Shankarampet (R),Chillies,0,
2016-2017,Kharif,Medak,Medak,Chillies,1.8,10
2016-2017,Kharif,Medak,Kulcharam,Chillies,0,
2016-2017,Kharif,Medak,Kowdipally,Chillies,9,
2016-2017,Kharif,Medak,Narsapur,Chillies,0.6,
2016-2017,Kharif,Medak,Shivampet,Chillies,7.6,
2016-2017,Kharif,Medak,Yeldurthy,Chillies,1.4,
2016-2017,Kharif,Medak,Toopran,Chillies,6.4,
2016-2017,Kharif,Medak,Shankarampet (A),Turmeric,0,
2016-2017,Kharif,Medak,Regode,Turmeric,0,
2016-2017,Kharif,Medak,Alladurg,Turmeric,0.4,
2016-2017,Kharif,Medak,Tekmal,Turmeric,2.2,
2016-2017,Kharif,Medak,Papannapet,Turmeric,0,0
2016-2017,Kharif,Medak,Ramayampet,Turmeric,8.8,
2016-2017,Kharif,Medak,Chegunta,Turmeric,0,
2016-2017,Kharif,Medak,Shankarampet (R),Turmeric,0,
2016-2017,Kharif,Medak,Medak,Turmeric,4,2
2016-2017,Kharif,Medak,Kulcharam,Turmeric,0.2,
2016-2017,Kharif,Medak,Kowdipally,Turmeric,0,
2016-2017,Kharif,Medak,Narsapur,Turmeric,0,
2016-2017,Kharif,Medak,Shivampet,Turmeric,0,
2016-2017,Kharif,Medak,Yeldurthy,Turmeric,0,
2016-2017,Kharif,Medak,Toopran,Turmeric,0,
2016-2017,Kharif,Medak,Shankarampet (A),Sugarcane,74,5
2016-2017,Kharif,Medak,Regode,Sugarcane,81.8,13
2016-2017,Kharif,Medak,Alladurg,Sugarcane,186.6,31
2016-2017,Kharif,Medak,Tekmal,Sugarcane,335.8,172
2016-2017,Kharif,Medak,Papannapet,Sugarcane,409,0
2016-2017,Kharif,Medak,Ramayampet,Sugarcane,309.2,160
2016-2017,Kharif,Medak,Chegunta,Sugarcane,33.4,11
2016-2017,Kharif,Medak,Shankarampet (R),Sugarcane,171.8,45
2016-2017,Kharif,Medak,Medak,Sugarcane,700.8,126
2016-2017,Kharif,Medak,Kulcharam,Sugarcane,293,66
2016-2017,Kharif,Medak,Kowdipally,Sugarcane,1209.4,283
2016-2017,Kharif,Medak,Narsapur,Sugarcane,474.8,120
2016-2017,Kharif,Medak,Shivampet,Sugarcane,28.2,21
2016-2017,Kharif,Medak,Yeldurthy,Sugarcane,119.8,32
2016-2017,Kharif,Medak,Toopran,Sugarcane,16.6,0
2016-2017,Kharif,Medak,Shankarampet (A),Potato,0,
2016-2017,Kharif,Medak,Regode,Potato,0,
2016-2017,Kharif,Medak,Alladurg,Potato,0,
2016-2017,Kharif,Medak,Tekmal,Potato,0,
2016-2017,Kharif,Medak,Papannapet,Potato,0,0
2016-2017,Kharif,Medak,Ramayampet,Potato,0,
2016-2017,Kharif,Medak,Chegunta,Potato,0,
2016-2017,Kharif,Medak,Shankarampet (R),Potato,0,
2016-2017,Kharif,Medak,Medak,Potato,0,
2016-2017,Kharif,Medak,Kulcharam,Potato,0,
2016-2017,Kharif,Medak,Kowdipally,Potato,0,
2016-2017,Kharif,Medak,Narsapur,Potato,0,
2016-2017,Kharif,Medak,Shivampet,Potato,0,
2016-2017,Kharif,Medak,Yeldurthy,Potato,0,
2016-2017,Kharif,Medak,Toopran,Potato,0,
2016-2017,Kharif,Medak,Shankarampet (A),Onion,0,
2016-2017,Kharif,Medak,Regode,Onion,3.6,
2016-2017,Kharif,Medak,Alladurg,Onion,20.4,
2016-2017,Kharif,Medak,Tekmal,Onion,14.4,
2016-2017,Kharif,Medak,Papannapet,Onion,0,0
2016-2017,Kharif,Medak,Ramayampet,Onion,0,
2016-2017,Kharif,Medak,Chegunta,Onion,0,
2016-2017,Kharif,Medak,Shankarampet (R),Onion,0,
2016-2017,Kharif,Medak,Medak,Onion,0,
2016-2017,Kharif,Medak,Kulcharam,Onion,0,
2016-2017,Kharif,Medak,Kowdipally,Onion,0,
2016-2017,Kharif,Medak,Narsapur,Onion,0,
2016-2017,Kharif,Medak,Shivampet,Onion,5,
2016-2017,Kharif,Medak,Yeldurthy,Onion,0,
2016-2017,Kharif,Medak,Toopran,Onion,3,
2016-2017,Kharif,Medak,Shankarampet (A),Other food crops,5,8
2016-2017,Kharif,Medak,Regode,Other food crops,31,
2016-2017,Kharif,Medak,Alladurg,Other food crops,117,
2016-2017,Kharif,Medak,Tekmal,Other food crops,93,
2016-2017,Kharif,Medak,Papannapet,Other food crops,33,16
2016-2017,Kharif,Medak,Ramayampet,Other food crops,129,
2016-2017,Kharif,Medak,Chegunta,Other food crops,155,
2016-2017,Kharif,Medak,Shankarampet (R),Other food crops,92,
2016-2017,Kharif,Medak,Medak,Other food crops,62,
2016-2017,Kharif,Medak,Kulcharam,Other food crops,44,
2016-2017,Kharif,Medak,Kowdipally,Other food crops,110,
2016-2017,Kharif,Medak,Narsapur,Other food crops,180,
2016-2017,Kharif,Medak,Shivampet,Other food crops,372,
2016-2017,Kharif,Medak,Yeldurthy,Other food crops,165,2
2016-2017,Kharif,Medak,Toopran,Other food crops,328,
2016-2017,Kharif,Medak,Shankarampet (A),Cotton,142.2,123
2016-2017,Kharif,Medak,Regode,Cotton,4634.8,1796
2016-2017,Kharif,Medak,Alladurg,Cotton,6842.4,3528
2016-2017,Kharif,Medak,Tekmal,Cotton,921.8,701
2016-2017,Kharif,Medak,Papannapet,Cotton,0,49
2016-2017,Kharif,Medak,Ramayampet,Cotton,155.6,130
2016-2017,Kharif,Medak,Chegunta,Cotton,458.6,148
2016-2017,Kharif,Medak,Shankarampet (R),Cotton,58.6,34
2016-2017,Kharif,Medak,Medak,Cotton,0.4,
2016-2017,Kharif,Medak,Kulcharam,Cotton,105.8,405
2016-2017,Kharif,Medak,Kowdipally,Cotton,79,461
2016-2017,Kharif,Medak,Narsapur,Cotton,126.8,75
2016-2017,Kharif,Medak,Shivampet,Cotton,119.6,100
2016-2017,Kharif,Medak,Yeldurthy,Cotton,7,2
2016-2017,Kharif,Medak,Toopran,Cotton,164.2,53
2016-2017,Kharif,Medak,Shankarampet (A),Sunn hemp,0,
2016-2017,Kharif,Medak,Regode,Sunn hemp,0,
2016-2017,Kharif,Medak,Alladurg,Sunn hemp,0,
2016-2017,Kharif,Medak,Tekmal,Sunn hemp,0,
2016-2017,Kharif,Medak,Papannapet,Sunn hemp,0,0
2016-2017,Kharif,Medak,Ramayampet,Sunn hemp,0,
2016-2017,Kharif,Medak,Chegunta,Sunn hemp,0,
2016-2017,Kharif,Medak,Shankarampet (R),Sunn hemp,0,
2016-2017,Kharif,Medak,Medak,Sunn hemp,0,
2016-2017,Kharif,Medak,Kulcharam,Sunn hemp,0,
2016-2017,Kharif,Medak,Kowdipally,Sunn hemp,0,
2016-2017,Kharif,Medak,Narsapur,Sunn hemp,0,
2016-2017,Kharif,Medak,Shivampet,Sunn hemp,0,
2016-2017,Kharif,Medak,Yeldurthy,Sunn hemp,0,
2016-2017,Kharif,Medak,Toopran,Sunn hemp,0,
2016-2017,Kharif,Medak,Shankarampet (A),Groundnut,0,
2016-2017,Kharif,Medak,Regode,Groundnut,0,
2016-2017,Kharif,Medak,Alladurg,Groundnut,0,
2016-2017,Kharif,Medak,Tekmal,Groundnut,1,
2016-2017,Kharif,Medak,Papannapet,Groundnut,0,0
2016-2017,Kharif,Medak,Ramayampet,Groundnut,0,1
2016-2017,Kharif,Medak,Chegunta,Groundnut,0,
2016-2017,Kharif,Medak,Shankarampet (R),Groundnut,0,
2016-2017,Kharif,Medak,Medak,Groundnut,1,
2016-2017,Kharif,Medak,Kulcharam,Groundnut,0,
2016-2017,Kharif,Medak,Kowdipally,Groundnut,0,
2016-2017,Kharif,Medak,Narsapur,Groundnut,0,
2016-2017,Kharif,Medak,Shivampet,Groundnut,0,15
2016-2017,Kharif,Medak,Yeldurthy,Groundnut,0,
2016-2017,Kharif,Medak,Toopran,Groundnut,0,
2016-2017,Kharif,Medak,Shankarampet (A),Sesamum,0,
2016-2017,Kharif,Medak,Regode,Sesamum,0,
2016-2017,Kharif,Medak,Alladurg,Sesamum,0,
2016-2017,Kharif,Medak,Tekmal,Sesamum,0,
2016-2017,Kharif,Medak,Papannapet,Sesamum,0,0
2016-2017,Kharif,Medak,Ramayampet,Sesamum,0,
2016-2017,Kharif,Medak,Chegunta,Sesamum,0,
2016-2017,Kharif,Medak,Shankarampet (R),Sesamum,0,
2016-2017,Kharif,Medak,Medak,Sesamum,0,
2016-2017,Kharif,Medak,Kulcharam,Sesamum,0,
2016-2017,Kharif,Medak,Kowdipally,Sesamum,0,
2016-2017,Kharif,Medak,Narsapur,Sesamum,0,
2016-2017,Kharif,Medak,Shivampet,Sesamum,0,
2016-2017,Kharif,Medak,Yeldurthy,Sesamum,0,
2016-2017,Kharif,Medak,Toopran,Sesamum,0,
2016-2017,Kharif,Medak,Shankarampet (A),Sunflower,0,
2016-2017,Kharif,Medak,Regode,Sunflower,0,
2016-2017,Kharif,Medak,Alladurg,Sunflower,28,
2016-2017,Kharif,Medak,Tekmal,Sunflower,11.4,
2016-2017,Kharif,Medak,Papannapet,Sunflower,0,0
2016-2017,Kharif,Medak,Ramayampet,Sunflower,0,142
2016-2017,Kharif,Medak,Chegunta,Sunflower,0,
2016-2017,Kharif,Medak,Shankarampet (R),Sunflower,0,
2016-2017,Kharif,Medak,Medak,Sunflower,0,
2016-2017,Kharif,Medak,Kulcharam,Sunflower,0,
2016-2017,Kharif,Medak,Kowdipally,Sunflower,0,
2016-2017,Kharif,Medak,Narsapur,Sunflower,0,
2016-2017,Kharif,Medak,Shivampet,Sunflower,5.6,
2016-2017,Kharif,Medak,Yeldurthy,Sunflower,0,
2016-2017,Kharif,Medak,Toopran,Sunflower,8,
2016-2017,Kharif,Medak,Shankarampet (A),Castor,0,
2016-2017,Kharif,Medak,Regode,Castor,0,
2016-2017,Kharif,Medak,Alladurg,Castor,0,
2016-2017,Kharif,Medak,Tekmal,Castor,0,
2016-2017,Kharif,Medak,Papannapet,Castor,0,0
2016-2017,Kharif,Medak,Ramayampet,Castor,5,
2016-2017,Kharif,Medak,Chegunta,Castor,0,
2016-2017,Kharif,Medak,Shankarampet (R),Castor,5,6
2016-2017,Kharif,Medak,Medak,Castor,0,
2016-2017,Kharif,Medak,Kulcharam,Castor,0,
2016-2017,Kharif,Medak,Kowdipally,Castor,0,
2016-2017,Kharif,Medak,Narsapur,Castor,0,
2016-2017,Kharif,Medak,Shivampet,Castor,6,
2016-2017,Kharif,Medak,Yeldurthy,Castor,0,
2016-2017,Kharif,Medak,Toopran,Castor,5,
2016-2017,Kharif,Medak,Shankarampet (A),Soyabean,293,824
2016-2017,Kharif,Medak,Regode,Soyabean,125,217
2016-2017,Kharif,Medak,Alladurg,Soyabean,246,361
2016-2017,Kharif,Medak,Tekmal,Soyabean,37,152
2016-2017,Kharif,Medak,Papannapet,Soyabean,5,141
2016-2017,Kharif,Medak,Ramayampet,Soyabean,48,
2016-2017,Kharif,Medak,Chegunta,Soyabean,0,40
2016-2017,Kharif,Medak,Shankarampet (R),Soyabean,27,83
2016-2017,Kharif,Medak,Medak,Soyabean,37,332
2016-2017,Kharif,Medak,Kulcharam,Soyabean,10,28
2016-2017,Kharif,Medak,Kowdipally,Soyabean,37,88
2016-2017,Kharif,Medak,Narsapur,Soyabean,7,60
2016-2017,Kharif,Medak,Shivampet,Soyabean,0,35
2016-2017,Kharif,Medak,Yeldurthy,Soyabean,20,20
2016-2017,Kharif,Medak,Toopran,Soyabean,0,
2016-2017,Kharif,Medak,Shankarampet (A),Other oil seeds,0,
2016-2017,Kharif,Medak,Regode,Other oil seeds,0,
2016-2017,Kharif,Medak,Alladurg,Other oil seeds,0,
2016-2017,Kharif,Medak,Tekmal,Other oil seeds,0,
2016-2017,Kharif,Medak,Papannapet,Other oil seeds,0,0
2016-2017,Kharif,Medak,Ramayampet,Other oil seeds,0,
2016-2017,Kharif,Medak,Chegunta,Other oil seeds,0,
2016-2017,Kharif,Medak,Shankarampet (R),Other oil seeds,0,
2016-2017,Kharif,Medak,Medak,Other oil seeds,0,
2016-2017,Kharif,Medak,Kulcharam,Other oil seeds,0,
2016-2017,Kharif,Medak,Kowdipally,Other oil seeds,0,
2016-2017,Kharif,Medak,Narsapur,Other oil seeds,0,
2016-2017,Kharif,Medak,Shivampet,Other oil seeds,0,
2016-2017,Kharif,Medak,Yeldurthy,Other oil seeds,0,
2016-2017,Kharif,Medak,Toopran,Other oil seeds,0,
2016-2017,Kharif,Medak,Shankarampet (A),Tobacco,0,
2016-2017,Kharif,Medak,Regode,Tobacco,0,
2016-2017,Kharif,Medak,Alladurg,Tobacco,0,
2016-2017,Kharif,Medak,Tekmal,Tobacco,0,
2016-2017,Kharif,Medak,Papannapet,Tobacco,0,0
2016-2017,Kharif,Medak,Ramayampet,Tobacco,0,
2016-2017,Kharif,Medak,Chegunta,Tobacco,0,
2016-2017,Kharif,Medak,Shankarampet (R),Tobacco,0,
2016-2017,Kharif,Medak,Medak,Tobacco,0,
2016-2017,Kharif,Medak,Kulcharam,Tobacco,0,
2016-2017,Kharif,Medak,Kowdipally,Tobacco,0,
2016-2017,Kharif,Medak,Narsapur,Tobacco,0,
2016-2017,Kharif,Medak,Shivampet,Tobacco,0,
2016-2017,Kharif,Medak,Yeldurthy,Tobacco,0,
2016-2017,Kharif,Medak,Toopran,Tobacco,0,
2016-2017,Kharif,Medak,Shankarampet (A),Other non-food crops,1,
2016-2017,Kharif,Medak,Regode,Other non-food crops,0,
2016-2017,Kharif,Medak,Alladurg,Other non-food crops,2,
2016-2017,Kharif,Medak,Tekmal,Other non-food crops,1,
2016-2017,Kharif,Medak,Papannapet,Other non-food crops,2,0
2016-2017,Kharif,Medak,Ramayampet,Other non-food crops,7,
2016-2017,Kharif,Medak,Chegunta,Other non-food crops,1,
2016-2017,Kharif,Medak,Shankarampet (R),Other non-food crops,2,
2016-2017,Kharif,Medak,Medak,Other non-food crops,2,2
2016-2017,Kharif,Medak,Kulcharam,Other non-food crops,1,
2016-2017,Kharif,Medak,Kowdipally,Other non-food crops,2,35
2016-2017,Kharif,Medak,Narsapur,Other non-food crops,7,
2016-2017,Kharif,Medak,Shivampet,Other non-food crops,0,269
2016-2017,Kharif,Medak,Yeldurthy,Other non-food crops,1,9
2016-2017,Kharif,Medak,Toopran,Other non-food crops,6,
2016-2017,Kharif,Medak,Shankarampet (A),Anumulu,0,
2016-2017,Kharif,Medak,Regode,Anumulu,0,13
2016-2017,Kharif,Medak,Alladurg,Anumulu,0,
2016-2017,Kharif,Medak,Tekmal,Anumulu,0,
2016-2017,Kharif,Medak,Papannapet,Anumulu,0,0
2016-2017,Kharif,Medak,Ramayampet,Anumulu,0,
2016-2017,Kharif,Medak,Chegunta,Anumulu,0,
2016-2017,Kharif,Medak,Shankarampet (R),Anumulu,0,
2016-2017,Kharif,Medak,Medak,Anumulu,0,
2016-2017,Kharif,Medak,Kulcharam,Anumulu,0,
2016-2017,Kharif,Medak,Kowdipally,Anumulu,0,
2016-2017,Kharif,Medak,Narsapur,Anumulu,0,
2016-2017,Kharif,Medak,Shivampet,Anumulu,0,
2016-2017,Kharif,Medak,Yeldurthy,Anumulu,0,
2016-2017,Kharif,Medak,Toopran,Anumulu,0,
2016-2017,Kharif,Medak,Shankarampet (A),Tamarind,0,
2016-2017,Kharif,Medak,Regode,Tamarind,0,
2016-2017,Kharif,Medak,Alladurg,Tamarind,0,
2016-2017,Kharif,Medak,Tekmal,Tamarind,0,
2016-2017,Kharif,Medak,Papannapet,Tamarind,0,0
2016-2017,Kharif,Medak,Ramayampet,Tamarind,0,
2016-2017,Kharif,Medak,Chegunta,Tamarind,0,
2016-2017,Kharif,Medak,Shankarampet (R),Tamarind,0,12
2016-2017,Kharif,Medak,Medak,Tamarind,0,
2016-2017,Kharif,Medak,Kulcharam,Tamarind,0,
2016-2017,Kharif,Medak,Kowdipally,Tamarind,0,
2016-2017,Kharif,Medak,Narsapur,Tamarind,0,
2016-2017,Kharif,Medak,Shivampet,Tamarind,0,
2016-2017,Kharif,Medak,Yeldurthy,Tamarind,0,
2016-2017,Kharif,Medak,Toopran,Tamarind,0,
2016-2017,Kharif,Medak,Shankarampet (A),Mango,0,
2016-2017,Kharif,Medak,Regode,Mango,0,
2016-2017,Kharif,Medak,Alladurg,Mango,0,
2016-2017,Kharif,Medak,Tekmal,Mango,0,
2016-2017,Kharif,Medak,Papannapet,Mango,0,0
2016-2017,Kharif,Medak,Ramayampet,Mango,0,157
2016-2017,Kharif,Medak,Chegunta,Mango,0,48
2016-2017,Kharif,Medak,Shankarampet (R),Mango,0,82
2016-2017,Kharif,Medak,Medak,Mango,0,
2016-2017,Kharif,Medak,Kulcharam,Mango,0,
2016-2017,Kharif,Medak,Kowdipally,Mango,0,44
2016-2017,Kharif,Medak,Narsapur,Mango,0,28
2016-2017,Kharif,Medak,Shivampet,Mango,0,
2016-2017,Kharif,Medak,Yeldurthy,Mango,0,69
2016-2017,Kharif,Medak,Toopran,Mango,0,
2016-2017,Kharif,Medak,Shankarampet (A),Custard apple,0,
2016-2017,Kharif,Medak,Regode,Custard apple,0,
2016-2017,Kharif,Medak,Alladurg,Custard apple,0,
2016-2017,Kharif,Medak,Tekmal,Custard apple,0,
2016-2017,Kharif,Medak,Papannapet,Custard apple,0,0
2016-2017,Kharif,Medak,Ramayampet,Custard apple,0,
2016-2017,Kharif,Medak,Chegunta,Custard apple,0,
2016-2017,Kharif,Medak,Shankarampet (R),Custard apple,0,20
2016-2017,Kharif,Medak,Medak,Custard apple,0,
2016-2017,Kharif,Medak,Kulcharam,Custard apple,0,
2016-2017,Kharif,Medak,Kowdipally,Custard apple,0,
2016-2017,Kharif,Medak,Narsapur,Custard apple,0,
2016-2017,Kharif,Medak,Shivampet,Custard apple,0,
2016-2017,Kharif,Medak,Yeldurthy,Custard apple,0,
2016-2017,Kharif,Medak,Toopran,Custard apple,0,
2016-2017,Kharif,Medak,Shankarampet (A),Guava,0,
2016-2017,Kharif,Medak,Regode,Guava,0,
2016-2017,Kharif,Medak,Alladurg,Guava,0,
2016-2017,Kharif,Medak,Tekmal,Guava,0,
2016-2017,Kharif,Medak,Papannapet,Guava,0,0
2016-2017,Kharif,Medak,Ramayampet,Guava,0,
2016-2017,Kharif,Medak,Chegunta,Guava,0,
2016-2017,Kharif,Medak,Shankarampet (R),Guava,0,
2016-2017,Kharif,Medak,Medak,Guava,0,
2016-2017,Kharif,Medak,Kulcharam,Guava,0,
2016-2017,Kharif,Medak,Kowdipally,Guava,0,19
2016-2017,Kharif,Medak,Narsapur,Guava,0,17
2016-2017,Kharif,Medak,Shivampet,Guava,0,
2016-2017,Kharif,Medak,Yeldurthy,Guava,0,2
2016-2017,Kharif,Medak,Toopran,Guava,0,
2016-2017,Kharif,Medak,Shankarampet (A),Papaya,0,
2016-2017,Kharif,Medak,Regode,Papaya,0,
2016-2017,Kharif,Medak,Alladurg,Papaya,0,
2016-2017,Kharif,Medak,Tekmal,Papaya,0,
2016-2017,Kharif,Medak,Papannapet,Papaya,0,0
2016-2017,Kharif,Medak,Ramayampet,Papaya,0,
2016-2017,Kharif,Medak,Chegunta,Papaya,0,
2016-2017,Kharif,Medak,Shankarampet (R),Papaya,0,
2016-2017,Kharif,Medak,Medak,Papaya,0,
2016-2017,Kharif,Medak,Kulcharam,Papaya,0,
2016-2017,Kharif,Medak,Kowdipally,Papaya,0,
2016-2017,Kharif,Medak,Narsapur,Papaya,0,10
2016-2017,Kharif,Medak,Shivampet,Papaya,0,
2016-2017,Kharif,Medak,Yeldurthy,Papaya,0,
2016-2017,Kharif,Medak,Toopran,Papaya,0,
2016-2017,Kharif,Medak,Shankarampet (A),Pomegranate,0,
2016-2017,Kharif,Medak,Regode,Pomegranate,0,
2016-2017,Kharif,Medak,Alladurg,Pomegranate,0,
2016-2017,Kharif,Medak,Tekmal,Pomegranate,0,
2016-2017,Kharif,Medak,Papannapet,Pomegranate,0,0
2016-2017,Kharif,Medak,Ramayampet,Pomegranate,0,
2016-2017,Kharif,Medak,Chegunta,Pomegranate,0,
2016-2017,Kharif,Medak,Shankarampet (R),Pomegranate,0,
2016-2017,Kharif,Medak,Medak,Pomegranate,0,
2016-2017,Kharif,Medak,Kulcharam,Pomegranate,0,
2016-2017,Kharif,Medak,Kowdipally,Pomegranate,0,
2016-2017,Kharif,Medak,Narsapur,Pomegranate,0,13
2016-2017,Kharif,Medak,Shivampet,Pomegranate,0,
2016-2017,Kharif,Medak,Yeldurthy,Pomegranate,0,
2016-2017,Kharif,Medak,Toopran,Pomegranate,0,
2016-2017,Kharif,Medak,Shankarampet (A),Batavia,0,
2016-2017,Kharif,Medak,Regode,Batavia,0,
2016-2017,Kharif,Medak,Alladurg,Batavia,0,
2016-2017,Kharif,Medak,Tekmal,Batavia,0,
2016-2017,Kharif,Medak,Papannapet,Batavia,0,0
2016-2017,Kharif,Medak,Ramayampet,Batavia,0,
2016-2017,Kharif,Medak,Chegunta,Batavia,0,
2016-2017,Kharif,Medak,Shankarampet (R),Batavia,0,
2016-2017,Kharif,Medak,Medak,Batavia,0,
2016-2017,Kharif,Medak,Kulcharam,Batavia,0,
2016-2017,Kharif,Medak,Kowdipally,Batavia,0,
2016-2017,Kharif,Medak,Narsapur,Batavia,0,8
2016-2017,Kharif,Medak,Shivampet,Batavia,0,
2016-2017,Kharif,Medak,Yeldurthy,Batavia,0,
2016-2017,Kharif,Medak,Toopran,Batavia,0,
2016-2017,Kharif,Medak,Shankarampet (A),Orange,0,
2016-2017,Kharif,Medak,Regode,Orange,0,
2016-2017,Kharif,Medak,Alladurg,Orange,0,10
2016-2017,Kharif,Medak,Tekmal,Orange,0,
2016-2017,Kharif,Medak,Papannapet,Orange,0,0
2016-2017,Kharif,Medak,Ramayampet,Orange,0,
2016-2017,Kharif,Medak,Chegunta,Orange,0,
2016-2017,Kharif,Medak,Shankarampet (R),Orange,0,
2016-2017,Kharif,Medak,Medak,Orange,0,
2016-2017,Kharif,Medak,Kulcharam,Orange,0,
2016-2017,Kharif,Medak,Kowdipally,Orange,0,
2016-2017,Kharif,Medak,Narsapur,Orange,0,
2016-2017,Kharif,Medak,Shivampet,Orange,0,
2016-2017,Kharif,Medak,Yeldurthy,Orange,0,
2016-2017,Kharif,Medak,Toopran,Orange,0,
2016-2017,Kharif,Medak,Shankarampet (A),Tomato,0,
2016-2017,Kharif,Medak,Regode,Tomato,0,4
2016-2017,Kharif,Medak,Alladurg,Tomato,0,17
2016-2017,Kharif,Medak,Tekmal,Tomato,0,14
2016-2017,Kharif,Medak,Papannapet,Tomato,0,0
2016-2017,Kharif,Medak,Ramayampet,Tomato,0,4
2016-2017,Kharif,Medak,Chegunta,Tomato,0,29
2016-2017,Kharif,Medak,Shankarampet (R),Tomato,0,28
2016-2017,Kharif,Medak,Medak,Tomato,0,27
2016-2017,Kharif,Medak,Kulcharam,Tomato,0,
2016-2017,Kharif,Medak,Kowdipally,Tomato,0,35
2016-2017,Kharif,Medak,Narsapur,Tomato,0,32
2016-2017,Kharif,Medak,Shivampet,Tomato,0,
2016-2017,Kharif,Medak,Yeldurthy,Tomato,0,
2016-2017,Kharif,Medak,Toopran,Tomato,0,
2016-2017,Kharif,Medak,Shankarampet (A),Okra,0,
2016-2017,Kharif,Medak,Regode,Okra,0,6
2016-2017,Kharif,Medak,Alladurg,Okra,0,12
2016-2017,Kharif,Medak,Tekmal,Okra,0,19
2016-2017,Kharif,Medak,Papannapet,Okra,0,0
2016-2017,Kharif,Medak,Ramayampet,Okra,0,
2016-2017,Kharif,Medak,Chegunta,Okra,0,11
2016-2017,Kharif,Medak,Shankarampet (R),Okra,0,
2016-2017,Kharif,Medak,Medak,Okra,0,27
2016-2017,Kharif,Medak,Kulcharam,Okra,0,
2016-2017,Kharif,Medak,Kowdipally,Okra,0,
2016-2017,Kharif,Medak,Narsapur,Okra,0,8
2016-2017,Kharif,Medak,Shivampet,Okra,0,
2016-2017,Kharif,Medak,Yeldurthy,Okra,0,
2016-2017,Kharif,Medak,Toopran,Okra,0,
2016-2017,Kharif,Medak,Shankarampet (A),Brinjal,0,
2016-2017,Kharif,Medak,Regode,Brinjal,0,2
2016-2017,Kharif,Medak,Alladurg,Brinjal,0,11
2016-2017,Kharif,Medak,Tekmal,Brinjal,0,16
2016-2017,Kharif,Medak,Papannapet,Brinjal,0,0
2016-2017,Kharif,Medak,Ramayampet,Brinjal,0,
2016-2017,Kharif,Medak,Chegunta,Brinjal,0,
2016-2017,Kharif,Medak,Shankarampet (R),Brinjal,0,
2016-2017,Kharif,Medak,Medak,Brinjal,0,24
2016-2017,Kharif,Medak,Kulcharam,Brinjal,0,
2016-2017,Kharif,Medak,Kowdipally,Brinjal,0,20
2016-2017,Kharif,Medak,Narsapur,Brinjal,0,12
2016-2017,Kharif,Medak,Shivampet,Brinjal,0,
2016-2017,Kharif,Medak,Yeldurthy,Brinjal,0,
2016-2017,Kharif,Medak,Toopran,Brinjal,0,
2016-2017,Kharif,Medak,Shankarampet (A),Ridge gourd,0,
2016-2017,Kharif,Medak,Regode,Ridge gourd,0,2
2016-2017,Kharif,Medak,Alladurg,Ridge gourd,0,10
2016-2017,Kharif,Medak,Tekmal,Ridge gourd,0,
2016-2017,Kharif,Medak,Papannapet,Ridge gourd,0,0
2016-2017,Kharif,Medak,Ramayampet,Ridge gourd,0,
2016-2017,Kharif,Medak,Chegunta,Ridge gourd,0,10
2016-2017,Kharif,Medak,Shankarampet (R),Ridge gourd,0,
2016-2017,Kharif,Medak,Medak,Ridge gourd,0,30
2016-2017,Kharif,Medak,Kulcharam,Ridge gourd,0,
2016-2017,Kharif,Medak,Kowdipally,Ridge gourd,0,24
2016-2017,Kharif,Medak,Narsapur,Ridge gourd,0,
2016-2017,Kharif,Medak,Shivampet,Ridge gourd,0,
2016-2017,Kharif,Medak,Yeldurthy,Ridge gourd,0,
2016-2017,Kharif,Medak,Toopran,Ridge gourd,0,
2016-2017,Kharif,Medak,Shankarampet (A),Bitter guard,0,
2016-2017,Kharif,Medak,Regode,Bitter guard,0,
2016-2017,Kharif,Medak,Alladurg,Bitter guard,0,
2016-2017,Kharif,Medak,Tekmal,Bitter guard,0,
2016-2017,Kharif,Medak,Papannapet,Bitter guard,0,0
2016-2017,Kharif,Medak,Ramayampet,Bitter guard,0,
2016-2017,Kharif,Medak,Chegunta,Bitter guard,0,
2016-2017,Kharif,Medak,Shankarampet (R),Bitter guard,0,
2016-2017,Kharif,Medak,Medak,Bitter guard,0,20
2016-2017,Kharif,Medak,Kulcharam,Bitter guard,0,
2016-2017,Kharif,Medak,Kowdipally,Bitter guard,0,
2016-2017,Kharif,Medak,Narsapur,Bitter guard,0,
2016-2017,Kharif,Medak,Shivampet,Bitter guard,0,
2016-2017,Kharif,Medak,Yeldurthy,Bitter guard,0,
2016-2017,Kharif,Medak,Toopran,Bitter guard,0,
2016-2017,Kharif,Medak,Shankarampet (A),Bottle guard,0,
2016-2017,Kharif,Medak,Regode,Bottle guard,0,
2016-2017,Kharif,Medak,Alladurg,Bottle guard,0,
2016-2017,Kharif,Medak,Tekmal,Bottle guard,0,
2016-2017,Kharif,Medak,Papannapet,Bottle guard,0,0
2016-2017,Kharif,Medak,Ramayampet,Bottle guard,0,
2016-2017,Kharif,Medak,Chegunta,Bottle guard,0,
2016-2017,Kharif,Medak,Shankarampet (R),Bottle guard,0,
2016-2017,Kharif,Medak,Medak,Bottle guard,0,21
2016-2017,Kharif,Medak,Kulcharam,Bottle guard,0,
2016-2017,Kharif,Medak,Kowdipally,Bottle guard,0,
2016-2017,Kharif,Medak,Narsapur,Bottle guard,0,
2016-2017,Kharif,Medak,Shivampet,Bottle guard,0,
2016-2017,Kharif,Medak,Yeldurthy,Bottle guard,0,
2016-2017,Kharif,Medak,Toopran,Bottle guard,0,
2016-2017,Kharif,Medak,Shankarampet (A),Beans,0,
2016-2017,Kharif,Medak,Regode,Beans,0,
2016-2017,Kharif,Medak,Alladurg,Beans,0,
2016-2017,Kharif,Medak,Tekmal,Beans,0,
2016-2017,Kharif,Medak,Papannapet,Beans,0,0
2016-2017,Kharif,Medak,Ramayampet,Beans,0,
2016-2017,Kharif,Medak,Chegunta,Beans,0,
2016-2017,Kharif,Medak,Shankarampet (R),Beans,0,
2016-2017,Kharif,Medak,Medak,Beans,0,
2016-2017,Kharif,Medak,Kulcharam,Beans,0,
2016-2017,Kharif,Medak,Kowdipally,Beans,0,2
2016-2017,Kharif,Medak,Narsapur,Beans,0,
2016-2017,Kharif,Medak,Shivampet,Beans,0,
2016-2017,Kharif,Medak,Yeldurthy,Beans,0,
2016-2017,Kharif,Medak,Toopran,Beans,0,
2016-2017,Kharif,Medak,Shankarampet (A),Ginger,0,
2016-2017,Kharif,Medak,Regode,Ginger,0,
2016-2017,Kharif,Medak,Alladurg,Ginger,0,
2016-2017,Kharif,Medak,Tekmal,Ginger,0,
2016-2017,Kharif,Medak,Papannapet,Ginger,0,0
2016-2017,Kharif,Medak,Ramayampet,Ginger,0,
2016-2017,Kharif,Medak,Chegunta,Ginger,0,
2016-2017,Kharif,Medak,Shankarampet (R),Ginger,0,
2016-2017,Kharif,Medak,Medak,Ginger,0,
2016-2017,Kharif,Medak,Kulcharam,Ginger,0,
2016-2017,Kharif,Medak,Kowdipally,Ginger,0,
2016-2017,Kharif,Medak,Narsapur,Ginger,0,
2016-2017,Kharif,Medak,Shivampet,Ginger,0,
2016-2017,Kharif,Medak,Yeldurthy,Ginger,0,
2016-2017,Kharif,Medak,Toopran,Ginger,0,
2016-2017,Kharif,Medak,Shankarampet (A),Green chillies,0,0
2016-2017,Kharif,Medak,Regode,Green chillies,0,0
2016-2017,Kharif,Medak,Alladurg,Green chillies,0,0
2016-2017,Kharif,Medak,Tekmal,Green chillies,0,0
2016-2017,Kharif,Medak,Papannapet,Green chillies,0,0
2016-2017,Kharif,Medak,Ramayampet,Green chillies,0,0
2016-2017,Kharif,Medak,Chegunta,Green chillies,0,0
2016-2017,Kharif,Medak,Shankarampet (R),Green chillies,0,0
2016-2017,Kharif,Medak,Medak,Green chillies,0,0
2016-2017,Kharif,Medak,Kulcharam,Green chillies,0,0
2016-2017,Kharif,Medak,Kowdipally,Green chillies,0,21
2016-2017,Kharif,Medak,Narsapur,Green chillies,0,5
2016-2017,Kharif,Medak,Shivampet,Green chillies,0,3
2016-2017,Kharif,Medak,Yeldurthy,Green chillies,0,0
2016-2017,Kharif,Medak,Toopran,Green chillies,0,0
2016-2017,Kharif,Medak,Shankarampet (A),Chikkudu,0,0
2016-2017,Kharif,Medak,Regode,Chikkudu,0,1
2016-2017,Kharif,Medak,Alladurg,Chikkudu,0,10
2016-2017,Kharif,Medak,Tekmal,Chikkudu,0,0
2016-2017,Kharif,Medak,Papannapet,Chikkudu,0,0
2016-2017,Kharif,Medak,Ramayampet,Chikkudu,0,0
2016-2017,Kharif,Medak,Chegunta,Chikkudu,0,0
2016-2017,Kharif,Medak,Shankarampet (R),Chikkudu,0,0
2016-2017,Kharif,Medak,Medak,Chikkudu,0,25
2016-2017,Kharif,Medak,Kulcharam,Chikkudu,0,0
2016-2017,Kharif,Medak,Kowdipally,Chikkudu,0,20
2016-2017,Kharif,Medak,Narsapur,Chikkudu,0,0
2016-2017,Kharif,Medak,Shivampet,Chikkudu,0,0
2016-2017,Kharif,Medak,Yeldurthy,Chikkudu,0,0
2016-2017,Kharif,Medak,Toopran,Chikkudu,0,0
2016-2017,Kharif,Medak,Shankarampet (A),Marigold,0,0
2016-2017,Kharif,Medak,Regode,Marigold,0,0
2016-2017,Kharif,Medak,Alladurg,Marigold,0,0
2016-2017,Kharif,Medak,Tekmal,Marigold,0,0
2016-2017,Kharif,Medak,Papannapet,Marigold,0,0
2016-2017,Kharif,Medak,Ramayampet,Marigold,0,0
2016-2017,Kharif,Medak,Chegunta,Marigold,0,9
2016-2017,Kharif,Medak,Shankarampet (R),Marigold,0,0
2016-2017,Kharif,Medak,Medak,Marigold,0,0
2016-2017,Kharif,Medak,Kulcharam,Marigold,0,0
2016-2017,Kharif,Medak,Kowdipally,Marigold,0,0
2016-2017,Kharif,Medak,Narsapur,Marigold,0,0
2016-2017,Kharif,Medak,Shivampet,Marigold,0,0
2016-2017,Kharif,Medak,Yeldurthy,Marigold,0,0
2016-2017,Kharif,Medak,Toopran,Marigold,0,0
2016-2017,Kharif,Medak,Shankarampet (A),Green leafy,0,0
2016-2017,Kharif,Medak,Regode,Green leafy,0,1
2016-2017,Kharif,Medak,Alladurg,Green leafy,0,13
2016-2017,Kharif,Medak,Tekmal,Green leafy,0,17
2016-2017,Kharif,Medak,Papannapet,Green leafy,0,0
2016-2017,Kharif,Medak,Ramayampet,Green leafy,0,0
2016-2017,Kharif,Medak,Chegunta,Green leafy,0,0
2016-2017,Kharif,Medak,Shankarampet (R),Green leafy,0,0
2016-2017,Kharif,Medak,Medak,Green leafy,0,17
2016-2017,Kharif,Medak,Kulcharam,Green leafy,0,0
2016-2017,Kharif,Medak,Kowdipally,Green leafy,0,0
2016-2017,Kharif,Medak,Narsapur,Green leafy,0,5
2016-2017,Kharif,Medak,Shivampet,Green leafy,0,0
2016-2017,Kharif,Medak,Yeldurthy,Green leafy,0,0
2016-2017,Kharif,Medak,Toopran,Green leafy,0,0
2016-2017,Kharif,Medak,Shankarampet (A),Total,5030,4608
2016-2017,Kharif,Medak,Regode,Total,8571.6,5449.8
2016-2017,Kharif,Medak,Alladurg,Total,10898,5915.6
2016-2017,Kharif,Medak,Tekmal,Total,7668,7039.8
2016-2017,Kharif,Medak,Papannapet,Total,6126,5949
2016-2017,Kharif,Medak,Ramayampet,Total,7162,7353.2
2016-2017,Kharif,Medak,Chegunta,Total,7991.6,8431.4
2016-2017,Kharif,Medak,Shankarampet (R),Total,4990.8,5230.8
2016-2017,Kharif,Medak,Medak,Total,6565.2,9364.8
2016-2017,Kharif,Medak,Kulcharam,Total,5751,5802
2016-2017,Kharif,Medak,Kowdipally,Total,8916,9181.4
2016-2017,Kharif,Medak,Narsapur,Total,4656.4,4086.8
2016-2017,Kharif,Medak,Shivampet,Total,7026,5365.2
2016-2017,Kharif,Medak,Yeldurthy,Total,3132.6,3379.8
2016-2017,Kharif,Medak,Toopran,Total,4065,3712.6
