year,season,districtName,mandalName,crop,normalAreaSown,actualAreaSown
2017-2018,Kharif,Medak,Shankarampet (A),Paddy,1172,822
2017-2018,Kharif,Medak,Regode,Paddy,375,213
2017-2018,Kharif,Medak,Alladurg,Paddy,786,537
2017-2018,Kharif,Medak,Tekmal,Paddy,1779,1307
2017-2018,Kharif,Medak,Papannapet,Paddy,4636,7264
2017-2018,Kharif,Medak,Havelighanpur,Paddy,625,4324
2017-2018,Kharif,Medak,Ramayampet,Paddy,2252,1626
2017-2018,Kharif,Medak,Nizampet,Paddy,189,2081
2017-2018,Kharif,Medak,Chegunta,Paddy,2201,2626
2017-2018,Kharif,Medak,Narsingi,Paddy,138,1149
2017-2018,Kharif,Medak,Shankarampet (R),Paddy,2405,1568
2017-2018,Kharif,Medak,Medak,Paddy,4485,3549
2017-2018,Kharif,Medak,Kulcharam,Paddy,3778,5425
2017-2018,Kharif,Medak,Chilpched,Paddy,300,1971
2017-2018,Kharif,Medak,Kowdipally,Paddy,3916,2157
2017-2018,Kharif,Medak,Narsapur,Paddy,2367,2161
2017-2018,Kharif,Medak,Shivampet,Paddy,3027,2539
2017-2018,Kharif,Medak,Yeldurthy,Paddy,2009,2343
2017-2018,Kharif,Medak,Tupran,Paddy,1518,994
2017-2018,Kharif,Medak,Manoharabad,Paddy,110,661
2017-2018,Kharif,Medak,Shankarampet (A),Jowar,227,0
2017-2018,Kharif,Medak,Regode,Jowar,35,0
2017-2018,Kharif,Medak,Alladurg,Jowar,74,0
2017-2018,Kharif,Medak,Tekmal,Jowar,237,0
2017-2018,Kharif,Medak,Papannapet,Jowar,56,0
2017-2018,Kharif,Medak,Havelighanpur,Jowar,0,0
2017-2018,Kharif,Medak,Ramayampet,Jowar,0,0
2017-2018,Kharif,Medak,Nizampet,Jowar,0,0
2017-2018,Kharif,Medak,Chegunta,Jowar,0,0
2017-2018,Kharif,Medak,Narsingi,Jowar,0,0
2017-2018,Kharif,Medak,Shankarampet (R),Jowar,0,0
2017-2018,Kharif,Medak,Medak,Jowar,6,0
2017-2018,Kharif,Medak,Kulcharam,Jowar,38,0
2017-2018,Kharif,Medak,Chilpched,Jowar,29,0
2017-2018,Kharif,Medak,Kowdipally,Jowar,100,0
2017-2018,Kharif,Medak,Narsapur,Jowar,95,0
2017-2018,Kharif,Medak,Shivampet,Jowar,14,0
2017-2018,Kharif,Medak,Yeldurthy,Jowar,0,0
2017-2018,Kharif,Medak,Tupran,Jowar,4,0
2017-2018,Kharif,Medak,Manoharabad,Jowar,0,0
2017-2018,Kharif,Medak,Shankarampet (A),Bajra,0,0
2017-2018,Kharif,Medak,Regode,Bajra,0,0
2017-2018,Kharif,Medak,Alladurg,Bajra,0,0
2017-2018,Kharif,Medak,Tekmal,Bajra,0,0
2017-2018,Kharif,Medak,Papannapet,Bajra,0,0
2017-2018,Kharif,Medak,Havelighanpur,Bajra,0,0
2017-2018,Kharif,Medak,Ramayampet,Bajra,0,0
2017-2018,Kharif,Medak,Nizampet,Bajra,0,0
2017-2018,Kharif,Medak,Chegunta,Bajra,0,0
2017-2018,Kharif,Medak,Narsingi,Bajra,0,0
2017-2018,Kharif,Medak,Shankarampet (R),Bajra,0,0
2017-2018,Kharif,Medak,Medak,Bajra,0,0
2017-2018,Kharif,Medak,Kulcharam,Bajra,0,0
2017-2018,Kharif,Medak,Chilpched,Bajra,0,0
2017-2018,Kharif,Medak,Kowdipally,Bajra,0,0
2017-2018,Kharif,Medak,Narsapur,Bajra,0,0
2017-2018,Kharif,Medak,Shivampet,Bajra,0,0
2017-2018,Kharif,Medak,Yeldurthy,Bajra,0,0
2017-2018,Kharif,Medak,Tupran,Bajra,4,0
2017-2018,Kharif,Medak,Manoharabad,Bajra,0,0
2017-2018,Kharif,Medak,Shankarampet (A),Maize,1508,0
2017-2018,Kharif,Medak,Regode,Maize,146,0
2017-2018,Kharif,Medak,Alladurg,Maize,435,0
2017-2018,Kharif,Medak,Tekmal,Maize,2641,0
2017-2018,Kharif,Medak,Papannapet,Maize,423,0
2017-2018,Kharif,Medak,Havelighanpur,Maize,201,0
2017-2018,Kharif,Medak,Ramayampet,Maize,3378,0
2017-2018,Kharif,Medak,Nizampet,Maize,567,0
2017-2018,Kharif,Medak,Chegunta,Maize,5266,0
2017-2018,Kharif,Medak,Narsingi,Maize,153,0
2017-2018,Kharif,Medak,Shankarampet (R),Maize,2247,0
2017-2018,Kharif,Medak,Medak,Maize,695,0
2017-2018,Kharif,Medak,Kulcharam,Maize,1214,0
2017-2018,Kharif,Medak,Chilpched,Maize,233,0
2017-2018,Kharif,Medak,Kowdipally,Maize,2160,0
2017-2018,Kharif,Medak,Narsapur,Maize,1035,0
2017-2018,Kharif,Medak,Shivampet,Maize,2918,0
2017-2018,Kharif,Medak,Yeldurthy,Maize,909,0
2017-2018,Kharif,Medak,Tupran,Maize,1626,0
2017-2018,Kharif,Medak,Manoharabad,Maize,231,0
2017-2018,Kharif,Medak,Shankarampet (A),Ragi,0,0
2017-2018,Kharif,Medak,Regode,Ragi,0,0
2017-2018,Kharif,Medak,Alladurg,Ragi,0,0
2017-2018,Kharif,Medak,Tekmal,Ragi,0,0
2017-2018,Kharif,Medak,Papannapet,Ragi,0,0
2017-2018,Kharif,Medak,Havelighanpur,Ragi,0,0
2017-2018,Kharif,Medak,Ramayampet,Ragi,0,0
2017-2018,Kharif,Medak,Nizampet,Ragi,0,0
2017-2018,Kharif,Medak,Chegunta,Ragi,0,0
2017-2018,Kharif,Medak,Narsingi,Ragi,0,0
2017-2018,Kharif,Medak,Shankarampet (R),Ragi,0,0
2017-2018,Kharif,Medak,Medak,Ragi,0,0
2017-2018,Kharif,Medak,Kulcharam,Ragi,0,0
2017-2018,Kharif,Medak,Chilpched,Ragi,0,0
2017-2018,Kharif,Medak,Kowdipally,Ragi,0,0
2017-2018,Kharif,Medak,Narsapur,Ragi,0,0
2017-2018,Kharif,Medak,Shivampet,Ragi,0,0
2017-2018,Kharif,Medak,Yeldurthy,Ragi,0,0
2017-2018,Kharif,Medak,Tupran,Ragi,1,0
2017-2018,Kharif,Medak,Manoharabad,Ragi,0,0
2017-2018,Kharif,Medak,Shankarampet (A),Horse Gram,0,0
2017-2018,Kharif,Medak,Regode,Horse Gram,0,0
2017-2018,Kharif,Medak,Alladurg,Horse Gram,0,0
2017-2018,Kharif,Medak,Tekmal,Horse Gram,0,0
2017-2018,Kharif,Medak,Papannapet,Horse Gram,0,0
2017-2018,Kharif,Medak,Havelighanpur,Horse Gram,0,0
2017-2018,Kharif,Medak,Ramayampet,Horse Gram,0,0
2017-2018,Kharif,Medak,Nizampet,Horse Gram,0,0
2017-2018,Kharif,Medak,Chegunta,Horse Gram,0,0
2017-2018,Kharif,Medak,Narsingi,Horse Gram,0,0
2017-2018,Kharif,Medak,Shankarampet (R),Horse Gram,0,0
2017-2018,Kharif,Medak,Medak,Horse Gram,0,0
2017-2018,Kharif,Medak,Kulcharam,Horse Gram,0,0
2017-2018,Kharif,Medak,Chilpched,Horse Gram,8,0
2017-2018,Kharif,Medak,Kowdipally,Horse Gram,1,0
2017-2018,Kharif,Medak,Narsapur,Horse Gram,0,0
2017-2018,Kharif,Medak,Shivampet,Horse Gram,0,0
2017-2018,Kharif,Medak,Yeldurthy,Horse Gram,0,0
2017-2018,Kharif,Medak,Tupran,Horse Gram,1,0
2017-2018,Kharif,Medak,Manoharabad,Horse Gram,0,0
2017-2018,Kharif,Medak,Shankarampet (A),Green Gram,766,0
2017-2018,Kharif,Medak,Regode,Green Gram,1481,0
2017-2018,Kharif,Medak,Alladurg,Green Gram,675,0
2017-2018,Kharif,Medak,Tekmal,Green Gram,597,0
2017-2018,Kharif,Medak,Papannapet,Green Gram,77,0
2017-2018,Kharif,Medak,Havelighanpur,Green Gram,17,0
2017-2018,Kharif,Medak,Ramayampet,Green Gram,5,0
2017-2018,Kharif,Medak,Nizampet,Green Gram,0,0
2017-2018,Kharif,Medak,Chegunta,Green Gram,1,0
2017-2018,Kharif,Medak,Narsingi,Green Gram,0,0
2017-2018,Kharif,Medak,Shankarampet (R),Green Gram,1,0
2017-2018,Kharif,Medak,Medak,Green Gram,18,0
2017-2018,Kharif,Medak,Kulcharam,Green Gram,33,0
2017-2018,Kharif,Medak,Chilpched,Green Gram,13,0
2017-2018,Kharif,Medak,Kowdipally,Green Gram,59,0
2017-2018,Kharif,Medak,Narsapur,Green Gram,7,0
2017-2018,Kharif,Medak,Shivampet,Green Gram,4,0
2017-2018,Kharif,Medak,Yeldurthy,Green Gram,0,0
2017-2018,Kharif,Medak,Tupran,Green Gram,0,0
2017-2018,Kharif,Medak,Manoharabad,Green Gram,0,0
2017-2018,Kharif,Medak,Shankarampet (A),Black Gram,224,0
2017-2018,Kharif,Medak,Regode,Black Gram,522,0
2017-2018,Kharif,Medak,Alladurg,Black Gram,368,0
2017-2018,Kharif,Medak,Tekmal,Black Gram,281,0
2017-2018,Kharif,Medak,Papannapet,Black Gram,56,0
2017-2018,Kharif,Medak,Havelighanpur,Black Gram,10,0
2017-2018,Kharif,Medak,Ramayampet,Black Gram,4,0
2017-2018,Kharif,Medak,Nizampet,Black Gram,0,0
2017-2018,Kharif,Medak,Chegunta,Black Gram,0,0
2017-2018,Kharif,Medak,Narsingi,Black Gram,0,0
2017-2018,Kharif,Medak,Shankarampet (R),Black Gram,1,0
2017-2018,Kharif,Medak,Medak,Black Gram,17,0
2017-2018,Kharif,Medak,Kulcharam,Black Gram,35,0
2017-2018,Kharif,Medak,Chilpched,Black Gram,10,0
2017-2018,Kharif,Medak,Kowdipally,Black Gram,46,0
2017-2018,Kharif,Medak,Narsapur,Black Gram,3,0
2017-2018,Kharif,Medak,Shivampet,Black Gram,0,0
2017-2018,Kharif,Medak,Yeldurthy,Black Gram,0,0
2017-2018,Kharif,Medak,Tupran,Black Gram,0,0
2017-2018,Kharif,Medak,Manoharabad,Black Gram,0,0
2017-2018,Kharif,Medak,Shankarampet (A),Red Gram,267,0
2017-2018,Kharif,Medak,Regode,Red Gram,575,0
2017-2018,Kharif,Medak,Alladurg,Red Gram,607,0
2017-2018,Kharif,Medak,Tekmal,Red Gram,538,0
2017-2018,Kharif,Medak,Papannapet,Red Gram,64,0
2017-2018,Kharif,Medak,Havelighanpur,Red Gram,8,0
2017-2018,Kharif,Medak,Ramayampet,Red Gram,65,0
2017-2018,Kharif,Medak,Nizampet,Red Gram,39,0
2017-2018,Kharif,Medak,Chegunta,Red Gram,101,0
2017-2018,Kharif,Medak,Narsingi,Red Gram,4,0
2017-2018,Kharif,Medak,Shankarampet (R),Red Gram,58,0
2017-2018,Kharif,Medak,Medak,Red Gram,18,0
2017-2018,Kharif,Medak,Kulcharam,Red Gram,89,0
2017-2018,Kharif,Medak,Chilpched,Red Gram,38,0
2017-2018,Kharif,Medak,Kowdipally,Red Gram,252,0
2017-2018,Kharif,Medak,Narsapur,Red Gram,100,0
2017-2018,Kharif,Medak,Shivampet,Red Gram,156,0
2017-2018,Kharif,Medak,Yeldurthy,Red Gram,28,0
2017-2018,Kharif,Medak,Tupran,Red Gram,129,0
2017-2018,Kharif,Medak,Manoharabad,Red Gram,7,0
2017-2018,Kharif,Medak,Shankarampet (A),Anumulu,0,0
2017-2018,Kharif,Medak,Regode,Anumulu,14,0
2017-2018,Kharif,Medak,Alladurg,Anumulu,0,0
2017-2018,Kharif,Medak,Tekmal,Anumulu,0,0
2017-2018,Kharif,Medak,Papannapet,Anumulu,0,0
2017-2018,Kharif,Medak,Havelighanpur,Anumulu,0,0
2017-2018,Kharif,Medak,Ramayampet,Anumulu,0,0
2017-2018,Kharif,Medak,Nizampet,Anumulu,0,0
2017-2018,Kharif,Medak,Chegunta,Anumulu,0,0
2017-2018,Kharif,Medak,Narsingi,Anumulu,0,0
2017-2018,Kharif,Medak,Shankarampet (R),Anumulu,0,0
2017-2018,Kharif,Medak,Medak,Anumulu,0,0
2017-2018,Kharif,Medak,Kulcharam,Anumulu,0,0
2017-2018,Kharif,Medak,Chilpched,Anumulu,0,0
2017-2018,Kharif,Medak,Kowdipally,Anumulu,0,0
2017-2018,Kharif,Medak,Narsapur,Anumulu,0,0
2017-2018,Kharif,Medak,Shivampet,Anumulu,0,0
2017-2018,Kharif,Medak,Yeldurthy,Anumulu,0,0
2017-2018,Kharif,Medak,Tupran,Anumulu,0,0
2017-2018,Kharif,Medak,Manoharabad,Anumulu,0,0
2017-2018,Kharif,Medak,Shankarampet (A),Cow Gram,0,0
2017-2018,Kharif,Medak,Regode,Cow Gram,0,0
2017-2018,Kharif,Medak,Alladurg,Cow Gram,0,0
2017-2018,Kharif,Medak,Tekmal,Cow Gram,0,0
2017-2018,Kharif,Medak,Papannapet,Cow Gram,0,0
2017-2018,Kharif,Medak,Havelighanpur,Cow Gram,0,0
2017-2018,Kharif,Medak,Ramayampet,Cow Gram,8,0
2017-2018,Kharif,Medak,Nizampet,Cow Gram,0,0
2017-2018,Kharif,Medak,Chegunta,Cow Gram,2,0
2017-2018,Kharif,Medak,Narsingi,Cow Gram,0,0
2017-2018,Kharif,Medak,Shankarampet (R),Cow Gram,17,0
2017-2018,Kharif,Medak,Medak,Cow Gram,0,0
2017-2018,Kharif,Medak,Kulcharam,Cow Gram,0,0
2017-2018,Kharif,Medak,Chilpched,Cow Gram,3,0
2017-2018,Kharif,Medak,Kowdipally,Cow Gram,1,0
2017-2018,Kharif,Medak,Narsapur,Cow Gram,0,0
2017-2018,Kharif,Medak,Shivampet,Cow Gram,1,0
2017-2018,Kharif,Medak,Yeldurthy,Cow Gram,0,0
2017-2018,Kharif,Medak,Tupran,Cow Gram,0,0
2017-2018,Kharif,Medak,Manoharabad,Cow Gram,0,0
2017-2018,Kharif,Medak,Shankarampet (A),Red chillies,0,0
2017-2018,Kharif,Medak,Regode,Red chillies,0,0
2017-2018,Kharif,Medak,Alladurg,Red chillies,16,10
2017-2018,Kharif,Medak,Tekmal,Red chillies,18,0
2017-2018,Kharif,Medak,Papannapet,Red chillies,0,0
2017-2018,Kharif,Medak,Havelighanpur,Red chillies,2,0
2017-2018,Kharif,Medak,Ramayampet,Red chillies,0,0
2017-2018,Kharif,Medak,Nizampet,Red chillies,0,0
2017-2018,Kharif,Medak,Chegunta,Red chillies,0,0
2017-2018,Kharif,Medak,Narsingi,Red chillies,0,0
2017-2018,Kharif,Medak,Shankarampet (R),Red chillies,0,0
2017-2018,Kharif,Medak,Medak,Red chillies,1,0
2017-2018,Kharif,Medak,Kulcharam,Red chillies,0,0
2017-2018,Kharif,Medak,Chilpched,Red chillies,0,0
2017-2018,Kharif,Medak,Kowdipally,Red chillies,6,0
2017-2018,Kharif,Medak,Narsapur,Red chillies,1,0
2017-2018,Kharif,Medak,Shivampet,Red chillies,1,0
2017-2018,Kharif,Medak,Yeldurthy,Red chillies,1,0
2017-2018,Kharif,Medak,Tupran,Red chillies,4,0
2017-2018,Kharif,Medak,Manoharabad,Red chillies,0,0
2017-2018,Kharif,Medak,Shankarampet (A),Turmeric,0,0
2017-2018,Kharif,Medak,Regode,Turmeric,0,0
2017-2018,Kharif,Medak,Alladurg,Turmeric,0,0
2017-2018,Kharif,Medak,Tekmal,Turmeric,2,0
2017-2018,Kharif,Medak,Papannapet,Turmeric,0,0
2017-2018,Kharif,Medak,Havelighanpur,Turmeric,0,0
2017-2018,Kharif,Medak,Ramayampet,Turmeric,7,0
2017-2018,Kharif,Medak,Nizampet,Turmeric,0,0
2017-2018,Kharif,Medak,Chegunta,Turmeric,0,0
2017-2018,Kharif,Medak,Narsingi,Turmeric,0,0
2017-2018,Kharif,Medak,Shankarampet (R),Turmeric,0,0
2017-2018,Kharif,Medak,Medak,Turmeric,3,0
2017-2018,Kharif,Medak,Kulcharam,Turmeric,0,0
2017-2018,Kharif,Medak,Chilpched,Turmeric,0,0
2017-2018,Kharif,Medak,Kowdipally,Turmeric,0,0
2017-2018,Kharif,Medak,Narsapur,Turmeric,0,0
2017-2018,Kharif,Medak,Shivampet,Turmeric,0,0
2017-2018,Kharif,Medak,Yeldurthy,Turmeric,0,0
2017-2018,Kharif,Medak,Tupran,Turmeric,0,0
2017-2018,Kharif,Medak,Manoharabad,Turmeric,0,0
2017-2018,Kharif,Medak,Shankarampet (A),Tamarind,0,0
2017-2018,Kharif,Medak,Regode,Tamarind,0,0
2017-2018,Kharif,Medak,Alladurg,Tamarind,0,0
2017-2018,Kharif,Medak,Tekmal,Tamarind,3,0
2017-2018,Kharif,Medak,Papannapet,Tamarind,0,0
2017-2018,Kharif,Medak,Havelighanpur,Tamarind,0,0
2017-2018,Kharif,Medak,Ramayampet,Tamarind,0,0
2017-2018,Kharif,Medak,Nizampet,Tamarind,0,0
2017-2018,Kharif,Medak,Chegunta,Tamarind,0,0
2017-2018,Kharif,Medak,Narsingi,Tamarind,0,0
2017-2018,Kharif,Medak,Shankarampet (R),Tamarind,12,0
2017-2018,Kharif,Medak,Medak,Tamarind,0,0
2017-2018,Kharif,Medak,Kulcharam,Tamarind,0,0
2017-2018,Kharif,Medak,Chilpched,Tamarind,0,0
2017-2018,Kharif,Medak,Kowdipally,Tamarind,0,0
2017-2018,Kharif,Medak,Narsapur,Tamarind,7,0
2017-2018,Kharif,Medak,Shivampet,Tamarind,17,0
2017-2018,Kharif,Medak,Yeldurthy,Tamarind,13,0
2017-2018,Kharif,Medak,Tupran,Tamarind,14,0
2017-2018,Kharif,Medak,Manoharabad,Tamarind,0,0
2017-2018,Kharif,Medak,Shankarampet (A),Ginger,0,0
2017-2018,Kharif,Medak,Regode,Ginger,0,0
2017-2018,Kharif,Medak,Alladurg,Ginger,0,0
2017-2018,Kharif,Medak,Tekmal,Ginger,0,0
2017-2018,Kharif,Medak,Papannapet,Ginger,0,0
2017-2018,Kharif,Medak,Havelighanpur,Ginger,0,0
2017-2018,Kharif,Medak,Ramayampet,Ginger,0,0
2017-2018,Kharif,Medak,Nizampet,Ginger,0,0
2017-2018,Kharif,Medak,Chegunta,Ginger,0,0
2017-2018,Kharif,Medak,Narsingi,Ginger,0,0
2017-2018,Kharif,Medak,Shankarampet (R),Ginger,0,0
2017-2018,Kharif,Medak,Medak,Ginger,0,0
2017-2018,Kharif,Medak,Kulcharam,Ginger,0,0
2017-2018,Kharif,Medak,Chilpched,Ginger,0,0
2017-2018,Kharif,Medak,Kowdipally,Ginger,0,0
2017-2018,Kharif,Medak,Narsapur,Ginger,0,0
2017-2018,Kharif,Medak,Shivampet,Ginger,0,0
2017-2018,Kharif,Medak,Yeldurthy,Ginger,0,0
2017-2018,Kharif,Medak,Tupran,Ginger,4,0
2017-2018,Kharif,Medak,Manoharabad,Ginger,0,0
2017-2018,Kharif,Medak,Shankarampet (A),Ajwan(vamu),0,0
2017-2018,Kharif,Medak,Regode,Ajwan(vamu),0,0
2017-2018,Kharif,Medak,Alladurg,Ajwan(vamu),2,0
2017-2018,Kharif,Medak,Tekmal,Ajwan(vamu),0,0
2017-2018,Kharif,Medak,Papannapet,Ajwan(vamu),0,0
2017-2018,Kharif,Medak,Havelighanpur,Ajwan(vamu),0,0
2017-2018,Kharif,Medak,Ramayampet,Ajwan(vamu),0,0
2017-2018,Kharif,Medak,Nizampet,Ajwan(vamu),0,0
2017-2018,Kharif,Medak,Chegunta,Ajwan(vamu),0,0
2017-2018,Kharif,Medak,Narsingi,Ajwan(vamu),0,0
2017-2018,Kharif,Medak,Shankarampet (R),Ajwan(vamu),0,0
2017-2018,Kharif,Medak,Medak,Ajwan(vamu),0,0
2017-2018,Kharif,Medak,Kulcharam,Ajwan(vamu),0,0
2017-2018,Kharif,Medak,Chilpched,Ajwan(vamu),0,0
2017-2018,Kharif,Medak,Kowdipally,Ajwan(vamu),0,0
2017-2018,Kharif,Medak,Narsapur,Ajwan(vamu),0,0
2017-2018,Kharif,Medak,Shivampet,Ajwan(vamu),0,0
2017-2018,Kharif,Medak,Yeldurthy,Ajwan(vamu),0,0
2017-2018,Kharif,Medak,Tupran,Ajwan(vamu),0,0
2017-2018,Kharif,Medak,Manoharabad,Ajwan(vamu),0,0
2017-2018,Kharif,Medak,Shankarampet (A),Sugarcane (planted harvest),20,0
2017-2018,Kharif,Medak,Regode,Sugarcane (planted harvest),15,4
2017-2018,Kharif,Medak,Alladurg,Sugarcane (planted harvest),66,34
2017-2018,Kharif,Medak,Tekmal,Sugarcane (planted harvest),111,34
2017-2018,Kharif,Medak,Papannapet,Sugarcane (planted harvest),113,8
2017-2018,Kharif,Medak,Havelighanpur,Sugarcane (planted harvest),7,80
2017-2018,Kharif,Medak,Ramayampet,Sugarcane (planted harvest),108,32
2017-2018,Kharif,Medak,Nizampet,Sugarcane (planted harvest),11,44
2017-2018,Kharif,Medak,Chegunta,Sugarcane (planted harvest),7,0
2017-2018,Kharif,Medak,Narsingi,Sugarcane (planted harvest),0,0
2017-2018,Kharif,Medak,Shankarampet (R),Sugarcane (planted harvest),59,22
2017-2018,Kharif,Medak,Medak,Sugarcane (planted harvest),233,70
2017-2018,Kharif,Medak,Kulcharam,Sugarcane (planted harvest),111,31
2017-2018,Kharif,Medak,Chilpched,Sugarcane (planted harvest),15,55
2017-2018,Kharif,Medak,Kowdipally,Sugarcane (planted harvest),430,69
2017-2018,Kharif,Medak,Narsapur,Sugarcane (planted harvest),171,40
2017-2018,Kharif,Medak,Shivampet,Sugarcane (planted harvest),4,17
2017-2018,Kharif,Medak,Yeldurthy,Sugarcane (planted harvest),33,24
2017-2018,Kharif,Medak,Tupran,Sugarcane (planted harvest),4,0
2017-2018,Kharif,Medak,Manoharabad,Sugarcane (planted harvest),0,0
2017-2018,Kharif,Medak,Shankarampet (A),Sugarcane (ratoon harvest),27,0
2017-2018,Kharif,Medak,Regode,Sugarcane (ratoon harvest),29,6
2017-2018,Kharif,Medak,Alladurg,Sugarcane (ratoon harvest),53,3
2017-2018,Kharif,Medak,Tekmal,Sugarcane (ratoon harvest),163,38
2017-2018,Kharif,Medak,Papannapet,Sugarcane (ratoon harvest),203,6
2017-2018,Kharif,Medak,Havelighanpur,Sugarcane (ratoon harvest),13,35
2017-2018,Kharif,Medak,Ramayampet,Sugarcane (ratoon harvest),136,26
2017-2018,Kharif,Medak,Nizampet,Sugarcane (ratoon harvest),16,35
2017-2018,Kharif,Medak,Chegunta,Sugarcane (ratoon harvest),16,9
2017-2018,Kharif,Medak,Narsingi,Sugarcane (ratoon harvest),0,0
2017-2018,Kharif,Medak,Shankarampet (R),Sugarcane (ratoon harvest),74,10
2017-2018,Kharif,Medak,Medak,Sugarcane (ratoon harvest),281,39
2017-2018,Kharif,Medak,Kulcharam,Sugarcane (ratoon harvest),116,23
2017-2018,Kharif,Medak,Chilpched,Sugarcane (ratoon harvest),30,78
2017-2018,Kharif,Medak,Kowdipally,Sugarcane (ratoon harvest),493,87
2017-2018,Kharif,Medak,Narsapur,Sugarcane (ratoon harvest),208,86
2017-2018,Kharif,Medak,Shivampet,Sugarcane (ratoon harvest),8,7
2017-2018,Kharif,Medak,Yeldurthy,Sugarcane (ratoon harvest),42,68
2017-2018,Kharif,Medak,Tupran,Sugarcane (ratoon harvest),6,0
2017-2018,Kharif,Medak,Manoharabad,Sugarcane (ratoon harvest),0,0
2017-2018,Kharif,Medak,Shankarampet (A),Mango,4,9
2017-2018,Kharif,Medak,Regode,Mango,7,16
2017-2018,Kharif,Medak,Alladurg,Mango,28,24
2017-2018,Kharif,Medak,Tekmal,Mango,12,9
2017-2018,Kharif,Medak,Papannapet,Mango,14,7
2017-2018,Kharif,Medak,Havelighanpur,Mango,8,44
2017-2018,Kharif,Medak,Ramayampet,Mango,106,43
2017-2018,Kharif,Medak,Nizampet,Mango,19,166
2017-2018,Kharif,Medak,Chegunta,Mango,63,49
2017-2018,Kharif,Medak,Narsingi,Mango,5,23
2017-2018,Kharif,Medak,Shankarampet (R),Mango,52,87
2017-2018,Kharif,Medak,Medak,Mango,37,34
2017-2018,Kharif,Medak,Kulcharam,Mango,14,9
2017-2018,Kharif,Medak,Chilpched,Mango,2,9
2017-2018,Kharif,Medak,Kowdipally,Mango,49,52
2017-2018,Kharif,Medak,Narsapur,Mango,66,87
2017-2018,Kharif,Medak,Shivampet,Mango,145,168
2017-2018,Kharif,Medak,Yeldurthy,Mango,56,93
2017-2018,Kharif,Medak,Tupran,Mango,126,89
2017-2018,Kharif,Medak,Manoharabad,Mango,8,57
2017-2018,Kharif,Medak,Shankarampet (A),Batavia,0,0
2017-2018,Kharif,Medak,Regode,Batavia,0,0
2017-2018,Kharif,Medak,Alladurg,Batavia,1,0
2017-2018,Kharif,Medak,Tekmal,Batavia,1,0
2017-2018,Kharif,Medak,Papannapet,Batavia,0,0
2017-2018,Kharif,Medak,Havelighanpur,Batavia,0,0
2017-2018,Kharif,Medak,Ramayampet,Batavia,0,0
2017-2018,Kharif,Medak,Nizampet,Batavia,0,0
2017-2018,Kharif,Medak,Chegunta,Batavia,0,0
2017-2018,Kharif,Medak,Narsingi,Batavia,0,0
2017-2018,Kharif,Medak,Shankarampet (R),Batavia,0,0
2017-2018,Kharif,Medak,Medak,Batavia,0,0
2017-2018,Kharif,Medak,Kulcharam,Batavia,0,0
2017-2018,Kharif,Medak,Chilpched,Batavia,0,0
2017-2018,Kharif,Medak,Kowdipally,Batavia,0,0
2017-2018,Kharif,Medak,Narsapur,Batavia,2,0
2017-2018,Kharif,Medak,Shivampet,Batavia,0,0
2017-2018,Kharif,Medak,Yeldurthy,Batavia,0,0
2017-2018,Kharif,Medak,Tupran,Batavia,0,0
2017-2018,Kharif,Medak,Manoharabad,Batavia,0,0
2017-2018,Kharif,Medak,Shankarampet (A),Acid lime,0,0
2017-2018,Kharif,Medak,Regode,Acid lime,0,0
2017-2018,Kharif,Medak,Alladurg,Acid lime,0,0
2017-2018,Kharif,Medak,Tekmal,Acid lime,0,2
2017-2018,Kharif,Medak,Papannapet,Acid lime,0,0
2017-2018,Kharif,Medak,Havelighanpur,Acid lime,0,0
2017-2018,Kharif,Medak,Ramayampet,Acid lime,0,0
2017-2018,Kharif,Medak,Nizampet,Acid lime,0,0
2017-2018,Kharif,Medak,Chegunta,Acid lime,0,0
2017-2018,Kharif,Medak,Narsingi,Acid lime,0,0
2017-2018,Kharif,Medak,Shankarampet (R),Acid lime,0,0
2017-2018,Kharif,Medak,Medak,Acid lime,0,0
2017-2018,Kharif,Medak,Kulcharam,Acid lime,0,0
2017-2018,Kharif,Medak,Chilpched,Acid lime,0,0
2017-2018,Kharif,Medak,Kowdipally,Acid lime,0,0
2017-2018,Kharif,Medak,Narsapur,Acid lime,2,0
2017-2018,Kharif,Medak,Shivampet,Acid lime,0,0
2017-2018,Kharif,Medak,Yeldurthy,Acid lime,0,0
2017-2018,Kharif,Medak,Tupran,Acid lime,0,0
2017-2018,Kharif,Medak,Manoharabad,Acid lime,0,0
2017-2018,Kharif,Medak,Shankarampet (A),Orange & citrus fruits,0,0
2017-2018,Kharif,Medak,Regode,Orange & citrus fruits,0,0
2017-2018,Kharif,Medak,Alladurg,Orange & citrus fruits,0,0
2017-2018,Kharif,Medak,Tekmal,Orange & citrus fruits,1,0
2017-2018,Kharif,Medak,Papannapet,Orange & citrus fruits,0,0
2017-2018,Kharif,Medak,Havelighanpur,Orange & citrus fruits,0,0
2017-2018,Kharif,Medak,Ramayampet,Orange & citrus fruits,0,0
2017-2018,Kharif,Medak,Nizampet,Orange & citrus fruits,0,4
2017-2018,Kharif,Medak,Chegunta,Orange & citrus fruits,0,0
2017-2018,Kharif,Medak,Narsingi,Orange & citrus fruits,0,0
2017-2018,Kharif,Medak,Shankarampet (R),Orange & citrus fruits,0,0
2017-2018,Kharif,Medak,Medak,Orange & citrus fruits,0,0
2017-2018,Kharif,Medak,Kulcharam,Orange & citrus fruits,0,0
2017-2018,Kharif,Medak,Chilpched,Orange & citrus fruits,0,0
2017-2018,Kharif,Medak,Kowdipally,Orange & citrus fruits,0,0
2017-2018,Kharif,Medak,Narsapur,Orange & citrus fruits,3,4
2017-2018,Kharif,Medak,Shivampet,Orange & citrus fruits,1,19
2017-2018,Kharif,Medak,Yeldurthy,Orange & citrus fruits,0,11
2017-2018,Kharif,Medak,Tupran,Orange & citrus fruits,0,7
2017-2018,Kharif,Medak,Manoharabad,Orange & citrus fruits,0,0
2017-2018,Kharif,Medak,Shankarampet (A),Amla(usri),0,0
2017-2018,Kharif,Medak,Regode,Amla(usri),0,0
2017-2018,Kharif,Medak,Alladurg,Amla(usri),0,0
2017-2018,Kharif,Medak,Tekmal,Amla(usri),0,0
2017-2018,Kharif,Medak,Papannapet,Amla(usri),0,0
2017-2018,Kharif,Medak,Havelighanpur,Amla(usri),0,0
2017-2018,Kharif,Medak,Ramayampet,Amla(usri),0,0
2017-2018,Kharif,Medak,Nizampet,Amla(usri),0,0
2017-2018,Kharif,Medak,Chegunta,Amla(usri),0,0
2017-2018,Kharif,Medak,Narsingi,Amla(usri),0,0
2017-2018,Kharif,Medak,Shankarampet (R),Amla(usri),0,0
2017-2018,Kharif,Medak,Medak,Amla(usri),0,0
2017-2018,Kharif,Medak,Kulcharam,Amla(usri),0,0
2017-2018,Kharif,Medak,Chilpched,Amla(usri),0,0
2017-2018,Kharif,Medak,Kowdipally,Amla(usri),0,0
2017-2018,Kharif,Medak,Narsapur,Amla(usri),0,0
2017-2018,Kharif,Medak,Shivampet,Amla(usri),3,4
2017-2018,Kharif,Medak,Yeldurthy,Amla(usri),10,0
2017-2018,Kharif,Medak,Tupran,Amla(usri),1,0
2017-2018,Kharif,Medak,Manoharabad,Amla(usri),0,0
2017-2018,Kharif,Medak,Shankarampet (A),Plantain,0,0
2017-2018,Kharif,Medak,Regode,Plantain,0,0
2017-2018,Kharif,Medak,Alladurg,Plantain,4,0
2017-2018,Kharif,Medak,Tekmal,Plantain,0,0
2017-2018,Kharif,Medak,Papannapet,Plantain,7,3
2017-2018,Kharif,Medak,Havelighanpur,Plantain,0,0
2017-2018,Kharif,Medak,Ramayampet,Plantain,0,0
2017-2018,Kharif,Medak,Nizampet,Plantain,0,0
2017-2018,Kharif,Medak,Chegunta,Plantain,0,0
2017-2018,Kharif,Medak,Narsingi,Plantain,0,0
2017-2018,Kharif,Medak,Shankarampet (R),Plantain,0,0
2017-2018,Kharif,Medak,Medak,Plantain,0,0
2017-2018,Kharif,Medak,Kulcharam,Plantain,0,0
2017-2018,Kharif,Medak,Chilpched,Plantain,0,0
2017-2018,Kharif,Medak,Kowdipally,Plantain,0,0
2017-2018,Kharif,Medak,Narsapur,Plantain,1,0
2017-2018,Kharif,Medak,Shivampet,Plantain,0,0
2017-2018,Kharif,Medak,Yeldurthy,Plantain,0,0
2017-2018,Kharif,Medak,Tupran,Plantain,0,0
2017-2018,Kharif,Medak,Manoharabad,Plantain,0,0
2017-2018,Kharif,Medak,Shankarampet (A),Grapes,0,0
2017-2018,Kharif,Medak,Regode,Grapes,0,0
2017-2018,Kharif,Medak,Alladurg,Grapes,0,0
2017-2018,Kharif,Medak,Tekmal,Grapes,0,0
2017-2018,Kharif,Medak,Papannapet,Grapes,0,0
2017-2018,Kharif,Medak,Havelighanpur,Grapes,0,0
2017-2018,Kharif,Medak,Ramayampet,Grapes,0,0
2017-2018,Kharif,Medak,Nizampet,Grapes,0,0
2017-2018,Kharif,Medak,Chegunta,Grapes,0,0
2017-2018,Kharif,Medak,Narsingi,Grapes,0,0
2017-2018,Kharif,Medak,Shankarampet (R),Grapes,0,0
2017-2018,Kharif,Medak,Medak,Grapes,0,0
2017-2018,Kharif,Medak,Kulcharam,Grapes,0,0
2017-2018,Kharif,Medak,Chilpched,Grapes,0,0
2017-2018,Kharif,Medak,Kowdipally,Grapes,0,0
2017-2018,Kharif,Medak,Narsapur,Grapes,0,0
2017-2018,Kharif,Medak,Shivampet,Grapes,0,0
2017-2018,Kharif,Medak,Yeldurthy,Grapes,0,0
2017-2018,Kharif,Medak,Tupran,Grapes,1,0
2017-2018,Kharif,Medak,Manoharabad,Grapes,0,0
2017-2018,Kharif,Medak,Shankarampet (A),Guava,0,0
2017-2018,Kharif,Medak,Regode,Guava,3,3
2017-2018,Kharif,Medak,Alladurg,Guava,0,0
2017-2018,Kharif,Medak,Tekmal,Guava,0,2
2017-2018,Kharif,Medak,Papannapet,Guava,1,0
2017-2018,Kharif,Medak,Havelighanpur,Guava,0,0
2017-2018,Kharif,Medak,Ramayampet,Guava,0,0
2017-2018,Kharif,Medak,Nizampet,Guava,0,0
2017-2018,Kharif,Medak,Chegunta,Guava,0,0
2017-2018,Kharif,Medak,Narsingi,Guava,0,0
2017-2018,Kharif,Medak,Shankarampet (R),Guava,0,0
2017-2018,Kharif,Medak,Medak,Guava,0,0
2017-2018,Kharif,Medak,Kulcharam,Guava,2,7
2017-2018,Kharif,Medak,Chilpched,Guava,0,4
2017-2018,Kharif,Medak,Kowdipally,Guava,20,18
2017-2018,Kharif,Medak,Narsapur,Guava,13,36
2017-2018,Kharif,Medak,Shivampet,Guava,9,11
2017-2018,Kharif,Medak,Yeldurthy,Guava,2,2
2017-2018,Kharif,Medak,Tupran,Guava,2,2
2017-2018,Kharif,Medak,Manoharabad,Guava,0,0
2017-2018,Kharif,Medak,Shankarampet (A),Papaya,0,0
2017-2018,Kharif,Medak,Regode,Papaya,0,0
2017-2018,Kharif,Medak,Alladurg,Papaya,0,0
2017-2018,Kharif,Medak,Tekmal,Papaya,0,1
2017-2018,Kharif,Medak,Papannapet,Papaya,0,0
2017-2018,Kharif,Medak,Havelighanpur,Papaya,0,0
2017-2018,Kharif,Medak,Ramayampet,Papaya,0,0
2017-2018,Kharif,Medak,Nizampet,Papaya,0,0
2017-2018,Kharif,Medak,Chegunta,Papaya,0,0
2017-2018,Kharif,Medak,Narsingi,Papaya,0,0
2017-2018,Kharif,Medak,Shankarampet (R),Papaya,0,0
2017-2018,Kharif,Medak,Medak,Papaya,0,0
2017-2018,Kharif,Medak,Kulcharam,Papaya,2,0
2017-2018,Kharif,Medak,Chilpched,Papaya,0,0
2017-2018,Kharif,Medak,Kowdipally,Papaya,1,0
2017-2018,Kharif,Medak,Narsapur,Papaya,3,4
2017-2018,Kharif,Medak,Shivampet,Papaya,0,0
2017-2018,Kharif,Medak,Yeldurthy,Papaya,0,2
2017-2018,Kharif,Medak,Tupran,Papaya,1,0
2017-2018,Kharif,Medak,Manoharabad,Papaya,0,0
2017-2018,Kharif,Medak,Shankarampet (A),Sapota,0,0
2017-2018,Kharif,Medak,Regode,Sapota,0,0
2017-2018,Kharif,Medak,Alladurg,Sapota,0,0
2017-2018,Kharif,Medak,Tekmal,Sapota,0,0
2017-2018,Kharif,Medak,Papannapet,Sapota,0,0
2017-2018,Kharif,Medak,Havelighanpur,Sapota,0,0
2017-2018,Kharif,Medak,Ramayampet,Sapota,0,0
2017-2018,Kharif,Medak,Nizampet,Sapota,0,0
2017-2018,Kharif,Medak,Chegunta,Sapota,0,0
2017-2018,Kharif,Medak,Narsingi,Sapota,0,0
2017-2018,Kharif,Medak,Shankarampet (R),Sapota,0,0
2017-2018,Kharif,Medak,Medak,Sapota,0,0
2017-2018,Kharif,Medak,Kulcharam,Sapota,0,0
2017-2018,Kharif,Medak,Chilpched,Sapota,0,0
2017-2018,Kharif,Medak,Kowdipally,Sapota,0,0
2017-2018,Kharif,Medak,Narsapur,Sapota,0,0
2017-2018,Kharif,Medak,Shivampet,Sapota,0,0
2017-2018,Kharif,Medak,Yeldurthy,Sapota,0,0
2017-2018,Kharif,Medak,Tupran,Sapota,1,0
2017-2018,Kharif,Medak,Manoharabad,Sapota,0,0
2017-2018,Kharif,Medak,Shankarampet (A),Pomegranate,0,0
2017-2018,Kharif,Medak,Regode,Pomegranate,0,0
2017-2018,Kharif,Medak,Alladurg,Pomegranate,0,0
2017-2018,Kharif,Medak,Tekmal,Pomegranate,0,0
2017-2018,Kharif,Medak,Papannapet,Pomegranate,0,0
2017-2018,Kharif,Medak,Havelighanpur,Pomegranate,0,0
2017-2018,Kharif,Medak,Ramayampet,Pomegranate,0,0
2017-2018,Kharif,Medak,Nizampet,Pomegranate,0,0
2017-2018,Kharif,Medak,Chegunta,Pomegranate,0,4
2017-2018,Kharif,Medak,Narsingi,Pomegranate,0,0
2017-2018,Kharif,Medak,Shankarampet (R),Pomegranate,0,0
2017-2018,Kharif,Medak,Medak,Pomegranate,0,0
2017-2018,Kharif,Medak,Kulcharam,Pomegranate,0,2
2017-2018,Kharif,Medak,Chilpched,Pomegranate,0,0
2017-2018,Kharif,Medak,Kowdipally,Pomegranate,2,4
2017-2018,Kharif,Medak,Narsapur,Pomegranate,4,14
2017-2018,Kharif,Medak,Shivampet,Pomegranate,0,16
2017-2018,Kharif,Medak,Yeldurthy,Pomegranate,0,0
2017-2018,Kharif,Medak,Tupran,Pomegranate,1,0
2017-2018,Kharif,Medak,Manoharabad,Pomegranate,0,0
2017-2018,Kharif,Medak,Shankarampet (A),Custard apple,2,0
2017-2018,Kharif,Medak,Regode,Custard apple,3,0
2017-2018,Kharif,Medak,Alladurg,Custard apple,0,0
2017-2018,Kharif,Medak,Tekmal,Custard apple,0,0
2017-2018,Kharif,Medak,Papannapet,Custard apple,0,0
2017-2018,Kharif,Medak,Havelighanpur,Custard apple,6,0
2017-2018,Kharif,Medak,Ramayampet,Custard apple,0,0
2017-2018,Kharif,Medak,Nizampet,Custard apple,7,0
2017-2018,Kharif,Medak,Chegunta,Custard apple,0,0
2017-2018,Kharif,Medak,Narsingi,Custard apple,16,0
2017-2018,Kharif,Medak,Shankarampet (R),Custard apple,11,0
2017-2018,Kharif,Medak,Medak,Custard apple,4,0
2017-2018,Kharif,Medak,Kulcharam,Custard apple,0,0
2017-2018,Kharif,Medak,Chilpched,Custard apple,2,0
2017-2018,Kharif,Medak,Kowdipally,Custard apple,6,0
2017-2018,Kharif,Medak,Narsapur,Custard apple,28,0
2017-2018,Kharif,Medak,Shivampet,Custard apple,24,0
2017-2018,Kharif,Medak,Yeldurthy,Custard apple,22,0
2017-2018,Kharif,Medak,Tupran,Custard apple,0,0
2017-2018,Kharif,Medak,Manoharabad,Custard apple,0,0
2017-2018,Kharif,Medak,Shankarampet (A),Potato,0,0
2017-2018,Kharif,Medak,Regode,Potato,0,0
2017-2018,Kharif,Medak,Alladurg,Potato,0,0
2017-2018,Kharif,Medak,Tekmal,Potato,0,0
2017-2018,Kharif,Medak,Papannapet,Potato,0,0
2017-2018,Kharif,Medak,Havelighanpur,Potato,0,0
2017-2018,Kharif,Medak,Ramayampet,Potato,0,0
2017-2018,Kharif,Medak,Nizampet,Potato,0,0
2017-2018,Kharif,Medak,Chegunta,Potato,0,0
2017-2018,Kharif,Medak,Narsingi,Potato,0,0
2017-2018,Kharif,Medak,Shankarampet (R),Potato,0,0
2017-2018,Kharif,Medak,Medak,Potato,0,0
2017-2018,Kharif,Medak,Kulcharam,Potato,0,0
2017-2018,Kharif,Medak,Chilpched,Potato,0,0
2017-2018,Kharif,Medak,Kowdipally,Potato,0,0
2017-2018,Kharif,Medak,Narsapur,Potato,0,0
2017-2018,Kharif,Medak,Shivampet,Potato,0,0
2017-2018,Kharif,Medak,Yeldurthy,Potato,0,0
2017-2018,Kharif,Medak,Tupran,Potato,3,0
2017-2018,Kharif,Medak,Manoharabad,Potato,0,0
2017-2018,Kharif,Medak,Shankarampet (A),Onion,0,0
2017-2018,Kharif,Medak,Regode,Onion,13,55
2017-2018,Kharif,Medak,Alladurg,Onion,13,32
2017-2018,Kharif,Medak,Tekmal,Onion,14,0
2017-2018,Kharif,Medak,Papannapet,Onion,2,0
2017-2018,Kharif,Medak,Havelighanpur,Onion,3,0
2017-2018,Kharif,Medak,Ramayampet,Onion,2,0
2017-2018,Kharif,Medak,Nizampet,Onion,0,0
2017-2018,Kharif,Medak,Chegunta,Onion,2,0
2017-2018,Kharif,Medak,Narsingi,Onion,0,0
2017-2018,Kharif,Medak,Shankarampet (R),Onion,0,0
2017-2018,Kharif,Medak,Medak,Onion,3,0
2017-2018,Kharif,Medak,Kulcharam,Onion,3,0
2017-2018,Kharif,Medak,Chilpched,Onion,0,0
2017-2018,Kharif,Medak,Kowdipally,Onion,0,0
2017-2018,Kharif,Medak,Narsapur,Onion,4,0
2017-2018,Kharif,Medak,Shivampet,Onion,6,0
2017-2018,Kharif,Medak,Yeldurthy,Onion,0,0
2017-2018,Kharif,Medak,Tupran,Onion,3,0
2017-2018,Kharif,Medak,Manoharabad,Onion,0,0
2017-2018,Kharif,Medak,Shankarampet (A),Cucumber,0,0
2017-2018,Kharif,Medak,Regode,Cucumber,0,0
2017-2018,Kharif,Medak,Alladurg,Cucumber,0,0
2017-2018,Kharif,Medak,Tekmal,Cucumber,0,0
2017-2018,Kharif,Medak,Papannapet,Cucumber,0,0
2017-2018,Kharif,Medak,Havelighanpur,Cucumber,0,0
2017-2018,Kharif,Medak,Ramayampet,Cucumber,0,0
2017-2018,Kharif,Medak,Nizampet,Cucumber,0,0
2017-2018,Kharif,Medak,Chegunta,Cucumber,5,0
2017-2018,Kharif,Medak,Narsingi,Cucumber,0,0
2017-2018,Kharif,Medak,Shankarampet (R),Cucumber,0,4
2017-2018,Kharif,Medak,Medak,Cucumber,0,0
2017-2018,Kharif,Medak,Kulcharam,Cucumber,0,0
2017-2018,Kharif,Medak,Chilpched,Cucumber,0,0
2017-2018,Kharif,Medak,Kowdipally,Cucumber,0,0
2017-2018,Kharif,Medak,Narsapur,Cucumber,0,0
2017-2018,Kharif,Medak,Shivampet,Cucumber,0,0
2017-2018,Kharif,Medak,Yeldurthy,Cucumber,0,0
2017-2018,Kharif,Medak,Tupran,Cucumber,0,0
2017-2018,Kharif,Medak,Manoharabad,Cucumber,0,0
2017-2018,Kharif,Medak,Shankarampet (A),Bitter gourd (kakara),0,0
2017-2018,Kharif,Medak,Regode,Bitter gourd (kakara),0,0
2017-2018,Kharif,Medak,Alladurg,Bitter gourd (kakara),0,0
2017-2018,Kharif,Medak,Tekmal,Bitter gourd (kakara),0,0
2017-2018,Kharif,Medak,Papannapet,Bitter gourd (kakara),0,0
2017-2018,Kharif,Medak,Havelighanpur,Bitter gourd (kakara),0,0
2017-2018,Kharif,Medak,Ramayampet,Bitter gourd (kakara),1,10
2017-2018,Kharif,Medak,Nizampet,Bitter gourd (kakara),0,4
2017-2018,Kharif,Medak,Chegunta,Bitter gourd (kakara),1,0
2017-2018,Kharif,Medak,Narsingi,Bitter gourd (kakara),0,0
2017-2018,Kharif,Medak,Shankarampet (R),Bitter gourd (kakara),0,17
2017-2018,Kharif,Medak,Medak,Bitter gourd (kakara),1,13
2017-2018,Kharif,Medak,Kulcharam,Bitter gourd (kakara),0,8
2017-2018,Kharif,Medak,Chilpched,Bitter gourd (kakara),0,0
2017-2018,Kharif,Medak,Kowdipally,Bitter gourd (kakara),0,0
2017-2018,Kharif,Medak,Narsapur,Bitter gourd (kakara),3,0
2017-2018,Kharif,Medak,Shivampet,Bitter gourd (kakara),4,0
2017-2018,Kharif,Medak,Yeldurthy,Bitter gourd (kakara),0,0
2017-2018,Kharif,Medak,Tupran,Bitter gourd (kakara),2,0
2017-2018,Kharif,Medak,Manoharabad,Bitter gourd (kakara),0,0
2017-2018,Kharif,Medak,Shankarampet (A),Bhendi,2,4
2017-2018,Kharif,Medak,Regode,Bhendi,3,4
2017-2018,Kharif,Medak,Alladurg,Bhendi,8,11
2017-2018,Kharif,Medak,Tekmal,Bhendi,15,0
2017-2018,Kharif,Medak,Papannapet,Bhendi,1,3
2017-2018,Kharif,Medak,Havelighanpur,Bhendi,0,4
2017-2018,Kharif,Medak,Ramayampet,Bhendi,1,2
2017-2018,Kharif,Medak,Nizampet,Bhendi,0,3
2017-2018,Kharif,Medak,Chegunta,Bhendi,11,10
2017-2018,Kharif,Medak,Narsingi,Bhendi,0,0
2017-2018,Kharif,Medak,Shankarampet (R),Bhendi,1,8
2017-2018,Kharif,Medak,Medak,Bhendi,4,6
2017-2018,Kharif,Medak,Kulcharam,Bhendi,7,4
2017-2018,Kharif,Medak,Chilpched,Bhendi,2,6
2017-2018,Kharif,Medak,Kowdipally,Bhendi,8,10
2017-2018,Kharif,Medak,Narsapur,Bhendi,17,7
2017-2018,Kharif,Medak,Shivampet,Bhendi,37,25
2017-2018,Kharif,Medak,Yeldurthy,Bhendi,9,2
2017-2018,Kharif,Medak,Tupran,Bhendi,33,2
2017-2018,Kharif,Medak,Manoharabad,Bhendi,1,13
2017-2018,Kharif,Medak,Shankarampet (A),Bean,0,2
2017-2018,Kharif,Medak,Regode,Bean,1,1
2017-2018,Kharif,Medak,Alladurg,Bean,2,9
2017-2018,Kharif,Medak,Tekmal,Bean,2,21
2017-2018,Kharif,Medak,Papannapet,Bean,0,0
2017-2018,Kharif,Medak,Havelighanpur,Bean,0,3
2017-2018,Kharif,Medak,Ramayampet,Bean,1,0
2017-2018,Kharif,Medak,Nizampet,Bean,0,4
2017-2018,Kharif,Medak,Chegunta,Bean,1,0
2017-2018,Kharif,Medak,Narsingi,Bean,0,0
2017-2018,Kharif,Medak,Shankarampet (R),Bean,0,7
2017-2018,Kharif,Medak,Medak,Bean,1,0
2017-2018,Kharif,Medak,Kulcharam,Bean,1,3
2017-2018,Kharif,Medak,Chilpched,Bean,1,5
2017-2018,Kharif,Medak,Kowdipally,Bean,0,5
2017-2018,Kharif,Medak,Narsapur,Bean,1,0
2017-2018,Kharif,Medak,Shivampet,Bean,1,10
2017-2018,Kharif,Medak,Yeldurthy,Bean,0,0
2017-2018,Kharif,Medak,Tupran,Bean,2,1
2017-2018,Kharif,Medak,Manoharabad,Bean,3,0
2017-2018,Kharif,Medak,Shankarampet (A),Gokara,0,0
2017-2018,Kharif,Medak,Regode,Gokara,0,0
2017-2018,Kharif,Medak,Alladurg,Gokara,4,0
2017-2018,Kharif,Medak,Tekmal,Gokara,2,0
2017-2018,Kharif,Medak,Papannapet,Gokara,0,0
2017-2018,Kharif,Medak,Havelighanpur,Gokara,0,0
2017-2018,Kharif,Medak,Ramayampet,Gokara,0,0
2017-2018,Kharif,Medak,Nizampet,Gokara,0,0
2017-2018,Kharif,Medak,Chegunta,Gokara,5,0
2017-2018,Kharif,Medak,Narsingi,Gokara,0,0
2017-2018,Kharif,Medak,Shankarampet (R),Gokara,0,0
2017-2018,Kharif,Medak,Medak,Gokara,1,6
2017-2018,Kharif,Medak,Kulcharam,Gokara,1,0
2017-2018,Kharif,Medak,Chilpched,Gokara,0,0
2017-2018,Kharif,Medak,Kowdipally,Gokara,8,0
2017-2018,Kharif,Medak,Narsapur,Gokara,2,0
2017-2018,Kharif,Medak,Shivampet,Gokara,0,0
2017-2018,Kharif,Medak,Yeldurthy,Gokara,3,0
2017-2018,Kharif,Medak,Tupran,Gokara,0,1
2017-2018,Kharif,Medak,Manoharabad,Gokara,0,0
2017-2018,Kharif,Medak,Shankarampet (A),Brinjal,2,4
2017-2018,Kharif,Medak,Regode,Brinjal,1,1
2017-2018,Kharif,Medak,Alladurg,Brinjal,11,11
2017-2018,Kharif,Medak,Tekmal,Brinjal,16,11
2017-2018,Kharif,Medak,Papannapet,Brinjal,1,5
2017-2018,Kharif,Medak,Havelighanpur,Brinjal,2,4
2017-2018,Kharif,Medak,Ramayampet,Brinjal,1,4
2017-2018,Kharif,Medak,Nizampet,Brinjal,0,2
2017-2018,Kharif,Medak,Chegunta,Brinjal,8,0
2017-2018,Kharif,Medak,Narsingi,Brinjal,0,6
2017-2018,Kharif,Medak,Shankarampet (R),Brinjal,0,7
2017-2018,Kharif,Medak,Medak,Brinjal,1,6
2017-2018,Kharif,Medak,Kulcharam,Brinjal,7,2
2017-2018,Kharif,Medak,Chilpched,Brinjal,2,6
2017-2018,Kharif,Medak,Kowdipally,Brinjal,8,4
2017-2018,Kharif,Medak,Narsapur,Brinjal,13,4
2017-2018,Kharif,Medak,Shivampet,Brinjal,18,22
2017-2018,Kharif,Medak,Yeldurthy,Brinjal,4,2
2017-2018,Kharif,Medak,Tupran,Brinjal,18,0
2017-2018,Kharif,Medak,Manoharabad,Brinjal,0,0
2017-2018,Kharif,Medak,Shankarampet (A),Green leafy,3,4
2017-2018,Kharif,Medak,Regode,Green leafy,1,2
2017-2018,Kharif,Medak,Alladurg,Green leafy,6,18
2017-2018,Kharif,Medak,Tekmal,Green leafy,13,12
2017-2018,Kharif,Medak,Papannapet,Green leafy,1,2
2017-2018,Kharif,Medak,Havelighanpur,Green leafy,0,4
2017-2018,Kharif,Medak,Ramayampet,Green leafy,0,0
2017-2018,Kharif,Medak,Nizampet,Green leafy,0,4
2017-2018,Kharif,Medak,Chegunta,Green leafy,4,0
2017-2018,Kharif,Medak,Narsingi,Green leafy,0,0
2017-2018,Kharif,Medak,Shankarampet (R),Green leafy,0,0
2017-2018,Kharif,Medak,Medak,Green leafy,1,2
2017-2018,Kharif,Medak,Kulcharam,Green leafy,0,0
2017-2018,Kharif,Medak,Chilpched,Green leafy,0,0
2017-2018,Kharif,Medak,Kowdipally,Green leafy,3,0
2017-2018,Kharif,Medak,Narsapur,Green leafy,5,0
2017-2018,Kharif,Medak,Shivampet,Green leafy,3,0
2017-2018,Kharif,Medak,Yeldurthy,Green leafy,11,0
2017-2018,Kharif,Medak,Tupran,Green leafy,3,14
2017-2018,Kharif,Medak,Manoharabad,Green leafy,2,9
2017-2018,Kharif,Medak,Shankarampet (A),Cabbage,0,0
2017-2018,Kharif,Medak,Regode,Cabbage,0,5
2017-2018,Kharif,Medak,Alladurg,Cabbage,0,0
2017-2018,Kharif,Medak,Tekmal,Cabbage,0,0
2017-2018,Kharif,Medak,Papannapet,Cabbage,0,0
2017-2018,Kharif,Medak,Havelighanpur,Cabbage,0,0
2017-2018,Kharif,Medak,Ramayampet,Cabbage,0,0
2017-2018,Kharif,Medak,Nizampet,Cabbage,0,0
2017-2018,Kharif,Medak,Chegunta,Cabbage,2,0
2017-2018,Kharif,Medak,Narsingi,Cabbage,0,0
2017-2018,Kharif,Medak,Shankarampet (R),Cabbage,0,0
2017-2018,Kharif,Medak,Medak,Cabbage,0,0
2017-2018,Kharif,Medak,Kulcharam,Cabbage,0,0
2017-2018,Kharif,Medak,Chilpched,Cabbage,0,0
2017-2018,Kharif,Medak,Kowdipally,Cabbage,0,0
2017-2018,Kharif,Medak,Narsapur,Cabbage,0,0
2017-2018,Kharif,Medak,Shivampet,Cabbage,2,6
2017-2018,Kharif,Medak,Yeldurthy,Cabbage,0,0
2017-2018,Kharif,Medak,Tupran,Cabbage,2,0
2017-2018,Kharif,Medak,Manoharabad,Cabbage,0,0
2017-2018,Kharif,Medak,Shankarampet (A),Cauliflower,0,0
2017-2018,Kharif,Medak,Regode,Cauliflower,0,0
2017-2018,Kharif,Medak,Alladurg,Cauliflower,0,0
2017-2018,Kharif,Medak,Tekmal,Cauliflower,0,0
2017-2018,Kharif,Medak,Papannapet,Cauliflower,0,0
2017-2018,Kharif,Medak,Havelighanpur,Cauliflower,0,0
2017-2018,Kharif,Medak,Ramayampet,Cauliflower,0,0
2017-2018,Kharif,Medak,Nizampet,Cauliflower,0,0
2017-2018,Kharif,Medak,Chegunta,Cauliflower,1,0
2017-2018,Kharif,Medak,Narsingi,Cauliflower,0,0
2017-2018,Kharif,Medak,Shankarampet (R),Cauliflower,0,0
2017-2018,Kharif,Medak,Medak,Cauliflower,0,0
2017-2018,Kharif,Medak,Kulcharam,Cauliflower,0,0
2017-2018,Kharif,Medak,Chilpched,Cauliflower,0,0
2017-2018,Kharif,Medak,Kowdipally,Cauliflower,0,0
2017-2018,Kharif,Medak,Narsapur,Cauliflower,0,0
2017-2018,Kharif,Medak,Shivampet,Cauliflower,0,0
2017-2018,Kharif,Medak,Yeldurthy,Cauliflower,0,0
2017-2018,Kharif,Medak,Tupran,Cauliflower,0,0
2017-2018,Kharif,Medak,Manoharabad,Cauliflower,0,0
2017-2018,Kharif,Medak,Shankarampet (A),Peas,0,0
2017-2018,Kharif,Medak,Regode,Peas,0,0
2017-2018,Kharif,Medak,Alladurg,Peas,0,0
2017-2018,Kharif,Medak,Tekmal,Peas,0,0
2017-2018,Kharif,Medak,Papannapet,Peas,0,0
2017-2018,Kharif,Medak,Havelighanpur,Peas,0,0
2017-2018,Kharif,Medak,Ramayampet,Peas,0,0
2017-2018,Kharif,Medak,Nizampet,Peas,0,0
2017-2018,Kharif,Medak,Chegunta,Peas,1,0
2017-2018,Kharif,Medak,Narsingi,Peas,0,0
2017-2018,Kharif,Medak,Shankarampet (R),Peas,0,0
2017-2018,Kharif,Medak,Medak,Peas,0,0
2017-2018,Kharif,Medak,Kulcharam,Peas,0,0
2017-2018,Kharif,Medak,Chilpched,Peas,0,0
2017-2018,Kharif,Medak,Kowdipally,Peas,0,0
2017-2018,Kharif,Medak,Narsapur,Peas,0,0
2017-2018,Kharif,Medak,Shivampet,Peas,0,0
2017-2018,Kharif,Medak,Yeldurthy,Peas,0,0
2017-2018,Kharif,Medak,Tupran,Peas,0,0
2017-2018,Kharif,Medak,Manoharabad,Peas,0,0
2017-2018,Kharif,Medak,Shankarampet (A),Tomato,9,3
2017-2018,Kharif,Medak,Regode,Tomato,10,7
2017-2018,Kharif,Medak,Alladurg,Tomato,30,23
2017-2018,Kharif,Medak,Tekmal,Tomato,21,15
2017-2018,Kharif,Medak,Papannapet,Tomato,8,8
2017-2018,Kharif,Medak,Havelighanpur,Tomato,2,5
2017-2018,Kharif,Medak,Ramayampet,Tomato,1,6
2017-2018,Kharif,Medak,Nizampet,Tomato,6,6
2017-2018,Kharif,Medak,Chegunta,Tomato,26,28
2017-2018,Kharif,Medak,Narsingi,Tomato,1,6
2017-2018,Kharif,Medak,Shankarampet (R),Tomato,22,9
2017-2018,Kharif,Medak,Medak,Tomato,15,4
2017-2018,Kharif,Medak,Kulcharam,Tomato,15,12
2017-2018,Kharif,Medak,Chilpched,Tomato,3,5
2017-2018,Kharif,Medak,Kowdipally,Tomato,16,18
2017-2018,Kharif,Medak,Narsapur,Tomato,24,13
2017-2018,Kharif,Medak,Shivampet,Tomato,83,38
2017-2018,Kharif,Medak,Yeldurthy,Tomato,13,11
2017-2018,Kharif,Medak,Tupran,Tomato,56,13
2017-2018,Kharif,Medak,Manoharabad,Tomato,11,24
2017-2018,Kharif,Medak,Shankarampet (A),Bottle guard,0,0
2017-2018,Kharif,Medak,Regode,Bottle guard,0,0
2017-2018,Kharif,Medak,Alladurg,Bottle guard,0,0
2017-2018,Kharif,Medak,Tekmal,Bottle guard,0,0
2017-2018,Kharif,Medak,Papannapet,Bottle guard,1,0
2017-2018,Kharif,Medak,Havelighanpur,Bottle guard,0,0
2017-2018,Kharif,Medak,Ramayampet,Bottle guard,1,10
2017-2018,Kharif,Medak,Nizampet,Bottle guard,0,8
2017-2018,Kharif,Medak,Chegunta,Bottle guard,2,0
2017-2018,Kharif,Medak,Narsingi,Bottle guard,0,0
2017-2018,Kharif,Medak,Shankarampet (R),Bottle guard,0,17
2017-2018,Kharif,Medak,Medak,Bottle guard,1,13
2017-2018,Kharif,Medak,Kulcharam,Bottle guard,0,8
2017-2018,Kharif,Medak,Chilpched,Bottle guard,0,0
2017-2018,Kharif,Medak,Kowdipally,Bottle guard,0,0
2017-2018,Kharif,Medak,Narsapur,Bottle guard,4,0
2017-2018,Kharif,Medak,Shivampet,Bottle guard,3,0
2017-2018,Kharif,Medak,Yeldurthy,Bottle guard,0,0
2017-2018,Kharif,Medak,Tupran,Bottle guard,1,0
2017-2018,Kharif,Medak,Manoharabad,Bottle guard,0,0
2017-2018,Kharif,Medak,Shankarampet (A),Drumstick,0,0
2017-2018,Kharif,Medak,Regode,Drumstick,0,0
2017-2018,Kharif,Medak,Alladurg,Drumstick,0,0
2017-2018,Kharif,Medak,Tekmal,Drumstick,0,0
2017-2018,Kharif,Medak,Papannapet,Drumstick,0,0
2017-2018,Kharif,Medak,Havelighanpur,Drumstick,0,0
2017-2018,Kharif,Medak,Ramayampet,Drumstick,0,0
2017-2018,Kharif,Medak,Nizampet,Drumstick,0,0
2017-2018,Kharif,Medak,Chegunta,Drumstick,0,0
2017-2018,Kharif,Medak,Narsingi,Drumstick,0,0
2017-2018,Kharif,Medak,Shankarampet (R),Drumstick,0,0
2017-2018,Kharif,Medak,Medak,Drumstick,0,0
2017-2018,Kharif,Medak,Kulcharam,Drumstick,0,0
2017-2018,Kharif,Medak,Chilpched,Drumstick,0,0
2017-2018,Kharif,Medak,Kowdipally,Drumstick,0,0
2017-2018,Kharif,Medak,Narsapur,Drumstick,4,0
2017-2018,Kharif,Medak,Shivampet,Drumstick,0,0
2017-2018,Kharif,Medak,Yeldurthy,Drumstick,0,0
2017-2018,Kharif,Medak,Tupran,Drumstick,0,0
2017-2018,Kharif,Medak,Manoharabad,Drumstick,0,0
2017-2018,Kharif,Medak,Shankarampet (A),Donda,0,0
2017-2018,Kharif,Medak,Regode,Donda,0,0
2017-2018,Kharif,Medak,Alladurg,Donda,0,0
2017-2018,Kharif,Medak,Tekmal,Donda,1,0
2017-2018,Kharif,Medak,Papannapet,Donda,0,0
2017-2018,Kharif,Medak,Havelighanpur,Donda,0,0
2017-2018,Kharif,Medak,Ramayampet,Donda,0,0
2017-2018,Kharif,Medak,Nizampet,Donda,0,0
2017-2018,Kharif,Medak,Chegunta,Donda,3,0
2017-2018,Kharif,Medak,Narsingi,Donda,0,0
2017-2018,Kharif,Medak,Shankarampet (R),Donda,0,0
2017-2018,Kharif,Medak,Medak,Donda,0,0
2017-2018,Kharif,Medak,Kulcharam,Donda,0,0
2017-2018,Kharif,Medak,Chilpched,Donda,0,0
2017-2018,Kharif,Medak,Kowdipally,Donda,0,1
2017-2018,Kharif,Medak,Narsapur,Donda,0,0
2017-2018,Kharif,Medak,Shivampet,Donda,0,0
2017-2018,Kharif,Medak,Yeldurthy,Donda,0,0
2017-2018,Kharif,Medak,Tupran,Donda,0,0
2017-2018,Kharif,Medak,Manoharabad,Donda,0,0
2017-2018,Kharif,Medak,Shankarampet (A),Ridge gourd (bheera),0,1
2017-2018,Kharif,Medak,Regode,Ridge gourd (bheera),1,0
2017-2018,Kharif,Medak,Alladurg,Ridge gourd (bheera),8,7
2017-2018,Kharif,Medak,Tekmal,Ridge gourd (bheera),8,16
2017-2018,Kharif,Medak,Papannapet,Ridge gourd (bheera),2,0
2017-2018,Kharif,Medak,Havelighanpur,Ridge gourd (bheera),3,4
2017-2018,Kharif,Medak,Ramayampet,Ridge gourd (bheera),0,4
2017-2018,Kharif,Medak,Nizampet,Ridge gourd (bheera),0,4
2017-2018,Kharif,Medak,Chegunta,Ridge gourd (bheera),4,0
2017-2018,Kharif,Medak,Narsingi,Ridge gourd (bheera),0,5
2017-2018,Kharif,Medak,Shankarampet (R),Ridge gourd (bheera),1,7
2017-2018,Kharif,Medak,Medak,Ridge gourd (bheera),3,6
2017-2018,Kharif,Medak,Kulcharam,Ridge gourd (bheera),1,0
2017-2018,Kharif,Medak,Chilpched,Ridge gourd (bheera),5,0
2017-2018,Kharif,Medak,Kowdipally,Ridge gourd (bheera),7,7
2017-2018,Kharif,Medak,Narsapur,Ridge gourd (bheera),3,0
2017-2018,Kharif,Medak,Shivampet,Ridge gourd (bheera),10,21
2017-2018,Kharif,Medak,Yeldurthy,Ridge gourd (bheera),6,2
2017-2018,Kharif,Medak,Tupran,Ridge gourd (bheera),5,2
2017-2018,Kharif,Medak,Manoharabad,Ridge gourd (bheera),0,15
2017-2018,Kharif,Medak,Shankarampet (A),Green chillies,0,2
2017-2018,Kharif,Medak,Regode,Green chillies,0,0
2017-2018,Kharif,Medak,Alladurg,Green chillies,1,0
2017-2018,Kharif,Medak,Tekmal,Green chillies,9,10
2017-2018,Kharif,Medak,Papannapet,Green chillies,0,2
2017-2018,Kharif,Medak,Havelighanpur,Green chillies,0,1
2017-2018,Kharif,Medak,Ramayampet,Green chillies,1,0
2017-2018,Kharif,Medak,Nizampet,Green chillies,0,0
2017-2018,Kharif,Medak,Chegunta,Green chillies,14,0
2017-2018,Kharif,Medak,Narsingi,Green chillies,0,0
2017-2018,Kharif,Medak,Shankarampet (R),Green chillies,0,0
2017-2018,Kharif,Medak,Medak,Green chillies,3,2
2017-2018,Kharif,Medak,Kulcharam,Green chillies,1,0
2017-2018,Kharif,Medak,Chilpched,Green chillies,3,0
2017-2018,Kharif,Medak,Kowdipally,Green chillies,4,4
2017-2018,Kharif,Medak,Narsapur,Green chillies,9,0
2017-2018,Kharif,Medak,Shivampet,Green chillies,8,12
2017-2018,Kharif,Medak,Yeldurthy,Green chillies,2,2
2017-2018,Kharif,Medak,Tupran,Green chillies,6,15
2017-2018,Kharif,Medak,Manoharabad,Green chillies,3,14
2017-2018,Kharif,Medak,Shankarampet (A),Green beans,0,0
2017-2018,Kharif,Medak,Regode,Green beans,0,0
2017-2018,Kharif,Medak,Alladurg,Green beans,0,9
2017-2018,Kharif,Medak,Tekmal,Green beans,1,0
2017-2018,Kharif,Medak,Papannapet,Green beans,0,0
2017-2018,Kharif,Medak,Havelighanpur,Green beans,0,0
2017-2018,Kharif,Medak,Ramayampet,Green beans,0,0
2017-2018,Kharif,Medak,Nizampet,Green beans,0,0
2017-2018,Kharif,Medak,Chegunta,Green beans,3,0
2017-2018,Kharif,Medak,Narsingi,Green beans,0,0
2017-2018,Kharif,Medak,Shankarampet (R),Green beans,0,0
2017-2018,Kharif,Medak,Medak,Green beans,0,0
2017-2018,Kharif,Medak,Kulcharam,Green beans,0,0
2017-2018,Kharif,Medak,Chilpched,Green beans,0,0
2017-2018,Kharif,Medak,Kowdipally,Green beans,0,0
2017-2018,Kharif,Medak,Narsapur,Green beans,0,0
2017-2018,Kharif,Medak,Shivampet,Green beans,0,0
2017-2018,Kharif,Medak,Yeldurthy,Green beans,0,2
2017-2018,Kharif,Medak,Tupran,Green beans,0,0
2017-2018,Kharif,Medak,Manoharabad,Green beans,0,0
2017-2018,Kharif,Medak,Shankarampet (A),Capsicum,0,0
2017-2018,Kharif,Medak,Regode,Capsicum,0,0
2017-2018,Kharif,Medak,Alladurg,Capsicum,0,0
2017-2018,Kharif,Medak,Tekmal,Capsicum,0,0
2017-2018,Kharif,Medak,Papannapet,Capsicum,0,0
2017-2018,Kharif,Medak,Havelighanpur,Capsicum,0,0
2017-2018,Kharif,Medak,Ramayampet,Capsicum,0,0
2017-2018,Kharif,Medak,Nizampet,Capsicum,0,0
2017-2018,Kharif,Medak,Chegunta,Capsicum,0,0
2017-2018,Kharif,Medak,Narsingi,Capsicum,0,0
2017-2018,Kharif,Medak,Shankarampet (R),Capsicum,0,0
2017-2018,Kharif,Medak,Medak,Capsicum,0,0
2017-2018,Kharif,Medak,Kulcharam,Capsicum,0,0
2017-2018,Kharif,Medak,Chilpched,Capsicum,0,0
2017-2018,Kharif,Medak,Kowdipally,Capsicum,0,1
2017-2018,Kharif,Medak,Narsapur,Capsicum,0,0
2017-2018,Kharif,Medak,Shivampet,Capsicum,0,0
2017-2018,Kharif,Medak,Yeldurthy,Capsicum,0,0
2017-2018,Kharif,Medak,Tupran,Capsicum,0,0
2017-2018,Kharif,Medak,Manoharabad,Capsicum,0,0
2017-2018,Kharif,Medak,Shankarampet (A),Cotton,154,0
2017-2018,Kharif,Medak,Regode,Cotton,4432,0
2017-2018,Kharif,Medak,Alladurg,Cotton,6605,0
2017-2018,Kharif,Medak,Tekmal,Cotton,1044,0
2017-2018,Kharif,Medak,Papannapet,Cotton,10,0
2017-2018,Kharif,Medak,Havelighanpur,Cotton,0,0
2017-2018,Kharif,Medak,Ramayampet,Cotton,143,0
2017-2018,Kharif,Medak,Nizampet,Cotton,17,0
2017-2018,Kharif,Medak,Chegunta,Cotton,405,0
2017-2018,Kharif,Medak,Narsingi,Cotton,1,0
2017-2018,Kharif,Medak,Shankarampet (R),Cotton,50,0
2017-2018,Kharif,Medak,Medak,Cotton,0,0
2017-2018,Kharif,Medak,Kulcharam,Cotton,175,0
2017-2018,Kharif,Medak,Chilpched,Cotton,83,0
2017-2018,Kharif,Medak,Kowdipally,Cotton,79,0
2017-2018,Kharif,Medak,Narsapur,Cotton,125,0
2017-2018,Kharif,Medak,Shivampet,Cotton,117,0
2017-2018,Kharif,Medak,Yeldurthy,Cotton,7,0
2017-2018,Kharif,Medak,Tupran,Cotton,142,0
2017-2018,Kharif,Medak,Manoharabad,Cotton,6,0
2017-2018,Kharif,Medak,Shankarampet (A),Groundnut,0,0
2017-2018,Kharif,Medak,Regode,Groundnut,0,0
2017-2018,Kharif,Medak,Alladurg,Groundnut,0,0
2017-2018,Kharif,Medak,Tekmal,Groundnut,1,0
2017-2018,Kharif,Medak,Papannapet,Groundnut,0,0
2017-2018,Kharif,Medak,Havelighanpur,Groundnut,0,0
2017-2018,Kharif,Medak,Ramayampet,Groundnut,1,2
2017-2018,Kharif,Medak,Nizampet,Groundnut,0,0
2017-2018,Kharif,Medak,Chegunta,Groundnut,0,0
2017-2018,Kharif,Medak,Narsingi,Groundnut,0,0
2017-2018,Kharif,Medak,Shankarampet (R),Groundnut,0,0
2017-2018,Kharif,Medak,Medak,Groundnut,1,0
2017-2018,Kharif,Medak,Kulcharam,Groundnut,0,0
2017-2018,Kharif,Medak,Chilpched,Groundnut,0,0
2017-2018,Kharif,Medak,Kowdipally,Groundnut,0,0
2017-2018,Kharif,Medak,Narsapur,Groundnut,0,0
2017-2018,Kharif,Medak,Shivampet,Groundnut,3,0
2017-2018,Kharif,Medak,Yeldurthy,Groundnut,0,0
2017-2018,Kharif,Medak,Tupran,Groundnut,0,0
2017-2018,Kharif,Medak,Manoharabad,Groundnut,0,0
2017-2018,Kharif,Medak,Shankarampet (A),Sunflower,0,0
2017-2018,Kharif,Medak,Regode,Sunflower,0,0
2017-2018,Kharif,Medak,Alladurg,Sunflower,12,0
2017-2018,Kharif,Medak,Tekmal,Sunflower,11,0
2017-2018,Kharif,Medak,Papannapet,Sunflower,0,0
2017-2018,Kharif,Medak,Havelighanpur,Sunflower,0,0
2017-2018,Kharif,Medak,Ramayampet,Sunflower,0,0
2017-2018,Kharif,Medak,Nizampet,Sunflower,0,0
2017-2018,Kharif,Medak,Chegunta,Sunflower,0,0
2017-2018,Kharif,Medak,Narsingi,Sunflower,0,0
2017-2018,Kharif,Medak,Shankarampet (R),Sunflower,0,0
2017-2018,Kharif,Medak,Medak,Sunflower,0,0
2017-2018,Kharif,Medak,Kulcharam,Sunflower,0,0
2017-2018,Kharif,Medak,Chilpched,Sunflower,0,0
2017-2018,Kharif,Medak,Kowdipally,Sunflower,0,0
2017-2018,Kharif,Medak,Narsapur,Sunflower,0,0
2017-2018,Kharif,Medak,Shivampet,Sunflower,5,10
2017-2018,Kharif,Medak,Yeldurthy,Sunflower,0,0
2017-2018,Kharif,Medak,Tupran,Sunflower,6,0
2017-2018,Kharif,Medak,Manoharabad,Sunflower,0,0
2017-2018,Kharif,Medak,Shankarampet (A),Soyabean,466,0
2017-2018,Kharif,Medak,Regode,Soyabean,168,0
2017-2018,Kharif,Medak,Alladurg,Soyabean,312,0
2017-2018,Kharif,Medak,Tekmal,Soyabean,67,0
2017-2018,Kharif,Medak,Papannapet,Soyabean,34,0
2017-2018,Kharif,Medak,Havelighanpur,Soyabean,31,0
2017-2018,Kharif,Medak,Ramayampet,Soyabean,67,0
2017-2018,Kharif,Medak,Nizampet,Soyabean,7,0
2017-2018,Kharif,Medak,Chegunta,Soyabean,8,0
2017-2018,Kharif,Medak,Narsingi,Soyabean,0,0
2017-2018,Kharif,Medak,Shankarampet (R),Soyabean,42,0
2017-2018,Kharif,Medak,Medak,Soyabean,71,0
2017-2018,Kharif,Medak,Kulcharam,Soyabean,16,0
2017-2018,Kharif,Medak,Chilpched,Soyabean,6,0
2017-2018,Kharif,Medak,Kowdipally,Soyabean,49,0
2017-2018,Kharif,Medak,Narsapur,Soyabean,19,0
2017-2018,Kharif,Medak,Shivampet,Soyabean,7,0
2017-2018,Kharif,Medak,Yeldurthy,Soyabean,24,0
2017-2018,Kharif,Medak,Tupran,Soyabean,0,0
2017-2018,Kharif,Medak,Manoharabad,Soyabean,0,0
2017-2018,Kharif,Medak,Shankarampet (A),Castor,0,0
2017-2018,Kharif,Medak,Regode,Castor,0,0
2017-2018,Kharif,Medak,Alladurg,Castor,0,0
2017-2018,Kharif,Medak,Tekmal,Castor,0,0
2017-2018,Kharif,Medak,Papannapet,Castor,0,0
2017-2018,Kharif,Medak,Havelighanpur,Castor,0,0
2017-2018,Kharif,Medak,Ramayampet,Castor,5,0
2017-2018,Kharif,Medak,Nizampet,Castor,0,0
2017-2018,Kharif,Medak,Chegunta,Castor,0,0
2017-2018,Kharif,Medak,Narsingi,Castor,0,0
2017-2018,Kharif,Medak,Shankarampet (R),Castor,5,0
2017-2018,Kharif,Medak,Medak,Castor,0,0
2017-2018,Kharif,Medak,Kulcharam,Castor,0,0
2017-2018,Kharif,Medak,Chilpched,Castor,0,0
2017-2018,Kharif,Medak,Kowdipally,Castor,0,0
2017-2018,Kharif,Medak,Narsapur,Castor,0,0
2017-2018,Kharif,Medak,Shivampet,Castor,3,0
2017-2018,Kharif,Medak,Yeldurthy,Castor,0,0
2017-2018,Kharif,Medak,Tupran,Castor,4,0
2017-2018,Kharif,Medak,Manoharabad,Castor,0,0
2017-2018,Kharif,Medak,Shankarampet (A),Eucalyptus,0,0
2017-2018,Kharif,Medak,Regode,Eucalyptus,0,0
2017-2018,Kharif,Medak,Alladurg,Eucalyptus,0,0
2017-2018,Kharif,Medak,Tekmal,Eucalyptus,0,0
2017-2018,Kharif,Medak,Papannapet,Eucalyptus,0,0
2017-2018,Kharif,Medak,Havelighanpur,Eucalyptus,0,0
2017-2018,Kharif,Medak,Ramayampet,Eucalyptus,0,0
2017-2018,Kharif,Medak,Nizampet,Eucalyptus,0,0
2017-2018,Kharif,Medak,Chegunta,Eucalyptus,0,0
2017-2018,Kharif,Medak,Narsingi,Eucalyptus,0,0
2017-2018,Kharif,Medak,Shankarampet (R),Eucalyptus,0,0
2017-2018,Kharif,Medak,Medak,Eucalyptus,0,0
2017-2018,Kharif,Medak,Kulcharam,Eucalyptus,0,0
2017-2018,Kharif,Medak,Chilpched,Eucalyptus,0,0
2017-2018,Kharif,Medak,Kowdipally,Eucalyptus,0,0
2017-2018,Kharif,Medak,Narsapur,Eucalyptus,0,0
2017-2018,Kharif,Medak,Shivampet,Eucalyptus,0,0
2017-2018,Kharif,Medak,Yeldurthy,Eucalyptus,0,0
2017-2018,Kharif,Medak,Tupran,Eucalyptus,5,0
2017-2018,Kharif,Medak,Manoharabad,Eucalyptus,0,0
2017-2018,Kharif,Medak,Shankarampet (A),Mulberry,0,0
2017-2018,Kharif,Medak,Regode,Mulberry,0,0
2017-2018,Kharif,Medak,Alladurg,Mulberry,0,0
2017-2018,Kharif,Medak,Tekmal,Mulberry,0,4
2017-2018,Kharif,Medak,Papannapet,Mulberry,0,2
2017-2018,Kharif,Medak,Havelighanpur,Mulberry,0,0
2017-2018,Kharif,Medak,Ramayampet,Mulberry,0,4
2017-2018,Kharif,Medak,Nizampet,Mulberry,0,0
2017-2018,Kharif,Medak,Chegunta,Mulberry,0,0
2017-2018,Kharif,Medak,Narsingi,Mulberry,0,0
2017-2018,Kharif,Medak,Shankarampet (R),Mulberry,0,0
2017-2018,Kharif,Medak,Medak,Mulberry,0,16
2017-2018,Kharif,Medak,Kulcharam,Mulberry,0,0
2017-2018,Kharif,Medak,Chilpched,Mulberry,0,0
2017-2018,Kharif,Medak,Kowdipally,Mulberry,0,12
2017-2018,Kharif,Medak,Narsapur,Mulberry,0,8
2017-2018,Kharif,Medak,Shivampet,Mulberry,0,0
2017-2018,Kharif,Medak,Yeldurthy,Mulberry,0,0
2017-2018,Kharif,Medak,Tupran,Mulberry,0,14
2017-2018,Kharif,Medak,Manoharabad,Mulberry,0,0
2017-2018,Kharif,Medak,Shankarampet (A),Foddar Jowar,0,0
2017-2018,Kharif,Medak,Regode,Foddar Jowar,0,0
2017-2018,Kharif,Medak,Alladurg,Foddar Jowar,0,0
2017-2018,Kharif,Medak,Tekmal,Foddar Jowar,0,0
2017-2018,Kharif,Medak,Papannapet,Foddar Jowar,0,0
2017-2018,Kharif,Medak,Havelighanpur,Foddar Jowar,0,0
2017-2018,Kharif,Medak,Ramayampet,Foddar Jowar,0,0
2017-2018,Kharif,Medak,Nizampet,Foddar Jowar,0,0
2017-2018,Kharif,Medak,Chegunta,Foddar Jowar,0,0
2017-2018,Kharif,Medak,Narsingi,Foddar Jowar,0,0
2017-2018,Kharif,Medak,Shankarampet (R),Foddar Jowar,0,0
2017-2018,Kharif,Medak,Medak,Foddar Jowar,0,0
2017-2018,Kharif,Medak,Kulcharam,Foddar Jowar,0,0
2017-2018,Kharif,Medak,Chilpched,Foddar Jowar,0,0
2017-2018,Kharif,Medak,Kowdipally,Foddar Jowar,1,0
2017-2018,Kharif,Medak,Narsapur,Foddar Jowar,0,0
2017-2018,Kharif,Medak,Shivampet,Foddar Jowar,0,0
2017-2018,Kharif,Medak,Yeldurthy,Foddar Jowar,0,0
2017-2018,Kharif,Medak,Tupran,Foddar Jowar,0,0
2017-2018,Kharif,Medak,Manoharabad,Foddar Jowar,0,0
2017-2018,Kharif,Medak,Shankarampet (A),Marigold,0,0
2017-2018,Kharif,Medak,Regode,Marigold,0,0
2017-2018,Kharif,Medak,Alladurg,Marigold,0,0
2017-2018,Kharif,Medak,Tekmal,Marigold,0,0
2017-2018,Kharif,Medak,Papannapet,Marigold,0,0
2017-2018,Kharif,Medak,Havelighanpur,Marigold,0,0
2017-2018,Kharif,Medak,Ramayampet,Marigold,0,0
2017-2018,Kharif,Medak,Nizampet,Marigold,0,0
2017-2018,Kharif,Medak,Chegunta,Marigold,1,0
2017-2018,Kharif,Medak,Narsingi,Marigold,0,0
2017-2018,Kharif,Medak,Shankarampet (R),Marigold,0,0
2017-2018,Kharif,Medak,Medak,Marigold,0,0
2017-2018,Kharif,Medak,Kulcharam,Marigold,0,0
2017-2018,Kharif,Medak,Chilpched,Marigold,0,0
2017-2018,Kharif,Medak,Kowdipally,Marigold,0,0
2017-2018,Kharif,Medak,Narsapur,Marigold,0,0
2017-2018,Kharif,Medak,Shivampet,Marigold,0,0
2017-2018,Kharif,Medak,Yeldurthy,Marigold,0,0
2017-2018,Kharif,Medak,Tupran,Marigold,0,0
2017-2018,Kharif,Medak,Manoharabad,Marigold,0,0
2017-2018,Kharif,Medak,Shankarampet (A),Total,4853,851
2017-2018,Kharif,Medak,Regode,Total,7835,317
2017-2018,Kharif,Medak,Alladurg,Total,10127,728
2017-2018,Kharif,Medak,Tekmal,Total,7609,1482
2017-2018,Kharif,Medak,Papannapet,Total,5710,7310
2017-2018,Kharif,Medak,Havelighanpur,Total,938,4508
2017-2018,Kharif,Medak,Ramayampet,Total,6294,1769
2017-2018,Kharif,Medak,Nizampet,Total,878,2365
2017-2018,Kharif,Medak,Chegunta,Total,8164,2726
2017-2018,Kharif,Medak,Narsingi,Total,318,1189
2017-2018,Kharif,Medak,Shankarampet (R),Total,5058,1763
2017-2018,Kharif,Medak,Medak,Total,5904,3766
2017-2018,Kharif,Medak,Kulcharam,Total,5659,5534
2017-2018,Kharif,Medak,Chilpched,Total,788,2139
2017-2018,Kharif,Medak,Kowdipally,Total,7725,2449
2017-2018,Kharif,Medak,Narsapur,Total,4349,2464
2017-2018,Kharif,Medak,Shivampet,Total,6642,2925
2017-2018,Kharif,Medak,Yeldurthy,Total,3204,2564
2017-2018,Kharif,Medak,Tupran,Total,3738,1154
2017-2018,Kharif,Medak,Manoharabad,Total,382,793
