year,season,districtName,mandalName,crop,normalAreaSown,actualAreaSown
2016-2017,Rabi,Medchal,Medchal,Paddy,535,750
2016-2017,Rabi,Medchal,Shamirpet,Paddy,512,1544
2016-2017,Rabi,Medchal,Keesara,Paddy,228,686
2016-2017,Rabi,Medchal,Ghatkesar,Paddy,128,1081
2016-2017,Rabi,Medchal,Qutbullapur,Paddy,863,408
2016-2017,Rabi,Medchal,Medchal,Maize,25,30
2016-2017,Rabi,Medchal,Shamirpet,Maize,30,16
2016-2017,Rabi,Medchal,Keesara,Maize,4,6
2016-2017,Rabi,Medchal,Ghatkesar,Maize,5,0
2016-2017,Rabi,Medchal,Qutbullapur,Maize,0,20
2016-2017,Rabi,Medchal,Medchal,Jowar,2,4
2016-2017,Rabi,Medchal,Shamirpet,Jowar,0,0
2016-2017,Rabi,Medchal,Keesara,Jowar,2,0
2016-2017,Rabi,Medchal,Ghatkesar,Jowar,0,0
2016-2017,Rabi,Medchal,Qutbullapur,Jowar,0,0
2016-2017,Rabi,Medchal,Medchal,Bengal Gram,19,40
2016-2017,Rabi,Medchal,Shamirpet,Bengal Gram,82,61.2
2016-2017,Rabi,Medchal,Keesara,Bengal Gram,0,0
2016-2017,Rabi,Medchal,Ghatkesar,Bengal Gram,5,1
2016-2017,Rabi,Medchal,Qutbullapur,Bengal Gram,0,0
2016-2017,Rabi,Medchal,Medchal,Onion,0,0
2016-2017,Rabi,Medchal,Shamirpet,Onion,1,0
2016-2017,Rabi,Medchal,Keesara,Onion,0,0
2016-2017,Rabi,Medchal,Ghatkesar,Onion,0,0
2016-2017,Rabi,Medchal,Qutbullapur,Onion,0,0
2016-2017,Rabi,Medchal,Medchal,Other food crops,147,142
2016-2017,Rabi,Medchal,Shamirpet,Other food crops,505,772
2016-2017,Rabi,Medchal,Keesara,Other food crops,78,249
2016-2017,Rabi,Medchal,Ghatkesar,Other food crops,30,74
2016-2017,Rabi,Medchal,Qutbullapur,Other food crops,59,3
2016-2017,Rabi,Medchal,Medchal,Other non-food crops,2,33
2016-2017,Rabi,Medchal,Shamirpet,Other non-food crops,2,148
2016-2017,Rabi,Medchal,Keesara,Other non-food crops,2,55
2016-2017,Rabi,Medchal,Ghatkesar,Other non-food crops,1,0
2016-2017,Rabi,Medchal,Qutbullapur,Other non-food crops,1,3
2016-2017,Rabi,Medchal,Medchal,Total,730,999
2016-2017,Rabi,Medchal,Shamirpet,Total,1132,2541.2
2016-2017,Rabi,Medchal,Keesara,Total,314,996
2016-2017,Rabi,Medchal,Ghatkesar,Total,169,1156
2016-2017,Rabi,Medchal,Qutbullapur,Total,923,434
