year,season,districtName,mandalName,crop,normalAreaSown,actualAreaSown
2017-2018,Rabi,Medchal,Medchal,Paddy,500,736
2017-2018,Rabi,Medchal,Shamirpet,Paddy,552,1450
2017-2018,Rabi,Medchal,Keesara,Paddy,300,550
2017-2018,Rabi,Medchal,Ghatkesar,Paddy,900,856
2017-2018,Rabi,Medchal,Dundigal,Paddy,157,229.2
2017-2018,Rabi,Medchal,Medchal,Maize,26,68
2017-2018,Rabi,Medchal,Shamirpet,Maize,36,101.2
2017-2018,Rabi,Medchal,Keesara,Maize,2,0
2017-2018,Rabi,Medchal,Ghatkesar,Maize,0,0
2017-2018,Rabi,Medchal,Dundigal,Maize,5,2.4
2017-2018,Rabi,Medchal,Medchal,Jowar,3,16.8
2017-2018,Rabi,Medchal,Shamirpet,Jowar,3,0
2017-2018,Rabi,Medchal,Keesara,Jowar,0,0
2017-2018,Rabi,Medchal,Ghatkesar,Jowar,0,0
2017-2018,Rabi,Medchal,Dundigal,Jowar,4,0
2017-2018,Rabi,Medchal,Medchal,Bengal Gram,23,37.2
2017-2018,Rabi,Medchal,Shamirpet,Bengal Gram,70,40
2017-2018,Rabi,Medchal,Keesara,Bengal Gram,0,0
2017-2018,Rabi,Medchal,Ghatkesar,Bengal Gram,0,0
2017-2018,Rabi,Medchal,Dundigal,Bengal Gram,4,0
2017-2018,Rabi,Medchal,Medchal,Onion,1,0
2017-2018,Rabi,Medchal,Shamirpet,Onion,1,0
2017-2018,Rabi,Medchal,Keesara,Onion,0,0
2017-2018,Rabi,Medchal,Ghatkesar,Onion,0,0
2017-2018,Rabi,Medchal,Dundigal,Onion,1,0
2017-2018,Rabi,Medchal,Medchal,Other food crops,132,157
2017-2018,Rabi,Medchal,Shamirpet,Other food crops,521,950
2017-2018,Rabi,Medchal,Keesara,Other food crops,74,168
2017-2018,Rabi,Medchal,Ghatkesar,Other food crops,46,34
2017-2018,Rabi,Medchal,Dundigal,Other food crops,24,15.2
2017-2018,Rabi,Medchal,Medchal,Sunflower,1,0
2017-2018,Rabi,Medchal,Shamirpet,Sunflower,4,0
2017-2018,Rabi,Medchal,Keesara,Sunflower,0,0
2017-2018,Rabi,Medchal,Ghatkesar,Sunflower,0,0
2017-2018,Rabi,Medchal,Dundigal,Sunflower,0,0
2017-2018,Rabi,Medchal,Medchal,Other non-food crops,31,189
2017-2018,Rabi,Medchal,Shamirpet,Other non-food crops,24,21.2
2017-2018,Rabi,Medchal,Keesara,Other non-food crops,16,14
2017-2018,Rabi,Medchal,Ghatkesar,Other non-food crops,18,587
2017-2018,Rabi,Medchal,Dundigal,Other non-food crops,10,5.6
2017-2018,Rabi,Medchal,Medchal,Total,717,1204
2017-2018,Rabi,Medchal,Shamirpet,Total,1211,2562.4
2017-2018,Rabi,Medchal,Keesara,Total,392,732
2017-2018,Rabi,Medchal,Ghatkesar,Total,964,1477
2017-2018,Rabi,Medchal,Dundigal,Total,205,252.4
