year,season,districtName,mandalName,crop,normalAreaSown,actualAreaSown
2018-2019,Rabi,Medchal,Medchal,Paddy,475,36
2018-2019,Rabi,Medchal,Shamirpet,Paddy,895,450
2018-2019,Rabi,Medchal,Keesara,Paddy,395,106
2018-2019,Rabi,Medchal,Ghatkesar,Paddy,953,1250
2018-2019,Rabi,Medchal,Dundigal,Paddy,141,68
2018-2019,Rabi,Medchal,Medchal,Maize,27,12
2018-2019,Rabi,Medchal,Shamirpet,Maize,34,25
2018-2019,Rabi,Medchal,Keesara,Maize,4,4
2018-2019,Rabi,Medchal,Ghatkesar,Maize,0,0.8
2018-2019,Rabi,Medchal,Dundigal,Maize,1,8
2018-2019,Rabi,Medchal,Medchal,Jowar,5,0
2018-2019,Rabi,Medchal,Shamirpet,Jowar,0,0
2018-2019,Rabi,Medchal,Keesara,Jowar,0,0
2018-2019,Rabi,Medchal,Ghatkesar,Jowar,0,0.4
2018-2019,Rabi,Medchal,Dundigal,Jowar,0,0
2018-2019,Rabi,Medchal,Medchal,Bengal Gram,27,9
2018-2019,Rabi,Medchal,Shamirpet,Bengal Gram,66,40
2018-2019,Rabi,Medchal,Keesara,Bengal Gram,0,0
2018-2019,Rabi,Medchal,Ghatkesar,Bengal Gram,0,0
2018-2019,Rabi,Medchal,Dundigal,Bengal Gram,0,0
2018-2019,Rabi,Medchal,Medchal,Other food crops,131,34
2018-2019,Rabi,Medchal,Shamirpet,Other food crops,538,550
2018-2019,Rabi,Medchal,Keesara,Other food crops,151,26
2018-2019,Rabi,Medchal,Ghatkesar,Other food crops,37,140
2018-2019,Rabi,Medchal,Dundigal,Other food crops,5,12
2018-2019,Rabi,Medchal,Medchal,Other non-food crops,40,4
2018-2019,Rabi,Medchal,Shamirpet,Other non-food crops,57,85
2018-2019,Rabi,Medchal,Keesara,Other non-food crops,32,2
2018-2019,Rabi,Medchal,Ghatkesar,Other non-food crops,77,320
2018-2019,Rabi,Medchal,Dundigal,Other non-food crops,2,0
2018-2019,Rabi,Medchal,Medchal,Total,705,95
2018-2019,Rabi,Medchal,Shamirpet,Total,1590,1150
2018-2019,Rabi,Medchal,Keesara,Total,582,138
2018-2019,Rabi,Medchal,Ghatkesar,Total,1067,1711.2
2018-2019,Rabi,Medchal,Dundigal,Total,149,88
