year,season,districtName,mandalName,crop,normalAreaSown,actualAreaSown
2016-2017,Kharif,Nagarkurnool,Kalwakurthy,Cotton,10431,5356
2016-2017,Kharif,Nagarkurnool,Veldanda,Cotton,9034,3986
2016-2017,Kharif,Nagarkurnool,Vangoor,Cotton,11426,3821
2016-2017,Kharif,Nagarkurnool,Urkonda,Cotton,,3249
2016-2017,Kharif,Nagarkurnool,Charkonda,Cotton,,3726
2016-2017,Kharif,Nagarkurnool,Uppununthala,Cotton,7569,5210
2016-2017,Kharif,Nagarkurnool,Achampet,Cotton,8190,6856
2016-2017,Kharif,Nagarkurnool,Amrabad,Cotton,6581,3149
2016-2017,Kharif,Nagarkurnool,Balmoor,Cotton,3818,617
2016-2017,Kharif,Nagarkurnool,Lingal,Cotton,1738,478
2016-2017,Kharif,Nagarkurnool,Padara,Cotton,,3499
2016-2017,Kharif,Nagarkurnool,Kodair,Cotton,628,65
2016-2017,Kharif,Nagarkurnool,Kollapur,Cotton,101,0
2016-2017,Kharif,Nagarkurnool,Peddakothapally,Cotton,1101,89
2016-2017,Kharif,Nagarkurnool,Pentlavelli,Cotton,,0
2016-2017,Kharif,Nagarkurnool,Tadoor,Cotton,11331,7518
2016-2017,Kharif,Nagarkurnool,Bijnepally,Cotton,8272,5150
2016-2017,Kharif,Nagarkurnool,Nagarkurnool,Cotton,5763,3100
2016-2017,Kharif,Nagarkurnool,Telkapally,Cotton,9686,5764
2016-2017,Kharif,Nagarkurnool,Thimmajipet,Cotton,5884,5328
2016-2017,Kharif,Nagarkurnool,Kalwakurthy,Maize,1931,4394
2016-2017,Kharif,Nagarkurnool,Veldanda,Maize,1007,3883
2016-2017,Kharif,Nagarkurnool,Vangoor,Maize,1462,4468
2016-2017,Kharif,Nagarkurnool,Urkonda,Maize,,6883
2016-2017,Kharif,Nagarkurnool,Charkonda,Maize,,993
2016-2017,Kharif,Nagarkurnool,Uppununthala,Maize,2955,7712
2016-2017,Kharif,Nagarkurnool,Achampet,Maize,1687,3094
2016-2017,Kharif,Nagarkurnool,Amrabad,Maize,621,918
2016-2017,Kharif,Nagarkurnool,Balmoor,Maize,5039,8871
2016-2017,Kharif,Nagarkurnool,Lingal,Maize,4894,6677
2016-2017,Kharif,Nagarkurnool,Padara,Maize,,94
2016-2017,Kharif,Nagarkurnool,Kodair,Maize,4777,5676
2016-2017,Kharif,Nagarkurnool,Kollapur,Maize,3078,2148
2016-2017,Kharif,Nagarkurnool,Peddakothapally,Maize,9454,13324
2016-2017,Kharif,Nagarkurnool,Pentlavelli,Maize,,291
2016-2017,Kharif,Nagarkurnool,Tadoor,Maize,1693,8070
2016-2017,Kharif,Nagarkurnool,Bijnepally,Maize,6929,9194
2016-2017,Kharif,Nagarkurnool,Nagarkurnool,Maize,7252,10409
2016-2017,Kharif,Nagarkurnool,Telkapally,Maize,4774,10103
2016-2017,Kharif,Nagarkurnool,Thimmajipet,Maize,3273,7284
2016-2017,Kharif,Nagarkurnool,Kalwakurthy,Paddy,644,461
2016-2017,Kharif,Nagarkurnool,Veldanda,Paddy,685,165
2016-2017,Kharif,Nagarkurnool,Vangoor,Paddy,812,274
2016-2017,Kharif,Nagarkurnool,Urkonda,Paddy,,231
2016-2017,Kharif,Nagarkurnool,Charkonda,Paddy,,89
2016-2017,Kharif,Nagarkurnool,Uppununthala,Paddy,703,162
2016-2017,Kharif,Nagarkurnool,Achampet,Paddy,670,465
2016-2017,Kharif,Nagarkurnool,Amrabad,Paddy,312,167
2016-2017,Kharif,Nagarkurnool,Balmoor,Paddy,621,212
2016-2017,Kharif,Nagarkurnool,Lingal,Paddy,496,366
2016-2017,Kharif,Nagarkurnool,Padara,Paddy,,23
2016-2017,Kharif,Nagarkurnool,Kodair,Paddy,862,657
2016-2017,Kharif,Nagarkurnool,Kollapur,Paddy,1407,1487
2016-2017,Kharif,Nagarkurnool,Peddakothapally,Paddy,676,680
2016-2017,Kharif,Nagarkurnool,Pentlavelli,Paddy,,737
2016-2017,Kharif,Nagarkurnool,Tadoor,Paddy,790,265
2016-2017,Kharif,Nagarkurnool,Bijnepally,Paddy,619,230
2016-2017,Kharif,Nagarkurnool,Nagarkurnool,Paddy,543,435
2016-2017,Kharif,Nagarkurnool,Telkapally,Paddy,570,268
2016-2017,Kharif,Nagarkurnool,Thimmajipet,Paddy,728,300
2016-2017,Kharif,Nagarkurnool,Kalwakurthy,Jowar,342,118
2016-2017,Kharif,Nagarkurnool,Veldanda,Jowar,581,1324
2016-2017,Kharif,Nagarkurnool,Vangoor,Jowar,467,174
2016-2017,Kharif,Nagarkurnool,Urkonda,Jowar,,187
2016-2017,Kharif,Nagarkurnool,Charkonda,Jowar,,206
2016-2017,Kharif,Nagarkurnool,Uppununthala,Jowar,371,1688
2016-2017,Kharif,Nagarkurnool,Achampet,Jowar,464,1971
2016-2017,Kharif,Nagarkurnool,Amrabad,Jowar,32,44
2016-2017,Kharif,Nagarkurnool,Balmoor,Jowar,230,679
2016-2017,Kharif,Nagarkurnool,Lingal,Jowar,78,138
2016-2017,Kharif,Nagarkurnool,Padara,Jowar,,5
2016-2017,Kharif,Nagarkurnool,Kodair,Jowar,155,224
2016-2017,Kharif,Nagarkurnool,Kollapur,Jowar,92,0
2016-2017,Kharif,Nagarkurnool,Peddakothapally,Jowar,275,190
2016-2017,Kharif,Nagarkurnool,Pentlavelli,Jowar,,0
2016-2017,Kharif,Nagarkurnool,Tadoor,Jowar,20,67
2016-2017,Kharif,Nagarkurnool,Bijnepally,Jowar,257,210
2016-2017,Kharif,Nagarkurnool,Nagarkurnool,Jowar,140,82
2016-2017,Kharif,Nagarkurnool,Telkapally,Jowar,183,223
2016-2017,Kharif,Nagarkurnool,Thimmajipet,Jowar,343,511
2016-2017,Kharif,Nagarkurnool,Kalwakurthy,Bajra,9,0
2016-2017,Kharif,Nagarkurnool,Veldanda,Bajra,33,0
2016-2017,Kharif,Nagarkurnool,Vangoor,Bajra,50,20
2016-2017,Kharif,Nagarkurnool,Urkonda,Bajra,,
2016-2017,Kharif,Nagarkurnool,Charkonda,Bajra,,7
2016-2017,Kharif,Nagarkurnool,Uppununthala,Bajra,58,49
2016-2017,Kharif,Nagarkurnool,Achampet,Bajra,42,350
2016-2017,Kharif,Nagarkurnool,Amrabad,Bajra,29,0
2016-2017,Kharif,Nagarkurnool,Balmoor,Bajra,32,28
2016-2017,Kharif,Nagarkurnool,Lingal,Bajra,4,0
2016-2017,Kharif,Nagarkurnool,Padara,Bajra,,
2016-2017,Kharif,Nagarkurnool,Kodair,Bajra,0,0
2016-2017,Kharif,Nagarkurnool,Kollapur,Bajra,0,0
2016-2017,Kharif,Nagarkurnool,Peddakothapally,Bajra,0,0
2016-2017,Kharif,Nagarkurnool,Pentlavelli,Bajra,,0
2016-2017,Kharif,Nagarkurnool,Tadoor,Bajra,0,0
2016-2017,Kharif,Nagarkurnool,Bijnepally,Bajra,0,0
2016-2017,Kharif,Nagarkurnool,Nagarkurnool,Bajra,1,0
2016-2017,Kharif,Nagarkurnool,Telkapally,Bajra,0,2
2016-2017,Kharif,Nagarkurnool,Thimmajipet,Bajra,0,0
2016-2017,Kharif,Nagarkurnool,Kalwakurthy,Castor,199,90
2016-2017,Kharif,Nagarkurnool,Veldanda,Castor,223,17
2016-2017,Kharif,Nagarkurnool,Vangoor,Castor,234,20
2016-2017,Kharif,Nagarkurnool,Urkonda,Castor,,59
2016-2017,Kharif,Nagarkurnool,Charkonda,Castor,,14
2016-2017,Kharif,Nagarkurnool,Uppununthala,Castor,141,125
2016-2017,Kharif,Nagarkurnool,Achampet,Castor,122,0
2016-2017,Kharif,Nagarkurnool,Amrabad,Castor,123,24
2016-2017,Kharif,Nagarkurnool,Balmoor,Castor,96,26
2016-2017,Kharif,Nagarkurnool,Lingal,Castor,266,180
2016-2017,Kharif,Nagarkurnool,Padara,Castor,,2
2016-2017,Kharif,Nagarkurnool,Kodair,Castor,1111,1140
2016-2017,Kharif,Nagarkurnool,Kollapur,Castor,511,151
2016-2017,Kharif,Nagarkurnool,Peddakothapally,Castor,471,181
2016-2017,Kharif,Nagarkurnool,Pentlavelli,Castor,,8
2016-2017,Kharif,Nagarkurnool,Tadoor,Castor,182,44
2016-2017,Kharif,Nagarkurnool,Bijnepally,Castor,246,169
2016-2017,Kharif,Nagarkurnool,Nagarkurnool,Castor,368,140
2016-2017,Kharif,Nagarkurnool,Telkapally,Castor,330,115
2016-2017,Kharif,Nagarkurnool,Thimmajipet,Castor,177,108
2016-2017,Kharif,Nagarkurnool,Kalwakurthy,Red Gram,441,840
2016-2017,Kharif,Nagarkurnool,Veldanda,Red Gram,445,840
2016-2017,Kharif,Nagarkurnool,Vangoor,Red Gram,561,910
2016-2017,Kharif,Nagarkurnool,Urkonda,Red Gram,,459
2016-2017,Kharif,Nagarkurnool,Charkonda,Red Gram,,271
2016-2017,Kharif,Nagarkurnool,Uppununthala,Red Gram,281,499
2016-2017,Kharif,Nagarkurnool,Achampet,Red Gram,179,805
2016-2017,Kharif,Nagarkurnool,Amrabad,Red Gram,144,398
2016-2017,Kharif,Nagarkurnool,Balmoor,Red Gram,264,818
2016-2017,Kharif,Nagarkurnool,Lingal,Red Gram,332,467
2016-2017,Kharif,Nagarkurnool,Padara,Red Gram,,216
2016-2017,Kharif,Nagarkurnool,Kodair,Red Gram,804,749
2016-2017,Kharif,Nagarkurnool,Kollapur,Red Gram,1528,2031
2016-2017,Kharif,Nagarkurnool,Peddakothapally,Red Gram,495,510
2016-2017,Kharif,Nagarkurnool,Pentlavelli,Red Gram,,706
2016-2017,Kharif,Nagarkurnool,Tadoor,Red Gram,174,166
2016-2017,Kharif,Nagarkurnool,Bijnepally,Red Gram,458,1007
2016-2017,Kharif,Nagarkurnool,Nagarkurnool,Red Gram,195,460
2016-2017,Kharif,Nagarkurnool,Telkapally,Red Gram,350,202
2016-2017,Kharif,Nagarkurnool,Thimmajipet,Red Gram,414,472
2016-2017,Kharif,Nagarkurnool,Kalwakurthy,Ragi,0,0
2016-2017,Kharif,Nagarkurnool,Veldanda,Ragi,0,0
2016-2017,Kharif,Nagarkurnool,Vangoor,Ragi,0,0
2016-2017,Kharif,Nagarkurnool,Urkonda,Ragi,,
2016-2017,Kharif,Nagarkurnool,Charkonda,Ragi,,
2016-2017,Kharif,Nagarkurnool,Uppununthala,Ragi,0,0
2016-2017,Kharif,Nagarkurnool,Achampet,Ragi,0,0
2016-2017,Kharif,Nagarkurnool,Amrabad,Ragi,5,3
2016-2017,Kharif,Nagarkurnool,Balmoor,Ragi,7,9
2016-2017,Kharif,Nagarkurnool,Lingal,Ragi,13,0
2016-2017,Kharif,Nagarkurnool,Padara,Ragi,,
2016-2017,Kharif,Nagarkurnool,Kodair,Ragi,109,93
2016-2017,Kharif,Nagarkurnool,Kollapur,Ragi,11,0
2016-2017,Kharif,Nagarkurnool,Peddakothapally,Ragi,40,20
2016-2017,Kharif,Nagarkurnool,Pentlavelli,Ragi,,0
2016-2017,Kharif,Nagarkurnool,Tadoor,Ragi,0,0
2016-2017,Kharif,Nagarkurnool,Bijnepally,Ragi,59,25
2016-2017,Kharif,Nagarkurnool,Nagarkurnool,Ragi,0,0
2016-2017,Kharif,Nagarkurnool,Telkapally,Ragi,6,0
2016-2017,Kharif,Nagarkurnool,Thimmajipet,Ragi,10,4
2016-2017,Kharif,Nagarkurnool,Kalwakurthy,Groundnut,0,0
2016-2017,Kharif,Nagarkurnool,Veldanda,Groundnut,1,0
2016-2017,Kharif,Nagarkurnool,Vangoor,Groundnut,0,0
2016-2017,Kharif,Nagarkurnool,Urkonda,Groundnut,,
2016-2017,Kharif,Nagarkurnool,Charkonda,Groundnut,,
2016-2017,Kharif,Nagarkurnool,Uppununthala,Groundnut,1,0
2016-2017,Kharif,Nagarkurnool,Achampet,Groundnut,11,0
2016-2017,Kharif,Nagarkurnool,Amrabad,Groundnut,2,0
2016-2017,Kharif,Nagarkurnool,Balmoor,Groundnut,46,12
2016-2017,Kharif,Nagarkurnool,Lingal,Groundnut,1,0
2016-2017,Kharif,Nagarkurnool,Padara,Groundnut,,
2016-2017,Kharif,Nagarkurnool,Kodair,Groundnut,369,434
2016-2017,Kharif,Nagarkurnool,Kollapur,Groundnut,1136,507
2016-2017,Kharif,Nagarkurnool,Peddakothapally,Groundnut,20,97
2016-2017,Kharif,Nagarkurnool,Pentlavelli,Groundnut,,144
2016-2017,Kharif,Nagarkurnool,Tadoor,Groundnut,0,0
2016-2017,Kharif,Nagarkurnool,Bijnepally,Groundnut,0,0
2016-2017,Kharif,Nagarkurnool,Nagarkurnool,Groundnut,0,0
2016-2017,Kharif,Nagarkurnool,Telkapally,Groundnut,15,50
2016-2017,Kharif,Nagarkurnool,Thimmajipet,Groundnut,0,0
2016-2017,Kharif,Nagarkurnool,Kalwakurthy,Korra,0,0
2016-2017,Kharif,Nagarkurnool,Veldanda,Korra,0,0
2016-2017,Kharif,Nagarkurnool,Vangoor,Korra,0,0
2016-2017,Kharif,Nagarkurnool,Urkonda,Korra,,
2016-2017,Kharif,Nagarkurnool,Charkonda,Korra,,
2016-2017,Kharif,Nagarkurnool,Uppununthala,Korra,0,0
2016-2017,Kharif,Nagarkurnool,Achampet,Korra,,
2016-2017,Kharif,Nagarkurnool,Amrabad,Korra,0,0
2016-2017,Kharif,Nagarkurnool,Balmoor,Korra,0,0
2016-2017,Kharif,Nagarkurnool,Lingal,Korra,0,0
2016-2017,Kharif,Nagarkurnool,Padara,Korra,,
2016-2017,Kharif,Nagarkurnool,Kodair,Korra,0,0
2016-2017,Kharif,Nagarkurnool,Kollapur,Korra,0,356
2016-2017,Kharif,Nagarkurnool,Peddakothapally,Korra,0,4
2016-2017,Kharif,Nagarkurnool,Pentlavelli,Korra,,142
2016-2017,Kharif,Nagarkurnool,Tadoor,Korra,0,0
2016-2017,Kharif,Nagarkurnool,Bijnepally,Korra,0,0
2016-2017,Kharif,Nagarkurnool,Nagarkurnool,Korra,0,0
2016-2017,Kharif,Nagarkurnool,Telkapally,Korra,0,0
2016-2017,Kharif,Nagarkurnool,Thimmajipet,Korra,0,0
2016-2017,Kharif,Nagarkurnool,Kalwakurthy,Green Gram,0,169
2016-2017,Kharif,Nagarkurnool,Veldanda,Green Gram,0,28
2016-2017,Kharif,Nagarkurnool,Vangoor,Green Gram,0,0
2016-2017,Kharif,Nagarkurnool,Urkonda,Green Gram,,
2016-2017,Kharif,Nagarkurnool,Charkonda,Green Gram,,2
2016-2017,Kharif,Nagarkurnool,Uppununthala,Green Gram,0,0
2016-2017,Kharif,Nagarkurnool,Achampet,Green Gram,0,0
2016-2017,Kharif,Nagarkurnool,Amrabad,Green Gram,0,5
2016-2017,Kharif,Nagarkurnool,Balmoor,Green Gram,0,50
2016-2017,Kharif,Nagarkurnool,Lingal,Green Gram,0,0
2016-2017,Kharif,Nagarkurnool,Padara,Green Gram,,
2016-2017,Kharif,Nagarkurnool,Kodair,Green Gram,0,0
2016-2017,Kharif,Nagarkurnool,Kollapur,Green Gram,0,61
2016-2017,Kharif,Nagarkurnool,Peddakothapally,Green Gram,0,0
2016-2017,Kharif,Nagarkurnool,Pentlavelli,Green Gram,,16
2016-2017,Kharif,Nagarkurnool,Tadoor,Green Gram,0,0
2016-2017,Kharif,Nagarkurnool,Bijnepally,Green Gram,0,0
2016-2017,Kharif,Nagarkurnool,Nagarkurnool,Green Gram,0,0
2016-2017,Kharif,Nagarkurnool,Telkapally,Green Gram,0,0
2016-2017,Kharif,Nagarkurnool,Thimmajipet,Green Gram,0,6
2016-2017,Kharif,Nagarkurnool,Kalwakurthy,Black Gram,0,0
2016-2017,Kharif,Nagarkurnool,Veldanda,Black Gram,0,0
2016-2017,Kharif,Nagarkurnool,Vangoor,Black Gram,0,0
2016-2017,Kharif,Nagarkurnool,Urkonda,Black Gram,,
2016-2017,Kharif,Nagarkurnool,Charkonda,Black Gram,,
2016-2017,Kharif,Nagarkurnool,Uppununthala,Black Gram,0,0
2016-2017,Kharif,Nagarkurnool,Achampet,Black Gram,0,0
2016-2017,Kharif,Nagarkurnool,Amrabad,Black Gram,0,0
2016-2017,Kharif,Nagarkurnool,Balmoor,Black Gram,0,28
2016-2017,Kharif,Nagarkurnool,Lingal,Black Gram,0,0
2016-2017,Kharif,Nagarkurnool,Padara,Black Gram,,
2016-2017,Kharif,Nagarkurnool,Kodair,Black Gram,0,0
2016-2017,Kharif,Nagarkurnool,Kollapur,Black Gram,0,113
2016-2017,Kharif,Nagarkurnool,Peddakothapally,Black Gram,0,0
2016-2017,Kharif,Nagarkurnool,Pentlavelli,Black Gram,,38
2016-2017,Kharif,Nagarkurnool,Tadoor,Black Gram,0,0
2016-2017,Kharif,Nagarkurnool,Bijnepally,Black Gram,0,0
2016-2017,Kharif,Nagarkurnool,Nagarkurnool,Black Gram,0,0
2016-2017,Kharif,Nagarkurnool,Telkapally,Black Gram,0,0
2016-2017,Kharif,Nagarkurnool,Thimmajipet,Black Gram,0,0
2016-2017,Kharif,Nagarkurnool,Kalwakurthy,Horse Gram,6,0
2016-2017,Kharif,Nagarkurnool,Veldanda,Horse Gram,8,0
2016-2017,Kharif,Nagarkurnool,Vangoor,Horse Gram,0,0
2016-2017,Kharif,Nagarkurnool,Urkonda,Horse Gram,,
2016-2017,Kharif,Nagarkurnool,Charkonda,Horse Gram,,
2016-2017,Kharif,Nagarkurnool,Uppununthala,Horse Gram,0,0
2016-2017,Kharif,Nagarkurnool,Achampet,Horse Gram,0,0
2016-2017,Kharif,Nagarkurnool,Amrabad,Horse Gram,0,0
2016-2017,Kharif,Nagarkurnool,Balmoor,Horse Gram,0,0
2016-2017,Kharif,Nagarkurnool,Lingal,Horse Gram,0,0
2016-2017,Kharif,Nagarkurnool,Padara,Horse Gram,,
2016-2017,Kharif,Nagarkurnool,Kodair,Horse Gram,0,0
2016-2017,Kharif,Nagarkurnool,Kollapur,Horse Gram,15,0
2016-2017,Kharif,Nagarkurnool,Peddakothapally,Horse Gram,0,0
2016-2017,Kharif,Nagarkurnool,Pentlavelli,Horse Gram,,0
2016-2017,Kharif,Nagarkurnool,Tadoor,Horse Gram,0,0
2016-2017,Kharif,Nagarkurnool,Bijnepally,Horse Gram,0,0
2016-2017,Kharif,Nagarkurnool,Nagarkurnool,Horse Gram,0,0
2016-2017,Kharif,Nagarkurnool,Telkapally,Horse Gram,0,0
2016-2017,Kharif,Nagarkurnool,Thimmajipet,Horse Gram,0,0
2016-2017,Kharif,Nagarkurnool,Kalwakurthy,Soyabean,0,0
2016-2017,Kharif,Nagarkurnool,Veldanda,Soyabean,0,0
2016-2017,Kharif,Nagarkurnool,Vangoor,Soyabean,0,0
2016-2017,Kharif,Nagarkurnool,Urkonda,Soyabean,,
2016-2017,Kharif,Nagarkurnool,Charkonda,Soyabean,,
2016-2017,Kharif,Nagarkurnool,Uppununthala,Soyabean,0,0
2016-2017,Kharif,Nagarkurnool,Achampet,Soyabean,0,0
2016-2017,Kharif,Nagarkurnool,Amrabad,Soyabean,0,0
2016-2017,Kharif,Nagarkurnool,Balmoor,Soyabean,0,0
2016-2017,Kharif,Nagarkurnool,Lingal,Soyabean,0,0
2016-2017,Kharif,Nagarkurnool,Padara,Soyabean,,
2016-2017,Kharif,Nagarkurnool,Kodair,Soyabean,0,0
2016-2017,Kharif,Nagarkurnool,Kollapur,Soyabean,0,0
2016-2017,Kharif,Nagarkurnool,Peddakothapally,Soyabean,0,0
2016-2017,Kharif,Nagarkurnool,Pentlavelli,Soyabean,,0
2016-2017,Kharif,Nagarkurnool,Tadoor,Soyabean,0,0
2016-2017,Kharif,Nagarkurnool,Bijnepally,Soyabean,0,0
2016-2017,Kharif,Nagarkurnool,Nagarkurnool,Soyabean,0,0
2016-2017,Kharif,Nagarkurnool,Telkapally,Soyabean,0,0
2016-2017,Kharif,Nagarkurnool,Thimmajipet,Soyabean,0,0
2016-2017,Kharif,Nagarkurnool,Kalwakurthy,Sesamum,0,0
2016-2017,Kharif,Nagarkurnool,Veldanda,Sesamum,0,0
2016-2017,Kharif,Nagarkurnool,Vangoor,Sesamum,0,0
2016-2017,Kharif,Nagarkurnool,Urkonda,Sesamum,,
2016-2017,Kharif,Nagarkurnool,Charkonda,Sesamum,,
2016-2017,Kharif,Nagarkurnool,Uppununthala,Sesamum,0,0
2016-2017,Kharif,Nagarkurnool,Achampet,Sesamum,0,0
2016-2017,Kharif,Nagarkurnool,Amrabad,Sesamum,0,0
2016-2017,Kharif,Nagarkurnool,Balmoor,Sesamum,0,0
2016-2017,Kharif,Nagarkurnool,Lingal,Sesamum,0,0
2016-2017,Kharif,Nagarkurnool,Padara,Sesamum,,
2016-2017,Kharif,Nagarkurnool,Kodair,Sesamum,0,0
2016-2017,Kharif,Nagarkurnool,Kollapur,Sesamum,0,0
2016-2017,Kharif,Nagarkurnool,Peddakothapally,Sesamum,0,0
2016-2017,Kharif,Nagarkurnool,Pentlavelli,Sesamum,,0
2016-2017,Kharif,Nagarkurnool,Tadoor,Sesamum,0,0
2016-2017,Kharif,Nagarkurnool,Bijnepally,Sesamum,0,0
2016-2017,Kharif,Nagarkurnool,Nagarkurnool,Sesamum,0,0
2016-2017,Kharif,Nagarkurnool,Telkapally,Sesamum,0,0
2016-2017,Kharif,Nagarkurnool,Thimmajipet,Sesamum,0,0
2016-2017,Kharif,Nagarkurnool,Kalwakurthy,Cowpea,0,0
2016-2017,Kharif,Nagarkurnool,Veldanda,Cowpea,0,0
2016-2017,Kharif,Nagarkurnool,Vangoor,Cowpea,0,0
2016-2017,Kharif,Nagarkurnool,Urkonda,Cowpea,,
2016-2017,Kharif,Nagarkurnool,Charkonda,Cowpea,,
2016-2017,Kharif,Nagarkurnool,Uppununthala,Cowpea,0,0
2016-2017,Kharif,Nagarkurnool,Achampet,Cowpea,0,0
2016-2017,Kharif,Nagarkurnool,Amrabad,Cowpea,0,0
2016-2017,Kharif,Nagarkurnool,Balmoor,Cowpea,0,0
2016-2017,Kharif,Nagarkurnool,Lingal,Cowpea,0,0
2016-2017,Kharif,Nagarkurnool,Padara,Cowpea,,
2016-2017,Kharif,Nagarkurnool,Kodair,Cowpea,0,0
2016-2017,Kharif,Nagarkurnool,Kollapur,Cowpea,0,21
2016-2017,Kharif,Nagarkurnool,Peddakothapally,Cowpea,0,0
2016-2017,Kharif,Nagarkurnool,Pentlavelli,Cowpea,,0
2016-2017,Kharif,Nagarkurnool,Tadoor,Cowpea,0,0
2016-2017,Kharif,Nagarkurnool,Bijnepally,Cowpea,0,0
2016-2017,Kharif,Nagarkurnool,Nagarkurnool,Cowpea,0,0
2016-2017,Kharif,Nagarkurnool,Telkapally,Cowpea,0,0
2016-2017,Kharif,Nagarkurnool,Thimmajipet,Cowpea,0,0
2016-2017,Kharif,Nagarkurnool,Kalwakurthy,Sunflower,0,0
2016-2017,Kharif,Nagarkurnool,Veldanda,Sunflower,0,0
2016-2017,Kharif,Nagarkurnool,Vangoor,Sunflower,0,0
2016-2017,Kharif,Nagarkurnool,Urkonda,Sunflower,,
2016-2017,Kharif,Nagarkurnool,Charkonda,Sunflower,,
2016-2017,Kharif,Nagarkurnool,Uppununthala,Sunflower,0,0
2016-2017,Kharif,Nagarkurnool,Achampet,Sunflower,0,0
2016-2017,Kharif,Nagarkurnool,Amrabad,Sunflower,0,0
2016-2017,Kharif,Nagarkurnool,Balmoor,Sunflower,0,0
2016-2017,Kharif,Nagarkurnool,Lingal,Sunflower,0,0
2016-2017,Kharif,Nagarkurnool,Padara,Sunflower,,
2016-2017,Kharif,Nagarkurnool,Kodair,Sunflower,0,0
2016-2017,Kharif,Nagarkurnool,Kollapur,Sunflower,4,0
2016-2017,Kharif,Nagarkurnool,Peddakothapally,Sunflower,0,0
2016-2017,Kharif,Nagarkurnool,Pentlavelli,Sunflower,,0
2016-2017,Kharif,Nagarkurnool,Tadoor,Sunflower,0,0
2016-2017,Kharif,Nagarkurnool,Bijnepally,Sunflower,1,0
2016-2017,Kharif,Nagarkurnool,Nagarkurnool,Sunflower,0,0
2016-2017,Kharif,Nagarkurnool,Telkapally,Sunflower,0,0
2016-2017,Kharif,Nagarkurnool,Thimmajipet,Sunflower,0,0
2016-2017,Kharif,Nagarkurnool,Kalwakurthy,Sugarcane,0,0
2016-2017,Kharif,Nagarkurnool,Veldanda,Sugarcane,0,0
2016-2017,Kharif,Nagarkurnool,Vangoor,Sugarcane,0,0
2016-2017,Kharif,Nagarkurnool,Urkonda,Sugarcane,,
2016-2017,Kharif,Nagarkurnool,Charkonda,Sugarcane,,
2016-2017,Kharif,Nagarkurnool,Uppununthala,Sugarcane,0,0
2016-2017,Kharif,Nagarkurnool,Achampet,Sugarcane,0,0
2016-2017,Kharif,Nagarkurnool,Amrabad,Sugarcane,0,0
2016-2017,Kharif,Nagarkurnool,Balmoor,Sugarcane,0,0
2016-2017,Kharif,Nagarkurnool,Lingal,Sugarcane,0,0
2016-2017,Kharif,Nagarkurnool,Padara,Sugarcane,,
2016-2017,Kharif,Nagarkurnool,Kodair,Sugarcane,0,0
2016-2017,Kharif,Nagarkurnool,Kollapur,Sugarcane,0,0
2016-2017,Kharif,Nagarkurnool,Peddakothapally,Sugarcane,0,0
2016-2017,Kharif,Nagarkurnool,Pentlavelli,Sugarcane,,6
2016-2017,Kharif,Nagarkurnool,Tadoor,Sugarcane,0,0
2016-2017,Kharif,Nagarkurnool,Bijnepally,Sugarcane,0,0
2016-2017,Kharif,Nagarkurnool,Nagarkurnool,Sugarcane,0,0
2016-2017,Kharif,Nagarkurnool,Telkapally,Sugarcane,0,0
2016-2017,Kharif,Nagarkurnool,Thimmajipet,Sugarcane,0,0
2016-2017,Kharif,Nagarkurnool,Kalwakurthy,Onion,0,0
2016-2017,Kharif,Nagarkurnool,Veldanda,Onion,0,0
2016-2017,Kharif,Nagarkurnool,Vangoor,Onion,0,0
2016-2017,Kharif,Nagarkurnool,Urkonda,Onion,,
2016-2017,Kharif,Nagarkurnool,Charkonda,Onion,,
2016-2017,Kharif,Nagarkurnool,Uppununthala,Onion,0,0
2016-2017,Kharif,Nagarkurnool,Achampet,Onion,0,0
2016-2017,Kharif,Nagarkurnool,Amrabad,Onion,0,0
2016-2017,Kharif,Nagarkurnool,Balmoor,Onion,0,0
2016-2017,Kharif,Nagarkurnool,Lingal,Onion,0,0
2016-2017,Kharif,Nagarkurnool,Padara,Onion,,
2016-2017,Kharif,Nagarkurnool,Kodair,Onion,0,0
2016-2017,Kharif,Nagarkurnool,Kollapur,Onion,9,0
2016-2017,Kharif,Nagarkurnool,Peddakothapally,Onion,0,0
2016-2017,Kharif,Nagarkurnool,Pentlavelli,Onion,,
2016-2017,Kharif,Nagarkurnool,Tadoor,Onion,0,0
2016-2017,Kharif,Nagarkurnool,Bijnepally,Onion,1,0
2016-2017,Kharif,Nagarkurnool,Nagarkurnool,Onion,0,0
2016-2017,Kharif,Nagarkurnool,Telkapally,Onion,0,0
2016-2017,Kharif,Nagarkurnool,Thimmajipet,Onion,0,0
2016-2017,Kharif,Nagarkurnool,Kalwakurthy,Chillies,9,6
2016-2017,Kharif,Nagarkurnool,Veldanda,Chillies,0,69
2016-2017,Kharif,Nagarkurnool,Vangoor,Chillies,0,22
2016-2017,Kharif,Nagarkurnool,Urkonda,Chillies,,55
2016-2017,Kharif,Nagarkurnool,Charkonda,Chillies,,23
2016-2017,Kharif,Nagarkurnool,Uppununthala,Chillies,21,124
2016-2017,Kharif,Nagarkurnool,Achampet,Chillies,0,0
2016-2017,Kharif,Nagarkurnool,Amrabad,Chillies,290,126
2016-2017,Kharif,Nagarkurnool,Balmoor,Chillies,4,0
2016-2017,Kharif,Nagarkurnool,Lingal,Chillies,6,0
2016-2017,Kharif,Nagarkurnool,Padara,Chillies,,222
2016-2017,Kharif,Nagarkurnool,Kodair,Chillies,3,51
2016-2017,Kharif,Nagarkurnool,Kollapur,Chillies,0,4
2016-2017,Kharif,Nagarkurnool,Peddakothapally,Chillies,7,33
2016-2017,Kharif,Nagarkurnool,Pentlavelli,Chillies,,
2016-2017,Kharif,Nagarkurnool,Tadoor,Chillies,36,78
2016-2017,Kharif,Nagarkurnool,Bijnepally,Chillies,54,25
2016-2017,Kharif,Nagarkurnool,Nagarkurnool,Chillies,9,6
2016-2017,Kharif,Nagarkurnool,Telkapally,Chillies,108,160
2016-2017,Kharif,Nagarkurnool,Thimmajipet,Chillies,37,0
2016-2017,Kharif,Nagarkurnool,Kalwakurthy,Other non-food crops,2,0
2016-2017,Kharif,Nagarkurnool,Veldanda,Other non-food crops,0,29
2016-2017,Kharif,Nagarkurnool,Vangoor,Other non-food crops,0,0
2016-2017,Kharif,Nagarkurnool,Urkonda,Other non-food crops,,
2016-2017,Kharif,Nagarkurnool,Charkonda,Other non-food crops,,
2016-2017,Kharif,Nagarkurnool,Uppununthala,Other non-food crops,0,0
2016-2017,Kharif,Nagarkurnool,Achampet,Other non-food crops,0,0
2016-2017,Kharif,Nagarkurnool,Amrabad,Other non-food crops,0,0
2016-2017,Kharif,Nagarkurnool,Balmoor,Other non-food crops,0,0
2016-2017,Kharif,Nagarkurnool,Lingal,Other non-food crops,0,0
2016-2017,Kharif,Nagarkurnool,Padara,Other non-food crops,,
2016-2017,Kharif,Nagarkurnool,Kodair,Other non-food crops,0,0
2016-2017,Kharif,Nagarkurnool,Kollapur,Other non-food crops,0,193
2016-2017,Kharif,Nagarkurnool,Peddakothapally,Other non-food crops,0,92
2016-2017,Kharif,Nagarkurnool,Pentlavelli,Other non-food crops,,43
2016-2017,Kharif,Nagarkurnool,Tadoor,Other non-food crops,0,41
2016-2017,Kharif,Nagarkurnool,Bijnepally,Other non-food crops,0,30
2016-2017,Kharif,Nagarkurnool,Nagarkurnool,Other non-food crops,0,0
2016-2017,Kharif,Nagarkurnool,Telkapally,Other non-food crops,0,0
2016-2017,Kharif,Nagarkurnool,Thimmajipet,Other non-food crops,0,83
2016-2017,Kharif,Nagarkurnool,Kalwakurthy,Other food crops,565,419
2016-2017,Kharif,Nagarkurnool,Veldanda,Other food crops,775,546
2016-2017,Kharif,Nagarkurnool,Vangoor,Other food crops,808,775
2016-2017,Kharif,Nagarkurnool,Urkonda,Other food crops,,110
2016-2017,Kharif,Nagarkurnool,Charkonda,Other food crops,,50
2016-2017,Kharif,Nagarkurnool,Uppununthala,Other food crops,171,318
2016-2017,Kharif,Nagarkurnool,Achampet,Other food crops,199,188
2016-2017,Kharif,Nagarkurnool,Amrabad,Other food crops,42,62
2016-2017,Kharif,Nagarkurnool,Balmoor,Other food crops,250,372
2016-2017,Kharif,Nagarkurnool,Lingal,Other food crops,114,104
2016-2017,Kharif,Nagarkurnool,Padara,Other food crops,,
2016-2017,Kharif,Nagarkurnool,Kodair,Other food crops,658,833
2016-2017,Kharif,Nagarkurnool,Kollapur,Other food crops,826,1112
2016-2017,Kharif,Nagarkurnool,Peddakothapally,Other food crops,723,1072
2016-2017,Kharif,Nagarkurnool,Pentlavelli,Other food crops,,29
2016-2017,Kharif,Nagarkurnool,Tadoor,Other food crops,169,179
2016-2017,Kharif,Nagarkurnool,Bijnepally,Other food crops,142,161
2016-2017,Kharif,Nagarkurnool,Nagarkurnool,Other food crops,145,163
2016-2017,Kharif,Nagarkurnool,Telkapally,Other food crops,211,312
2016-2017,Kharif,Nagarkurnool,Thimmajipet,Other food crops,146,114
2016-2017,Kharif,Nagarkurnool,Kalwakurthy,Total,14579,11853
2016-2017,Kharif,Nagarkurnool,Veldanda,Total,12792,10887
2016-2017,Kharif,Nagarkurnool,Vangoor,Total,15820,10484
2016-2017,Kharif,Nagarkurnool,Urkonda,Total,0,11233
2016-2017,Kharif,Nagarkurnool,Charkonda,Total,,5381
2016-2017,Kharif,Nagarkurnool,Uppununthala,Total,12271,15887
2016-2017,Kharif,Nagarkurnool,Achampet,Total,11564,13729
2016-2017,Kharif,Nagarkurnool,Amrabad,Total,8181,4896
2016-2017,Kharif,Nagarkurnool,Balmoor,Total,10407,11722
2016-2017,Kharif,Nagarkurnool,Lingal,Total,7942,8410
2016-2017,Kharif,Nagarkurnool,Padara,Total,,4061
2016-2017,Kharif,Nagarkurnool,Kodair,Total,9476,9922
2016-2017,Kharif,Nagarkurnool,Kollapur,Total,8718,8184
2016-2017,Kharif,Nagarkurnool,Peddakothapally,Total,13262,16292
2016-2017,Kharif,Nagarkurnool,Pentlavelli,Total,,2160
2016-2017,Kharif,Nagarkurnool,Tadoor,Total,14395,16428
2016-2017,Kharif,Nagarkurnool,Bijnepally,Total,17038,16201
2016-2017,Kharif,Nagarkurnool,Nagarkurnool,Total,14416,14795
2016-2017,Kharif,Nagarkurnool,Telkapally,Total,16233,17199
2016-2017,Kharif,Nagarkurnool,Thimmajipet,Total,11012,14210
