year,season,districtName,mandalName,crop,normalAreaSown,actualAreaSown
2016-2017,Rabi,Nagarkurnool,Kalwakurthy,Paddy,647,389
2016-2017,Rabi,Nagarkurnool,Vangoor,Paddy,1116,295
2016-2017,Rabi,Nagarkurnool,Charkonda,Paddy,,78
2016-2017,Rabi,Nagarkurnool,Veldanda,Paddy,620,226
2016-2017,Rabi,Nagarkurnool,Urkonda,Paddy,,137
2016-2017,Rabi,Nagarkurnool,Achampet,Paddy,621,126
2016-2017,Rabi,Nagarkurnool,Amrabad,Paddy,108,36
2016-2017,Rabi,Nagarkurnool,Padara,Paddy,,17
2016-2017,Rabi,Nagarkurnool,Lingal,Paddy,199,259
2016-2017,Rabi,Nagarkurnool,Uppununthala,Paddy,509,500
2016-2017,Rabi,Nagarkurnool,Balmoor,Paddy,331,390
2016-2017,Rabi,Nagarkurnool,Kollapur,Paddy,736,794
2016-2017,Rabi,Nagarkurnool,Pentlavelly,Paddy,,154.4
2016-2017,Rabi,Nagarkurnool,Kodair,Paddy,275,760
2016-2017,Rabi,Nagarkurnool,Peddakothapally,Paddy,283,1079
2016-2017,Rabi,Nagarkurnool,Nagarkurnool,Paddy,376,946
2016-2017,Rabi,Nagarkurnool,Tadoor,Paddy,462,624.291497975709
2016-2017,Rabi,Nagarkurnool,Bijnepally,Paddy,715,1179
2016-2017,Rabi,Nagarkurnool,Thimmajipet,Paddy,491,373
2016-2017,Rabi,Nagarkurnool,Telkapally,Paddy,306,959
2016-2017,Rabi,Nagarkurnool,Kalwakurthy,Jowar,0,
2016-2017,Rabi,Nagarkurnool,Vangoor,Jowar,0,
2016-2017,Rabi,Nagarkurnool,Charkonda,Jowar,,
2016-2017,Rabi,Nagarkurnool,Veldanda,Jowar,1,
2016-2017,Rabi,Nagarkurnool,Urkonda,Jowar,,0
2016-2017,Rabi,Nagarkurnool,Achampet,Jowar,1,
2016-2017,Rabi,Nagarkurnool,Amrabad,Jowar,127,27
2016-2017,Rabi,Nagarkurnool,Padara,Jowar,,30
2016-2017,Rabi,Nagarkurnool,Lingal,Jowar,0,
2016-2017,Rabi,Nagarkurnool,Uppununthala,Jowar,0,
2016-2017,Rabi,Nagarkurnool,Balmoor,Jowar,0,
2016-2017,Rabi,Nagarkurnool,Kollapur,Jowar,1009,600.75
2016-2017,Rabi,Nagarkurnool,Pentlavelly,Jowar,,161
2016-2017,Rabi,Nagarkurnool,Kodair,Jowar,65,
2016-2017,Rabi,Nagarkurnool,Peddakothapally,Jowar,204,30
2016-2017,Rabi,Nagarkurnool,Nagarkurnool,Jowar,0,
2016-2017,Rabi,Nagarkurnool,Tadoor,Jowar,2,
2016-2017,Rabi,Nagarkurnool,Bijnepally,Jowar,0,
2016-2017,Rabi,Nagarkurnool,Thimmajipet,Jowar,2,
2016-2017,Rabi,Nagarkurnool,Telkapally,Jowar,0,
2016-2017,Rabi,Nagarkurnool,Kalwakurthy,Bajra,0,0
2016-2017,Rabi,Nagarkurnool,Vangoor,Bajra,0,0
2016-2017,Rabi,Nagarkurnool,Charkonda,Bajra,0,0
2016-2017,Rabi,Nagarkurnool,Veldanda,Bajra,0,0
2016-2017,Rabi,Nagarkurnool,Urkonda,Bajra,0,0
2016-2017,Rabi,Nagarkurnool,Achampet,Bajra,0,
2016-2017,Rabi,Nagarkurnool,Amrabad,Bajra,0,
2016-2017,Rabi,Nagarkurnool,Padara,Bajra,0,
2016-2017,Rabi,Nagarkurnool,Lingal,Bajra,0,
2016-2017,Rabi,Nagarkurnool,Uppununthala,Bajra,4,
2016-2017,Rabi,Nagarkurnool,Balmoor,Bajra,0,
2016-2017,Rabi,Nagarkurnool,Kollapur,Bajra,0,
2016-2017,Rabi,Nagarkurnool,Pentlavelly,Bajra,0,
2016-2017,Rabi,Nagarkurnool,Kodair,Bajra,0,
2016-2017,Rabi,Nagarkurnool,Peddakothapally,Bajra,0,
2016-2017,Rabi,Nagarkurnool,Nagarkurnool,Bajra,0,
2016-2017,Rabi,Nagarkurnool,Tadoor,Bajra,0,
2016-2017,Rabi,Nagarkurnool,Bijnepally,Bajra,0,
2016-2017,Rabi,Nagarkurnool,Thimmajipet,Bajra,0,
2016-2017,Rabi,Nagarkurnool,Telkapally,Bajra,0,
2016-2017,Rabi,Nagarkurnool,Kalwakurthy,Maize,25,19
2016-2017,Rabi,Nagarkurnool,Vangoor,Maize,44,27
2016-2017,Rabi,Nagarkurnool,Charkonda,Maize,,30
2016-2017,Rabi,Nagarkurnool,Veldanda,Maize,65,17
2016-2017,Rabi,Nagarkurnool,Urkonda,Maize,,10
2016-2017,Rabi,Nagarkurnool,Achampet,Maize,4,
2016-2017,Rabi,Nagarkurnool,Amrabad,Maize,0,19
2016-2017,Rabi,Nagarkurnool,Padara,Maize,0,
2016-2017,Rabi,Nagarkurnool,Lingal,Maize,1,
2016-2017,Rabi,Nagarkurnool,Uppununthala,Maize,9,8
2016-2017,Rabi,Nagarkurnool,Balmoor,Maize,16,
2016-2017,Rabi,Nagarkurnool,Kollapur,Maize,7,38.78
2016-2017,Rabi,Nagarkurnool,Pentlavelly,Maize,0,
2016-2017,Rabi,Nagarkurnool,Kodair,Maize,0,
2016-2017,Rabi,Nagarkurnool,Peddakothapally,Maize,0,138
2016-2017,Rabi,Nagarkurnool,Nagarkurnool,Maize,0,
2016-2017,Rabi,Nagarkurnool,Tadoor,Maize,11,4.05
2016-2017,Rabi,Nagarkurnool,Bijnepally,Maize,2,24
2016-2017,Rabi,Nagarkurnool,Thimmajipet,Maize,3,
2016-2017,Rabi,Nagarkurnool,Telkapally,Maize,3,3
2016-2017,Rabi,Nagarkurnool,Kalwakurthy,Castor,,20
2016-2017,Rabi,Nagarkurnool,Vangoor,Castor,,
2016-2017,Rabi,Nagarkurnool,Charkonda,Castor,,
2016-2017,Rabi,Nagarkurnool,Veldanda,Castor,,15
2016-2017,Rabi,Nagarkurnool,Urkonda,Castor,,10
2016-2017,Rabi,Nagarkurnool,Achampet,Castor,,
2016-2017,Rabi,Nagarkurnool,Amrabad,Castor,,18
2016-2017,Rabi,Nagarkurnool,Padara,Castor,,
2016-2017,Rabi,Nagarkurnool,Lingal,Castor,,
2016-2017,Rabi,Nagarkurnool,Uppununthala,Castor,,63
2016-2017,Rabi,Nagarkurnool,Balmoor,Castor,,
2016-2017,Rabi,Nagarkurnool,Kollapur,Castor,,
2016-2017,Rabi,Nagarkurnool,Pentlavelly,Castor,,
2016-2017,Rabi,Nagarkurnool,Kodair,Castor,,
2016-2017,Rabi,Nagarkurnool,Peddakothapally,Castor,,
2016-2017,Rabi,Nagarkurnool,Nagarkurnool,Castor,,
2016-2017,Rabi,Nagarkurnool,Tadoor,Castor,,2.02
2016-2017,Rabi,Nagarkurnool,Bijnepally,Castor,,13
2016-2017,Rabi,Nagarkurnool,Thimmajipet,Castor,,2
2016-2017,Rabi,Nagarkurnool,Telkapally,Castor,,
2016-2017,Rabi,Nagarkurnool,Kalwakurthy,Ragi,0,
2016-2017,Rabi,Nagarkurnool,Vangoor,Ragi,0,
2016-2017,Rabi,Nagarkurnool,Charkonda,Ragi,0,
2016-2017,Rabi,Nagarkurnool,Veldanda,Ragi,0,
2016-2017,Rabi,Nagarkurnool,Urkonda,Ragi,0,13
2016-2017,Rabi,Nagarkurnool,Achampet,Ragi,0,
2016-2017,Rabi,Nagarkurnool,Amrabad,Ragi,0,
2016-2017,Rabi,Nagarkurnool,Padara,Ragi,0,
2016-2017,Rabi,Nagarkurnool,Lingal,Ragi,0,
2016-2017,Rabi,Nagarkurnool,Uppununthala,Ragi,0,
2016-2017,Rabi,Nagarkurnool,Balmoor,Ragi,0,
2016-2017,Rabi,Nagarkurnool,Kollapur,Ragi,0,
2016-2017,Rabi,Nagarkurnool,Pentlavelly,Ragi,0,
2016-2017,Rabi,Nagarkurnool,Kodair,Ragi,0,
2016-2017,Rabi,Nagarkurnool,Peddakothapally,Ragi,0,
2016-2017,Rabi,Nagarkurnool,Nagarkurnool,Ragi,0,
2016-2017,Rabi,Nagarkurnool,Tadoor,Ragi,0,
2016-2017,Rabi,Nagarkurnool,Bijnepally,Ragi,0,
2016-2017,Rabi,Nagarkurnool,Thimmajipet,Ragi,0,
2016-2017,Rabi,Nagarkurnool,Telkapally,Ragi,0,
2016-2017,Rabi,Nagarkurnool,Kalwakurthy,Red Gram,0,
2016-2017,Rabi,Nagarkurnool,Vangoor,Red Gram,0,
2016-2017,Rabi,Nagarkurnool,Charkonda,Red Gram,0,
2016-2017,Rabi,Nagarkurnool,Veldanda,Red Gram,0,
2016-2017,Rabi,Nagarkurnool,Urkonda,Red Gram,0,
2016-2017,Rabi,Nagarkurnool,Achampet,Red Gram,0,
2016-2017,Rabi,Nagarkurnool,Amrabad,Red Gram,0,
2016-2017,Rabi,Nagarkurnool,Padara,Red Gram,0,
2016-2017,Rabi,Nagarkurnool,Lingal,Red Gram,0,
2016-2017,Rabi,Nagarkurnool,Uppununthala,Red Gram,0,
2016-2017,Rabi,Nagarkurnool,Balmoor,Red Gram,0,
2016-2017,Rabi,Nagarkurnool,Kollapur,Red Gram,0,2
2016-2017,Rabi,Nagarkurnool,Pentlavelly,Red Gram,0,
2016-2017,Rabi,Nagarkurnool,Kodair,Red Gram,0,
2016-2017,Rabi,Nagarkurnool,Peddakothapally,Red Gram,0,
2016-2017,Rabi,Nagarkurnool,Nagarkurnool,Red Gram,0,
2016-2017,Rabi,Nagarkurnool,Tadoor,Red Gram,0,
2016-2017,Rabi,Nagarkurnool,Bijnepally,Red Gram,0,
2016-2017,Rabi,Nagarkurnool,Thimmajipet,Red Gram,0,
2016-2017,Rabi,Nagarkurnool,Telkapally,Red Gram,0,
2016-2017,Rabi,Nagarkurnool,Kalwakurthy,Green Gram,0,
2016-2017,Rabi,Nagarkurnool,Vangoor,Green Gram,0,
2016-2017,Rabi,Nagarkurnool,Charkonda,Green Gram,0,
2016-2017,Rabi,Nagarkurnool,Veldanda,Green Gram,0,
2016-2017,Rabi,Nagarkurnool,Urkonda,Green Gram,0,
2016-2017,Rabi,Nagarkurnool,Achampet,Green Gram,0,
2016-2017,Rabi,Nagarkurnool,Amrabad,Green Gram,0,
2016-2017,Rabi,Nagarkurnool,Padara,Green Gram,0,
2016-2017,Rabi,Nagarkurnool,Lingal,Green Gram,0,
2016-2017,Rabi,Nagarkurnool,Uppununthala,Green Gram,0,
2016-2017,Rabi,Nagarkurnool,Balmoor,Green Gram,0,
2016-2017,Rabi,Nagarkurnool,Kollapur,Green Gram,0,
2016-2017,Rabi,Nagarkurnool,Pentlavelly,Green Gram,0,
2016-2017,Rabi,Nagarkurnool,Kodair,Green Gram,0,
2016-2017,Rabi,Nagarkurnool,Peddakothapally,Green Gram,0,20
2016-2017,Rabi,Nagarkurnool,Nagarkurnool,Green Gram,0,
2016-2017,Rabi,Nagarkurnool,Tadoor,Green Gram,0,
2016-2017,Rabi,Nagarkurnool,Bijnepally,Green Gram,0,
2016-2017,Rabi,Nagarkurnool,Thimmajipet,Green Gram,0,
2016-2017,Rabi,Nagarkurnool,Telkapally,Green Gram,0,
2016-2017,Rabi,Nagarkurnool,Kalwakurthy,Black Gram,0,
2016-2017,Rabi,Nagarkurnool,Vangoor,Black Gram,0,
2016-2017,Rabi,Nagarkurnool,Charkonda,Black Gram,0,
2016-2017,Rabi,Nagarkurnool,Veldanda,Black Gram,0,
2016-2017,Rabi,Nagarkurnool,Urkonda,Black Gram,0,
2016-2017,Rabi,Nagarkurnool,Achampet,Black Gram,0,
2016-2017,Rabi,Nagarkurnool,Amrabad,Black Gram,0,
2016-2017,Rabi,Nagarkurnool,Padara,Black Gram,0,42
2016-2017,Rabi,Nagarkurnool,Lingal,Black Gram,0,
2016-2017,Rabi,Nagarkurnool,Uppununthala,Black Gram,0,
2016-2017,Rabi,Nagarkurnool,Balmoor,Black Gram,0,
2016-2017,Rabi,Nagarkurnool,Kollapur,Black Gram,0,45
2016-2017,Rabi,Nagarkurnool,Pentlavelly,Black Gram,0,136.55
2016-2017,Rabi,Nagarkurnool,Kodair,Black Gram,0,
2016-2017,Rabi,Nagarkurnool,Peddakothapally,Black Gram,0,15
2016-2017,Rabi,Nagarkurnool,Nagarkurnool,Black Gram,0,
2016-2017,Rabi,Nagarkurnool,Tadoor,Black Gram,0,
2016-2017,Rabi,Nagarkurnool,Bijnepally,Black Gram,0,
2016-2017,Rabi,Nagarkurnool,Thimmajipet,Black Gram,0,
2016-2017,Rabi,Nagarkurnool,Telkapally,Black Gram,0,
2016-2017,Rabi,Nagarkurnool,Kalwakurthy,Bengal Gram,0,
2016-2017,Rabi,Nagarkurnool,Vangoor,Bengal Gram,0,
2016-2017,Rabi,Nagarkurnool,Charkonda,Bengal Gram,0,
2016-2017,Rabi,Nagarkurnool,Veldanda,Bengal Gram,0,
2016-2017,Rabi,Nagarkurnool,Urkonda,Bengal Gram,0,
2016-2017,Rabi,Nagarkurnool,Achampet,Bengal Gram,0,
2016-2017,Rabi,Nagarkurnool,Amrabad,Bengal Gram,60,
2016-2017,Rabi,Nagarkurnool,Padara,Bengal Gram,0,391.7
2016-2017,Rabi,Nagarkurnool,Lingal,Bengal Gram,0,
2016-2017,Rabi,Nagarkurnool,Uppununthala,Bengal Gram,0,
2016-2017,Rabi,Nagarkurnool,Balmoor,Bengal Gram,0,
2016-2017,Rabi,Nagarkurnool,Kollapur,Bengal Gram,37,
2016-2017,Rabi,Nagarkurnool,Pentlavelly,Bengal Gram,0,66
2016-2017,Rabi,Nagarkurnool,Kodair,Bengal Gram,0,
2016-2017,Rabi,Nagarkurnool,Peddakothapally,Bengal Gram,0,
2016-2017,Rabi,Nagarkurnool,Nagarkurnool,Bengal Gram,0,0
2016-2017,Rabi,Nagarkurnool,Tadoor,Bengal Gram,0,62
2016-2017,Rabi,Nagarkurnool,Bijnepally,Bengal Gram,0,
2016-2017,Rabi,Nagarkurnool,Thimmajipet,Bengal Gram,0,0
2016-2017,Rabi,Nagarkurnool,Telkapally,Bengal Gram,2,0
2016-2017,Rabi,Nagarkurnool,Kalwakurthy,Cowpea,0,
2016-2017,Rabi,Nagarkurnool,Vangoor,Cowpea,0,
2016-2017,Rabi,Nagarkurnool,Charkonda,Cowpea,0,
2016-2017,Rabi,Nagarkurnool,Veldanda,Cowpea,0,
2016-2017,Rabi,Nagarkurnool,Urkonda,Cowpea,0,
2016-2017,Rabi,Nagarkurnool,Achampet,Cowpea,0,
2016-2017,Rabi,Nagarkurnool,Amrabad,Cowpea,0,
2016-2017,Rabi,Nagarkurnool,Padara,Cowpea,0,
2016-2017,Rabi,Nagarkurnool,Lingal,Cowpea,0,
2016-2017,Rabi,Nagarkurnool,Uppununthala,Cowpea,0,
2016-2017,Rabi,Nagarkurnool,Balmoor,Cowpea,0,
2016-2017,Rabi,Nagarkurnool,Kollapur,Cowpea,0,
2016-2017,Rabi,Nagarkurnool,Pentlavelly,Cowpea,0,
2016-2017,Rabi,Nagarkurnool,Kodair,Cowpea,0,
2016-2017,Rabi,Nagarkurnool,Peddakothapally,Cowpea,0,
2016-2017,Rabi,Nagarkurnool,Nagarkurnool,Cowpea,0,
2016-2017,Rabi,Nagarkurnool,Tadoor,Cowpea,0,
2016-2017,Rabi,Nagarkurnool,Bijnepally,Cowpea,0,
2016-2017,Rabi,Nagarkurnool,Thimmajipet,Cowpea,0,
2016-2017,Rabi,Nagarkurnool,Telkapally,Cowpea,0,
2016-2017,Rabi,Nagarkurnool,Kalwakurthy,Horse Gram,5,
2016-2017,Rabi,Nagarkurnool,Vangoor,Horse Gram,0,
2016-2017,Rabi,Nagarkurnool,Charkonda,Horse Gram,,
2016-2017,Rabi,Nagarkurnool,Veldanda,Horse Gram,6,26
2016-2017,Rabi,Nagarkurnool,Urkonda,Horse Gram,,
2016-2017,Rabi,Nagarkurnool,Achampet,Horse Gram,0,
2016-2017,Rabi,Nagarkurnool,Amrabad,Horse Gram,0,
2016-2017,Rabi,Nagarkurnool,Padara,Horse Gram,,
2016-2017,Rabi,Nagarkurnool,Lingal,Horse Gram,5,
2016-2017,Rabi,Nagarkurnool,Uppununthala,Horse Gram,0,
2016-2017,Rabi,Nagarkurnool,Balmoor,Horse Gram,4,
2016-2017,Rabi,Nagarkurnool,Kollapur,Horse Gram,57,
2016-2017,Rabi,Nagarkurnool,Pentlavelly,Horse Gram,0,
2016-2017,Rabi,Nagarkurnool,Kodair,Horse Gram,0,
2016-2017,Rabi,Nagarkurnool,Peddakothapally,Horse Gram,0,0
2016-2017,Rabi,Nagarkurnool,Nagarkurnool,Horse Gram,4,
2016-2017,Rabi,Nagarkurnool,Tadoor,Horse Gram,2,
2016-2017,Rabi,Nagarkurnool,Bijnepally,Horse Gram,0,
2016-2017,Rabi,Nagarkurnool,Thimmajipet,Horse Gram,0,
2016-2017,Rabi,Nagarkurnool,Telkapally,Horse Gram,0,
2016-2017,Rabi,Nagarkurnool,Kalwakurthy,Chillies,0,14
2016-2017,Rabi,Nagarkurnool,Vangoor,Chillies,0,21
2016-2017,Rabi,Nagarkurnool,Charkonda,Chillies,,52
2016-2017,Rabi,Nagarkurnool,Veldanda,Chillies,0,13
2016-2017,Rabi,Nagarkurnool,Urkonda,Chillies,,2
2016-2017,Rabi,Nagarkurnool,Achampet,Chillies,0,
2016-2017,Rabi,Nagarkurnool,Amrabad,Chillies,0,
2016-2017,Rabi,Nagarkurnool,Padara,Chillies,0,
2016-2017,Rabi,Nagarkurnool,Lingal,Chillies,0,
2016-2017,Rabi,Nagarkurnool,Uppununthala,Chillies,18,82
2016-2017,Rabi,Nagarkurnool,Balmoor,Chillies,1,
2016-2017,Rabi,Nagarkurnool,Kollapur,Chillies,0,
2016-2017,Rabi,Nagarkurnool,Pentlavelly,Chillies,,
2016-2017,Rabi,Nagarkurnool,Kodair,Chillies,0,
2016-2017,Rabi,Nagarkurnool,Peddakothapally,Chillies,0,0
2016-2017,Rabi,Nagarkurnool,Nagarkurnool,Chillies,1,52
2016-2017,Rabi,Nagarkurnool,Tadoor,Chillies,9,40.1
2016-2017,Rabi,Nagarkurnool,Bijnepally,Chillies,0,137
2016-2017,Rabi,Nagarkurnool,Thimmajipet,Chillies,50,43
2016-2017,Rabi,Nagarkurnool,Telkapally,Chillies,2,53
2016-2017,Rabi,Nagarkurnool,Kalwakurthy,Onion,4,5
2016-2017,Rabi,Nagarkurnool,Vangoor,Onion,1,
2016-2017,Rabi,Nagarkurnool,Charkonda,Onion,,
2016-2017,Rabi,Nagarkurnool,Veldanda,Onion,5,6
2016-2017,Rabi,Nagarkurnool,Urkonda,Onion,,7
2016-2017,Rabi,Nagarkurnool,Achampet,Onion,0,
2016-2017,Rabi,Nagarkurnool,Amrabad,Onion,0,
2016-2017,Rabi,Nagarkurnool,Padara,Onion,,
2016-2017,Rabi,Nagarkurnool,Lingal,Onion,0,
2016-2017,Rabi,Nagarkurnool,Uppununthala,Onion,0,
2016-2017,Rabi,Nagarkurnool,Balmoor,Onion,0,
2016-2017,Rabi,Nagarkurnool,Kollapur,Onion,0,
2016-2017,Rabi,Nagarkurnool,Pentlavelly,Onion,,
2016-2017,Rabi,Nagarkurnool,Kodair,Onion,0,
2016-2017,Rabi,Nagarkurnool,Peddakothapally,Onion,12,35
2016-2017,Rabi,Nagarkurnool,Nagarkurnool,Onion,0,
2016-2017,Rabi,Nagarkurnool,Tadoor,Onion,0,
2016-2017,Rabi,Nagarkurnool,Bijnepally,Onion,2,
2016-2017,Rabi,Nagarkurnool,Thimmajipet,Onion,3,
2016-2017,Rabi,Nagarkurnool,Telkapally,Onion,10,
2016-2017,Rabi,Nagarkurnool,Kalwakurthy,Sugarcane,0,
2016-2017,Rabi,Nagarkurnool,Vangoor,Sugarcane,0,
2016-2017,Rabi,Nagarkurnool,Charkonda,Sugarcane,,
2016-2017,Rabi,Nagarkurnool,Veldanda,Sugarcane,0,
2016-2017,Rabi,Nagarkurnool,Urkonda,Sugarcane,,
2016-2017,Rabi,Nagarkurnool,Achampet,Sugarcane,0,
2016-2017,Rabi,Nagarkurnool,Amrabad,Sugarcane,0,
2016-2017,Rabi,Nagarkurnool,Padara,Sugarcane,,
2016-2017,Rabi,Nagarkurnool,Lingal,Sugarcane,0,
2016-2017,Rabi,Nagarkurnool,Uppununthala,Sugarcane,0,
2016-2017,Rabi,Nagarkurnool,Balmoor,Sugarcane,0,
2016-2017,Rabi,Nagarkurnool,Kollapur,Sugarcane,0,
2016-2017,Rabi,Nagarkurnool,Pentlavelly,Sugarcane,,
2016-2017,Rabi,Nagarkurnool,Kodair,Sugarcane,0,
2016-2017,Rabi,Nagarkurnool,Peddakothapally,Sugarcane,0,
2016-2017,Rabi,Nagarkurnool,Nagarkurnool,Sugarcane,0,
2016-2017,Rabi,Nagarkurnool,Tadoor,Sugarcane,0,
2016-2017,Rabi,Nagarkurnool,Bijnepally,Sugarcane,0,
2016-2017,Rabi,Nagarkurnool,Thimmajipet,Sugarcane,0,
2016-2017,Rabi,Nagarkurnool,Telkapally,Sugarcane,0,
2016-2017,Rabi,Nagarkurnool,Kalwakurthy,Groundnut,2831,1915
2016-2017,Rabi,Nagarkurnool,Vangoor,Groundnut,2499,1505
2016-2017,Rabi,Nagarkurnool,Charkonda,Groundnut,,650
2016-2017,Rabi,Nagarkurnool,Veldanda,Groundnut,1758,858
2016-2017,Rabi,Nagarkurnool,Urkonda,Groundnut,,723
2016-2017,Rabi,Nagarkurnool,Achampet,Groundnut,2262,4099
2016-2017,Rabi,Nagarkurnool,Amrabad,Groundnut,677,494
2016-2017,Rabi,Nagarkurnool,Padara,Groundnut,,114
2016-2017,Rabi,Nagarkurnool,Lingal,Groundnut,1570,2056
2016-2017,Rabi,Nagarkurnool,Uppununthala,Groundnut,2952,4588
2016-2017,Rabi,Nagarkurnool,Balmoor,Groundnut,1333,1522
2016-2017,Rabi,Nagarkurnool,Kollapur,Groundnut,2646,3389.56
2016-2017,Rabi,Nagarkurnool,Pentlavelly,Groundnut,,1026.16
2016-2017,Rabi,Nagarkurnool,Kodair,Groundnut,2937,4404
2016-2017,Rabi,Nagarkurnool,Peddakothapally,Groundnut,1689,6200
2016-2017,Rabi,Nagarkurnool,Nagarkurnool,Groundnut,967,2242
2016-2017,Rabi,Nagarkurnool,Tadoor,Groundnut,675,663.56
2016-2017,Rabi,Nagarkurnool,Bijnepally,Groundnut,1281,2250
2016-2017,Rabi,Nagarkurnool,Thimmajipet,Groundnut,741,598
2016-2017,Rabi,Nagarkurnool,Telkapally,Groundnut,1138,1438
2016-2017,Rabi,Nagarkurnool,Kalwakurthy,Sesamum,0,
2016-2017,Rabi,Nagarkurnool,Vangoor,Sesamum,0,
2016-2017,Rabi,Nagarkurnool,Charkonda,Sesamum,,
2016-2017,Rabi,Nagarkurnool,Veldanda,Sesamum,0,
2016-2017,Rabi,Nagarkurnool,Urkonda,Sesamum,,
2016-2017,Rabi,Nagarkurnool,Achampet,Sesamum,0,
2016-2017,Rabi,Nagarkurnool,Amrabad,Sesamum,0,
2016-2017,Rabi,Nagarkurnool,Padara,Sesamum,,
2016-2017,Rabi,Nagarkurnool,Lingal,Sesamum,0,
2016-2017,Rabi,Nagarkurnool,Uppununthala,Sesamum,0,
2016-2017,Rabi,Nagarkurnool,Balmoor,Sesamum,0,
2016-2017,Rabi,Nagarkurnool,Kollapur,Sesamum,13,
2016-2017,Rabi,Nagarkurnool,Pentlavelly,Sesamum,,
2016-2017,Rabi,Nagarkurnool,Kodair,Sesamum,0,
2016-2017,Rabi,Nagarkurnool,Peddakothapally,Sesamum,0,
2016-2017,Rabi,Nagarkurnool,Nagarkurnool,Sesamum,0,
2016-2017,Rabi,Nagarkurnool,Tadoor,Sesamum,0,
2016-2017,Rabi,Nagarkurnool,Bijnepally,Sesamum,0,
2016-2017,Rabi,Nagarkurnool,Thimmajipet,Sesamum,0,
2016-2017,Rabi,Nagarkurnool,Telkapally,Sesamum,0,
2016-2017,Rabi,Nagarkurnool,Kalwakurthy,Safflower,0,
2016-2017,Rabi,Nagarkurnool,Vangoor,Safflower,0,
2016-2017,Rabi,Nagarkurnool,Charkonda,Safflower,,
2016-2017,Rabi,Nagarkurnool,Veldanda,Safflower,0,
2016-2017,Rabi,Nagarkurnool,Urkonda,Safflower,,
2016-2017,Rabi,Nagarkurnool,Achampet,Safflower,0,
2016-2017,Rabi,Nagarkurnool,Amrabad,Safflower,0,
2016-2017,Rabi,Nagarkurnool,Padara,Safflower,,
2016-2017,Rabi,Nagarkurnool,Lingal,Safflower,0,
2016-2017,Rabi,Nagarkurnool,Uppununthala,Safflower,0,
2016-2017,Rabi,Nagarkurnool,Balmoor,Safflower,0,
2016-2017,Rabi,Nagarkurnool,Kollapur,Safflower,0,
2016-2017,Rabi,Nagarkurnool,Pentlavelly,Safflower,,
2016-2017,Rabi,Nagarkurnool,Kodair,Safflower,0,
2016-2017,Rabi,Nagarkurnool,Peddakothapally,Safflower,0,
2016-2017,Rabi,Nagarkurnool,Nagarkurnool,Safflower,0,
2016-2017,Rabi,Nagarkurnool,Tadoor,Safflower,0,
2016-2017,Rabi,Nagarkurnool,Bijnepally,Safflower,0,
2016-2017,Rabi,Nagarkurnool,Thimmajipet,Safflower,0,
2016-2017,Rabi,Nagarkurnool,Telkapally,Safflower,0,
2016-2017,Rabi,Nagarkurnool,Kalwakurthy,Sunflower,116,52
2016-2017,Rabi,Nagarkurnool,Vangoor,Sunflower,94,32
2016-2017,Rabi,Nagarkurnool,Charkonda,Sunflower,,20
2016-2017,Rabi,Nagarkurnool,Veldanda,Sunflower,98,6
2016-2017,Rabi,Nagarkurnool,Urkonda,Sunflower,,2
2016-2017,Rabi,Nagarkurnool,Achampet,Sunflower,40,
2016-2017,Rabi,Nagarkurnool,Amrabad,Sunflower,0,
2016-2017,Rabi,Nagarkurnool,Padara,Sunflower,,
2016-2017,Rabi,Nagarkurnool,Lingal,Sunflower,0,
2016-2017,Rabi,Nagarkurnool,Uppununthala,Sunflower,84,82
2016-2017,Rabi,Nagarkurnool,Balmoor,Sunflower,5,
2016-2017,Rabi,Nagarkurnool,Kollapur,Sunflower,,
2016-2017,Rabi,Nagarkurnool,Pentlavelly,Sunflower,,
2016-2017,Rabi,Nagarkurnool,Kodair,Sunflower,0,
2016-2017,Rabi,Nagarkurnool,Peddakothapally,Sunflower,0,
2016-2017,Rabi,Nagarkurnool,Nagarkurnool,Sunflower,4,
2016-2017,Rabi,Nagarkurnool,Tadoor,Sunflower,2,1.21
2016-2017,Rabi,Nagarkurnool,Bijnepally,Sunflower,9,2
2016-2017,Rabi,Nagarkurnool,Thimmajipet,Sunflower,0,
2016-2017,Rabi,Nagarkurnool,Telkapally,Sunflower,14,1
2016-2017,Rabi,Nagarkurnool,Kalwakurthy,Other oil seeds,3,
2016-2017,Rabi,Nagarkurnool,Vangoor,Other oil seeds,0,
2016-2017,Rabi,Nagarkurnool,Charkonda,Other oil seeds,,
2016-2017,Rabi,Nagarkurnool,Veldanda,Other oil seeds,36,
2016-2017,Rabi,Nagarkurnool,Urkonda,Other oil seeds,,
2016-2017,Rabi,Nagarkurnool,Achampet,Other oil seeds,0,
2016-2017,Rabi,Nagarkurnool,Amrabad,Other oil seeds,0,
2016-2017,Rabi,Nagarkurnool,Padara,Other oil seeds,0,
2016-2017,Rabi,Nagarkurnool,Lingal,Other oil seeds,5,
2016-2017,Rabi,Nagarkurnool,Uppununthala,Other oil seeds,21,
2016-2017,Rabi,Nagarkurnool,Balmoor,Other oil seeds,44,
2016-2017,Rabi,Nagarkurnool,Kollapur,Other oil seeds,6,
2016-2017,Rabi,Nagarkurnool,Pentlavelly,Other oil seeds,0,
2016-2017,Rabi,Nagarkurnool,Kodair,Other oil seeds,0,
2016-2017,Rabi,Nagarkurnool,Peddakothapally,Other oil seeds,3,
2016-2017,Rabi,Nagarkurnool,Nagarkurnool,Other oil seeds,10,
2016-2017,Rabi,Nagarkurnool,Tadoor,Other oil seeds,3,
2016-2017,Rabi,Nagarkurnool,Bijnepally,Other oil seeds,13,
2016-2017,Rabi,Nagarkurnool,Thimmajipet,Other oil seeds,16,
2016-2017,Rabi,Nagarkurnool,Telkapally,Other oil seeds,1,
2016-2017,Rabi,Nagarkurnool,Kalwakurthy,Turmeric,,
2016-2017,Rabi,Nagarkurnool,Vangoor,Turmeric,,
2016-2017,Rabi,Nagarkurnool,Charkonda,Turmeric,,
2016-2017,Rabi,Nagarkurnool,Veldanda,Turmeric,,
2016-2017,Rabi,Nagarkurnool,Urkonda,Turmeric,,
2016-2017,Rabi,Nagarkurnool,Achampet,Turmeric,,
2016-2017,Rabi,Nagarkurnool,Amrabad,Turmeric,,
2016-2017,Rabi,Nagarkurnool,Padara,Turmeric,,
2016-2017,Rabi,Nagarkurnool,Lingal,Turmeric,,
2016-2017,Rabi,Nagarkurnool,Uppununthala,Turmeric,,
2016-2017,Rabi,Nagarkurnool,Balmoor,Turmeric,,
2016-2017,Rabi,Nagarkurnool,Kollapur,Turmeric,,
2016-2017,Rabi,Nagarkurnool,Pentlavelly,Turmeric,,
2016-2017,Rabi,Nagarkurnool,Kodair,Turmeric,,
2016-2017,Rabi,Nagarkurnool,Peddakothapally,Turmeric,,
2016-2017,Rabi,Nagarkurnool,Nagarkurnool,Turmeric,,
2016-2017,Rabi,Nagarkurnool,Tadoor,Turmeric,,
2016-2017,Rabi,Nagarkurnool,Bijnepally,Turmeric,,
2016-2017,Rabi,Nagarkurnool,Thimmajipet,Turmeric,,
2016-2017,Rabi,Nagarkurnool,Telkapally,Turmeric,,
2016-2017,Rabi,Nagarkurnool,Kalwakurthy,Other non-food crops,90,
2016-2017,Rabi,Nagarkurnool,Vangoor,Other non-food crops,22,19
2016-2017,Rabi,Nagarkurnool,Charkonda,Other non-food crops,,24
2016-2017,Rabi,Nagarkurnool,Veldanda,Other non-food crops,176,53
2016-2017,Rabi,Nagarkurnool,Urkonda,Other non-food crops,,67
2016-2017,Rabi,Nagarkurnool,Achampet,Other non-food crops,0,
2016-2017,Rabi,Nagarkurnool,Amrabad,Other non-food crops,0,
2016-2017,Rabi,Nagarkurnool,Padara,Other non-food crops,,
2016-2017,Rabi,Nagarkurnool,Lingal,Other non-food crops,0,
2016-2017,Rabi,Nagarkurnool,Uppununthala,Other non-food crops,0,
2016-2017,Rabi,Nagarkurnool,Balmoor,Other non-food crops,0,
2016-2017,Rabi,Nagarkurnool,Kollapur,Other non-food crops,0,
2016-2017,Rabi,Nagarkurnool,Pentlavelly,Other non-food crops,,
2016-2017,Rabi,Nagarkurnool,Kodair,Other non-food crops,0,
2016-2017,Rabi,Nagarkurnool,Peddakothapally,Other non-food crops,0,
2016-2017,Rabi,Nagarkurnool,Nagarkurnool,Other non-food crops,0,
2016-2017,Rabi,Nagarkurnool,Tadoor,Other non-food crops,0,
2016-2017,Rabi,Nagarkurnool,Bijnepally,Other non-food crops,0,
2016-2017,Rabi,Nagarkurnool,Thimmajipet,Other non-food crops,0,
2016-2017,Rabi,Nagarkurnool,Telkapally,Other non-food crops,0,
2016-2017,Rabi,Nagarkurnool,Kalwakurthy,Other food crops,,70
2016-2017,Rabi,Nagarkurnool,Vangoor,Other food crops,,26
2016-2017,Rabi,Nagarkurnool,Charkonda,Other food crops,,18
2016-2017,Rabi,Nagarkurnool,Veldanda,Other food crops,,49
2016-2017,Rabi,Nagarkurnool,Urkonda,Other food crops,,55
2016-2017,Rabi,Nagarkurnool,Achampet,Other food crops,,
2016-2017,Rabi,Nagarkurnool,Amrabad,Other food crops,,0
2016-2017,Rabi,Nagarkurnool,Padara,Other food crops,,
2016-2017,Rabi,Nagarkurnool,Lingal,Other food crops,,
2016-2017,Rabi,Nagarkurnool,Uppununthala,Other food crops,,179
2016-2017,Rabi,Nagarkurnool,Balmoor,Other food crops,,70
2016-2017,Rabi,Nagarkurnool,Kollapur,Other food crops,,
2016-2017,Rabi,Nagarkurnool,Pentlavelly,Other food crops,,
2016-2017,Rabi,Nagarkurnool,Kodair,Other food crops,,
2016-2017,Rabi,Nagarkurnool,Peddakothapally,Other food crops,,150
2016-2017,Rabi,Nagarkurnool,Nagarkurnool,Other food crops,,48
2016-2017,Rabi,Nagarkurnool,Tadoor,Other food crops,,19.03
2016-2017,Rabi,Nagarkurnool,Bijnepally,Other food crops,,159
2016-2017,Rabi,Nagarkurnool,Thimmajipet,Other food crops,,
2016-2017,Rabi,Nagarkurnool,Telkapally,Other food crops,,28
2016-2017,Rabi,Nagarkurnool,Kalwakurthy,Total,3721,2484
2016-2017,Rabi,Nagarkurnool,Vangoor,Total,3776,1925
2016-2017,Rabi,Nagarkurnool,Charkonda,Total,0,872
2016-2017,Rabi,Nagarkurnool,Veldanda,Total,2765,1269
2016-2017,Rabi,Nagarkurnool,Urkonda,Total,0,1026
2016-2017,Rabi,Nagarkurnool,Achampet,Total,2928,4225
2016-2017,Rabi,Nagarkurnool,Amrabad,Total,972,594
2016-2017,Rabi,Nagarkurnool,Padara,Total,0,594.7
2016-2017,Rabi,Nagarkurnool,Lingal,Total,1780,2315
2016-2017,Rabi,Nagarkurnool,Uppununthala,Total,3597,5502
2016-2017,Rabi,Nagarkurnool,Balmoor,Total,1734,1982
2016-2017,Rabi,Nagarkurnool,Kollapur,Total,4511,4870.09
2016-2017,Rabi,Nagarkurnool,Pentlavelly,Total,0,1544.11
2016-2017,Rabi,Nagarkurnool,Kodair,Total,3277,5164
2016-2017,Rabi,Nagarkurnool,Peddakothapally,Total,2191,7667
2016-2017,Rabi,Nagarkurnool,Nagarkurnool,Total,1362,3288
2016-2017,Rabi,Nagarkurnool,Tadoor,Total,1166,1416.26149797571
2016-2017,Rabi,Nagarkurnool,Bijnepally,Total,2022,3764
2016-2017,Rabi,Nagarkurnool,Thimmajipet,Total,1306,1016
2016-2017,Rabi,Nagarkurnool,Telkapally,Total,1476,2482
