year,season,districtName,mandalName,crop,normalAreaSown,actualAreaSown
2017-2018,Kharif,Nirmal,Kubeer,Paddy,90,71
2017-2018,Kharif,Nirmal,Tanoor,Paddy,25,0
2017-2018,Kharif,Nirmal,Basar,Paddy,57,251
2017-2018,Kharif,Nirmal,Mudhole,Paddy,1018,1914
2017-2018,Kharif,Nirmal,Bhainsa,Paddy,638,675
2017-2018,Kharif,Nirmal,Kuntala,Paddy,1421,702
2017-2018,Kharif,Nirmal,Narsapur G,Paddy,218,1975
2017-2018,Kharif,Nirmal,Lokeshwaram,Paddy,1993,870
2017-2018,Kharif,Nirmal,Dilawarpur,Paddy,1122,777
2017-2018,Kharif,Nirmal,Sarangapur,Paddy,1948,2316
2017-2018,Kharif,Nirmal,Nirmal Urban,Paddy,6,48
2017-2018,Kharif,Nirmal,Nirmal Rural,Paddy,1401,1018
2017-2018,Kharif,Nirmal,Soan,Paddy,257,715
2017-2018,Kharif,Nirmal,Laxmanchanda,Paddy,1408,2238
2017-2018,Kharif,Nirmal,Mamada,Paddy,882,1478
2017-2018,Kharif,Nirmal,Pembi,Paddy,72,97
2017-2018,Kharif,Nirmal,Khanapur,Paddy,1444,1641
2017-2018,Kharif,Nirmal,Kaddam peddur,Paddy,2070,1568
2017-2018,Kharif,Nirmal,Dasturabad,Paddy,188,1958
2017-2018,Kharif,Nirmal,Kubeer,Jowar,190,0
2017-2018,Kharif,Nirmal,Tanoor,Jowar,112,4
2017-2018,Kharif,Nirmal,Basar,Jowar,0,0
2017-2018,Kharif,Nirmal,Mudhole,Jowar,0,0
2017-2018,Kharif,Nirmal,Bhainsa,Jowar,6,0
2017-2018,Kharif,Nirmal,Kuntala,Jowar,16,0
2017-2018,Kharif,Nirmal,Narsapur G,Jowar,0,0
2017-2018,Kharif,Nirmal,Lokeshwaram,Jowar,0,0
2017-2018,Kharif,Nirmal,Dilawarpur,Jowar,0,0
2017-2018,Kharif,Nirmal,Sarangapur,Jowar,1,0
2017-2018,Kharif,Nirmal,Nirmal Urban,Jowar,0,0
2017-2018,Kharif,Nirmal,Nirmal Rural,Jowar,0,0
2017-2018,Kharif,Nirmal,Soan,Jowar,0,0
2017-2018,Kharif,Nirmal,Laxmanchanda,Jowar,0,0
2017-2018,Kharif,Nirmal,Mamada,Jowar,4,0
2017-2018,Kharif,Nirmal,Pembi,Jowar,0,0
2017-2018,Kharif,Nirmal,Khanapur,Jowar,24,0
2017-2018,Kharif,Nirmal,Kaddam peddur,Jowar,4,0
2017-2018,Kharif,Nirmal,Dasturabad,Jowar,0,0
2017-2018,Kharif,Nirmal,Kubeer,Maize,24,10
2017-2018,Kharif,Nirmal,Tanoor,Maize,0,1
2017-2018,Kharif,Nirmal,Basar,Maize,0,0
2017-2018,Kharif,Nirmal,Mudhole,Maize,6,3
2017-2018,Kharif,Nirmal,Bhainsa,Maize,115,1
2017-2018,Kharif,Nirmal,Kuntala,Maize,28,0
2017-2018,Kharif,Nirmal,Narsapur G,Maize,23,0
2017-2018,Kharif,Nirmal,Lokeshwaram,Maize,33,31
2017-2018,Kharif,Nirmal,Dilawarpur,Maize,499,607
2017-2018,Kharif,Nirmal,Sarangapur,Maize,200,99
2017-2018,Kharif,Nirmal,Nirmal Urban,Maize,1,1
2017-2018,Kharif,Nirmal,Nirmal Rural,Maize,1309,1066
2017-2018,Kharif,Nirmal,Soan,Maize,220,976
2017-2018,Kharif,Nirmal,Laxmanchanda,Maize,1786,1750
2017-2018,Kharif,Nirmal,Mamada,Maize,1451,2044
2017-2018,Kharif,Nirmal,Pembi,Maize,84,279
2017-2018,Kharif,Nirmal,Khanapur,Maize,1275,509
2017-2018,Kharif,Nirmal,Kaddam peddur,Maize,1137,575
2017-2018,Kharif,Nirmal,Dasturabad,Maize,71,31
2017-2018,Kharif,Nirmal,Kubeer,Red Gram,1146,1221
2017-2018,Kharif,Nirmal,Tanoor,Red Gram,832,1658
2017-2018,Kharif,Nirmal,Basar,Red Gram,69,312
2017-2018,Kharif,Nirmal,Mudhole,Red Gram,593,437
2017-2018,Kharif,Nirmal,Bhainsa,Red Gram,912,1235
2017-2018,Kharif,Nirmal,Kuntala,Red Gram,601,295
2017-2018,Kharif,Nirmal,Narsapur G,Red Gram,50,195
2017-2018,Kharif,Nirmal,Lokeshwaram,Red Gram,195,365
2017-2018,Kharif,Nirmal,Dilawarpur,Red Gram,311,198
2017-2018,Kharif,Nirmal,Sarangapur,Red Gram,286,502
2017-2018,Kharif,Nirmal,Nirmal Urban,Red Gram,0,1
2017-2018,Kharif,Nirmal,Nirmal Rural,Red Gram,260,248
2017-2018,Kharif,Nirmal,Soan,Red Gram,24,208
2017-2018,Kharif,Nirmal,Laxmanchanda,Red Gram,63,346
2017-2018,Kharif,Nirmal,Mamada,Red Gram,291,559
2017-2018,Kharif,Nirmal,Pembi,Red Gram,37,281
2017-2018,Kharif,Nirmal,Khanapur,Red Gram,172,67
2017-2018,Kharif,Nirmal,Kaddam peddur,Red Gram,249,146
2017-2018,Kharif,Nirmal,Dasturabad,Red Gram,11,7
2017-2018,Kharif,Nirmal,Kubeer,Black Gram,231,315
2017-2018,Kharif,Nirmal,Tanoor,Black Gram,984,1403
2017-2018,Kharif,Nirmal,Basar,Black Gram,98,838
2017-2018,Kharif,Nirmal,Mudhole,Black Gram,813,658
2017-2018,Kharif,Nirmal,Bhainsa,Black Gram,230,764
2017-2018,Kharif,Nirmal,Kuntala,Black Gram,169,33
2017-2018,Kharif,Nirmal,Narsapur G,Black Gram,69,134
2017-2018,Kharif,Nirmal,Lokeshwaram,Black Gram,134,149
2017-2018,Kharif,Nirmal,Dilawarpur,Black Gram,30,51
2017-2018,Kharif,Nirmal,Sarangapur,Black Gram,29,20
2017-2018,Kharif,Nirmal,Nirmal Urban,Black Gram,0,1
2017-2018,Kharif,Nirmal,Nirmal Rural,Black Gram,33,41
2017-2018,Kharif,Nirmal,Soan,Black Gram,5,3
2017-2018,Kharif,Nirmal,Laxmanchanda,Black Gram,23,24
2017-2018,Kharif,Nirmal,Mamada,Black Gram,23,44
2017-2018,Kharif,Nirmal,Pembi,Black Gram,8,0
2017-2018,Kharif,Nirmal,Khanapur,Black Gram,24,7
2017-2018,Kharif,Nirmal,Kaddam peddur,Black Gram,16,14
2017-2018,Kharif,Nirmal,Dasturabad,Black Gram,9,0
2017-2018,Kharif,Nirmal,Kubeer,Green Gram,144,144
2017-2018,Kharif,Nirmal,Tanoor,Green Gram,331,469
2017-2018,Kharif,Nirmal,Basar,Green Gram,16,53
2017-2018,Kharif,Nirmal,Mudhole,Green Gram,92,88
2017-2018,Kharif,Nirmal,Bhainsa,Green Gram,62,143
2017-2018,Kharif,Nirmal,Kuntala,Green Gram,58,17
2017-2018,Kharif,Nirmal,Narsapur G,Green Gram,7,24
2017-2018,Kharif,Nirmal,Lokeshwaram,Green Gram,24,87
2017-2018,Kharif,Nirmal,Dilawarpur,Green Gram,48,19
2017-2018,Kharif,Nirmal,Sarangapur,Green Gram,33,6
2017-2018,Kharif,Nirmal,Nirmal Urban,Green Gram,0,0
2017-2018,Kharif,Nirmal,Nirmal Rural,Green Gram,53,43
2017-2018,Kharif,Nirmal,Soan,Green Gram,5,4
2017-2018,Kharif,Nirmal,Laxmanchanda,Green Gram,22,20
2017-2018,Kharif,Nirmal,Mamada,Green Gram,86,152
2017-2018,Kharif,Nirmal,Pembi,Green Gram,23,0
2017-2018,Kharif,Nirmal,Khanapur,Green Gram,190,49
2017-2018,Kharif,Nirmal,Kaddam peddur,Green Gram,352,101
2017-2018,Kharif,Nirmal,Dasturabad,Green Gram,29,16
2017-2018,Kharif,Nirmal,Kubeer,Cow Gram,0,0
2017-2018,Kharif,Nirmal,Tanoor,Cow Gram,0,0
2017-2018,Kharif,Nirmal,Basar,Cow Gram,0,0
2017-2018,Kharif,Nirmal,Mudhole,Cow Gram,0,0
2017-2018,Kharif,Nirmal,Bhainsa,Cow Gram,0,0
2017-2018,Kharif,Nirmal,Kuntala,Cow Gram,0,0
2017-2018,Kharif,Nirmal,Narsapur G,Cow Gram,0,0
2017-2018,Kharif,Nirmal,Lokeshwaram,Cow Gram,0,0
2017-2018,Kharif,Nirmal,Dilawarpur,Cow Gram,0,0
2017-2018,Kharif,Nirmal,Sarangapur,Cow Gram,0,0
2017-2018,Kharif,Nirmal,Nirmal Urban,Cow Gram,0,0
2017-2018,Kharif,Nirmal,Nirmal Rural,Cow Gram,0,0
2017-2018,Kharif,Nirmal,Soan,Cow Gram,0,0
2017-2018,Kharif,Nirmal,Laxmanchanda,Cow Gram,9,0
2017-2018,Kharif,Nirmal,Mamada,Cow Gram,1,0
2017-2018,Kharif,Nirmal,Pembi,Cow Gram,0,0
2017-2018,Kharif,Nirmal,Khanapur,Cow Gram,14,18
2017-2018,Kharif,Nirmal,Kaddam peddur,Cow Gram,4,44
2017-2018,Kharif,Nirmal,Dasturabad,Cow Gram,0,0
2017-2018,Kharif,Nirmal,Kubeer,Soyabean,4706,5271
2017-2018,Kharif,Nirmal,Tanoor,Soyabean,4999,5022
2017-2018,Kharif,Nirmal,Basar,Soyabean,628,2337
2017-2018,Kharif,Nirmal,Mudhole,Soyabean,4443,3007
2017-2018,Kharif,Nirmal,Bhainsa,Soyabean,5218,5482
2017-2018,Kharif,Nirmal,Kuntala,Soyabean,2505,1890
2017-2018,Kharif,Nirmal,Narsapur G,Soyabean,467,1613
2017-2018,Kharif,Nirmal,Lokeshwaram,Soyabean,2413,1721
2017-2018,Kharif,Nirmal,Dilawarpur,Soyabean,2309,1490
2017-2018,Kharif,Nirmal,Sarangapur,Soyabean,1927,3772
2017-2018,Kharif,Nirmal,Nirmal Urban,Soyabean,2,6
2017-2018,Kharif,Nirmal,Nirmal Rural,Soyabean,2447,1366
2017-2018,Kharif,Nirmal,Soan,Soyabean,209,807
2017-2018,Kharif,Nirmal,Laxmanchanda,Soyabean,1665,395
2017-2018,Kharif,Nirmal,Mamada,Soyabean,1535,742
2017-2018,Kharif,Nirmal,Pembi,Soyabean,34,2
2017-2018,Kharif,Nirmal,Khanapur,Soyabean,596,23
2017-2018,Kharif,Nirmal,Kaddam peddur,Soyabean,305,70
2017-2018,Kharif,Nirmal,Dasturabad,Soyabean,9,0
2017-2018,Kharif,Nirmal,Kubeer,Cotton,12699,10615
2017-2018,Kharif,Nirmal,Tanoor,Cotton,8683,8432
2017-2018,Kharif,Nirmal,Basar,Cotton,563,3147
2017-2018,Kharif,Nirmal,Mudhole,Cotton,8130,5210
2017-2018,Kharif,Nirmal,Bhainsa,Cotton,8997,7725
2017-2018,Kharif,Nirmal,Kuntala,Cotton,6143,4465
2017-2018,Kharif,Nirmal,Narsapur G,Cotton,708,0
2017-2018,Kharif,Nirmal,Lokeshwaram,Cotton,4683,2873
2017-2018,Kharif,Nirmal,Dilawarpur,Cotton,3026,2036
2017-2018,Kharif,Nirmal,Sarangapur,Cotton,4670,3705
2017-2018,Kharif,Nirmal,Nirmal Urban,Cotton,0,2
2017-2018,Kharif,Nirmal,Nirmal Rural,Cotton,942,191
2017-2018,Kharif,Nirmal,Soan,Cotton,12,85
2017-2018,Kharif,Nirmal,Laxmanchanda,Cotton,676,475
2017-2018,Kharif,Nirmal,Mamada,Cotton,1402,554
2017-2018,Kharif,Nirmal,Pembi,Cotton,170,0
2017-2018,Kharif,Nirmal,Khanapur,Cotton,1586,0
2017-2018,Kharif,Nirmal,Kaddam peddur,Cotton,2665,89
2017-2018,Kharif,Nirmal,Dasturabad,Cotton,150,0
2017-2018,Kharif,Nirmal,Kubeer,Sugarcane,0,0
2017-2018,Kharif,Nirmal,Tanoor,Sugarcane,0,0
2017-2018,Kharif,Nirmal,Basar,Sugarcane,0,0
2017-2018,Kharif,Nirmal,Mudhole,Sugarcane,1,0
2017-2018,Kharif,Nirmal,Bhainsa,Sugarcane,1,0
2017-2018,Kharif,Nirmal,Kuntala,Sugarcane,0,0
2017-2018,Kharif,Nirmal,Narsapur G,Sugarcane,0,0
2017-2018,Kharif,Nirmal,Lokeshwaram,Sugarcane,0,0
2017-2018,Kharif,Nirmal,Dilawarpur,Sugarcane,0,2
2017-2018,Kharif,Nirmal,Sarangapur,Sugarcane,0,0
2017-2018,Kharif,Nirmal,Nirmal Urban,Sugarcane,0,0
2017-2018,Kharif,Nirmal,Nirmal Rural,Sugarcane,0,0
2017-2018,Kharif,Nirmal,Soan,Sugarcane,0,0
2017-2018,Kharif,Nirmal,Laxmanchanda,Sugarcane,0,0
2017-2018,Kharif,Nirmal,Mamada,Sugarcane,0,0
2017-2018,Kharif,Nirmal,Pembi,Sugarcane,0,0
2017-2018,Kharif,Nirmal,Khanapur,Sugarcane,0,0
2017-2018,Kharif,Nirmal,Kaddam peddur,Sugarcane,0,0
2017-2018,Kharif,Nirmal,Dasturabad,Sugarcane,0,0
2017-2018,Kharif,Nirmal,Kubeer,Chillies,78,14
2017-2018,Kharif,Nirmal,Tanoor,Chillies,219,33
2017-2018,Kharif,Nirmal,Basar,Chillies,9,17
2017-2018,Kharif,Nirmal,Mudhole,Chillies,137,13
2017-2018,Kharif,Nirmal,Bhainsa,Chillies,262,42
2017-2018,Kharif,Nirmal,Kuntala,Chillies,90,51
2017-2018,Kharif,Nirmal,Narsapur G,Chillies,8,0
2017-2018,Kharif,Nirmal,Lokeshwaram,Chillies,24,37
2017-2018,Kharif,Nirmal,Dilawarpur,Chillies,0,22
2017-2018,Kharif,Nirmal,Sarangapur,Chillies,283,0
2017-2018,Kharif,Nirmal,Nirmal Urban,Chillies,0,0
2017-2018,Kharif,Nirmal,Nirmal Rural,Chillies,16,0
2017-2018,Kharif,Nirmal,Soan,Chillies,0,0
2017-2018,Kharif,Nirmal,Laxmanchanda,Chillies,6,0
2017-2018,Kharif,Nirmal,Mamada,Chillies,12,0
2017-2018,Kharif,Nirmal,Pembi,Chillies,0,0
2017-2018,Kharif,Nirmal,Khanapur,Chillies,14,0
2017-2018,Kharif,Nirmal,Kaddam peddur,Chillies,31,0
2017-2018,Kharif,Nirmal,Dasturabad,Chillies,0,0
2017-2018,Kharif,Nirmal,Kubeer,Turmeric,20,81
2017-2018,Kharif,Nirmal,Tanoor,Turmeric,51,111
2017-2018,Kharif,Nirmal,Basar,Turmeric,8,23
2017-2018,Kharif,Nirmal,Mudhole,Turmeric,29,70
2017-2018,Kharif,Nirmal,Bhainsa,Turmeric,62,168
2017-2018,Kharif,Nirmal,Kuntala,Turmeric,74,94
2017-2018,Kharif,Nirmal,Narsapur G,Turmeric,37,144
2017-2018,Kharif,Nirmal,Lokeshwaram,Turmeric,52,197
2017-2018,Kharif,Nirmal,Dilawarpur,Turmeric,527,482
2017-2018,Kharif,Nirmal,Sarangapur,Turmeric,343,300
2017-2018,Kharif,Nirmal,Nirmal Urban,Turmeric,0,1
2017-2018,Kharif,Nirmal,Nirmal Rural,Turmeric,1243,782
2017-2018,Kharif,Nirmal,Soan,Turmeric,139,680
2017-2018,Kharif,Nirmal,Laxmanchanda,Turmeric,1406,1473
2017-2018,Kharif,Nirmal,Mamada,Turmeric,1243,1554
2017-2018,Kharif,Nirmal,Pembi,Turmeric,55,190
2017-2018,Kharif,Nirmal,Khanapur,Turmeric,1044,499
2017-2018,Kharif,Nirmal,Kaddam peddur,Turmeric,691,453
2017-2018,Kharif,Nirmal,Dasturabad,Turmeric,30,26
