year,season,districtName,mandalName,crop,normalAreaSown,actualAreaSown
2016-2017,Rabi,Nirmal,Kubeer,Paddy,12,8
2016-2017,Rabi,Nirmal,Bhainsa,Paddy,349,6
2016-2017,Rabi,Nirmal,Tanoor,Paddy,5,95
2016-2017,Rabi,Nirmal,Mudhole,Paddy,270,422
2016-2017,Rabi,Nirmal,Basar,Paddy,77,716
2016-2017,Rabi,Nirmal,Lokeshwaram,Paddy,507,597
2016-2017,Rabi,Nirmal,Kuntala,Paddy,1120,1647
2016-2017,Rabi,Nirmal,Narsapur G,Paddy,1027,809
2016-2017,Rabi,Nirmal,Dilawarpur,Paddy,1190,544
2016-2017,Rabi,Nirmal,Nirmal Urban,Paddy,6,2238
2016-2017,Rabi,Nirmal,Nirmal Rural,Paddy,984,30
2016-2017,Rabi,Nirmal,Soan,Paddy,681,874
2016-2017,Rabi,Nirmal,Sarangapur,Paddy,1136,1826
2016-2017,Rabi,Nirmal,Laxmanchanda,Paddy,231,2850
2016-2017,Rabi,Nirmal,Mamda,Paddy,488,1088
2016-2017,Rabi,Nirmal,Khanapur,Paddy,499,210
2016-2017,Rabi,Nirmal,Pembi,Paddy,46,1016
2016-2017,Rabi,Nirmal,Kaddam,Paddy,430,1105
2016-2017,Rabi,Nirmal,Dasturabad ,Paddy,355,1038
2016-2017,Rabi,Nirmal,Kubeer,Wheat,215,316
2016-2017,Rabi,Nirmal,Bhainsa,Wheat,210,379
2016-2017,Rabi,Nirmal,Tanoor,Wheat,100,18
2016-2017,Rabi,Nirmal,Mudhole,Wheat,78,22
2016-2017,Rabi,Nirmal,Basar,Wheat,20,418
2016-2017,Rabi,Nirmal,Lokeshwaram,Wheat,9,31
2016-2017,Rabi,Nirmal,Kuntala,Wheat,113,0
2016-2017,Rabi,Nirmal,Narsapur G,Wheat,61,17
2016-2017,Rabi,Nirmal,Dilawarpur,Wheat,44,24
2016-2017,Rabi,Nirmal,Nirmal Urban,Wheat,1,14
2016-2017,Rabi,Nirmal,Nirmal Rural,Wheat,34,0
2016-2017,Rabi,Nirmal,Soan,Wheat,21,8
2016-2017,Rabi,Nirmal,Sarangapur,Wheat,34,0
2016-2017,Rabi,Nirmal,Laxmanchanda,Wheat,0,0
2016-2017,Rabi,Nirmal,Mamda,Wheat,0,0
2016-2017,Rabi,Nirmal,Khanapur,Wheat,0,0
2016-2017,Rabi,Nirmal,Pembi,Wheat,0,0
2016-2017,Rabi,Nirmal,Kaddam,Wheat,1,2
2016-2017,Rabi,Nirmal,Dasturabad ,Wheat,0,0
2016-2017,Rabi,Nirmal,Kubeer,Jowar,193,321
2016-2017,Rabi,Nirmal,Bhainsa,Jowar,190,629
2016-2017,Rabi,Nirmal,Tanoor,Jowar,226,227
2016-2017,Rabi,Nirmal,Mudhole,Jowar,299,318
2016-2017,Rabi,Nirmal,Basar,Jowar,176,214
2016-2017,Rabi,Nirmal,Lokeshwaram,Jowar,95,63
2016-2017,Rabi,Nirmal,Kuntala,Jowar,75,131
2016-2017,Rabi,Nirmal,Narsapur G,Jowar,97,53
2016-2017,Rabi,Nirmal,Dilawarpur,Jowar,234,180
2016-2017,Rabi,Nirmal,Nirmal Urban,Jowar,0,89
2016-2017,Rabi,Nirmal,Nirmal Rural,Jowar,74,0
2016-2017,Rabi,Nirmal,Soan,Jowar,14,45
2016-2017,Rabi,Nirmal,Sarangapur,Jowar,55,61
2016-2017,Rabi,Nirmal,Laxmanchanda,Jowar,0,101
2016-2017,Rabi,Nirmal,Mamda,Jowar,0,18
2016-2017,Rabi,Nirmal,Khanapur,Jowar,10,2
2016-2017,Rabi,Nirmal,Pembi,Jowar,15,3
2016-2017,Rabi,Nirmal,Kaddam,Jowar,21,22
2016-2017,Rabi,Nirmal,Dasturabad ,Jowar,2,0
2016-2017,Rabi,Nirmal,Kubeer,Bajra,1,0
2016-2017,Rabi,Nirmal,Bhainsa,Bajra,52,1
2016-2017,Rabi,Nirmal,Tanoor,Bajra,13,12
2016-2017,Rabi,Nirmal,Mudhole,Bajra,18,38
2016-2017,Rabi,Nirmal,Basar,Bajra,2,47
2016-2017,Rabi,Nirmal,Lokeshwaram,Bajra,85,95
2016-2017,Rabi,Nirmal,Kuntala,Bajra,156,92
2016-2017,Rabi,Nirmal,Narsapur G,Bajra,73,69
2016-2017,Rabi,Nirmal,Dilawarpur,Bajra,382,201
2016-2017,Rabi,Nirmal,Nirmal Urban,Bajra,1,117
2016-2017,Rabi,Nirmal,Nirmal Rural,Bajra,226,1
2016-2017,Rabi,Nirmal,Soan,Bajra,214,123
2016-2017,Rabi,Nirmal,Sarangapur,Bajra,27,607
2016-2017,Rabi,Nirmal,Laxmanchanda,Bajra,7,84
2016-2017,Rabi,Nirmal,Mamda,Bajra,13,38
2016-2017,Rabi,Nirmal,Khanapur,Bajra,0,0
2016-2017,Rabi,Nirmal,Pembi,Bajra,0,0
2016-2017,Rabi,Nirmal,Kaddam,Bajra,0,0
2016-2017,Rabi,Nirmal,Dasturabad ,Bajra,0,0
2016-2017,Rabi,Nirmal,Kubeer,Maize,163,225
2016-2017,Rabi,Nirmal,Bhainsa,Maize,965,163
2016-2017,Rabi,Nirmal,Tanoor,Maize,12,165
2016-2017,Rabi,Nirmal,Mudhole,Maize,247,703
2016-2017,Rabi,Nirmal,Basar,Maize,25,1985
2016-2017,Rabi,Nirmal,Lokeshwaram,Maize,1159,1900
2016-2017,Rabi,Nirmal,Kuntala,Maize,2093,1263
2016-2017,Rabi,Nirmal,Narsapur G,Maize,1184,1256
2016-2017,Rabi,Nirmal,Dilawarpur,Maize,1590,686
2016-2017,Rabi,Nirmal,Nirmal Urban,Maize,12,1494
2016-2017,Rabi,Nirmal,Nirmal Rural,Maize,678,5
2016-2017,Rabi,Nirmal,Soan,Maize,496,560
2016-2017,Rabi,Nirmal,Sarangapur,Maize,503,468
2016-2017,Rabi,Nirmal,Laxmanchanda,Maize,667,1444
2016-2017,Rabi,Nirmal,Mamda,Maize,800,1416
2016-2017,Rabi,Nirmal,Khanapur,Maize,297,340
2016-2017,Rabi,Nirmal,Pembi,Maize,129,200
2016-2017,Rabi,Nirmal,Kaddam,Maize,503,414
2016-2017,Rabi,Nirmal,Dasturabad ,Maize,155,155
2016-2017,Rabi,Nirmal,Kubeer,Green Gram,0,0
2016-2017,Rabi,Nirmal,Bhainsa,Green Gram,1,0
2016-2017,Rabi,Nirmal,Tanoor,Green Gram,0,0
2016-2017,Rabi,Nirmal,Mudhole,Green Gram,0,0
2016-2017,Rabi,Nirmal,Basar,Green Gram,0,0
2016-2017,Rabi,Nirmal,Lokeshwaram,Green Gram,0,0
2016-2017,Rabi,Nirmal,Kuntala,Green Gram,30,0
2016-2017,Rabi,Nirmal,Narsapur G,Green Gram,0,0
2016-2017,Rabi,Nirmal,Dilawarpur,Green Gram,0,0
2016-2017,Rabi,Nirmal,Nirmal Urban,Green Gram,0,0
2016-2017,Rabi,Nirmal,Nirmal Rural,Green Gram,3,0
2016-2017,Rabi,Nirmal,Soan,Green Gram,4,6
2016-2017,Rabi,Nirmal,Sarangapur,Green Gram,4,0
2016-2017,Rabi,Nirmal,Laxmanchanda,Green Gram,10,21
2016-2017,Rabi,Nirmal,Mamda,Green Gram,42,0
2016-2017,Rabi,Nirmal,Khanapur,Green Gram,48,13
2016-2017,Rabi,Nirmal,Pembi,Green Gram,15,21
2016-2017,Rabi,Nirmal,Kaddam,Green Gram,92,54
2016-2017,Rabi,Nirmal,Dasturabad ,Green Gram,54,54
2016-2017,Rabi,Nirmal,Kubeer,Black Gram,0,0
2016-2017,Rabi,Nirmal,Bhainsa,Black Gram,0,3
2016-2017,Rabi,Nirmal,Tanoor,Black Gram,0,0
2016-2017,Rabi,Nirmal,Mudhole,Black Gram,0,0
2016-2017,Rabi,Nirmal,Basar,Black Gram,0,0
2016-2017,Rabi,Nirmal,Lokeshwaram,Black Gram,0,0
2016-2017,Rabi,Nirmal,Kuntala,Black Gram,22,0
2016-2017,Rabi,Nirmal,Narsapur G,Black Gram,0,0
2016-2017,Rabi,Nirmal,Dilawarpur,Black Gram,0,0
2016-2017,Rabi,Nirmal,Nirmal Urban,Black Gram,0,0
2016-2017,Rabi,Nirmal,Nirmal Rural,Black Gram,2,0
2016-2017,Rabi,Nirmal,Soan,Black Gram,2,0
2016-2017,Rabi,Nirmal,Sarangapur,Black Gram,3,0
2016-2017,Rabi,Nirmal,Laxmanchanda,Black Gram,5,14
2016-2017,Rabi,Nirmal,Mamda,Black Gram,12,0
2016-2017,Rabi,Nirmal,Khanapur,Black Gram,3,0
2016-2017,Rabi,Nirmal,Pembi,Black Gram,3,0
2016-2017,Rabi,Nirmal,Kaddam,Black Gram,15,1
2016-2017,Rabi,Nirmal,Dasturabad ,Black Gram,0,0
2016-2017,Rabi,Nirmal,Kubeer,Bengal Gram,216,532
2016-2017,Rabi,Nirmal,Bhainsa,Bengal Gram,292,2387
2016-2017,Rabi,Nirmal,Tanoor,Bengal Gram,1575,1935
2016-2017,Rabi,Nirmal,Mudhole,Bengal Gram,484,839
2016-2017,Rabi,Nirmal,Basar,Bengal Gram,841,872
2016-2017,Rabi,Nirmal,Lokeshwaram,Bengal Gram,60,350
2016-2017,Rabi,Nirmal,Kuntala,Bengal Gram,146,132
2016-2017,Rabi,Nirmal,Narsapur G,Bengal Gram,70,78
2016-2017,Rabi,Nirmal,Dilawarpur,Bengal Gram,50,63
2016-2017,Rabi,Nirmal,Nirmal Urban,Bengal Gram,1,107
2016-2017,Rabi,Nirmal,Nirmal Rural,Bengal Gram,24,0
2016-2017,Rabi,Nirmal,Soan,Bengal Gram,14,4
2016-2017,Rabi,Nirmal,Sarangapur,Bengal Gram,25,30
2016-2017,Rabi,Nirmal,Laxmanchanda,Bengal Gram,0,0
2016-2017,Rabi,Nirmal,Mamda,Bengal Gram,274,126
2016-2017,Rabi,Nirmal,Khanapur,Bengal Gram,51,2
2016-2017,Rabi,Nirmal,Pembi,Bengal Gram,16,0
2016-2017,Rabi,Nirmal,Kaddam,Bengal Gram,12,4
2016-2017,Rabi,Nirmal,Dasturabad ,Bengal Gram,3,0
2016-2017,Rabi,Nirmal,Kubeer,Groundnut,15,24
2016-2017,Rabi,Nirmal,Bhainsa,Groundnut,108,123
2016-2017,Rabi,Nirmal,Tanoor,Groundnut,149,4
2016-2017,Rabi,Nirmal,Mudhole,Groundnut,64,63
2016-2017,Rabi,Nirmal,Basar,Groundnut,27,140
2016-2017,Rabi,Nirmal,Lokeshwaram,Groundnut,11,50
2016-2017,Rabi,Nirmal,Kuntala,Groundnut,90,22
2016-2017,Rabi,Nirmal,Narsapur G,Groundnut,32,14
2016-2017,Rabi,Nirmal,Dilawarpur,Groundnut,15,6
2016-2017,Rabi,Nirmal,Nirmal Urban,Groundnut,0,6
2016-2017,Rabi,Nirmal,Nirmal Rural,Groundnut,14,0
2016-2017,Rabi,Nirmal,Soan,Groundnut,35,8
2016-2017,Rabi,Nirmal,Sarangapur,Groundnut,40,64
2016-2017,Rabi,Nirmal,Laxmanchanda,Groundnut,0,48
2016-2017,Rabi,Nirmal,Mamda,Groundnut,39,8
2016-2017,Rabi,Nirmal,Khanapur,Groundnut,23,0
2016-2017,Rabi,Nirmal,Pembi,Groundnut,2,0
2016-2017,Rabi,Nirmal,Kaddam,Groundnut,16,0
2016-2017,Rabi,Nirmal,Dasturabad ,Groundnut,11,40
2016-2017,Rabi,Nirmal,Kubeer,Sesamum,30,102
2016-2017,Rabi,Nirmal,Bhainsa,Sesamum,193,59
2016-2017,Rabi,Nirmal,Tanoor,Sesamum,12,17
2016-2017,Rabi,Nirmal,Mudhole,Sesamum,55,70
2016-2017,Rabi,Nirmal,Basar,Sesamum,11,345
2016-2017,Rabi,Nirmal,Lokeshwaram,Sesamum,128,591
2016-2017,Rabi,Nirmal,Kuntala,Sesamum,378,174
2016-2017,Rabi,Nirmal,Narsapur G,Sesamum,382,287
2016-2017,Rabi,Nirmal,Dilawarpur,Sesamum,1160,506
2016-2017,Rabi,Nirmal,Nirmal Urban,Sesamum,1,722
2016-2017,Rabi,Nirmal,Nirmal Rural,Sesamum,625,2
2016-2017,Rabi,Nirmal,Soan,Sesamum,472,446
2016-2017,Rabi,Nirmal,Sarangapur,Sesamum,202,416
2016-2017,Rabi,Nirmal,Laxmanchanda,Sesamum,396,726
2016-2017,Rabi,Nirmal,Mamda,Sesamum,240,661
2016-2017,Rabi,Nirmal,Khanapur,Sesamum,147,28
2016-2017,Rabi,Nirmal,Pembi,Sesamum,55,178
2016-2017,Rabi,Nirmal,Kaddam,Sesamum,190,179
2016-2017,Rabi,Nirmal,Dasturabad ,Sesamum,66,62
2016-2017,Rabi,Nirmal,Kubeer,Sunflower,6,0
2016-2017,Rabi,Nirmal,Bhainsa,Sunflower,1,0
2016-2017,Rabi,Nirmal,Tanoor,Sunflower,0,0
2016-2017,Rabi,Nirmal,Mudhole,Sunflower,6,0
2016-2017,Rabi,Nirmal,Basar,Sunflower,6,0
2016-2017,Rabi,Nirmal,Lokeshwaram,Sunflower,0,0
2016-2017,Rabi,Nirmal,Kuntala,Sunflower,60,0
2016-2017,Rabi,Nirmal,Narsapur G,Sunflower,25,0
2016-2017,Rabi,Nirmal,Dilawarpur,Sunflower,0,0
2016-2017,Rabi,Nirmal,Nirmal Urban,Sunflower,0,0
2016-2017,Rabi,Nirmal,Nirmal Rural,Sunflower,9,0
2016-2017,Rabi,Nirmal,Soan,Sunflower,0,0
2016-2017,Rabi,Nirmal,Sarangapur,Sunflower,32,0
2016-2017,Rabi,Nirmal,Laxmanchanda,Sunflower,2,0
2016-2017,Rabi,Nirmal,Mamda,Sunflower,1,0
2016-2017,Rabi,Nirmal,Khanapur,Sunflower,8,0
2016-2017,Rabi,Nirmal,Pembi,Sunflower,1,0
2016-2017,Rabi,Nirmal,Kaddam,Sunflower,27,16
2016-2017,Rabi,Nirmal,Dasturabad ,Sunflower,0,0
