year,season,districtName,mandalName,crop,normalAreaSown,actualAreaSown
2016-2017,Kharif,Nirmal,Kubeer,Paddy,90,102
2016-2017,Kharif,Nirmal,Tanoor,Paddy,25,10
2016-2017,Kharif,Nirmal,Basar,Paddy,57,283
2016-2017,Kharif,Nirmal,Mudhole,Paddy,1018,1407
2016-2017,Kharif,Nirmal,Bhainsa,Paddy,638,793
2016-2017,Kharif,Nirmal,Kuntala,Paddy,1421,1187
2016-2017,Kharif,Nirmal,Narsapur G,Paddy,218,2818
2016-2017,Kharif,Nirmal,Lokeshwaram,Paddy,1993,1100
2016-2017,Kharif,Nirmal,Dilawarpur,Paddy,1122,1025
2016-2017,Kharif,Nirmal,Sarangapur,Paddy,1948,2783
2016-2017,Kharif,Nirmal,Nirmal Urban,Paddy,6,28
2016-2017,Kharif,Nirmal,Nirmal Rural,Paddy,1401,1161
2016-2017,Kharif,Nirmal,Soan,Paddy,257,1284
2016-2017,Kharif,Nirmal,Laxmanchanda,Paddy,1408,1790
2016-2017,Kharif,Nirmal,Mamada,Paddy,882,1408
2016-2017,Kharif,Nirmal,Pembi,Paddy,72,359
2016-2017,Kharif,Nirmal,Khanapur,Paddy,1444,1153
2016-2017,Kharif,Nirmal,Kaddam peddur,Paddy,2070,835
2016-2017,Kharif,Nirmal,Dasturabad,Paddy,188,943
2016-2017,Kharif,Nirmal,Kubeer,Jowar,190,20
2016-2017,Kharif,Nirmal,Tanoor,Jowar,112,20
2016-2017,Kharif,Nirmal,Basar,Jowar,0,0
2016-2017,Kharif,Nirmal,Mudhole,Jowar,0,0
2016-2017,Kharif,Nirmal,Bhainsa,Jowar,6,0
2016-2017,Kharif,Nirmal,Kuntala,Jowar,16,0
2016-2017,Kharif,Nirmal,Narsapur G,Jowar,0,0
2016-2017,Kharif,Nirmal,Lokeshwaram,Jowar,0,0
2016-2017,Kharif,Nirmal,Dilawarpur,Jowar,0,0
2016-2017,Kharif,Nirmal,Sarangapur,Jowar,1,0
2016-2017,Kharif,Nirmal,Nirmal Urban,Jowar,0,0
2016-2017,Kharif,Nirmal,Nirmal Rural,Jowar,0,0
2016-2017,Kharif,Nirmal,Soan,Jowar,0,0
2016-2017,Kharif,Nirmal,Laxmanchanda,Jowar,0,0
2016-2017,Kharif,Nirmal,Mamada,Jowar,4,0
2016-2017,Kharif,Nirmal,Pembi,Jowar,0,0
2016-2017,Kharif,Nirmal,Khanapur,Jowar,24,0
2016-2017,Kharif,Nirmal,Kaddam peddur,Jowar,4,2
2016-2017,Kharif,Nirmal,Dasturabad,Jowar,0,0
2016-2017,Kharif,Nirmal,Kubeer,Maize,24,3
2016-2017,Kharif,Nirmal,Tanoor,Maize,0,0
2016-2017,Kharif,Nirmal,Basar,Maize,0,0
2016-2017,Kharif,Nirmal,Mudhole,Maize,6,19
2016-2017,Kharif,Nirmal,Bhainsa,Maize,115,10
2016-2017,Kharif,Nirmal,Kuntala,Maize,28,0
2016-2017,Kharif,Nirmal,Narsapur G,Maize,23,30
2016-2017,Kharif,Nirmal,Lokeshwaram,Maize,33,129
2016-2017,Kharif,Nirmal,Dilawarpur,Maize,499,560
2016-2017,Kharif,Nirmal,Sarangapur,Maize,200,118
2016-2017,Kharif,Nirmal,Nirmal Urban,Maize,1,3
2016-2017,Kharif,Nirmal,Nirmal Rural,Maize,1309,1058
2016-2017,Kharif,Nirmal,Soan,Maize,220,1100
2016-2017,Kharif,Nirmal,Laxmanchanda,Maize,1786,2060
2016-2017,Kharif,Nirmal,Mamada,Maize,1451,1969
2016-2017,Kharif,Nirmal,Pembi,Maize,84,422
2016-2017,Kharif,Nirmal,Khanapur,Maize,1275,908
2016-2017,Kharif,Nirmal,Kaddam peddur,Maize,1137,948
2016-2017,Kharif,Nirmal,Dasturabad,Maize,71,356
2016-2017,Kharif,Nirmal,Kubeer,Red Gram,1146,1102
2016-2017,Kharif,Nirmal,Tanoor,Red Gram,832,1281
2016-2017,Kharif,Nirmal,Basar,Red Gram,69,343
2016-2017,Kharif,Nirmal,Mudhole,Red Gram,593,475
2016-2017,Kharif,Nirmal,Bhainsa,Red Gram,912,889
2016-2017,Kharif,Nirmal,Kuntala,Red Gram,601,192
2016-2017,Kharif,Nirmal,Narsapur G,Red Gram,50,150
2016-2017,Kharif,Nirmal,Lokeshwaram,Red Gram,195,250
2016-2017,Kharif,Nirmal,Dilawarpur,Red Gram,311,211
2016-2017,Kharif,Nirmal,Sarangapur,Red Gram,286,322
2016-2017,Kharif,Nirmal,Nirmal Urban,Red Gram,0,0
2016-2017,Kharif,Nirmal,Nirmal Rural,Red Gram,260,163
2016-2017,Kharif,Nirmal,Soan,Red Gram,24,120
2016-2017,Kharif,Nirmal,Laxmanchanda,Red Gram,63,36
2016-2017,Kharif,Nirmal,Mamada,Red Gram,291,450
2016-2017,Kharif,Nirmal,Pembi,Red Gram,37,186
2016-2017,Kharif,Nirmal,Khanapur,Red Gram,172,163
2016-2017,Kharif,Nirmal,Kaddam peddur,Red Gram,249,289
2016-2017,Kharif,Nirmal,Dasturabad,Red Gram,11,53
2016-2017,Kharif,Nirmal,Kubeer,Black Gram,231,486
2016-2017,Kharif,Nirmal,Tanoor,Black Gram,984,1317
2016-2017,Kharif,Nirmal,Basar,Black Gram,98,490
2016-2017,Kharif,Nirmal,Mudhole,Black Gram,813,371
2016-2017,Kharif,Nirmal,Bhainsa,Black Gram,230,786
2016-2017,Kharif,Nirmal,Kuntala,Black Gram,169,537
2016-2017,Kharif,Nirmal,Narsapur G,Black Gram,69,559
2016-2017,Kharif,Nirmal,Lokeshwaram,Black Gram,134,344
2016-2017,Kharif,Nirmal,Dilawarpur,Black Gram,30,89
2016-2017,Kharif,Nirmal,Sarangapur,Black Gram,29,57
2016-2017,Kharif,Nirmal,Nirmal Urban,Black Gram,0,0
2016-2017,Kharif,Nirmal,Nirmal Rural,Black Gram,33,44
2016-2017,Kharif,Nirmal,Soan,Black Gram,5,26
2016-2017,Kharif,Nirmal,Laxmanchanda,Black Gram,23,31
2016-2017,Kharif,Nirmal,Mamada,Black Gram,23,41
2016-2017,Kharif,Nirmal,Pembi,Black Gram,8,42
2016-2017,Kharif,Nirmal,Khanapur,Black Gram,24,36
2016-2017,Kharif,Nirmal,Kaddam peddur,Black Gram,16,40
2016-2017,Kharif,Nirmal,Dasturabad,Black Gram,9,47
2016-2017,Kharif,Nirmal,Kubeer,Green Gram,144,145
2016-2017,Kharif,Nirmal,Tanoor,Green Gram,331,565
2016-2017,Kharif,Nirmal,Basar,Green Gram,16,79
2016-2017,Kharif,Nirmal,Mudhole,Green Gram,92,59
2016-2017,Kharif,Nirmal,Bhainsa,Green Gram,62,58
2016-2017,Kharif,Nirmal,Kuntala,Green Gram,58,34
2016-2017,Kharif,Nirmal,Narsapur G,Green Gram,7,21
2016-2017,Kharif,Nirmal,Lokeshwaram,Green Gram,24,35
2016-2017,Kharif,Nirmal,Dilawarpur,Green Gram,48,27
2016-2017,Kharif,Nirmal,Sarangapur,Green Gram,33,13
2016-2017,Kharif,Nirmal,Nirmal Urban,Green Gram,0,0
2016-2017,Kharif,Nirmal,Nirmal Rural,Green Gram,53,38
2016-2017,Kharif,Nirmal,Soan,Green Gram,5,23
2016-2017,Kharif,Nirmal,Laxmanchanda,Green Gram,22,30
2016-2017,Kharif,Nirmal,Mamada,Green Gram,86,146
2016-2017,Kharif,Nirmal,Pembi,Green Gram,23,117
2016-2017,Kharif,Nirmal,Khanapur,Green Gram,190,172
2016-2017,Kharif,Nirmal,Kaddam peddur,Green Gram,352,267
2016-2017,Kharif,Nirmal,Dasturabad,Green Gram,29,147
2016-2017,Kharif,Nirmal,Kubeer,Cow Gram,0,0
2016-2017,Kharif,Nirmal,Tanoor,Cow Gram,0,0
2016-2017,Kharif,Nirmal,Basar,Cow Gram,0,0
2016-2017,Kharif,Nirmal,Mudhole,Cow Gram,0,0
2016-2017,Kharif,Nirmal,Bhainsa,Cow Gram,0,0
2016-2017,Kharif,Nirmal,Kuntala,Cow Gram,0,0
2016-2017,Kharif,Nirmal,Narsapur G,Cow Gram,0,0
2016-2017,Kharif,Nirmal,Lokeshwaram,Cow Gram,0,0
2016-2017,Kharif,Nirmal,Dilawarpur,Cow Gram,0,0
2016-2017,Kharif,Nirmal,Sarangapur,Cow Gram,0,0
2016-2017,Kharif,Nirmal,Nirmal Urban,Cow Gram,0,0
2016-2017,Kharif,Nirmal,Nirmal Rural,Cow Gram,0,0
2016-2017,Kharif,Nirmal,Soan,Cow Gram,0,0
2016-2017,Kharif,Nirmal,Laxmanchanda,Cow Gram,9,0
2016-2017,Kharif,Nirmal,Mamada,Cow Gram,1,0
2016-2017,Kharif,Nirmal,Pembi,Cow Gram,0,0
2016-2017,Kharif,Nirmal,Khanapur,Cow Gram,14,0
2016-2017,Kharif,Nirmal,Kaddam peddur,Cow Gram,4,8
2016-2017,Kharif,Nirmal,Dasturabad,Cow Gram,0,6
2016-2017,Kharif,Nirmal,Kubeer,Soyabean,4706,6712
2016-2017,Kharif,Nirmal,Tanoor,Soyabean,4999,6376
2016-2017,Kharif,Nirmal,Basar,Soyabean,628,3142
2016-2017,Kharif,Nirmal,Mudhole,Soyabean,4443,3984
2016-2017,Kharif,Nirmal,Bhainsa,Soyabean,5218,7426
2016-2017,Kharif,Nirmal,Kuntala,Soyabean,2505,2083
2016-2017,Kharif,Nirmal,Narsapur G,Soyabean,467,2853
2016-2017,Kharif,Nirmal,Lokeshwaram,Soyabean,2413,2387
2016-2017,Kharif,Nirmal,Dilawarpur,Soyabean,2309,2189
2016-2017,Kharif,Nirmal,Sarangapur,Soyabean,1927,4012
2016-2017,Kharif,Nirmal,Nirmal Urban,Soyabean,2,8
2016-2017,Kharif,Nirmal,Nirmal Rural,Soyabean,2447,1458
2016-2017,Kharif,Nirmal,Soan,Soyabean,209,1047
2016-2017,Kharif,Nirmal,Laxmanchanda,Soyabean,1665,444
2016-2017,Kharif,Nirmal,Mamada,Soyabean,1535,953
2016-2017,Kharif,Nirmal,Pembi,Soyabean,34,172
2016-2017,Kharif,Nirmal,Khanapur,Soyabean,596,249
2016-2017,Kharif,Nirmal,Kaddam peddur,Soyabean,305,169
2016-2017,Kharif,Nirmal,Dasturabad,Soyabean,9,46
2016-2017,Kharif,Nirmal,Kubeer,Cotton,12699,0
2016-2017,Kharif,Nirmal,Tanoor,Cotton,8683,6954
2016-2017,Kharif,Nirmal,Basar,Cotton,563,0
2016-2017,Kharif,Nirmal,Mudhole,Cotton,8130,3318
2016-2017,Kharif,Nirmal,Bhainsa,Cotton,8997,6196
2016-2017,Kharif,Nirmal,Kuntala,Cotton,6143,0
2016-2017,Kharif,Nirmal,Narsapur G,Cotton,708,3027
2016-2017,Kharif,Nirmal,Lokeshwaram,Cotton,4683,3571
2016-2017,Kharif,Nirmal,Dilawarpur,Cotton,3026,1178
2016-2017,Kharif,Nirmal,Sarangapur,Cotton,4670,3420
2016-2017,Kharif,Nirmal,Nirmal Urban,Cotton,0,0
2016-2017,Kharif,Nirmal,Nirmal Rural,Cotton,942,212
2016-2017,Kharif,Nirmal,Soan,Cotton,12,61
2016-2017,Kharif,Nirmal,Laxmanchanda,Cotton,676,126
2016-2017,Kharif,Nirmal,Mamada,Cotton,1402,1049
2016-2017,Kharif,Nirmal,Pembi,Cotton,170,851
2016-2017,Kharif,Nirmal,Khanapur,Cotton,1586,703
2016-2017,Kharif,Nirmal,Kaddam peddur,Cotton,2665,2092
2016-2017,Kharif,Nirmal,Dasturabad,Cotton,150,751
2016-2017,Kharif,Nirmal,Kubeer,Sugarcane,0,0
2016-2017,Kharif,Nirmal,Tanoor,Sugarcane,0,0
2016-2017,Kharif,Nirmal,Basar,Sugarcane,0,0
2016-2017,Kharif,Nirmal,Mudhole,Sugarcane,1,0
2016-2017,Kharif,Nirmal,Bhainsa,Sugarcane,1,4
2016-2017,Kharif,Nirmal,Kuntala,Sugarcane,0,0
2016-2017,Kharif,Nirmal,Narsapur G,Sugarcane,0,0
2016-2017,Kharif,Nirmal,Lokeshwaram,Sugarcane,0,0
2016-2017,Kharif,Nirmal,Dilawarpur,Sugarcane,0,2
2016-2017,Kharif,Nirmal,Sarangapur,Sugarcane,0,0
2016-2017,Kharif,Nirmal,Nirmal Urban,Sugarcane,0,0
2016-2017,Kharif,Nirmal,Nirmal Rural,Sugarcane,0,0
2016-2017,Kharif,Nirmal,Soan,Sugarcane,0,0
2016-2017,Kharif,Nirmal,Laxmanchanda,Sugarcane,0,0
2016-2017,Kharif,Nirmal,Mamada,Sugarcane,0,0
2016-2017,Kharif,Nirmal,Pembi,Sugarcane,0,0
2016-2017,Kharif,Nirmal,Khanapur,Sugarcane,0,0
2016-2017,Kharif,Nirmal,Kaddam peddur,Sugarcane,0,0
2016-2017,Kharif,Nirmal,Dasturabad,Sugarcane,0,0
2016-2017,Kharif,Nirmal,Kubeer,Chillies,78,8
2016-2017,Kharif,Nirmal,Tanoor,Chillies,219,193
2016-2017,Kharif,Nirmal,Basar,Chillies,9,43
2016-2017,Kharif,Nirmal,Mudhole,Chillies,137,49
2016-2017,Kharif,Nirmal,Bhainsa,Chillies,262,96
2016-2017,Kharif,Nirmal,Kuntala,Chillies,90,63
2016-2017,Kharif,Nirmal,Narsapur G,Chillies,8,0
2016-2017,Kharif,Nirmal,Lokeshwaram,Chillies,24,40
2016-2017,Kharif,Nirmal,Dilawarpur,Chillies,0,0
2016-2017,Kharif,Nirmal,Sarangapur,Chillies,283,123
2016-2017,Kharif,Nirmal,Nirmal Urban,Chillies,0,0
2016-2017,Kharif,Nirmal,Nirmal Rural,Chillies,16,0
2016-2017,Kharif,Nirmal,Soan,Chillies,0,0
2016-2017,Kharif,Nirmal,Laxmanchanda,Chillies,6,0
2016-2017,Kharif,Nirmal,Mamada,Chillies,12,0
2016-2017,Kharif,Nirmal,Pembi,Chillies,0,0
2016-2017,Kharif,Nirmal,Khanapur,Chillies,14,0
2016-2017,Kharif,Nirmal,Kaddam peddur,Chillies,31,0
2016-2017,Kharif,Nirmal,Dasturabad,Chillies,0,0
2016-2017,Kharif,Nirmal,Kubeer,Turmeric,20,60
2016-2017,Kharif,Nirmal,Tanoor,Turmeric,51,175
2016-2017,Kharif,Nirmal,Basar,Turmeric,8,38
2016-2017,Kharif,Nirmal,Mudhole,Turmeric,29,46
2016-2017,Kharif,Nirmal,Bhainsa,Turmeric,62,134
2016-2017,Kharif,Nirmal,Kuntala,Turmeric,74,66
2016-2017,Kharif,Nirmal,Narsapur G,Turmeric,37,83
2016-2017,Kharif,Nirmal,Lokeshwaram,Turmeric,52,188
2016-2017,Kharif,Nirmal,Dilawarpur,Turmeric,527,460
2016-2017,Kharif,Nirmal,Sarangapur,Turmeric,343,348
2016-2017,Kharif,Nirmal,Nirmal Urban,Turmeric,0,0
2016-2017,Kharif,Nirmal,Nirmal Rural,Turmeric,1243,722
2016-2017,Kharif,Nirmal,Soan,Turmeric,139,694
2016-2017,Kharif,Nirmal,Laxmanchanda,Turmeric,1406,1359
2016-2017,Kharif,Nirmal,Mamada,Turmeric,1243,1459
2016-2017,Kharif,Nirmal,Pembi,Turmeric,55,277
2016-2017,Kharif,Nirmal,Khanapur,Turmeric,1044,865
2016-2017,Kharif,Nirmal,Kaddam peddur,Turmeric,691,747
2016-2017,Kharif,Nirmal,Dasturabad,Turmeric,30,151
