year,season,districtName,mandalName,crop,normalAreaSown,actualAreaSown
2016-2017,Rabi,Nizamabad,Nizamabad North,Paddy,0,116
2016-2017,Rabi,Nizamabad,Nizamabad South,Paddy,0,187
2016-2017,Rabi,Nizamabad,Nizamabad Rural,Paddy,4043.6,3871
2016-2017,Rabi,Nizamabad,Mugpal,Paddy,0,2821
2016-2017,Rabi,Nizamabad,Dichpalle,Paddy,2642.8,4166
2016-2017,Rabi,Nizamabad,Indalwai,Paddy,0,3147
2016-2017,Rabi,Nizamabad,Jakranpalle,Paddy,1452.4,1820
2016-2017,Rabi,Nizamabad,Dharpalle,Paddy,1912.6,4223
2016-2017,Rabi,Nizamabad,Sirkonda,Paddy,3166.6,4192
2016-2017,Rabi,Nizamabad,Armur,Paddy,1945.2,4349
2016-2017,Rabi,Nizamabad,Makloor,Paddy,2593.2,6124
2016-2017,Rabi,Nizamabad,Nandipet,Paddy,3514,4644
2016-2017,Rabi,Nizamabad,Bheemgal,Paddy,2987.2,4482
2016-2017,Rabi,Nizamabad,Morthad,Paddy,2048.6,1818
2016-2017,Rabi,Nizamabad,Yergatla,Paddy,0,1411
2016-2017,Rabi,Nizamabad,Kammarpalle,Paddy,1403.8,2087
2016-2017,Rabi,Nizamabad,Balkonda,Paddy,1811.6,938
2016-2017,Rabi,Nizamabad,Mupkal,Paddy,0,1044
2016-2017,Rabi,Nizamabad,Mendora,Paddy,0,1416
2016-2017,Rabi,Nizamabad,Vailpur,Paddy,962.4,2220
2016-2017,Rabi,Nizamabad,Bodhan,Paddy,5682.2,10555
2016-2017,Rabi,Nizamabad,Yeda_Palle,Paddy,2512.2,4452
2016-2017,Rabi,Nizamabad,Ranjal,Paddy,1866.2,4298
2016-2017,Rabi,Nizamabad,Navipet,Paddy,2728.2,6586
2016-2017,Rabi,Nizamabad,Kotgiri,Paddy,5059.6,8779
2016-2017,Rabi,Nizamabad,Rudrur,Paddy,0,2368
2016-2017,Rabi,Nizamabad,Varni,Paddy,3590.2,6985
2016-2017,Rabi,Nizamabad,Nizamabad North,Wheat,0,0
2016-2017,Rabi,Nizamabad,Nizamabad South,Wheat,0,0
2016-2017,Rabi,Nizamabad,Nizamabad Rural,Wheat,5,0
2016-2017,Rabi,Nizamabad,Mugpal,Wheat,0,0
2016-2017,Rabi,Nizamabad,Dichpalle,Wheat,5,0
2016-2017,Rabi,Nizamabad,Indalwai,Wheat,0,0
2016-2017,Rabi,Nizamabad,Jakranpalle,Wheat,0,0
2016-2017,Rabi,Nizamabad,Dharpalle,Wheat,16.2,0
2016-2017,Rabi,Nizamabad,Sirkonda,Wheat,58.8,19
2016-2017,Rabi,Nizamabad,Armur,Wheat,2.6,0
2016-2017,Rabi,Nizamabad,Makloor,Wheat,4.2,0
2016-2017,Rabi,Nizamabad,Nandipet,Wheat,1.2,0
2016-2017,Rabi,Nizamabad,Bheemgal,Wheat,8.6,8
2016-2017,Rabi,Nizamabad,Morthad,Wheat,0,0
2016-2017,Rabi,Nizamabad,Yergatla,Wheat,0,0
2016-2017,Rabi,Nizamabad,Kammarpalle,Wheat,26.4,0
2016-2017,Rabi,Nizamabad,Balkonda,Wheat,0,0
2016-2017,Rabi,Nizamabad,Mupkal,Wheat,0,0
2016-2017,Rabi,Nizamabad,Mendora,Wheat,0,0
2016-2017,Rabi,Nizamabad,Vailpur,Wheat,0,0
2016-2017,Rabi,Nizamabad,Bodhan,Wheat,63.6,36
2016-2017,Rabi,Nizamabad,Yeda_Palle,Wheat,10.6,0
2016-2017,Rabi,Nizamabad,Ranjal,Wheat,9,38
2016-2017,Rabi,Nizamabad,Navipet,Wheat,18.2,0
2016-2017,Rabi,Nizamabad,Kotgiri,Wheat,33.8,15
2016-2017,Rabi,Nizamabad,Rudrur,Wheat,0,0
2016-2017,Rabi,Nizamabad,Varni,Wheat,19.8,8
2016-2017,Rabi,Nizamabad,Nizamabad North,Jowar,0,0
2016-2017,Rabi,Nizamabad,Nizamabad South,Jowar,0,0
2016-2017,Rabi,Nizamabad,Nizamabad Rural,Jowar,0,0
2016-2017,Rabi,Nizamabad,Mugpal,Jowar,0,0
2016-2017,Rabi,Nizamabad,Dichpalle,Jowar,4.2,23
2016-2017,Rabi,Nizamabad,Indalwai,Jowar,0,0
2016-2017,Rabi,Nizamabad,Jakranpalle,Jowar,0,0
2016-2017,Rabi,Nizamabad,Dharpalle,Jowar,0,0
2016-2017,Rabi,Nizamabad,Sirkonda,Jowar,0,0
2016-2017,Rabi,Nizamabad,Armur,Jowar,0,0
2016-2017,Rabi,Nizamabad,Makloor,Jowar,0,0
2016-2017,Rabi,Nizamabad,Nandipet,Jowar,0,0
2016-2017,Rabi,Nizamabad,Bheemgal,Jowar,0,0
2016-2017,Rabi,Nizamabad,Morthad,Jowar,0.4,0
2016-2017,Rabi,Nizamabad,Yergatla,Jowar,0,0
2016-2017,Rabi,Nizamabad,Kammarpalle,Jowar,0,0
2016-2017,Rabi,Nizamabad,Balkonda,Jowar,0,0
2016-2017,Rabi,Nizamabad,Mupkal,Jowar,0,0
2016-2017,Rabi,Nizamabad,Mendora,Jowar,0,0
2016-2017,Rabi,Nizamabad,Vailpur,Jowar,0,0
2016-2017,Rabi,Nizamabad,Bodhan,Jowar,252.2,124
2016-2017,Rabi,Nizamabad,Yeda_Palle,Jowar,3.4,0
2016-2017,Rabi,Nizamabad,Ranjal,Jowar,26.6,28
2016-2017,Rabi,Nizamabad,Navipet,Jowar,34,0
2016-2017,Rabi,Nizamabad,Kotgiri,Jowar,39.4,85
2016-2017,Rabi,Nizamabad,Rudrur,Jowar,0,0
2016-2017,Rabi,Nizamabad,Varni,Jowar,219.6,0
2016-2017,Rabi,Nizamabad,Nizamabad North,Bajra,0,0
2016-2017,Rabi,Nizamabad,Nizamabad South,Bajra,0,0
2016-2017,Rabi,Nizamabad,Nizamabad Rural,Bajra,19.4,0
2016-2017,Rabi,Nizamabad,Mugpal,Bajra,0,0
2016-2017,Rabi,Nizamabad,Dichpalle,Bajra,2.2,0
2016-2017,Rabi,Nizamabad,Indalwai,Bajra,0,0
2016-2017,Rabi,Nizamabad,Jakranpalle,Bajra,94,556
2016-2017,Rabi,Nizamabad,Dharpalle,Bajra,71.6,230
2016-2017,Rabi,Nizamabad,Sirkonda,Bajra,44.6,27
2016-2017,Rabi,Nizamabad,Armur,Bajra,556.8,1347
2016-2017,Rabi,Nizamabad,Makloor,Bajra,14.8,6
2016-2017,Rabi,Nizamabad,Nandipet,Bajra,569.8,728
2016-2017,Rabi,Nizamabad,Bheemgal,Bajra,67.6,21
2016-2017,Rabi,Nizamabad,Morthad,Bajra,1039.6,1106
2016-2017,Rabi,Nizamabad,Yergatla,Bajra,0,1128
2016-2017,Rabi,Nizamabad,Kammarpalle,Bajra,619.8,1497
2016-2017,Rabi,Nizamabad,Balkonda,Bajra,1451.6,587
2016-2017,Rabi,Nizamabad,Mupkal,Bajra,0,714
2016-2017,Rabi,Nizamabad,Mendora,Bajra,0,826
2016-2017,Rabi,Nizamabad,Vailpur,Bajra,275.6,593
2016-2017,Rabi,Nizamabad,Bodhan,Bajra,14.4,0
2016-2017,Rabi,Nizamabad,Yeda_Palle,Bajra,0,0
2016-2017,Rabi,Nizamabad,Ranjal,Bajra,0,0
2016-2017,Rabi,Nizamabad,Navipet,Bajra,0,0
2016-2017,Rabi,Nizamabad,Kotgiri,Bajra,0,0
2016-2017,Rabi,Nizamabad,Rudrur,Bajra,0,0
2016-2017,Rabi,Nizamabad,Varni,Bajra,0,0
2016-2017,Rabi,Nizamabad,Nizamabad North,Maize,0,0
2016-2017,Rabi,Nizamabad,Nizamabad South,Maize,0,0
2016-2017,Rabi,Nizamabad,Nizamabad Rural,Maize,1901.2,118
2016-2017,Rabi,Nizamabad,Mugpal,Maize,0,1063
2016-2017,Rabi,Nizamabad,Dichpalle,Maize,913.6,257
2016-2017,Rabi,Nizamabad,Indalwai,Maize,0,265
2016-2017,Rabi,Nizamabad,Jakranpalle,Maize,113.2,75
2016-2017,Rabi,Nizamabad,Dharpalle,Maize,415,355
2016-2017,Rabi,Nizamabad,Sirkonda,Maize,255,283
2016-2017,Rabi,Nizamabad,Armur,Maize,256.6,312
2016-2017,Rabi,Nizamabad,Makloor,Maize,558.2,308
2016-2017,Rabi,Nizamabad,Nandipet,Maize,1106.8,472
2016-2017,Rabi,Nizamabad,Bheemgal,Maize,102.8,99
2016-2017,Rabi,Nizamabad,Morthad,Maize,188,88
2016-2017,Rabi,Nizamabad,Yergatla,Maize,0,223
2016-2017,Rabi,Nizamabad,Kammarpalle,Maize,150.4,97
2016-2017,Rabi,Nizamabad,Balkonda,Maize,344,55
2016-2017,Rabi,Nizamabad,Mupkal,Maize,0,117
2016-2017,Rabi,Nizamabad,Mendora,Maize,0,507
2016-2017,Rabi,Nizamabad,Vailpur,Maize,66.2,242
2016-2017,Rabi,Nizamabad,Bodhan,Maize,609.8,542
2016-2017,Rabi,Nizamabad,Yeda_Palle,Maize,54.8,8
2016-2017,Rabi,Nizamabad,Ranjal,Maize,138.8,38
2016-2017,Rabi,Nizamabad,Navipet,Maize,750,591
2016-2017,Rabi,Nizamabad,Kotgiri,Maize,983.8,448
2016-2017,Rabi,Nizamabad,Rudrur,Maize,0,125
2016-2017,Rabi,Nizamabad,Varni,Maize,391,753
2016-2017,Rabi,Nizamabad,Nizamabad North,Green Gram,0,0
2016-2017,Rabi,Nizamabad,Nizamabad South,Green Gram,0,0
2016-2017,Rabi,Nizamabad,Nizamabad Rural,Green Gram,4,0
2016-2017,Rabi,Nizamabad,Mugpal,Green Gram,0,0
2016-2017,Rabi,Nizamabad,Dichpalle,Green Gram,33.8,1
2016-2017,Rabi,Nizamabad,Indalwai,Green Gram,0,1
2016-2017,Rabi,Nizamabad,Jakranpalle,Green Gram,27.2,9
2016-2017,Rabi,Nizamabad,Dharpalle,Green Gram,0.4,21
2016-2017,Rabi,Nizamabad,Sirkonda,Green Gram,180.4,102
2016-2017,Rabi,Nizamabad,Armur,Green Gram,9.2,6
2016-2017,Rabi,Nizamabad,Makloor,Green Gram,17.8,24
2016-2017,Rabi,Nizamabad,Nandipet,Green Gram,13.2,0
2016-2017,Rabi,Nizamabad,Bheemgal,Green Gram,35.4,19
2016-2017,Rabi,Nizamabad,Morthad,Green Gram,37.4,20
2016-2017,Rabi,Nizamabad,Yergatla,Green Gram,0,34
2016-2017,Rabi,Nizamabad,Kammarpalle,Green Gram,48.4,67
2016-2017,Rabi,Nizamabad,Balkonda,Green Gram,21.8,5
2016-2017,Rabi,Nizamabad,Mupkal,Green Gram,0,3
2016-2017,Rabi,Nizamabad,Mendora,Green Gram,0,6
2016-2017,Rabi,Nizamabad,Vailpur,Green Gram,0.4,0
2016-2017,Rabi,Nizamabad,Bodhan,Green Gram,38,4
2016-2017,Rabi,Nizamabad,Yeda_Palle,Green Gram,11.6,0
2016-2017,Rabi,Nizamabad,Ranjal,Green Gram,21,8
2016-2017,Rabi,Nizamabad,Navipet,Green Gram,18.6,3
2016-2017,Rabi,Nizamabad,Kotgiri,Green Gram,5.2,42
2016-2017,Rabi,Nizamabad,Rudrur,Green Gram,0,0
2016-2017,Rabi,Nizamabad,Varni,Green Gram,17,0
2016-2017,Rabi,Nizamabad,Nizamabad North,Black Gram,0,0
2016-2017,Rabi,Nizamabad,Nizamabad South,Black Gram,0,0
2016-2017,Rabi,Nizamabad,Nizamabad Rural,Black Gram,6.2,0
2016-2017,Rabi,Nizamabad,Mugpal,Black Gram,0,0
2016-2017,Rabi,Nizamabad,Dichpalle,Black Gram,44.8,2
2016-2017,Rabi,Nizamabad,Indalwai,Black Gram,0,1
2016-2017,Rabi,Nizamabad,Jakranpalle,Black Gram,40.8,9
2016-2017,Rabi,Nizamabad,Dharpalle,Black Gram,8,50
2016-2017,Rabi,Nizamabad,Sirkonda,Black Gram,55.8,14
2016-2017,Rabi,Nizamabad,Armur,Black Gram,57.4,0
2016-2017,Rabi,Nizamabad,Makloor,Black Gram,11.4,38
2016-2017,Rabi,Nizamabad,Nandipet,Black Gram,48.2,0
2016-2017,Rabi,Nizamabad,Bheemgal,Black Gram,23,6
2016-2017,Rabi,Nizamabad,Morthad,Black Gram,165,30
2016-2017,Rabi,Nizamabad,Yergatla,Black Gram,0,0
2016-2017,Rabi,Nizamabad,Kammarpalle,Black Gram,84.6,14
2016-2017,Rabi,Nizamabad,Balkonda,Black Gram,93.2,1
2016-2017,Rabi,Nizamabad,Mupkal,Black Gram,0,0
2016-2017,Rabi,Nizamabad,Mendora,Black Gram,0,0
2016-2017,Rabi,Nizamabad,Vailpur,Black Gram,2,0
2016-2017,Rabi,Nizamabad,Bodhan,Black Gram,188.8,98
2016-2017,Rabi,Nizamabad,Yeda_Palle,Black Gram,14.6,0
2016-2017,Rabi,Nizamabad,Ranjal,Black Gram,26.4,13
2016-2017,Rabi,Nizamabad,Navipet,Black Gram,68.8,4
2016-2017,Rabi,Nizamabad,Kotgiri,Black Gram,103.8,83
2016-2017,Rabi,Nizamabad,Rudrur,Black Gram,0,0
2016-2017,Rabi,Nizamabad,Varni,Black Gram,43.2,0
2016-2017,Rabi,Nizamabad,Nizamabad North,Bengal Gram,0,0
2016-2017,Rabi,Nizamabad,Nizamabad South,Bengal Gram,0,0
2016-2017,Rabi,Nizamabad,Nizamabad Rural,Bengal Gram,241.2,0
2016-2017,Rabi,Nizamabad,Mugpal,Bengal Gram,0,2
2016-2017,Rabi,Nizamabad,Dichpalle,Bengal Gram,205.4,142
2016-2017,Rabi,Nizamabad,Indalwai,Bengal Gram,0,20
2016-2017,Rabi,Nizamabad,Jakranpalle,Bengal Gram,126.4,114
2016-2017,Rabi,Nizamabad,Dharpalle,Bengal Gram,46.4,28
2016-2017,Rabi,Nizamabad,Sirkonda,Bengal Gram,69.2,29
2016-2017,Rabi,Nizamabad,Armur,Bengal Gram,42.8,0
2016-2017,Rabi,Nizamabad,Makloor,Bengal Gram,5,0
2016-2017,Rabi,Nizamabad,Nandipet,Bengal Gram,7.8,0
2016-2017,Rabi,Nizamabad,Bheemgal,Bengal Gram,55,10
2016-2017,Rabi,Nizamabad,Morthad,Bengal Gram,1,0
2016-2017,Rabi,Nizamabad,Yergatla,Bengal Gram,0,0
2016-2017,Rabi,Nizamabad,Kammarpalle,Bengal Gram,27.4,0
2016-2017,Rabi,Nizamabad,Balkonda,Bengal Gram,0,0
2016-2017,Rabi,Nizamabad,Mupkal,Bengal Gram,0,0
2016-2017,Rabi,Nizamabad,Mendora,Bengal Gram,0,0
2016-2017,Rabi,Nizamabad,Vailpur,Bengal Gram,87.6,187
2016-2017,Rabi,Nizamabad,Bodhan,Bengal Gram,1926.8,5973
2016-2017,Rabi,Nizamabad,Yeda_Palle,Bengal Gram,8.8,6
2016-2017,Rabi,Nizamabad,Ranjal,Bengal Gram,684.8,2370
2016-2017,Rabi,Nizamabad,Navipet,Bengal Gram,75.4,108
2016-2017,Rabi,Nizamabad,Kotgiri,Bengal Gram,176.4,879
2016-2017,Rabi,Nizamabad,Rudrur,Bengal Gram,0,12
2016-2017,Rabi,Nizamabad,Varni,Bengal Gram,1314.6,174
2016-2017,Rabi,Nizamabad,Nizamabad North,Other Pulses,0,
2016-2017,Rabi,Nizamabad,Nizamabad South,Other Pulses,0,
2016-2017,Rabi,Nizamabad,Nizamabad Rural,Other Pulses,0,
2016-2017,Rabi,Nizamabad,Mugpal,Other Pulses,0,
2016-2017,Rabi,Nizamabad,Dichpalle,Other Pulses,0,
2016-2017,Rabi,Nizamabad,Indalwai,Other Pulses,0,
2016-2017,Rabi,Nizamabad,Jakranpalle,Other Pulses,0,
2016-2017,Rabi,Nizamabad,Dharpalle,Other Pulses,0,
2016-2017,Rabi,Nizamabad,Sirkonda,Other Pulses,0,
2016-2017,Rabi,Nizamabad,Armur,Other Pulses,0.4,
2016-2017,Rabi,Nizamabad,Makloor,Other Pulses,0,
2016-2017,Rabi,Nizamabad,Nandipet,Other Pulses,1.2,
2016-2017,Rabi,Nizamabad,Bheemgal,Other Pulses,0.4,
2016-2017,Rabi,Nizamabad,Morthad,Other Pulses,0.2,
2016-2017,Rabi,Nizamabad,Yergatla,Other Pulses,0,
2016-2017,Rabi,Nizamabad,Kammarpalle,Other Pulses,0.4,
2016-2017,Rabi,Nizamabad,Balkonda,Other Pulses,0,
2016-2017,Rabi,Nizamabad,Mupkal,Other Pulses,0,
2016-2017,Rabi,Nizamabad,Mendora,Other Pulses,0,
2016-2017,Rabi,Nizamabad,Vailpur,Other Pulses,0,
2016-2017,Rabi,Nizamabad,Bodhan,Other Pulses,0.2,
2016-2017,Rabi,Nizamabad,Yeda_Palle,Other Pulses,0,
2016-2017,Rabi,Nizamabad,Ranjal,Other Pulses,0,
2016-2017,Rabi,Nizamabad,Navipet,Other Pulses,0,
2016-2017,Rabi,Nizamabad,Kotgiri,Other Pulses,0,
2016-2017,Rabi,Nizamabad,Rudrur,Other Pulses,0,
2016-2017,Rabi,Nizamabad,Varni,Other Pulses,0,
2016-2017,Rabi,Nizamabad,Nizamabad North,Chillies,0,0
2016-2017,Rabi,Nizamabad,Nizamabad South,Chillies,0,0
2016-2017,Rabi,Nizamabad,Nizamabad Rural,Chillies,0,0
2016-2017,Rabi,Nizamabad,Mugpal,Chillies,0,0
2016-2017,Rabi,Nizamabad,Dichpalle,Chillies,31.4,0
2016-2017,Rabi,Nizamabad,Indalwai,Chillies,0,0
2016-2017,Rabi,Nizamabad,Jakranpalle,Chillies,16.4,0
2016-2017,Rabi,Nizamabad,Dharpalle,Chillies,58.2,38
2016-2017,Rabi,Nizamabad,Sirkonda,Chillies,54.2,47
2016-2017,Rabi,Nizamabad,Armur,Chillies,74.8,0
2016-2017,Rabi,Nizamabad,Makloor,Chillies,19.8,12
2016-2017,Rabi,Nizamabad,Nandipet,Chillies,35,13
2016-2017,Rabi,Nizamabad,Bheemgal,Chillies,39.4,40
2016-2017,Rabi,Nizamabad,Morthad,Chillies,32.2,0
2016-2017,Rabi,Nizamabad,Yergatla,Chillies,0,0
2016-2017,Rabi,Nizamabad,Kammarpalle,Chillies,21,31
2016-2017,Rabi,Nizamabad,Balkonda,Chillies,1.4,0
2016-2017,Rabi,Nizamabad,Mupkal,Chillies,0,0
2016-2017,Rabi,Nizamabad,Mendora,Chillies,0,0
2016-2017,Rabi,Nizamabad,Vailpur,Chillies,11.4,29
2016-2017,Rabi,Nizamabad,Bodhan,Chillies,97.2,0
2016-2017,Rabi,Nizamabad,Yeda_Palle,Chillies,0,0
2016-2017,Rabi,Nizamabad,Ranjal,Chillies,25.4,2
2016-2017,Rabi,Nizamabad,Navipet,Chillies,7,0
2016-2017,Rabi,Nizamabad,Kotgiri,Chillies,0.4,0
2016-2017,Rabi,Nizamabad,Rudrur,Chillies,0,0
2016-2017,Rabi,Nizamabad,Varni,Chillies,1.8,0
2016-2017,Rabi,Nizamabad,Nizamabad North,Coriander,0,0
2016-2017,Rabi,Nizamabad,Nizamabad South,Coriander,0,0
2016-2017,Rabi,Nizamabad,Nizamabad Rural,Coriander,0,0
2016-2017,Rabi,Nizamabad,Mugpal,Coriander,0,0
2016-2017,Rabi,Nizamabad,Dichpalle,Coriander,10,0
2016-2017,Rabi,Nizamabad,Indalwai,Coriander,0,0
2016-2017,Rabi,Nizamabad,Jakranpalle,Coriander,17.8,8
2016-2017,Rabi,Nizamabad,Dharpalle,Coriander,0,0
2016-2017,Rabi,Nizamabad,Sirkonda,Coriander,0,0
2016-2017,Rabi,Nizamabad,Armur,Coriander,43,0
2016-2017,Rabi,Nizamabad,Makloor,Coriander,0,0
2016-2017,Rabi,Nizamabad,Nandipet,Coriander,0,0
2016-2017,Rabi,Nizamabad,Bheemgal,Coriander,0,0
2016-2017,Rabi,Nizamabad,Morthad,Coriander,1,0
2016-2017,Rabi,Nizamabad,Yergatla,Coriander,0,0
2016-2017,Rabi,Nizamabad,Kammarpalle,Coriander,28.6,0
2016-2017,Rabi,Nizamabad,Balkonda,Coriander,0,0
2016-2017,Rabi,Nizamabad,Mupkal,Coriander,0,0
2016-2017,Rabi,Nizamabad,Mendora,Coriander,0,0
2016-2017,Rabi,Nizamabad,Vailpur,Coriander,6,4
2016-2017,Rabi,Nizamabad,Bodhan,Coriander,0.8,0
2016-2017,Rabi,Nizamabad,Yeda_Palle,Coriander,0,0
2016-2017,Rabi,Nizamabad,Ranjal,Coriander,0,0
2016-2017,Rabi,Nizamabad,Navipet,Coriander,0,0
2016-2017,Rabi,Nizamabad,Kotgiri,Coriander,0,0
2016-2017,Rabi,Nizamabad,Rudrur,Coriander,0,0
2016-2017,Rabi,Nizamabad,Varni,Coriander,0,0
2016-2017,Rabi,Nizamabad,Nizamabad North,Sugarcane (Planted),0,0
2016-2017,Rabi,Nizamabad,Nizamabad South,Sugarcane (Planted),0,0
2016-2017,Rabi,Nizamabad,Nizamabad Rural,Sugarcane (Planted),15.4,0
2016-2017,Rabi,Nizamabad,Mugpal,Sugarcane (Planted),0,0
2016-2017,Rabi,Nizamabad,Dichpalle,Sugarcane (Planted),15.4,0
2016-2017,Rabi,Nizamabad,Indalwai,Sugarcane (Planted),0,0
2016-2017,Rabi,Nizamabad,Jakranpalle,Sugarcane (Planted),0,0
2016-2017,Rabi,Nizamabad,Dharpalle,Sugarcane (Planted),9.2,0
2016-2017,Rabi,Nizamabad,Sirkonda,Sugarcane (Planted),8,0
2016-2017,Rabi,Nizamabad,Armur,Sugarcane (Planted),0,0
2016-2017,Rabi,Nizamabad,Makloor,Sugarcane (Planted),1.2,1
2016-2017,Rabi,Nizamabad,Nandipet,Sugarcane (Planted),0,0
2016-2017,Rabi,Nizamabad,Bheemgal,Sugarcane (Planted),1,0
2016-2017,Rabi,Nizamabad,Morthad,Sugarcane (Planted),0.4,0
2016-2017,Rabi,Nizamabad,Yergatla,Sugarcane (Planted),0,0
2016-2017,Rabi,Nizamabad,Kammarpalle,Sugarcane (Planted),7.8,0
2016-2017,Rabi,Nizamabad,Balkonda,Sugarcane (Planted),0,0
2016-2017,Rabi,Nizamabad,Mupkal,Sugarcane (Planted),0,0
2016-2017,Rabi,Nizamabad,Mendora,Sugarcane (Planted),0,0
2016-2017,Rabi,Nizamabad,Vailpur,Sugarcane (Planted),0,0
2016-2017,Rabi,Nizamabad,Bodhan,Sugarcane (Planted),287.4,118
2016-2017,Rabi,Nizamabad,Yeda_Palle,Sugarcane (Planted),43.2,11
2016-2017,Rabi,Nizamabad,Ranjal,Sugarcane (Planted),40.6,5
2016-2017,Rabi,Nizamabad,Navipet,Sugarcane (Planted),20.4,2
2016-2017,Rabi,Nizamabad,Kotgiri,Sugarcane (Planted),15.2,2
2016-2017,Rabi,Nizamabad,Rudrur,Sugarcane (Planted),0,1
2016-2017,Rabi,Nizamabad,Varni,Sugarcane (Planted),12,0
2016-2017,Rabi,Nizamabad,Nizamabad North,Sugarcane (Ratoon),0,0
2016-2017,Rabi,Nizamabad,Nizamabad South,Sugarcane (Ratoon),0,0
2016-2017,Rabi,Nizamabad,Nizamabad Rural,Sugarcane (Ratoon),7.2,0
2016-2017,Rabi,Nizamabad,Mugpal,Sugarcane (Ratoon),0,0
2016-2017,Rabi,Nizamabad,Dichpalle,Sugarcane (Ratoon),11.6,0
2016-2017,Rabi,Nizamabad,Indalwai,Sugarcane (Ratoon),0,0
2016-2017,Rabi,Nizamabad,Jakranpalle,Sugarcane (Ratoon),0,0
2016-2017,Rabi,Nizamabad,Dharpalle,Sugarcane (Ratoon),1.8,3
2016-2017,Rabi,Nizamabad,Sirkonda,Sugarcane (Ratoon),1.6,0
2016-2017,Rabi,Nizamabad,Armur,Sugarcane (Ratoon),0,0
2016-2017,Rabi,Nizamabad,Makloor,Sugarcane (Ratoon),3.8,0
2016-2017,Rabi,Nizamabad,Nandipet,Sugarcane (Ratoon),0.2,0
2016-2017,Rabi,Nizamabad,Bheemgal,Sugarcane (Ratoon),0.8,0
2016-2017,Rabi,Nizamabad,Morthad,Sugarcane (Ratoon),0.4,0
2016-2017,Rabi,Nizamabad,Yergatla,Sugarcane (Ratoon),0,0
2016-2017,Rabi,Nizamabad,Kammarpalle,Sugarcane (Ratoon),2.2,3
2016-2017,Rabi,Nizamabad,Balkonda,Sugarcane (Ratoon),0,0
2016-2017,Rabi,Nizamabad,Mupkal,Sugarcane (Ratoon),0,0
2016-2017,Rabi,Nizamabad,Mendora,Sugarcane (Ratoon),0,0
2016-2017,Rabi,Nizamabad,Vailpur,Sugarcane (Ratoon),0,0
2016-2017,Rabi,Nizamabad,Bodhan,Sugarcane (Ratoon),312.4,68
2016-2017,Rabi,Nizamabad,Yeda_Palle,Sugarcane (Ratoon),38.8,15
2016-2017,Rabi,Nizamabad,Ranjal,Sugarcane (Ratoon),21.6,0
2016-2017,Rabi,Nizamabad,Navipet,Sugarcane (Ratoon),33.4,1
2016-2017,Rabi,Nizamabad,Kotgiri,Sugarcane (Ratoon),5.6,3
2016-2017,Rabi,Nizamabad,Rudrur,Sugarcane (Ratoon),0,0
2016-2017,Rabi,Nizamabad,Varni,Sugarcane (Ratoon),8.4,0
2016-2017,Rabi,Nizamabad,Nizamabad North,Onion,0,0
2016-2017,Rabi,Nizamabad,Nizamabad South,Onion,0,0
2016-2017,Rabi,Nizamabad,Nizamabad Rural,Onion,191,3
2016-2017,Rabi,Nizamabad,Mugpal,Onion,0,233
2016-2017,Rabi,Nizamabad,Dichpalle,Onion,775.2,425
2016-2017,Rabi,Nizamabad,Indalwai,Onion,0,53
2016-2017,Rabi,Nizamabad,Jakranpalle,Onion,46.6,17
2016-2017,Rabi,Nizamabad,Dharpalle,Onion,114.2,56
2016-2017,Rabi,Nizamabad,Sirkonda,Onion,171.2,93
2016-2017,Rabi,Nizamabad,Armur,Onion,96.2,46
2016-2017,Rabi,Nizamabad,Makloor,Onion,28,0
2016-2017,Rabi,Nizamabad,Nandipet,Onion,118,45
2016-2017,Rabi,Nizamabad,Bheemgal,Onion,48.4,38
2016-2017,Rabi,Nizamabad,Morthad,Onion,45.6,32
2016-2017,Rabi,Nizamabad,Yergatla,Onion,0,8
2016-2017,Rabi,Nizamabad,Kammarpalle,Onion,28.8,44
2016-2017,Rabi,Nizamabad,Balkonda,Onion,7.2,5
2016-2017,Rabi,Nizamabad,Mupkal,Onion,0,5
2016-2017,Rabi,Nizamabad,Mendora,Onion,0,4
2016-2017,Rabi,Nizamabad,Vailpur,Onion,24.4,15
2016-2017,Rabi,Nizamabad,Bodhan,Onion,36,13
2016-2017,Rabi,Nizamabad,Yeda_Palle,Onion,0,0
2016-2017,Rabi,Nizamabad,Ranjal,Onion,15.4,20
2016-2017,Rabi,Nizamabad,Navipet,Onion,12.8,5
2016-2017,Rabi,Nizamabad,Kotgiri,Onion,5.8,1
2016-2017,Rabi,Nizamabad,Rudrur,Onion,0,0
2016-2017,Rabi,Nizamabad,Varni,Onion,5.6,13
2016-2017,Rabi,Nizamabad,Nizamabad North,Groundnut,0,0
2016-2017,Rabi,Nizamabad,Nizamabad South,Groundnut,0,0
2016-2017,Rabi,Nizamabad,Nizamabad Rural,Groundnut,0,0
2016-2017,Rabi,Nizamabad,Mugpal,Groundnut,0,0
2016-2017,Rabi,Nizamabad,Dichpalle,Groundnut,4.4,0
2016-2017,Rabi,Nizamabad,Indalwai,Groundnut,0,0
2016-2017,Rabi,Nizamabad,Jakranpalle,Groundnut,27.6,6
2016-2017,Rabi,Nizamabad,Dharpalle,Groundnut,15,47
2016-2017,Rabi,Nizamabad,Sirkonda,Groundnut,0,0
2016-2017,Rabi,Nizamabad,Armur,Groundnut,61.6,0
2016-2017,Rabi,Nizamabad,Makloor,Groundnut,5.8,0
2016-2017,Rabi,Nizamabad,Nandipet,Groundnut,0.8,0
2016-2017,Rabi,Nizamabad,Bheemgal,Groundnut,23.2,5
2016-2017,Rabi,Nizamabad,Morthad,Groundnut,68,6
2016-2017,Rabi,Nizamabad,Yergatla,Groundnut,0,10
2016-2017,Rabi,Nizamabad,Kammarpalle,Groundnut,17.6,4
2016-2017,Rabi,Nizamabad,Balkonda,Groundnut,284.8,0
2016-2017,Rabi,Nizamabad,Mupkal,Groundnut,0,57
2016-2017,Rabi,Nizamabad,Mendora,Groundnut,0,134
2016-2017,Rabi,Nizamabad,Vailpur,Groundnut,3.2,3
2016-2017,Rabi,Nizamabad,Bodhan,Groundnut,21.6,6
2016-2017,Rabi,Nizamabad,Yeda_Palle,Groundnut,0,0
2016-2017,Rabi,Nizamabad,Ranjal,Groundnut,1.6,2
2016-2017,Rabi,Nizamabad,Navipet,Groundnut,5.6,0
2016-2017,Rabi,Nizamabad,Kotgiri,Groundnut,2.4,3
2016-2017,Rabi,Nizamabad,Rudrur,Groundnut,0,0
2016-2017,Rabi,Nizamabad,Varni,Groundnut,21.2,0
2016-2017,Rabi,Nizamabad,Nizamabad North,Sesamum,0,0
2016-2017,Rabi,Nizamabad,Nizamabad South,Sesamum,0,0
2016-2017,Rabi,Nizamabad,Nizamabad Rural,Sesamum,52.8,0
2016-2017,Rabi,Nizamabad,Mugpal,Sesamum,0,2
2016-2017,Rabi,Nizamabad,Dichpalle,Sesamum,96,7
2016-2017,Rabi,Nizamabad,Indalwai,Sesamum,0,16
2016-2017,Rabi,Nizamabad,Jakranpalle,Sesamum,96.6,279
2016-2017,Rabi,Nizamabad,Dharpalle,Sesamum,66.4,91
2016-2017,Rabi,Nizamabad,Sirkonda,Sesamum,96.8,51
2016-2017,Rabi,Nizamabad,Armur,Sesamum,544.4,415
2016-2017,Rabi,Nizamabad,Makloor,Sesamum,91.6,36
2016-2017,Rabi,Nizamabad,Nandipet,Sesamum,258.2,142
2016-2017,Rabi,Nizamabad,Bheemgal,Sesamum,108.4,144
2016-2017,Rabi,Nizamabad,Morthad,Sesamum,737.4,221
2016-2017,Rabi,Nizamabad,Yergatla,Sesamum,0,351
2016-2017,Rabi,Nizamabad,Kammarpalle,Sesamum,115.8,160
2016-2017,Rabi,Nizamabad,Balkonda,Sesamum,754.8,201
2016-2017,Rabi,Nizamabad,Mupkal,Sesamum,0,192
2016-2017,Rabi,Nizamabad,Mendora,Sesamum,0,435
2016-2017,Rabi,Nizamabad,Vailpur,Sesamum,625.6,480
2016-2017,Rabi,Nizamabad,Bodhan,Sesamum,1.6,0
2016-2017,Rabi,Nizamabad,Yeda_Palle,Sesamum,8.6,0
2016-2017,Rabi,Nizamabad,Ranjal,Sesamum,4.6,0
2016-2017,Rabi,Nizamabad,Navipet,Sesamum,38.6,1
2016-2017,Rabi,Nizamabad,Kotgiri,Sesamum,9.2,0
2016-2017,Rabi,Nizamabad,Rudrur,Sesamum,0,0
2016-2017,Rabi,Nizamabad,Varni,Sesamum,0,1
2016-2017,Rabi,Nizamabad,Nizamabad North,Safflower,0,0
2016-2017,Rabi,Nizamabad,Nizamabad South,Safflower,0,0
2016-2017,Rabi,Nizamabad,Nizamabad Rural,Safflower,89.2,0
2016-2017,Rabi,Nizamabad,Mugpal,Safflower,0,0
2016-2017,Rabi,Nizamabad,Dichpalle,Safflower,50,123
2016-2017,Rabi,Nizamabad,Indalwai,Safflower,0,0
2016-2017,Rabi,Nizamabad,Jakranpalle,Safflower,5.8,0
2016-2017,Rabi,Nizamabad,Dharpalle,Safflower,0.8,0
2016-2017,Rabi,Nizamabad,Sirkonda,Safflower,0,0
2016-2017,Rabi,Nizamabad,Armur,Safflower,0,0
2016-2017,Rabi,Nizamabad,Makloor,Safflower,0,0
2016-2017,Rabi,Nizamabad,Nandipet,Safflower,0,0
2016-2017,Rabi,Nizamabad,Bheemgal,Safflower,2.8,0
2016-2017,Rabi,Nizamabad,Morthad,Safflower,0,0
2016-2017,Rabi,Nizamabad,Yergatla,Safflower,0,0
2016-2017,Rabi,Nizamabad,Kammarpalle,Safflower,0,0
2016-2017,Rabi,Nizamabad,Balkonda,Safflower,0,0
2016-2017,Rabi,Nizamabad,Mupkal,Safflower,0,0
2016-2017,Rabi,Nizamabad,Mendora,Safflower,0,0
2016-2017,Rabi,Nizamabad,Vailpur,Safflower,0,0
2016-2017,Rabi,Nizamabad,Bodhan,Safflower,400.6,310
2016-2017,Rabi,Nizamabad,Yeda_Palle,Safflower,2.6,0
2016-2017,Rabi,Nizamabad,Ranjal,Safflower,28.2,36
2016-2017,Rabi,Nizamabad,Navipet,Safflower,19.8,3
2016-2017,Rabi,Nizamabad,Kotgiri,Safflower,17,342
2016-2017,Rabi,Nizamabad,Rudrur,Safflower,0,0
2016-2017,Rabi,Nizamabad,Varni,Safflower,270.8,0
2016-2017,Rabi,Nizamabad,Nizamabad North,Sunflower,0,0
2016-2017,Rabi,Nizamabad,Nizamabad South,Sunflower,0,0
2016-2017,Rabi,Nizamabad,Nizamabad Rural,Sunflower,132.8,0
2016-2017,Rabi,Nizamabad,Mugpal,Sunflower,0,0
2016-2017,Rabi,Nizamabad,Dichpalle,Sunflower,40.2,0
2016-2017,Rabi,Nizamabad,Indalwai,Sunflower,0,0
2016-2017,Rabi,Nizamabad,Jakranpalle,Sunflower,5.2,0
2016-2017,Rabi,Nizamabad,Dharpalle,Sunflower,86.4,5
2016-2017,Rabi,Nizamabad,Sirkonda,Sunflower,624.8,38
2016-2017,Rabi,Nizamabad,Armur,Sunflower,0,0
2016-2017,Rabi,Nizamabad,Makloor,Sunflower,120,14
2016-2017,Rabi,Nizamabad,Nandipet,Sunflower,121,6
2016-2017,Rabi,Nizamabad,Bheemgal,Sunflower,223.6,26
2016-2017,Rabi,Nizamabad,Morthad,Sunflower,0,0
2016-2017,Rabi,Nizamabad,Yergatla,Sunflower,0,0
2016-2017,Rabi,Nizamabad,Kammarpalle,Sunflower,10,0
2016-2017,Rabi,Nizamabad,Balkonda,Sunflower,0,0
2016-2017,Rabi,Nizamabad,Mupkal,Sunflower,0,0
2016-2017,Rabi,Nizamabad,Mendora,Sunflower,0,0
2016-2017,Rabi,Nizamabad,Vailpur,Sunflower,0.4,0
2016-2017,Rabi,Nizamabad,Bodhan,Sunflower,2696.6,72
2016-2017,Rabi,Nizamabad,Yeda_Palle,Sunflower,58,0
2016-2017,Rabi,Nizamabad,Ranjal,Sunflower,134.8,7
2016-2017,Rabi,Nizamabad,Navipet,Sunflower,375,2
2016-2017,Rabi,Nizamabad,Kotgiri,Sunflower,101.6,213
2016-2017,Rabi,Nizamabad,Rudrur,Sunflower,0,11
2016-2017,Rabi,Nizamabad,Varni,Sunflower,1140.8,0
2016-2017,Rabi,Nizamabad,Nizamabad North,Rapemustard,0,0
2016-2017,Rabi,Nizamabad,Nizamabad South,Rapemustard,0,0
2016-2017,Rabi,Nizamabad,Nizamabad Rural,Rapemustard,1.2,0
2016-2017,Rabi,Nizamabad,Mugpal,Rapemustard,0,0
2016-2017,Rabi,Nizamabad,Dichpalle,Rapemustard,3.6,0
2016-2017,Rabi,Nizamabad,Indalwai,Rapemustard,0,0
2016-2017,Rabi,Nizamabad,Jakranpalle,Rapemustard,1.4,0
2016-2017,Rabi,Nizamabad,Dharpalle,Rapemustard,1.6,16
2016-2017,Rabi,Nizamabad,Sirkonda,Rapemustard,10.2,0
2016-2017,Rabi,Nizamabad,Armur,Rapemustard,4.8,2
2016-2017,Rabi,Nizamabad,Makloor,Rapemustard,3.8,10
2016-2017,Rabi,Nizamabad,Nandipet,Rapemustard,34.2,15
2016-2017,Rabi,Nizamabad,Bheemgal,Rapemustard,10.6,14
2016-2017,Rabi,Nizamabad,Morthad,Rapemustard,92.2,86
2016-2017,Rabi,Nizamabad,Yergatla,Rapemustard,0,238
2016-2017,Rabi,Nizamabad,Kammarpalle,Rapemustard,27.4,14
2016-2017,Rabi,Nizamabad,Balkonda,Rapemustard,26.4,0
2016-2017,Rabi,Nizamabad,Mupkal,Rapemustard,0,1
2016-2017,Rabi,Nizamabad,Mendora,Rapemustard,0,18
2016-2017,Rabi,Nizamabad,Vailpur,Rapemustard,7.4,0
2016-2017,Rabi,Nizamabad,Bodhan,Rapemustard,0,0
2016-2017,Rabi,Nizamabad,Yeda_Palle,Rapemustard,4,0
2016-2017,Rabi,Nizamabad,Ranjal,Rapemustard,0,0
2016-2017,Rabi,Nizamabad,Navipet,Rapemustard,5.6,1
2016-2017,Rabi,Nizamabad,Kotgiri,Rapemustard,0,0
2016-2017,Rabi,Nizamabad,Rudrur,Rapemustard,0,0
2016-2017,Rabi,Nizamabad,Varni,Rapemustard,0,0
2016-2017,Rabi,Nizamabad,Nizamabad North,Soya bean,0,0
2016-2017,Rabi,Nizamabad,Nizamabad South,Soyabean,0,0
2016-2017,Rabi,Nizamabad,Nizamabad Rural,Soyabean,0,0
2016-2017,Rabi,Nizamabad,Mugpal,Soyabean,0,0
2016-2017,Rabi,Nizamabad,Dichpalle,Soyabean,0,0
2016-2017,Rabi,Nizamabad,Indalwai,Soyabean,0,0
2016-2017,Rabi,Nizamabad,Jakranpalle,Soyabean,0,0
2016-2017,Rabi,Nizamabad,Dharpalle,Soyabean,0,0
2016-2017,Rabi,Nizamabad,Sirkonda,Soyabean,0,0
2016-2017,Rabi,Nizamabad,Armur,Soyabean,0,0
2016-2017,Rabi,Nizamabad,Makloor,Soyabean,0,0
2016-2017,Rabi,Nizamabad,Nandipet,Soyabean,0,0
2016-2017,Rabi,Nizamabad,Bheemgal,Soyabean,0,0
2016-2017,Rabi,Nizamabad,Morthad,Soyabean,0,0
2016-2017,Rabi,Nizamabad,Yergatla,Soyabean,0,0
2016-2017,Rabi,Nizamabad,Kammarpalle,Soyabean,0,0
2016-2017,Rabi,Nizamabad,Balkonda,Soyabean,0,0
2016-2017,Rabi,Nizamabad,Mupkal,Soyabean,0,0
2016-2017,Rabi,Nizamabad,Mendora,Soyabean,0,0
2016-2017,Rabi,Nizamabad,Vailpur,Soyabean,0,0
2016-2017,Rabi,Nizamabad,Bodhan,Soyabean,1.6,0
2016-2017,Rabi,Nizamabad,Yeda_Palle,Soyabean,0,0
2016-2017,Rabi,Nizamabad,Ranjal,Soyabean,0,0
2016-2017,Rabi,Nizamabad,Navipet,Soyabean,0.2,0
2016-2017,Rabi,Nizamabad,Kotgiri,Soyabean,1.2,0
2016-2017,Rabi,Nizamabad,Rudrur,Soyabean,0,0
2016-2017,Rabi,Nizamabad,Varni,Soyabean,20.8,1
2016-2017,Rabi,Nizamabad,Nizamabad North,Other oil seeds,0,
2016-2017,Rabi,Nizamabad,Nizamabad South,Other oil seeds,0,
2016-2017,Rabi,Nizamabad,Nizamabad Rural,Other oil seeds,0,
2016-2017,Rabi,Nizamabad,Mugpal,Other oil seeds,0,
2016-2017,Rabi,Nizamabad,Dichpalle,Other oil seeds,0,
2016-2017,Rabi,Nizamabad,Indalwai,Other oil seeds,0,
2016-2017,Rabi,Nizamabad,Jakranpalle,Other oil seeds,0,
2016-2017,Rabi,Nizamabad,Dharpalle,Other oil seeds,0,
2016-2017,Rabi,Nizamabad,Sirkonda,Other oil seeds,0,
2016-2017,Rabi,Nizamabad,Armur,Other oil seeds,0,
2016-2017,Rabi,Nizamabad,Makloor,Other oil seeds,0,
2016-2017,Rabi,Nizamabad,Nandipet,Other oil seeds,0,
2016-2017,Rabi,Nizamabad,Bheemgal,Other oil seeds,0,
2016-2017,Rabi,Nizamabad,Morthad,Other oil seeds,0,
2016-2017,Rabi,Nizamabad,Yergatla,Other oil seeds,0,
2016-2017,Rabi,Nizamabad,Kammarpalle,Other oil seeds,0,
2016-2017,Rabi,Nizamabad,Balkonda,Other oil seeds,0,
2016-2017,Rabi,Nizamabad,Mupkal,Other oil seeds,0,
2016-2017,Rabi,Nizamabad,Mendora,Other oil seeds,0,
2016-2017,Rabi,Nizamabad,Vailpur,Other oil seeds,0,
2016-2017,Rabi,Nizamabad,Bodhan,Other oil seeds,0,
2016-2017,Rabi,Nizamabad,Yeda_Palle,Other oil seeds,0,
2016-2017,Rabi,Nizamabad,Ranjal,Other oil seeds,0,
2016-2017,Rabi,Nizamabad,Navipet,Other oil seeds,0.08,
2016-2017,Rabi,Nizamabad,Kotgiri,Other oil seeds,0,
2016-2017,Rabi,Nizamabad,Rudrur,Other oil seeds,0,
2016-2017,Rabi,Nizamabad,Varni,Other oil seeds,0,
2016-2017,Rabi,Nizamabad,Nizamabad North,Tobacco,0,0
2016-2017,Rabi,Nizamabad,Nizamabad South,Tobacco,0,0
2016-2017,Rabi,Nizamabad,Nizamabad Rural,Tobacco,0,0
2016-2017,Rabi,Nizamabad,Mugpal,Tobacco,0,0
2016-2017,Rabi,Nizamabad,Dichpalle,Tobacco,0,0
2016-2017,Rabi,Nizamabad,Indalwai,Tobacco,0,0
2016-2017,Rabi,Nizamabad,Jakranpalle,Tobacco,0,0
2016-2017,Rabi,Nizamabad,Dharpalle,Tobacco,0,0
2016-2017,Rabi,Nizamabad,Sirkonda,Tobacco,0,0
2016-2017,Rabi,Nizamabad,Armur,Tobacco,0,0
2016-2017,Rabi,Nizamabad,Makloor,Tobacco,0,0
2016-2017,Rabi,Nizamabad,Nandipet,Tobacco,0,0
2016-2017,Rabi,Nizamabad,Bheemgal,Tobacco,0,0
2016-2017,Rabi,Nizamabad,Morthad,Tobacco,0,0
2016-2017,Rabi,Nizamabad,Yergatla,Tobacco,0,0
2016-2017,Rabi,Nizamabad,Kammarpalle,Tobacco,0,0
2016-2017,Rabi,Nizamabad,Balkonda,Tobacco,0,0
2016-2017,Rabi,Nizamabad,Mupkal,Tobacco,0,0
2016-2017,Rabi,Nizamabad,Mendora,Tobacco,0,0
2016-2017,Rabi,Nizamabad,Vailpur,Tobacco,0,0
2016-2017,Rabi,Nizamabad,Bodhan,Tobacco,402.8,353
2016-2017,Rabi,Nizamabad,Yeda_Palle,Tobacco,0,0
2016-2017,Rabi,Nizamabad,Ranjal,Tobacco,346.8,483
2016-2017,Rabi,Nizamabad,Navipet,Tobacco,0,2
2016-2017,Rabi,Nizamabad,Kotgiri,Tobacco,0,0
2016-2017,Rabi,Nizamabad,Rudrur,Tobacco,0,0
2016-2017,Rabi,Nizamabad,Varni,Tobacco,0,1
2016-2017,Rabi,Nizamabad,Nizamabad North,Fodder Jowar,0,0
2016-2017,Rabi,Nizamabad,Nizamabad South,Fodder Jowar,0,0
2016-2017,Rabi,Nizamabad,Nizamabad Rural,Fodder Jowar,42.4,24
2016-2017,Rabi,Nizamabad,Mugpal,Fodder Jowar,0,5
2016-2017,Rabi,Nizamabad,Dichpalle,Fodder Jowar,116.2,25
2016-2017,Rabi,Nizamabad,Indalwai,Fodder Jowar,0,51
2016-2017,Rabi,Nizamabad,Jakranpalle,Fodder Jowar,1704.2,1312
2016-2017,Rabi,Nizamabad,Dharpalle,Fodder Jowar,197.2,445
2016-2017,Rabi,Nizamabad,Sirkonda,Fodder Jowar,214.2,522
2016-2017,Rabi,Nizamabad,Armur,Fodder Jowar,3864.2,2896
2016-2017,Rabi,Nizamabad,Makloor,Fodder Jowar,291,344
2016-2017,Rabi,Nizamabad,Nandipet,Fodder Jowar,2642.8,3079
2016-2017,Rabi,Nizamabad,Bheemgal,Fodder Jowar,1023.4,1045
2016-2017,Rabi,Nizamabad,Morthad,Fodder Jowar,1843.6,1251
2016-2017,Rabi,Nizamabad,Yergatla,Fodder Jowar,0,846
2016-2017,Rabi,Nizamabad,Kammarpalle,Fodder Jowar,754.4,2055
2016-2017,Rabi,Nizamabad,Balkonda,Fodder Jowar,2142,1152
2016-2017,Rabi,Nizamabad,Mupkal,Fodder Jowar,0,902
2016-2017,Rabi,Nizamabad,Mendora,Fodder Jowar,0,791
2016-2017,Rabi,Nizamabad,Vailpur,Fodder Jowar,1707.8,2793
2016-2017,Rabi,Nizamabad,Bodhan,Fodder Jowar,0,0
2016-2017,Rabi,Nizamabad,Yeda_Palle,Fodder Jowar,0,0
2016-2017,Rabi,Nizamabad,Ranjal,Fodder Jowar,0,0
2016-2017,Rabi,Nizamabad,Navipet,Fodder Jowar,29.6,27
2016-2017,Rabi,Nizamabad,Kotgiri,Fodder Jowar,0,4
2016-2017,Rabi,Nizamabad,Rudrur,Fodder Jowar,0,0
2016-2017,Rabi,Nizamabad,Varni,Fodder Jowar,0,0
2016-2017,Rabi,Nizamabad,Nizamabad North,Others,0,0
2016-2017,Rabi,Nizamabad,Nizamabad South,Others,0,0
2016-2017,Rabi,Nizamabad,Nizamabad Rural,Others,144.2,11
2016-2017,Rabi,Nizamabad,Mugpal,Others,0,39
2016-2017,Rabi,Nizamabad,Dichpalle,Others,256.8,68
2016-2017,Rabi,Nizamabad,Indalwai,Others,0,35
2016-2017,Rabi,Nizamabad,Jakranpalle,Others,175,136
2016-2017,Rabi,Nizamabad,Dharpalle,Others,103.6,52
2016-2017,Rabi,Nizamabad,Sirkonda,Others,76.4,16
2016-2017,Rabi,Nizamabad,Armur,Others,396,485
2016-2017,Rabi,Nizamabad,Makloor,Others,238.2,131
2016-2017,Rabi,Nizamabad,Nandipet,Others,224.2,149
2016-2017,Rabi,Nizamabad,Bheemgal,Others,39,30
2016-2017,Rabi,Nizamabad,Morthad,Others,164.2,247
2016-2017,Rabi,Nizamabad,Yergatla,Others,0,14
2016-2017,Rabi,Nizamabad,Kammarpalle,Others,94.2,65
2016-2017,Rabi,Nizamabad,Balkonda,Others,48.4,32
2016-2017,Rabi,Nizamabad,Mupkal,Others,0,41
2016-2017,Rabi,Nizamabad,Mendora,Others,0,80
2016-2017,Rabi,Nizamabad,Vailpur,Others,81.6,73
2016-2017,Rabi,Nizamabad,Bodhan,Others,95.4,65
2016-2017,Rabi,Nizamabad,Yeda_Palle,Others,22.6,17
2016-2017,Rabi,Nizamabad,Ranjal,Others,39,66
2016-2017,Rabi,Nizamabad,Navipet,Others,41.6,46
2016-2017,Rabi,Nizamabad,Kotgiri,Others,33.4,17
2016-2017,Rabi,Nizamabad,Rudrur,Others,0,4
2016-2017,Rabi,Nizamabad,Varni,Others,43.6,46
2016-2017,Rabi,Nizamabad,Nizamabad North,Total,0,116
2016-2017,Rabi,Nizamabad,Nizamabad South,Total,0,187
2016-2017,Rabi,Nizamabad,Nizamabad Rural,Total,6896.8,4027
2016-2017,Rabi,Nizamabad,Mugpal,Total,0,4165
2016-2017,Rabi,Nizamabad,Dichpalle,Total,5262.6,5239
2016-2017,Rabi,Nizamabad,Indalwai,Total,0,3589
2016-2017,Rabi,Nizamabad,Jakranpalle,Total,3950.6,4341
2016-2017,Rabi,Nizamabad,Dharpalle,Total,3124.6,5660
2016-2017,Rabi,Nizamabad,Sirkonda,Total,5087.8,5433
2016-2017,Rabi,Nizamabad,Armur,Total,7956,9858
2016-2017,Rabi,Nizamabad,Makloor,Total,4007.8,7048
2016-2017,Rabi,Nizamabad,Nandipet,Total,8696.6,9293
2016-2017,Rabi,Nizamabad,Bheemgal,Total,4800.6,5987
2016-2017,Rabi,Nizamabad,Morthad,Total,6465.2,4905
2016-2017,Rabi,Nizamabad,Yergatla,Total,0,4263
2016-2017,Rabi,Nizamabad,Kammarpalle,Total,3469,6138
2016-2017,Rabi,Nizamabad,Balkonda,Total,6987.2,2976
2016-2017,Rabi,Nizamabad,Mupkal,Total,0,3076
2016-2017,Rabi,Nizamabad,Mendora,Total,0,4217
2016-2017,Rabi,Nizamabad,Vailpur,Total,3862,6639
2016-2017,Rabi,Nizamabad,Bodhan,Total,13130,18337
2016-2017,Rabi,Nizamabad,Yeda_Palle,Total,2793.8,4509
2016-2017,Rabi,Nizamabad,Ranjal,Total,3430.8,7414
2016-2017,Rabi,Nizamabad,Navipet,Total,4282.88,7382
2016-2017,Rabi,Nizamabad,Kotgiri,Total,6593.8,10916
2016-2017,Rabi,Nizamabad,Rudrur,Total,0,2521
2016-2017,Rabi,Nizamabad,Varni,Total,7120.4,7982
