year,season,districtName,mandalName,crop,normalAreaSown,actualAreaSown
2018-2019,Rabi,Nizamabad,Nizamabad North,Paddy,103,40
2018-2019,Rabi,Nizamabad,Nizamabad South,Paddy,175,42
2018-2019,Rabi,Nizamabad,Nizamabad (Rural),Paddy,1842,1700
2018-2019,Rabi,Nizamabad,Mugpal,Paddy,2276,340
2018-2019,Rabi,Nizamabad,Dichpally,Paddy,2645,1520
2018-2019,Rabi,Nizamabad,Indalwai,Paddy,1553,564
2018-2019,Rabi,Nizamabad,Jakranpally,Paddy,1515.8,1280
2018-2019,Rabi,Nizamabad,Dharpally,Paddy,1952,1300
2018-2019,Rabi,Nizamabad,Sirikonda,Paddy,2785,1012
2018-2019,Rabi,Nizamabad,Armoor,Paddy,2477.6,2501.6
2018-2019,Rabi,Nizamabad,Makloor,Paddy,3632.8,972
2018-2019,Rabi,Nizamabad,Nandipet,Paddy,3593.2,3240
2018-2019,Rabi,Nizamabad,Bheemgal,Paddy,2806,860
2018-2019,Rabi,Nizamabad,Morthad,Paddy,910,1940
2018-2019,Rabi,Nizamabad,Yergatla,Paddy,1150,660
2018-2019,Rabi,Nizamabad,Kammarpally,Paddy,1460,874
2018-2019,Rabi,Nizamabad,Balkonda,Paddy,752,379.2
2018-2019,Rabi,Nizamabad,Mupkal,Paddy,892,328
2018-2019,Rabi,Nizamabad,Mendora,Paddy,681,188
2018-2019,Rabi,Nizamabad,Vailpoor,Paddy,1231.6,78
2018-2019,Rabi,Nizamabad,Bodhan,Paddy,7085,3360
2018-2019,Rabi,Nizamabad,Yedapally,Paddy,3037.8,2540
2018-2019,Rabi,Nizamabad,Renjal,Paddy,2798,1660
2018-2019,Rabi,Nizamabad,Navipet,Paddy,3707.8,3240
2018-2019,Rabi,Nizamabad,Kotagiri,Paddy,5175,1800
2018-2019,Rabi,Nizamabad,Rudrur,Paddy,1341,1240
2018-2019,Rabi,Nizamabad,Varni,Paddy,5325,3040
2018-2019,Rabi,Nizamabad,Nizamabad North,Wheat,0,0
2018-2019,Rabi,Nizamabad,Nizamabad South,Wheat,0,0
2018-2019,Rabi,Nizamabad,Nizamabad (Rural),Wheat,5,0
2018-2019,Rabi,Nizamabad,Mugpal,Wheat,0,0
2018-2019,Rabi,Nizamabad,Dichpally,Wheat,1.6,0
2018-2019,Rabi,Nizamabad,Indalwai,Wheat,0,0.8
2018-2019,Rabi,Nizamabad,Jakranpally,Wheat,0,0
2018-2019,Rabi,Nizamabad,Dharpally,Wheat,8.2,3.2
2018-2019,Rabi,Nizamabad,Sirikonda,Wheat,33.4,2.4
2018-2019,Rabi,Nizamabad,Armoor,Wheat,1.4,0
2018-2019,Rabi,Nizamabad,Makloor,Wheat,2.4,0
2018-2019,Rabi,Nizamabad,Nandipet,Wheat,0.8,0
2018-2019,Rabi,Nizamabad,Bheemgal,Wheat,6,0
2018-2019,Rabi,Nizamabad,Morthad,Wheat,0,0
2018-2019,Rabi,Nizamabad,Yergatla,Wheat,0,0
2018-2019,Rabi,Nizamabad,Kammarpally,Wheat,9.4,0
2018-2019,Rabi,Nizamabad,Balkonda,Wheat,0,0
2018-2019,Rabi,Nizamabad,Mupkal,Wheat,0,0
2018-2019,Rabi,Nizamabad,Mendora,Wheat,0,0
2018-2019,Rabi,Nizamabad,Vailpoor,Wheat,0,0
2018-2019,Rabi,Nizamabad,Bodhan,Wheat,33.6,20.8
2018-2019,Rabi,Nizamabad,Yedapally,Wheat,8,0
2018-2019,Rabi,Nizamabad,Renjal,Wheat,10,0
2018-2019,Rabi,Nizamabad,Navipet,Wheat,16.2,0
2018-2019,Rabi,Nizamabad,Kotagiri,Wheat,25.6,0
2018-2019,Rabi,Nizamabad,Rudrur,Wheat,0,0
2018-2019,Rabi,Nizamabad,Varni,Wheat,39.8,0
2018-2019,Rabi,Nizamabad,Nizamabad North,Jowar,0,0
2018-2019,Rabi,Nizamabad,Nizamabad South,Jowar,0,0
2018-2019,Rabi,Nizamabad,Nizamabad (Rural),Jowar,0,0
2018-2019,Rabi,Nizamabad,Mugpal,Jowar,0,0
2018-2019,Rabi,Nizamabad,Dichpally,Jowar,11.6,0
2018-2019,Rabi,Nizamabad,Indalwai,Jowar,0.8,0
2018-2019,Rabi,Nizamabad,Jakranpally,Jowar,0,50
2018-2019,Rabi,Nizamabad,Dharpally,Jowar,0,0
2018-2019,Rabi,Nizamabad,Sirikonda,Jowar,0,0
2018-2019,Rabi,Nizamabad,Armoor,Jowar,2.8,0
2018-2019,Rabi,Nizamabad,Makloor,Jowar,0,0
2018-2019,Rabi,Nizamabad,Nandipet,Jowar,0,0
2018-2019,Rabi,Nizamabad,Bheemgal,Jowar,0,0
2018-2019,Rabi,Nizamabad,Morthad,Jowar,0.4,0
2018-2019,Rabi,Nizamabad,Yergatla,Jowar,0,0
2018-2019,Rabi,Nizamabad,Kammarpally,Jowar,0,0
2018-2019,Rabi,Nizamabad,Balkonda,Jowar,0,0
2018-2019,Rabi,Nizamabad,Mupkal,Jowar,0,0
2018-2019,Rabi,Nizamabad,Mendora,Jowar,0,0
2018-2019,Rabi,Nizamabad,Vailpoor,Jowar,0,0
2018-2019,Rabi,Nizamabad,Bodhan,Jowar,210.8,0
2018-2019,Rabi,Nizamabad,Yedapally,Jowar,3.4,0
2018-2019,Rabi,Nizamabad,Renjal,Jowar,11.8,0
2018-2019,Rabi,Nizamabad,Navipet,Jowar,26,0
2018-2019,Rabi,Nizamabad,Kotagiri,Jowar,115,21.2
2018-2019,Rabi,Nizamabad,Rudrur,Jowar,0,0
2018-2019,Rabi,Nizamabad,Varni,Jowar,39.4,0
2018-2019,Rabi,Nizamabad,Nizamabad North,Bajra,0,0
2018-2019,Rabi,Nizamabad,Nizamabad South,Bajra,0,0
2018-2019,Rabi,Nizamabad,Nizamabad (Rural),Bajra,17,0
2018-2019,Rabi,Nizamabad,Mugpal,Bajra,0,0
2018-2019,Rabi,Nizamabad,Dichpally,Bajra,2.4,0
2018-2019,Rabi,Nizamabad,Indalwai,Bajra,0,0
2018-2019,Rabi,Nizamabad,Jakranpally,Bajra,212.4,0
2018-2019,Rabi,Nizamabad,Dharpally,Bajra,97.8,0
2018-2019,Rabi,Nizamabad,Sirikonda,Bajra,41.4,0
2018-2019,Rabi,Nizamabad,Armoor,Bajra,594.4,0
2018-2019,Rabi,Nizamabad,Makloor,Bajra,8.8,0
2018-2019,Rabi,Nizamabad,Nandipet,Bajra,596.4,0
2018-2019,Rabi,Nizamabad,Bheemgal,Bajra,29.6,0
2018-2019,Rabi,Nizamabad,Morthad,Bajra,865,0
2018-2019,Rabi,Nizamabad,Yergatla,Bajra,527,0
2018-2019,Rabi,Nizamabad,Kammarpally,Bajra,847.2,0
2018-2019,Rabi,Nizamabad,Balkonda,Bajra,635,0
2018-2019,Rabi,Nizamabad,Mupkal,Bajra,485,0
2018-2019,Rabi,Nizamabad,Mendora,Bajra,475,0
2018-2019,Rabi,Nizamabad,Vailpoor,Bajra,254.8,0
2018-2019,Rabi,Nizamabad,Bodhan,Bajra,14.4,0
2018-2019,Rabi,Nizamabad,Yedapally,Bajra,0,0
2018-2019,Rabi,Nizamabad,Renjal,Bajra,0,0
2018-2019,Rabi,Nizamabad,Navipet,Bajra,0,0
2018-2019,Rabi,Nizamabad,Kotagiri,Bajra,0,0
2018-2019,Rabi,Nizamabad,Rudrur,Bajra,0,0
2018-2019,Rabi,Nizamabad,Varni,Bajra,0,0
2018-2019,Rabi,Nizamabad,Nizamabad North,Maize,0,0
2018-2019,Rabi,Nizamabad,Nizamabad South,Maize,0,0
2018-2019,Rabi,Nizamabad,Nizamabad (Rural),Maize,486,64
2018-2019,Rabi,Nizamabad,Mugpal,Maize,615,120
2018-2019,Rabi,Nizamabad,Dichpally,Maize,490.8,112
2018-2019,Rabi,Nizamabad,Indalwai,Maize,114.8,60
2018-2019,Rabi,Nizamabad,Jakranpally,Maize,113.2,262.4
2018-2019,Rabi,Nizamabad,Dharpally,Maize,295.8,86
2018-2019,Rabi,Nizamabad,Sirikonda,Maize,178.8,61.6
2018-2019,Rabi,Nizamabad,Armoor,Maize,185.2,432
2018-2019,Rabi,Nizamabad,Makloor,Maize,391,380
2018-2019,Rabi,Nizamabad,Nandipet,Maize,843.8,1060
2018-2019,Rabi,Nizamabad,Bheemgal,Maize,83.6,100
2018-2019,Rabi,Nizamabad,Morthad,Maize,79,450
2018-2019,Rabi,Nizamabad,Yergatla,Maize,148,500
2018-2019,Rabi,Nizamabad,Kammarpally,Maize,121.2,240
2018-2019,Rabi,Nizamabad,Balkonda,Maize,88,141.6
2018-2019,Rabi,Nizamabad,Mupkal,Maize,165,175.2
2018-2019,Rabi,Nizamabad,Mendora,Maize,183,342.4
2018-2019,Rabi,Nizamabad,Vailpoor,Maize,102.2,100.8
2018-2019,Rabi,Nizamabad,Bodhan,Maize,631,288
2018-2019,Rabi,Nizamabad,Yedapally,Maize,25.8,0
2018-2019,Rabi,Nizamabad,Renjal,Maize,107,30
2018-2019,Rabi,Nizamabad,Navipet,Maize,652.8,202.4
2018-2019,Rabi,Nizamabad,Kotagiri,Maize,400.4,112
2018-2019,Rabi,Nizamabad,Rudrur,Maize,34.8,34.4
2018-2019,Rabi,Nizamabad,Varni,Maize,794,874
2018-2019,Rabi,Nizamabad,Nizamabad North,Horse Gram,0,0
2018-2019,Rabi,Nizamabad,Nizamabad South,Horse Gram,0,0
2018-2019,Rabi,Nizamabad,Nizamabad (Rural),Horse Gram,0,0
2018-2019,Rabi,Nizamabad,Mugpal,Horse Gram,0,0
2018-2019,Rabi,Nizamabad,Dichpally,Horse Gram,0,0
2018-2019,Rabi,Nizamabad,Indalwai,Horse Gram,0,0
2018-2019,Rabi,Nizamabad,Jakranpally,Horse Gram,0,0
2018-2019,Rabi,Nizamabad,Dharpally,Horse Gram,0,0
2018-2019,Rabi,Nizamabad,Sirikonda,Horse Gram,0,0
2018-2019,Rabi,Nizamabad,Armoor,Horse Gram,0,0
2018-2019,Rabi,Nizamabad,Makloor,Horse Gram,0,0
2018-2019,Rabi,Nizamabad,Nandipet,Horse Gram,0,0
2018-2019,Rabi,Nizamabad,Bheemgal,Horse Gram,0,0
2018-2019,Rabi,Nizamabad,Morthad,Horse Gram,0,0
2018-2019,Rabi,Nizamabad,Yergatla,Horse Gram,0,0
2018-2019,Rabi,Nizamabad,Kammarpally,Horse Gram,0,0
2018-2019,Rabi,Nizamabad,Balkonda,Horse Gram,0,0
2018-2019,Rabi,Nizamabad,Mupkal,Horse Gram,0,0
2018-2019,Rabi,Nizamabad,Mendora,Horse Gram,0,0
2018-2019,Rabi,Nizamabad,Vailpoor,Horse Gram,0,0
2018-2019,Rabi,Nizamabad,Bodhan,Horse Gram,0,0
2018-2019,Rabi,Nizamabad,Yedapally,Horse Gram,0,0
2018-2019,Rabi,Nizamabad,Renjal,Horse Gram,0,0
2018-2019,Rabi,Nizamabad,Navipet,Horse Gram,1.2,0
2018-2019,Rabi,Nizamabad,Kotagiri,Horse Gram,0,0
2018-2019,Rabi,Nizamabad,Rudrur,Horse Gram,0,0
2018-2019,Rabi,Nizamabad,Varni,Horse Gram,0,0
2018-2019,Rabi,Nizamabad,Nizamabad North,Green Gram,0,0
2018-2019,Rabi,Nizamabad,Nizamabad South,Green Gram,0,0
2018-2019,Rabi,Nizamabad,Nizamabad (Rural),Green Gram,1.2,0
2018-2019,Rabi,Nizamabad,Mugpal,Green Gram,0,0
2018-2019,Rabi,Nizamabad,Dichpally,Green Gram,16.2,0
2018-2019,Rabi,Nizamabad,Indalwai,Green Gram,0.2,0
2018-2019,Rabi,Nizamabad,Jakranpally,Green Gram,19,0
2018-2019,Rabi,Nizamabad,Dharpally,Green Gram,5.2,4
2018-2019,Rabi,Nizamabad,Sirikonda,Green Gram,185.4,13.2
2018-2019,Rabi,Nizamabad,Armoor,Green Gram,4,0
2018-2019,Rabi,Nizamabad,Makloor,Green Gram,20.6,0
2018-2019,Rabi,Nizamabad,Nandipet,Green Gram,1.4,9.6
2018-2019,Rabi,Nizamabad,Bheemgal,Green Gram,31.8,3.2
2018-2019,Rabi,Nizamabad,Morthad,Green Gram,24.4,2
2018-2019,Rabi,Nizamabad,Yergatla,Green Gram,8.8,2
2018-2019,Rabi,Nizamabad,Kammarpally,Green Gram,45.8,16
2018-2019,Rabi,Nizamabad,Balkonda,Green Gram,21,0
2018-2019,Rabi,Nizamabad,Mupkal,Green Gram,0.6,0
2018-2019,Rabi,Nizamabad,Mendora,Green Gram,2.4,0
2018-2019,Rabi,Nizamabad,Vailpoor,Green Gram,0.6,3.2
2018-2019,Rabi,Nizamabad,Bodhan,Green Gram,20.4,0
2018-2019,Rabi,Nizamabad,Yedapally,Green Gram,11,0
2018-2019,Rabi,Nizamabad,Renjal,Green Gram,15.2,0
2018-2019,Rabi,Nizamabad,Navipet,Green Gram,14,0
2018-2019,Rabi,Nizamabad,Kotagiri,Green Gram,9.6,0
2018-2019,Rabi,Nizamabad,Rudrur,Green Gram,0,0
2018-2019,Rabi,Nizamabad,Varni,Green Gram,16.2,0
2018-2019,Rabi,Nizamabad,Nizamabad North,Black Gram,0,0
2018-2019,Rabi,Nizamabad,Nizamabad South,Black Gram,0,0
2018-2019,Rabi,Nizamabad,Nizamabad (Rural),Black Gram,3.4,0
2018-2019,Rabi,Nizamabad,Mugpal,Black Gram,0,0
2018-2019,Rabi,Nizamabad,Dichpally,Black Gram,28.8,0
2018-2019,Rabi,Nizamabad,Indalwai,Black Gram,0.2,0
2018-2019,Rabi,Nizamabad,Jakranpally,Black Gram,29,0
2018-2019,Rabi,Nizamabad,Dharpally,Black Gram,19.2,8
2018-2019,Rabi,Nizamabad,Sirikonda,Black Gram,35.8,0
2018-2019,Rabi,Nizamabad,Armoor,Black Gram,14.4,4.4
2018-2019,Rabi,Nizamabad,Makloor,Black Gram,18.6,0
2018-2019,Rabi,Nizamabad,Nandipet,Black Gram,1.4,0
2018-2019,Rabi,Nizamabad,Bheemgal,Black Gram,14.4,0
2018-2019,Rabi,Nizamabad,Morthad,Black Gram,17.6,0
2018-2019,Rabi,Nizamabad,Yergatla,Black Gram,0.6,0
2018-2019,Rabi,Nizamabad,Kammarpally,Black Gram,13.4,0
2018-2019,Rabi,Nizamabad,Balkonda,Black Gram,22.4,0
2018-2019,Rabi,Nizamabad,Mupkal,Black Gram,0,0
2018-2019,Rabi,Nizamabad,Mendora,Black Gram,0,0
2018-2019,Rabi,Nizamabad,Vailpoor,Black Gram,0,2
2018-2019,Rabi,Nizamabad,Bodhan,Black Gram,111.6,0
2018-2019,Rabi,Nizamabad,Yedapally,Black Gram,13,0
2018-2019,Rabi,Nizamabad,Renjal,Black Gram,18.4,0
2018-2019,Rabi,Nizamabad,Navipet,Black Gram,67,0
2018-2019,Rabi,Nizamabad,Kotagiri,Black Gram,71,0
2018-2019,Rabi,Nizamabad,Rudrur,Black Gram,0,0
2018-2019,Rabi,Nizamabad,Varni,Black Gram,41.6,0
2018-2019,Rabi,Nizamabad,Nizamabad North,Red Gram,0,0
2018-2019,Rabi,Nizamabad,Nizamabad South,Red Gram,0,0
2018-2019,Rabi,Nizamabad,Nizamabad (Rural),Red Gram,0,0
2018-2019,Rabi,Nizamabad,Mugpal,Red Gram,0,0
2018-2019,Rabi,Nizamabad,Dichpally,Red Gram,0,0
2018-2019,Rabi,Nizamabad,Indalwai,Red Gram,0,0
2018-2019,Rabi,Nizamabad,Jakranpally,Red Gram,0,0
2018-2019,Rabi,Nizamabad,Dharpally,Red Gram,0,0
2018-2019,Rabi,Nizamabad,Sirikonda,Red Gram,0,0
2018-2019,Rabi,Nizamabad,Armoor,Red Gram,0.4,0
2018-2019,Rabi,Nizamabad,Makloor,Red Gram,0,0
2018-2019,Rabi,Nizamabad,Nandipet,Red Gram,0,0
2018-2019,Rabi,Nizamabad,Bheemgal,Red Gram,0,0
2018-2019,Rabi,Nizamabad,Morthad,Red Gram,0.2,0
2018-2019,Rabi,Nizamabad,Yergatla,Red Gram,0,0
2018-2019,Rabi,Nizamabad,Kammarpally,Red Gram,0.4,0
2018-2019,Rabi,Nizamabad,Balkonda,Red Gram,0,0
2018-2019,Rabi,Nizamabad,Mupkal,Red Gram,0,0
2018-2019,Rabi,Nizamabad,Mendora,Red Gram,0,0
2018-2019,Rabi,Nizamabad,Vailpoor,Red Gram,0,0
2018-2019,Rabi,Nizamabad,Bodhan,Red Gram,0,0
2018-2019,Rabi,Nizamabad,Yedapally,Red Gram,0,0
2018-2019,Rabi,Nizamabad,Renjal,Red Gram,0,0
2018-2019,Rabi,Nizamabad,Navipet,Red Gram,0,0
2018-2019,Rabi,Nizamabad,Kotagiri,Red Gram,0,0
2018-2019,Rabi,Nizamabad,Rudrur,Red Gram,0,0
2018-2019,Rabi,Nizamabad,Varni,Red Gram,0,0
2018-2019,Rabi,Nizamabad,Nizamabad North,Bengal Gram,0,0
2018-2019,Rabi,Nizamabad,Nizamabad South,Bengal Gram,0,0
2018-2019,Rabi,Nizamabad,Nizamabad (Rural),Bengal Gram,68.2,0
2018-2019,Rabi,Nizamabad,Mugpal,Bengal Gram,18,24
2018-2019,Rabi,Nizamabad,Dichpally,Bengal Gram,153.6,96
2018-2019,Rabi,Nizamabad,Indalwai,Bengal Gram,8,8
2018-2019,Rabi,Nizamabad,Jakranpally,Bengal Gram,101.2,19.2
2018-2019,Rabi,Nizamabad,Dharpally,Bengal Gram,34,6
2018-2019,Rabi,Nizamabad,Sirikonda,Bengal Gram,54.8,16
2018-2019,Rabi,Nizamabad,Armoor,Bengal Gram,25.2,4
2018-2019,Rabi,Nizamabad,Makloor,Bengal Gram,4.6,0
2018-2019,Rabi,Nizamabad,Nandipet,Bengal Gram,0,0
2018-2019,Rabi,Nizamabad,Bheemgal,Bengal Gram,30.4,15
2018-2019,Rabi,Nizamabad,Morthad,Bengal Gram,0.2,0
2018-2019,Rabi,Nizamabad,Yergatla,Bengal Gram,0,0
2018-2019,Rabi,Nizamabad,Kammarpally,Bengal Gram,13.6,18
2018-2019,Rabi,Nizamabad,Balkonda,Bengal Gram,0.8,0
2018-2019,Rabi,Nizamabad,Mupkal,Bengal Gram,0,0
2018-2019,Rabi,Nizamabad,Mendora,Bengal Gram,0,0
2018-2019,Rabi,Nizamabad,Vailpoor,Bengal Gram,141.2,258
2018-2019,Rabi,Nizamabad,Bodhan,Bengal Gram,3359,5920
2018-2019,Rabi,Nizamabad,Yedapally,Bengal Gram,10.6,0
2018-2019,Rabi,Nizamabad,Renjal,Bengal Gram,1567.6,1280
2018-2019,Rabi,Nizamabad,Navipet,Bengal Gram,43.8,32
2018-2019,Rabi,Nizamabad,Kotagiri,Bengal Gram,1232.8,1240
2018-2019,Rabi,Nizamabad,Rudrur,Bengal Gram,3.2,32.8
2018-2019,Rabi,Nizamabad,Varni,Bengal Gram,189.8,168
2018-2019,Rabi,Nizamabad,Nizamabad North,Other pulses,0,0
2018-2019,Rabi,Nizamabad,Nizamabad South,Other pulses,0,0
2018-2019,Rabi,Nizamabad,Nizamabad (Rural),Other pulses,0,0
2018-2019,Rabi,Nizamabad,Mugpal,Other pulses,0,0
2018-2019,Rabi,Nizamabad,Dichpally,Other pulses,0,0
2018-2019,Rabi,Nizamabad,Indalwai,Other pulses,0,0
2018-2019,Rabi,Nizamabad,Jakranpally,Other pulses,0,0
2018-2019,Rabi,Nizamabad,Dharpally,Other pulses,0,0
2018-2019,Rabi,Nizamabad,Sirikonda,Other pulses,0,0
2018-2019,Rabi,Nizamabad,Armoor,Other pulses,0,0
2018-2019,Rabi,Nizamabad,Makloor,Other pulses,0,0
2018-2019,Rabi,Nizamabad,Nandipet,Other pulses,0,0
2018-2019,Rabi,Nizamabad,Bheemgal,Other pulses,0,0
2018-2019,Rabi,Nizamabad,Morthad,Other pulses,0,0
2018-2019,Rabi,Nizamabad,Yergatla,Other pulses,0,0
2018-2019,Rabi,Nizamabad,Kammarpally,Other pulses,0,0
2018-2019,Rabi,Nizamabad,Balkonda,Other pulses,0,0
2018-2019,Rabi,Nizamabad,Mupkal,Other pulses,0,0
2018-2019,Rabi,Nizamabad,Mendora,Other pulses,0,0
2018-2019,Rabi,Nizamabad,Vailpoor,Other pulses,0,0
2018-2019,Rabi,Nizamabad,Bodhan,Other pulses,0,0
2018-2019,Rabi,Nizamabad,Yedapally,Other pulses,0,0
2018-2019,Rabi,Nizamabad,Renjal,Other pulses,0,0
2018-2019,Rabi,Nizamabad,Navipet,Other pulses,0,0
2018-2019,Rabi,Nizamabad,Kotagiri,Other pulses,0,0
2018-2019,Rabi,Nizamabad,Rudrur,Other pulses,0,0
2018-2019,Rabi,Nizamabad,Varni,Other pulses,0,0
2018-2019,Rabi,Nizamabad,Nizamabad North,Groundnut,0,0
2018-2019,Rabi,Nizamabad,Nizamabad South,Groundnut,0,0
2018-2019,Rabi,Nizamabad,Nizamabad (Rural),Groundnut,0,0
2018-2019,Rabi,Nizamabad,Mugpal,Groundnut,0,0
2018-2019,Rabi,Nizamabad,Dichpally,Groundnut,4.4,0
2018-2019,Rabi,Nizamabad,Indalwai,Groundnut,0,0
2018-2019,Rabi,Nizamabad,Jakranpally,Groundnut,19.4,0
2018-2019,Rabi,Nizamabad,Dharpally,Groundnut,21.8,4
2018-2019,Rabi,Nizamabad,Sirikonda,Groundnut,0,0
2018-2019,Rabi,Nizamabad,Armoor,Groundnut,30.2,16.8
2018-2019,Rabi,Nizamabad,Makloor,Groundnut,2.6,0
2018-2019,Rabi,Nizamabad,Nandipet,Groundnut,0.8,0
2018-2019,Rabi,Nizamabad,Bheemgal,Groundnut,13.2,0
2018-2019,Rabi,Nizamabad,Morthad,Groundnut,12.8,0
2018-2019,Rabi,Nizamabad,Yergatla,Groundnut,2.4,0
2018-2019,Rabi,Nizamabad,Kammarpally,Groundnut,9.8,8
2018-2019,Rabi,Nizamabad,Balkonda,Groundnut,181.4,0
2018-2019,Rabi,Nizamabad,Mupkal,Groundnut,12.6,4.4
2018-2019,Rabi,Nizamabad,Mendora,Groundnut,44.2,82.8
2018-2019,Rabi,Nizamabad,Vailpoor,Groundnut,3.6,0
2018-2019,Rabi,Nizamabad,Bodhan,Groundnut,18,0
2018-2019,Rabi,Nizamabad,Yedapally,Groundnut,0,0
2018-2019,Rabi,Nizamabad,Renjal,Groundnut,2,0
2018-2019,Rabi,Nizamabad,Navipet,Groundnut,5.6,0
2018-2019,Rabi,Nizamabad,Kotagiri,Groundnut,17,0
2018-2019,Rabi,Nizamabad,Rudrur,Groundnut,0,0
2018-2019,Rabi,Nizamabad,Varni,Groundnut,1,0
2018-2019,Rabi,Nizamabad,Nizamabad North,Sesamum,0,0
2018-2019,Rabi,Nizamabad,Nizamabad South,Sesamum,0,0
2018-2019,Rabi,Nizamabad,Nizamabad (Rural),Sesamum,46.6,0
2018-2019,Rabi,Nizamabad,Mugpal,Sesamum,0.4,0
2018-2019,Rabi,Nizamabad,Dichpally,Sesamum,90.8,0
2018-2019,Rabi,Nizamabad,Indalwai,Sesamum,3.2,0
2018-2019,Rabi,Nizamabad,Jakranpally,Sesamum,215.2,0
2018-2019,Rabi,Nizamabad,Dharpally,Sesamum,68.4,0
2018-2019,Rabi,Nizamabad,Sirikonda,Sesamum,100.6,0
2018-2019,Rabi,Nizamabad,Armoor,Sesamum,466.2,0
2018-2019,Rabi,Nizamabad,Makloor,Sesamum,113,0
2018-2019,Rabi,Nizamabad,Nandipet,Sesamum,181.4,0
2018-2019,Rabi,Nizamabad,Bheemgal,Sesamum,118.2,0.8
2018-2019,Rabi,Nizamabad,Morthad,Sesamum,522.6,0
2018-2019,Rabi,Nizamabad,Yergatla,Sesamum,136.6,0
2018-2019,Rabi,Nizamabad,Kammarpally,Sesamum,139.4,0
2018-2019,Rabi,Nizamabad,Balkonda,Sesamum,519.4,0
2018-2019,Rabi,Nizamabad,Mupkal,Sesamum,71.8,0
2018-2019,Rabi,Nizamabad,Mendora,Sesamum,126,0
2018-2019,Rabi,Nizamabad,Vailpoor,Sesamum,629.6,0
2018-2019,Rabi,Nizamabad,Bodhan,Sesamum,2.2,0
2018-2019,Rabi,Nizamabad,Yedapally,Sesamum,6,0
2018-2019,Rabi,Nizamabad,Renjal,Sesamum,2,0
2018-2019,Rabi,Nizamabad,Navipet,Sesamum,36.6,0
2018-2019,Rabi,Nizamabad,Kotagiri,Sesamum,0,0
2018-2019,Rabi,Nizamabad,Rudrur,Sesamum,0,0
2018-2019,Rabi,Nizamabad,Varni,Sesamum,9,0
2018-2019,Rabi,Nizamabad,Nizamabad North,Sunflower,0,0
2018-2019,Rabi,Nizamabad,Nizamabad South,Sunflower,0,0
2018-2019,Rabi,Nizamabad,Nizamabad (Rural),Sunflower,15.6,0
2018-2019,Rabi,Nizamabad,Mugpal,Sunflower,0,0
2018-2019,Rabi,Nizamabad,Dichpally,Sunflower,11.6,0
2018-2019,Rabi,Nizamabad,Indalwai,Sunflower,0,0
2018-2019,Rabi,Nizamabad,Jakranpally,Sunflower,1,2
2018-2019,Rabi,Nizamabad,Dharpally,Sunflower,31.8,6
2018-2019,Rabi,Nizamabad,Sirikonda,Sunflower,298.8,16.8
2018-2019,Rabi,Nizamabad,Armoor,Sunflower,0,0
2018-2019,Rabi,Nizamabad,Makloor,Sunflower,74,0
2018-2019,Rabi,Nizamabad,Nandipet,Sunflower,39.4,0
2018-2019,Rabi,Nizamabad,Bheemgal,Sunflower,191.8,0
2018-2019,Rabi,Nizamabad,Morthad,Sunflower,0,0
2018-2019,Rabi,Nizamabad,Yergatla,Sunflower,0,0
2018-2019,Rabi,Nizamabad,Kammarpally,Sunflower,2.2,0
2018-2019,Rabi,Nizamabad,Balkonda,Sunflower,0,0
2018-2019,Rabi,Nizamabad,Mupkal,Sunflower,0,0
2018-2019,Rabi,Nizamabad,Mendora,Sunflower,0,0
2018-2019,Rabi,Nizamabad,Vailpoor,Sunflower,0.2,0
2018-2019,Rabi,Nizamabad,Bodhan,Sunflower,1498,112
2018-2019,Rabi,Nizamabad,Yedapally,Sunflower,37,0
2018-2019,Rabi,Nizamabad,Renjal,Sunflower,86,0
2018-2019,Rabi,Nizamabad,Navipet,Sunflower,193,0
2018-2019,Rabi,Nizamabad,Kotagiri,Sunflower,619,216
2018-2019,Rabi,Nizamabad,Rudrur,Sunflower,2,0
2018-2019,Rabi,Nizamabad,Varni,Sunflower,51,0
2018-2019,Rabi,Nizamabad,Nizamabad North,Safflower,0,0
2018-2019,Rabi,Nizamabad,Nizamabad South,Safflower,0,0
2018-2019,Rabi,Nizamabad,Nizamabad (Rural),Safflower,89.2,0
2018-2019,Rabi,Nizamabad,Mugpal,Safflower,1,0
2018-2019,Rabi,Nizamabad,Dichpally,Safflower,100,72
2018-2019,Rabi,Nizamabad,Indalwai,Safflower,0,0
2018-2019,Rabi,Nizamabad,Jakranpally,Safflower,0.4,0
2018-2019,Rabi,Nizamabad,Dharpally,Safflower,0.8,0
2018-2019,Rabi,Nizamabad,Sirikonda,Safflower,2.2,8.8
2018-2019,Rabi,Nizamabad,Armoor,Safflower,0,0
2018-2019,Rabi,Nizamabad,Makloor,Safflower,0,0
2018-2019,Rabi,Nizamabad,Nandipet,Safflower,0,0
2018-2019,Rabi,Nizamabad,Bheemgal,Safflower,2.8,0
2018-2019,Rabi,Nizamabad,Morthad,Safflower,0,0
2018-2019,Rabi,Nizamabad,Yergatla,Safflower,0,0
2018-2019,Rabi,Nizamabad,Kammarpally,Safflower,0,0
2018-2019,Rabi,Nizamabad,Balkonda,Safflower,0,0
2018-2019,Rabi,Nizamabad,Mupkal,Safflower,0,0
2018-2019,Rabi,Nizamabad,Mendora,Safflower,0,0
2018-2019,Rabi,Nizamabad,Vailpoor,Safflower,0,0
2018-2019,Rabi,Nizamabad,Bodhan,Safflower,277,120.8
2018-2019,Rabi,Nizamabad,Yedapally,Safflower,3,0
2018-2019,Rabi,Nizamabad,Renjal,Safflower,31,0
2018-2019,Rabi,Nizamabad,Navipet,Safflower,15.4,0
2018-2019,Rabi,Nizamabad,Kotagiri,Safflower,265,24
2018-2019,Rabi,Nizamabad,Rudrur,Safflower,0,0
2018-2019,Rabi,Nizamabad,Varni,Safflower,17,0
2018-2019,Rabi,Nizamabad,Nizamabad North,Rapeseed/Mustard,0,0
2018-2019,Rabi,Nizamabad,Nizamabad South,Rapeseed/Mustard,0,0
2018-2019,Rabi,Nizamabad,Nizamabad (Rural),Rapeseed/Mustard,0,0
2018-2019,Rabi,Nizamabad,Mugpal,Rapeseed/Mustard,0,0
2018-2019,Rabi,Nizamabad,Dichpally,Rapeseed/Mustard,0,0
2018-2019,Rabi,Nizamabad,Indalwai,Rapeseed/Mustard,0,0
2018-2019,Rabi,Nizamabad,Jakranpally,Rapeseed/Mustard,0,0
2018-2019,Rabi,Nizamabad,Dharpally,Rapeseed/Mustard,0,0
2018-2019,Rabi,Nizamabad,Sirikonda,Rapeseed/Mustard,0,0
2018-2019,Rabi,Nizamabad,Armoor,Rapeseed/Mustard,0,0
2018-2019,Rabi,Nizamabad,Makloor,Rapeseed/Mustard,0,0
2018-2019,Rabi,Nizamabad,Nandipet,Rapeseed/Mustard,0,0
2018-2019,Rabi,Nizamabad,Bheemgal,Rapeseed/Mustard,0,0
2018-2019,Rabi,Nizamabad,Morthad,Rapeseed/Mustard,0,502.8
2018-2019,Rabi,Nizamabad,Yergatla,Rapeseed/Mustard,0,164
2018-2019,Rabi,Nizamabad,Kammarpally,Rapeseed/Mustard,0,152
2018-2019,Rabi,Nizamabad,Balkonda,Rapeseed/Mustard,0,0
2018-2019,Rabi,Nizamabad,Mupkal,Rapeseed/Mustard,0,0
2018-2019,Rabi,Nizamabad,Mendora,Rapeseed/Mustard,0,62.4
2018-2019,Rabi,Nizamabad,Vailpoor,Rapeseed/Mustard,0,0
2018-2019,Rabi,Nizamabad,Bodhan,Rapeseed/Mustard,0,0
2018-2019,Rabi,Nizamabad,Yedapally,Rapeseed/Mustard,0,0
2018-2019,Rabi,Nizamabad,Renjal,Rapeseed/Mustard,0,0
2018-2019,Rabi,Nizamabad,Navipet,Rapeseed/Mustard,0,0
2018-2019,Rabi,Nizamabad,Kotagiri,Rapeseed/Mustard,0,0
2018-2019,Rabi,Nizamabad,Rudrur,Rapeseed/Mustard,0,0
2018-2019,Rabi,Nizamabad,Varni,Rapeseed/Mustard,0,0
2018-2019,Rabi,Nizamabad,Nizamabad North,Other oil seeds,0,0
2018-2019,Rabi,Nizamabad,Nizamabad South,Other oil seeds,0,0
2018-2019,Rabi,Nizamabad,Nizamabad (Rural),Other oil seeds,1.19999999999999,0
2018-2019,Rabi,Nizamabad,Mugpal,Other oil seeds,0,0
2018-2019,Rabi,Nizamabad,Dichpally,Other oil seeds,3.80000000000001,0
2018-2019,Rabi,Nizamabad,Indalwai,Other oil seeds,0,0
2018-2019,Rabi,Nizamabad,Jakranpally,Other oil seeds,0,0
2018-2019,Rabi,Nizamabad,Dharpally,Other oil seeds,4.8,0.8
2018-2019,Rabi,Nizamabad,Sirikonda,Other oil seeds,8.19999999999999,0
2018-2019,Rabi,Nizamabad,Armoor,Other oil seeds,4.40000000000003,0
2018-2019,Rabi,Nizamabad,Makloor,Other oil seeds,7.80000000000001,0
2018-2019,Rabi,Nizamabad,Nandipet,Other oil seeds,30.6,0
2018-2019,Rabi,Nizamabad,Bheemgal,Other oil seeds,10.2,0
2018-2019,Rabi,Nizamabad,Morthad,Other oil seeds,124.6,0
2018-2019,Rabi,Nizamabad,Yergatla,Other oil seeds,110,0
2018-2019,Rabi,Nizamabad,Kammarpally,Other oil seeds,23.6,0
2018-2019,Rabi,Nizamabad,Balkonda,Other oil seeds,6,0
2018-2019,Rabi,Nizamabad,Mupkal,Other oil seeds,0.200000000000003,0
2018-2019,Rabi,Nizamabad,Mendora,Other oil seeds,6.20000000000002,0
2018-2019,Rabi,Nizamabad,Vailpoor,Other oil seeds,2.99999999999989,0
2018-2019,Rabi,Nizamabad,Bodhan,Other oil seeds,0.799999999999955,0
2018-2019,Rabi,Nizamabad,Yedapally,Other oil seeds,4,0
2018-2019,Rabi,Nizamabad,Renjal,Other oil seeds,0.599999999999994,0
2018-2019,Rabi,Nizamabad,Navipet,Other oil seeds,1.59999999999999,0
2018-2019,Rabi,Nizamabad,Kotagiri,Other oil seeds,1,0
2018-2019,Rabi,Nizamabad,Rudrur,Other oil seeds,0,0
2018-2019,Rabi,Nizamabad,Varni,Other oil seeds,14.8,0
2018-2019,Rabi,Nizamabad,Nizamabad North,Tobacco,0,0
2018-2019,Rabi,Nizamabad,Nizamabad South,Tobacco,0,0
2018-2019,Rabi,Nizamabad,Nizamabad (Rural),Tobacco,0,0
2018-2019,Rabi,Nizamabad,Mugpal,Tobacco,0,0
2018-2019,Rabi,Nizamabad,Dichpally,Tobacco,0,0
2018-2019,Rabi,Nizamabad,Indalwai,Tobacco,0,0
2018-2019,Rabi,Nizamabad,Jakranpally,Tobacco,0,0
2018-2019,Rabi,Nizamabad,Dharpally,Tobacco,0,0
2018-2019,Rabi,Nizamabad,Sirikonda,Tobacco,0,0
2018-2019,Rabi,Nizamabad,Armoor,Tobacco,0,0
2018-2019,Rabi,Nizamabad,Makloor,Tobacco,0,0
2018-2019,Rabi,Nizamabad,Nandipet,Tobacco,0,0
2018-2019,Rabi,Nizamabad,Bheemgal,Tobacco,0,0
2018-2019,Rabi,Nizamabad,Morthad,Tobacco,0,0
2018-2019,Rabi,Nizamabad,Yergatla,Tobacco,0,0
2018-2019,Rabi,Nizamabad,Kammarpally,Tobacco,0,0
2018-2019,Rabi,Nizamabad,Balkonda,Tobacco,0,0
2018-2019,Rabi,Nizamabad,Mupkal,Tobacco,0,0
2018-2019,Rabi,Nizamabad,Mendora,Tobacco,0,0
2018-2019,Rabi,Nizamabad,Vailpoor,Tobacco,0,0
2018-2019,Rabi,Nizamabad,Bodhan,Tobacco,415.6,192
2018-2019,Rabi,Nizamabad,Yedapally,Tobacco,0,0
2018-2019,Rabi,Nizamabad,Renjal,Tobacco,369.8,316
2018-2019,Rabi,Nizamabad,Navipet,Tobacco,0.4,0
2018-2019,Rabi,Nizamabad,Kotagiri,Tobacco,0.2,0
2018-2019,Rabi,Nizamabad,Rudrur,Tobacco,0,0
2018-2019,Rabi,Nizamabad,Varni,Tobacco,0.2,0
2018-2019,Rabi,Nizamabad,Nizamabad North,Chillies,0,0
2018-2019,Rabi,Nizamabad,Nizamabad South,Chillies,0,0
2018-2019,Rabi,Nizamabad,Nizamabad (Rural),Chillies,0,0
2018-2019,Rabi,Nizamabad,Mugpal,Chillies,0,0.8
2018-2019,Rabi,Nizamabad,Dichpally,Chillies,8.2,0
2018-2019,Rabi,Nizamabad,Indalwai,Chillies,0,0
2018-2019,Rabi,Nizamabad,Jakranpally,Chillies,2,3.2
2018-2019,Rabi,Nizamabad,Dharpally,Chillies,57,4.8
2018-2019,Rabi,Nizamabad,Sirikonda,Chillies,37.4,7.2
2018-2019,Rabi,Nizamabad,Armoor,Chillies,25.8,0
2018-2019,Rabi,Nizamabad,Makloor,Chillies,20.4,0
2018-2019,Rabi,Nizamabad,Nandipet,Chillies,25,34
2018-2019,Rabi,Nizamabad,Bheemgal,Chillies,44.4,4.8
2018-2019,Rabi,Nizamabad,Morthad,Chillies,6.4,6
2018-2019,Rabi,Nizamabad,Yergatla,Chillies,6.2,0
2018-2019,Rabi,Nizamabad,Kammarpally,Chillies,17,16
2018-2019,Rabi,Nizamabad,Balkonda,Chillies,2.4,4.4
2018-2019,Rabi,Nizamabad,Mupkal,Chillies,1.2,0
2018-2019,Rabi,Nizamabad,Mendora,Chillies,0,0
2018-2019,Rabi,Nizamabad,Vailpoor,Chillies,18,32
2018-2019,Rabi,Nizamabad,Bodhan,Chillies,25.4,8
2018-2019,Rabi,Nizamabad,Yedapally,Chillies,0,0
2018-2019,Rabi,Nizamabad,Renjal,Chillies,11.4,4
2018-2019,Rabi,Nizamabad,Navipet,Chillies,7,0
2018-2019,Rabi,Nizamabad,Kotagiri,Chillies,0.2,0
2018-2019,Rabi,Nizamabad,Rudrur,Chillies,0,0
2018-2019,Rabi,Nizamabad,Varni,Chillies,0,0
2018-2019,Rabi,Nizamabad,Nizamabad North,Onion,0,0
2018-2019,Rabi,Nizamabad,Nizamabad South,Onion,0,0
2018-2019,Rabi,Nizamabad,Nizamabad (Rural),Onion,131.6,0
2018-2019,Rabi,Nizamabad,Mugpal,Onion,72.4,241.2
2018-2019,Rabi,Nizamabad,Dichpally,Onion,565.2,260
2018-2019,Rabi,Nizamabad,Indalwai,Onion,18.2,8
2018-2019,Rabi,Nizamabad,Jakranpally,Onion,33.4,0
2018-2019,Rabi,Nizamabad,Dharpally,Onion,97,20.4
2018-2019,Rabi,Nizamabad,Sirikonda,Onion,136.8,31.2
2018-2019,Rabi,Nizamabad,Armoor,Onion,62.8,31.2
2018-2019,Rabi,Nizamabad,Makloor,Onion,18,34
2018-2019,Rabi,Nizamabad,Nandipet,Onion,72.8,13.6
2018-2019,Rabi,Nizamabad,Bheemgal,Onion,51.2,3.2
2018-2019,Rabi,Nizamabad,Morthad,Onion,31,42
2018-2019,Rabi,Nizamabad,Yergatla,Onion,3.8,0
2018-2019,Rabi,Nizamabad,Kammarpally,Onion,25.4,4
2018-2019,Rabi,Nizamabad,Balkonda,Onion,6.8,2.4
2018-2019,Rabi,Nizamabad,Mupkal,Onion,4,0
2018-2019,Rabi,Nizamabad,Mendora,Onion,3.2,4
2018-2019,Rabi,Nizamabad,Vailpoor,Onion,28.4,12.8
2018-2019,Rabi,Nizamabad,Bodhan,Onion,29.6,40
2018-2019,Rabi,Nizamabad,Yedapally,Onion,0,0
2018-2019,Rabi,Nizamabad,Renjal,Onion,14.2,4
2018-2019,Rabi,Nizamabad,Navipet,Onion,10.8,0
2018-2019,Rabi,Nizamabad,Kotagiri,Onion,6,0
2018-2019,Rabi,Nizamabad,Rudrur,Onion,0,0
2018-2019,Rabi,Nizamabad,Varni,Onion,9.2,0
2018-2019,Rabi,Nizamabad,Nizamabad North,Coriander,0,0
2018-2019,Rabi,Nizamabad,Nizamabad South,Coriander,0,0
2018-2019,Rabi,Nizamabad,Nizamabad (Rural),Coriander,0,0
2018-2019,Rabi,Nizamabad,Mugpal,Coriander,0,0
2018-2019,Rabi,Nizamabad,Dichpally,Coriander,0,0
2018-2019,Rabi,Nizamabad,Indalwai,Coriander,0,0
2018-2019,Rabi,Nizamabad,Jakranpally,Coriander,19.4,0
2018-2019,Rabi,Nizamabad,Dharpally,Coriander,0,0.8
2018-2019,Rabi,Nizamabad,Sirikonda,Coriander,0,0
2018-2019,Rabi,Nizamabad,Armoor,Coriander,19.2,12.8
2018-2019,Rabi,Nizamabad,Makloor,Coriander,0,0
2018-2019,Rabi,Nizamabad,Nandipet,Coriander,0,0
2018-2019,Rabi,Nizamabad,Bheemgal,Coriander,0,0
2018-2019,Rabi,Nizamabad,Morthad,Coriander,1,0
2018-2019,Rabi,Nizamabad,Yergatla,Coriander,0,0
2018-2019,Rabi,Nizamabad,Kammarpally,Coriander,11.6,0
2018-2019,Rabi,Nizamabad,Balkonda,Coriander,0,0
2018-2019,Rabi,Nizamabad,Mupkal,Coriander,0,0
2018-2019,Rabi,Nizamabad,Mendora,Coriander,0,0
2018-2019,Rabi,Nizamabad,Vailpoor,Coriander,6.8,0
2018-2019,Rabi,Nizamabad,Bodhan,Coriander,0.8,0
2018-2019,Rabi,Nizamabad,Yedapally,Coriander,0,0
2018-2019,Rabi,Nizamabad,Renjal,Coriander,0,0
2018-2019,Rabi,Nizamabad,Navipet,Coriander,0,0
2018-2019,Rabi,Nizamabad,Kotagiri,Coriander,0,0
2018-2019,Rabi,Nizamabad,Rudrur,Coriander,0,0
2018-2019,Rabi,Nizamabad,Varni,Coriander,0,0
2018-2019,Rabi,Nizamabad,Nizamabad North,Sugarcane (Planted),0,0
2018-2019,Rabi,Nizamabad,Nizamabad South,Sugarcane (Planted),0,0
2018-2019,Rabi,Nizamabad,Nizamabad (Rural),Sugarcane (Planted),0,0
2018-2019,Rabi,Nizamabad,Mugpal,Sugarcane (Planted),0,0
2018-2019,Rabi,Nizamabad,Dichpally,Sugarcane (Planted),0,0
2018-2019,Rabi,Nizamabad,Indalwai,Sugarcane (Planted),0,0
2018-2019,Rabi,Nizamabad,Jakranpally,Sugarcane (Planted),0,0
2018-2019,Rabi,Nizamabad,Dharpally,Sugarcane (Planted),0,0
2018-2019,Rabi,Nizamabad,Sirikonda,Sugarcane (Planted),0,0
2018-2019,Rabi,Nizamabad,Armoor,Sugarcane (Planted),0,0
2018-2019,Rabi,Nizamabad,Makloor,Sugarcane (Planted),0,0
2018-2019,Rabi,Nizamabad,Nandipet,Sugarcane (Planted),0,0
2018-2019,Rabi,Nizamabad,Bheemgal,Sugarcane (Planted),0,0
2018-2019,Rabi,Nizamabad,Morthad,Sugarcane (Planted),0,0
2018-2019,Rabi,Nizamabad,Yergatla,Sugarcane (Planted),0,0
2018-2019,Rabi,Nizamabad,Kammarpally,Sugarcane (Planted),0,0
2018-2019,Rabi,Nizamabad,Balkonda,Sugarcane (Planted),0,0
2018-2019,Rabi,Nizamabad,Mupkal,Sugarcane (Planted),0,0
2018-2019,Rabi,Nizamabad,Mendora,Sugarcane (Planted),0,0
2018-2019,Rabi,Nizamabad,Vailpoor,Sugarcane (Planted),0,0
2018-2019,Rabi,Nizamabad,Bodhan,Sugarcane (Planted),0,74.4
2018-2019,Rabi,Nizamabad,Yedapally,Sugarcane (Planted),0,0
2018-2019,Rabi,Nizamabad,Renjal,Sugarcane (Planted),0,6
2018-2019,Rabi,Nizamabad,Navipet,Sugarcane (Planted),0,10
2018-2019,Rabi,Nizamabad,Kotagiri,Sugarcane (Planted),0,0
2018-2019,Rabi,Nizamabad,Rudrur,Sugarcane (Planted),0,0
2018-2019,Rabi,Nizamabad,Varni,Sugarcane (Planted),0,0
2018-2019,Rabi,Nizamabad,Nizamabad North,Sugarcane (Ratoon),0,0
2018-2019,Rabi,Nizamabad,Nizamabad South,Sugarcane (Ratoon),0,0
2018-2019,Rabi,Nizamabad,Nizamabad (Rural),Sugarcane (Ratoon),0,0
2018-2019,Rabi,Nizamabad,Mugpal,Sugarcane (Ratoon),0,0
2018-2019,Rabi,Nizamabad,Dichpally,Sugarcane (Ratoon),0,0
2018-2019,Rabi,Nizamabad,Indalwai,Sugarcane (Ratoon),0,0
2018-2019,Rabi,Nizamabad,Jakranpally,Sugarcane (Ratoon),0,0
2018-2019,Rabi,Nizamabad,Dharpally,Sugarcane (Ratoon),0,0
2018-2019,Rabi,Nizamabad,Sirikonda,Sugarcane (Ratoon),0,0
2018-2019,Rabi,Nizamabad,Armoor,Sugarcane (Ratoon),0,0
2018-2019,Rabi,Nizamabad,Makloor,Sugarcane (Ratoon),0,0
2018-2019,Rabi,Nizamabad,Nandipet,Sugarcane (Ratoon),0,0
2018-2019,Rabi,Nizamabad,Bheemgal,Sugarcane (Ratoon),0,0
2018-2019,Rabi,Nizamabad,Morthad,Sugarcane (Ratoon),0,0
2018-2019,Rabi,Nizamabad,Yergatla,Sugarcane (Ratoon),0,0
2018-2019,Rabi,Nizamabad,Kammarpally,Sugarcane (Ratoon),0,0
2018-2019,Rabi,Nizamabad,Balkonda,Sugarcane (Ratoon),0,0
2018-2019,Rabi,Nizamabad,Mupkal,Sugarcane (Ratoon),0,0
2018-2019,Rabi,Nizamabad,Mendora,Sugarcane (Ratoon),0,0
2018-2019,Rabi,Nizamabad,Vailpoor,Sugarcane (Ratoon),0,0
2018-2019,Rabi,Nizamabad,Bodhan,Sugarcane (Ratoon),0,50
2018-2019,Rabi,Nizamabad,Yedapally,Sugarcane (Ratoon),0,0
2018-2019,Rabi,Nizamabad,Renjal,Sugarcane (Ratoon),0,10
2018-2019,Rabi,Nizamabad,Navipet,Sugarcane (Ratoon),0,0
2018-2019,Rabi,Nizamabad,Kotagiri,Sugarcane (Ratoon),0,0
2018-2019,Rabi,Nizamabad,Rudrur,Sugarcane (Ratoon),0,0
2018-2019,Rabi,Nizamabad,Varni,Sugarcane (Ratoon),0,0
2018-2019,Rabi,Nizamabad,Nizamabad North,Fodder Jowar,0,0
2018-2019,Rabi,Nizamabad,Nizamabad South,Fodder Jowar,0,0
2018-2019,Rabi,Nizamabad,Nizamabad (Rural),Fodder Jowar,47.4,0
2018-2019,Rabi,Nizamabad,Mugpal,Fodder Jowar,1.4,0
2018-2019,Rabi,Nizamabad,Dichpally,Fodder Jowar,69,0
2018-2019,Rabi,Nizamabad,Indalwai,Fodder Jowar,12.2,8
2018-2019,Rabi,Nizamabad,Jakranpally,Fodder Jowar,1495.2,1866
2018-2019,Rabi,Nizamabad,Dharpally,Fodder Jowar,297,300
2018-2019,Rabi,Nizamabad,Sirikonda,Fodder Jowar,511.8,128
2018-2019,Rabi,Nizamabad,Armoor,Fodder Jowar,3728.2,4017.2
2018-2019,Rabi,Nizamabad,Makloor,Fodder Jowar,284.6,232
2018-2019,Rabi,Nizamabad,Nandipet,Fodder Jowar,2509.4,216
2018-2019,Rabi,Nizamabad,Bheemgal,Fodder Jowar,932.2,718.4
2018-2019,Rabi,Nizamabad,Morthad,Fodder Jowar,1676.2,2410
2018-2019,Rabi,Nizamabad,Yergatla,Fodder Jowar,367.2,680
2018-2019,Rabi,Nizamabad,Kammarpally,Fodder Jowar,1195.8,1712
2018-2019,Rabi,Nizamabad,Balkonda,Fodder Jowar,1650.6,1168.4
2018-2019,Rabi,Nizamabad,Mupkal,Fodder Jowar,348,804.4
2018-2019,Rabi,Nizamabad,Mendora,Fodder Jowar,250.4,428.8
2018-2019,Rabi,Nizamabad,Vailpoor,Fodder Jowar,1995.8,1934
2018-2019,Rabi,Nizamabad,Bodhan,Fodder Jowar,0,0
2018-2019,Rabi,Nizamabad,Yedapally,Fodder Jowar,0,0
2018-2019,Rabi,Nizamabad,Renjal,Fodder Jowar,5.20000000000005,0
2018-2019,Rabi,Nizamabad,Navipet,Fodder Jowar,46,0
2018-2019,Rabi,Nizamabad,Kotagiri,Fodder Jowar,0,0
2018-2019,Rabi,Nizamabad,Rudrur,Fodder Jowar,0.2,0
2018-2019,Rabi,Nizamabad,Varni,Fodder Jowar,0,0
2018-2019,Rabi,Nizamabad,Nizamabad North,Others,4.59999999999999,0
2018-2019,Rabi,Nizamabad,Nizamabad South,Others,0,0
2018-2019,Rabi,Nizamabad,Nizamabad (Rural),Others,119.6,0
2018-2019,Rabi,Nizamabad,Mugpal,Others,12.4000000000001,12
2018-2019,Rabi,Nizamabad,Dichpally,Others,222.8,0
2018-2019,Rabi,Nizamabad,Indalwai,Others,12.3999999999999,0
2018-2019,Rabi,Nizamabad,Jakranpally,Others,140,0
2018-2019,Rabi,Nizamabad,Dharpally,Others,62,0
2018-2019,Rabi,Nizamabad,Sirikonda,Others,51.7999999999997,1.2
2018-2019,Rabi,Nizamabad,Armoor,Others,510,59.2
2018-2019,Rabi,Nizamabad,Makloor,Others,222.4,124
2018-2019,Rabi,Nizamabad,Nandipet,Others,176.8,140.8
2018-2019,Rabi,Nizamabad,Bheemgal,Others,44,25
2018-2019,Rabi,Nizamabad,Morthad,Others,193,0
2018-2019,Rabi,Nizamabad,Yergatla,Others,7.40000000000009,0
2018-2019,Rabi,Nizamabad,Kammarpally,Others,86.8000000000002,24
2018-2019,Rabi,Nizamabad,Balkonda,Others,52.2,44
2018-2019,Rabi,Nizamabad,Mupkal,Others,14.8,0
2018-2019,Rabi,Nizamabad,Mendora,Others,21.8,31.2
2018-2019,Rabi,Nizamabad,Vailpoor,Others,102.2,0
2018-2019,Rabi,Nizamabad,Bodhan,Others,80,48
2018-2019,Rabi,Nizamabad,Yedapally,Others,24,0
2018-2019,Rabi,Nizamabad,Renjal,Others,68.0000000000009,12
2018-2019,Rabi,Nizamabad,Navipet,Others,64.1999999999998,0
2018-2019,Rabi,Nizamabad,Kotagiri,Others,339.6,0
2018-2019,Rabi,Nizamabad,Rudrur,Others,18.8,0
2018-2019,Rabi,Nizamabad,Varni,Others,49.8000000000002,0
2018-2019,Rabi,Nizamabad,Nizamabad North,Total,107.6,40
2018-2019,Rabi,Nizamabad,Nizamabad South,Total,175,42
2018-2019,Rabi,Nizamabad,Nizamabad (Rural),Total,2874,1764
2018-2019,Rabi,Nizamabad,Mugpal,Total,2996.6,738
2018-2019,Rabi,Nizamabad,Dichpally,Total,4425.8,2060
2018-2019,Rabi,Nizamabad,Indalwai,Total,1723,648.8
2018-2019,Rabi,Nizamabad,Jakranpally,Total,3916.6,3482.8
2018-2019,Rabi,Nizamabad,Dharpally,Total,3052.8,1743.2
2018-2019,Rabi,Nizamabad,Sirikonda,Total,4462.2,1298.4
2018-2019,Rabi,Nizamabad,Armoor,Total,8152.2,7066.4
2018-2019,Rabi,Nizamabad,Makloor,Total,4821.6,1742
2018-2019,Rabi,Nizamabad,Nandipet,Total,8073.2,4714
2018-2019,Rabi,Nizamabad,Bheemgal,Total,4409.8,1730.4
2018-2019,Rabi,Nizamabad,Morthad,Total,4464.4,4850
2018-2019,Rabi,Nizamabad,Yergatla,Total,2468,1842
2018-2019,Rabi,Nizamabad,Kammarpally,Total,4022.6,2912
2018-2019,Rabi,Nizamabad,Balkonda,Total,3938,1740
2018-2019,Rabi,Nizamabad,Mupkal,Total,1995.2,1312
2018-2019,Rabi,Nizamabad,Mendora,Total,1793.2,1077.2
2018-2019,Rabi,Nizamabad,Vailpoor,Total,4518,2420.8
2018-2019,Rabi,Nizamabad,Bodhan,Total,13813.2,10234
2018-2019,Rabi,Nizamabad,Yedapally,Total,3183.6,2540
2018-2019,Rabi,Nizamabad,Renjal,Total,5118.2,3322
2018-2019,Rabi,Nizamabad,Navipet,Total,4909.4,3484.4
2018-2019,Rabi,Nizamabad,Kotagiri,Total,8277.4,3413.2
2018-2019,Rabi,Nizamabad,Rudrur,Total,1400,1307.2
2018-2019,Rabi,Nizamabad,Varni,Total,6597.8,4082
