year,season,districtName,mandalName,crop,normalAreaSown,actualAreaSown
2016-2017,Kharif,Nizamabad,Nizamabad North,Paddy,0,121
2016-2017,Kharif,Nizamabad,Nizamabad South,Paddy,0,79
2016-2017,Kharif,Nizamabad,Nizamabad Rural,Paddy,4829.6,3697
2016-2017,Kharif,Nizamabad,Mugpal,Paddy,0,2716
2016-2017,Kharif,Nizamabad,Dichpalle,Paddy,4698.6,3365
2016-2017,Kharif,Nizamabad,Indalwai,Paddy,0,2528
2016-2017,Kharif,Nizamabad,Jakranpalle,Paddy,1799.6,1633
2016-2017,Kharif,Nizamabad,Dharpalle,Paddy,3337.6,4729
2016-2017,Kharif,Nizamabad,Sirkonda,Paddy,7350.2,6592
2016-2017,Kharif,Nizamabad,Armur,Paddy,2900.8,2659
2016-2017,Kharif,Nizamabad,Makloor,Paddy,4843.6,4411
2016-2017,Kharif,Nizamabad,Nandipet,Paddy,5292.4,5493
2016-2017,Kharif,Nizamabad,Bheemgal,Paddy,5533.6,5570
2016-2017,Kharif,Nizamabad,Mortad,Paddy,3132,2224
2016-2017,Kharif,Nizamabad,Yergatla,Paddy,0,1529
2016-2017,Kharif,Nizamabad,Kammarpalle,Paddy,2613.6,2708
2016-2017,Kharif,Nizamabad,Balkonda,Paddy,2958.4,1027
2016-2017,Kharif,Nizamabad,Mupkal,Paddy,0,985
2016-2017,Kharif,Nizamabad,Mendora,Paddy,0,1346
2016-2017,Kharif,Nizamabad,Vailpur,Paddy,1800,2471
2016-2017,Kharif,Nizamabad,Bodhan,Paddy,8555.2,6649
2016-2017,Kharif,Nizamabad,Yeda Palle,Paddy,3356.8,3653
2016-2017,Kharif,Nizamabad,Ranjal,Paddy,3048.6,3270
2016-2017,Kharif,Nizamabad,Navipet,Paddy,4460.2,5694
2016-2017,Kharif,Nizamabad,Kotgiri,Paddy,7092.4,5534
2016-2017,Kharif,Nizamabad,Rudrur,Paddy,5743,4605
2016-2017,Kharif,Nizamabad,Varni,Paddy,0,1635
2016-2017,Kharif,Nizamabad,Nizamabad North,Jowar,0,0
2016-2017,Kharif,Nizamabad,Nizamabad South,Jowar,0,0
2016-2017,Kharif,Nizamabad,Nizamabad Rural,Jowar,0,0
2016-2017,Kharif,Nizamabad,Mugpal,Jowar,0,0
2016-2017,Kharif,Nizamabad,Dichpalle,Jowar,0,0
2016-2017,Kharif,Nizamabad,Indalwai,Jowar,0,0
2016-2017,Kharif,Nizamabad,Jakranpalle,Jowar,0,0
2016-2017,Kharif,Nizamabad,Dharpalle,Jowar,0,0
2016-2017,Kharif,Nizamabad,Sirkonda,Jowar,1,0
2016-2017,Kharif,Nizamabad,Armur,Jowar,0,0
2016-2017,Kharif,Nizamabad,Makloor,Jowar,0,0
2016-2017,Kharif,Nizamabad,Nandipet,Jowar,0,0
2016-2017,Kharif,Nizamabad,Bheemgal,Jowar,0,0
2016-2017,Kharif,Nizamabad,Mortad,Jowar,0,0
2016-2017,Kharif,Nizamabad,Yergatla,Jowar,0,0
2016-2017,Kharif,Nizamabad,Kammarpalle,Jowar,0,0
2016-2017,Kharif,Nizamabad,Balkonda,Jowar,0,0
2016-2017,Kharif,Nizamabad,Mupkal,Jowar,0,0
2016-2017,Kharif,Nizamabad,Mendora,Jowar,0,0
2016-2017,Kharif,Nizamabad,Vailpur,Jowar,0,0
2016-2017,Kharif,Nizamabad,Bodhan,Jowar,0.4,6
2016-2017,Kharif,Nizamabad,Yeda Palle,Jowar,0,0
2016-2017,Kharif,Nizamabad,Ranjal,Jowar,0,0
2016-2017,Kharif,Nizamabad,Navipet,Jowar,0,0
2016-2017,Kharif,Nizamabad,Kotgiri,Jowar,0,0
2016-2017,Kharif,Nizamabad,Rudrur,Jowar,0,0
2016-2017,Kharif,Nizamabad,Varni,Jowar,0,0
2016-2017,Kharif,Nizamabad,Nizamabad North,Bajra,0,0
2016-2017,Kharif,Nizamabad,Nizamabad South,Bajra,0,0
2016-2017,Kharif,Nizamabad,Nizamabad Rural,Bajra,0,0
2016-2017,Kharif,Nizamabad,Mugpal,Bajra,0,0
2016-2017,Kharif,Nizamabad,Dichpalle,Bajra,0,0
2016-2017,Kharif,Nizamabad,Indalwai,Bajra,0,0
2016-2017,Kharif,Nizamabad,Jakranpalle,Bajra,0,0
2016-2017,Kharif,Nizamabad,Dharpalle,Bajra,0,0
2016-2017,Kharif,Nizamabad,Sirkonda,Bajra,0,0
2016-2017,Kharif,Nizamabad,Armur,Bajra,7.2,1
2016-2017,Kharif,Nizamabad,Makloor,Bajra,0.2,0
2016-2017,Kharif,Nizamabad,Nandipet,Bajra,0,0
2016-2017,Kharif,Nizamabad,Bheemgal,Bajra,0,0
2016-2017,Kharif,Nizamabad,Mortad,Bajra,0,0
2016-2017,Kharif,Nizamabad,Yergatla,Bajra,0,0
2016-2017,Kharif,Nizamabad,Kammarpalle,Bajra,0,0
2016-2017,Kharif,Nizamabad,Balkonda,Bajra,0,0
2016-2017,Kharif,Nizamabad,Mupkal,Bajra,0,0
2016-2017,Kharif,Nizamabad,Mendora,Bajra,0,0
2016-2017,Kharif,Nizamabad,Vailpur,Bajra,0,0
2016-2017,Kharif,Nizamabad,Bodhan,Bajra,0,0
2016-2017,Kharif,Nizamabad,Yeda Palle,Bajra,0,0
2016-2017,Kharif,Nizamabad,Ranjal,Bajra,0,0
2016-2017,Kharif,Nizamabad,Navipet,Bajra,0,0
2016-2017,Kharif,Nizamabad,Kotgiri,Bajra,0,0
2016-2017,Kharif,Nizamabad,Rudrur,Bajra,0,0
2016-2017,Kharif,Nizamabad,Varni,Bajra,0,0
2016-2017,Kharif,Nizamabad,Nizamabad North,Maize,0,0
2016-2017,Kharif,Nizamabad,Nizamabad South,Maize,0,0
2016-2017,Kharif,Nizamabad,Nizamabad Rural,Maize,596.4,125
2016-2017,Kharif,Nizamabad,Mugpal,Maize,0,133
2016-2017,Kharif,Nizamabad,Dichpalle,Maize,810,383
2016-2017,Kharif,Nizamabad,Indalwai,Maize,0,219
2016-2017,Kharif,Nizamabad,Jakranpalle,Maize,1657,1976
2016-2017,Kharif,Nizamabad,Dharpalle,Maize,617.2,208
2016-2017,Kharif,Nizamabad,Sirkonda,Maize,549.2,447
2016-2017,Kharif,Nizamabad,Armur,Maize,1650.2,2221
2016-2017,Kharif,Nizamabad,Makloor,Maize,147.8,42
2016-2017,Kharif,Nizamabad,Nandipet,Maize,1230.4,659
2016-2017,Kharif,Nizamabad,Bheemgal,Maize,546.2,420
2016-2017,Kharif,Nizamabad,Mortad,Maize,2484.6,2533
2016-2017,Kharif,Nizamabad,Yergatla,Maize,0,1081
2016-2017,Kharif,Nizamabad,Kammarpalle,Maize,2557.2,2170
2016-2017,Kharif,Nizamabad,Balkonda,Maize,2486,789
2016-2017,Kharif,Nizamabad,Mupkal,Maize,0,650
2016-2017,Kharif,Nizamabad,Mendora,Maize,0,958
2016-2017,Kharif,Nizamabad,Vailpur,Maize,2066.2,2537
2016-2017,Kharif,Nizamabad,Bodhan,Maize,4.8,5
2016-2017,Kharif,Nizamabad,Yeda Palle,Maize,2.8,0
2016-2017,Kharif,Nizamabad,Ranjal,Maize,12,0
2016-2017,Kharif,Nizamabad,Navipet,Maize,120.6,4
2016-2017,Kharif,Nizamabad,Kotgiri,Maize,620.6,39
2016-2017,Kharif,Nizamabad,Rudrur,Maize,23.8,31
2016-2017,Kharif,Nizamabad,Varni,Maize,0,14
2016-2017,Kharif,Nizamabad,Nizamabad North,Green Gram,0,0
2016-2017,Kharif,Nizamabad,Nizamabad South,Green Gram,0,0
2016-2017,Kharif,Nizamabad,Nizamabad Rural,Green Gram,6.8,0
2016-2017,Kharif,Nizamabad,Mugpal,Green Gram,0,0
2016-2017,Kharif,Nizamabad,Dichpalle,Green Gram,25.8,8
2016-2017,Kharif,Nizamabad,Indalwai,Green Gram,0,0
2016-2017,Kharif,Nizamabad,Jakranpalle,Green Gram,15.8,15
2016-2017,Kharif,Nizamabad,Dharpalle,Green Gram,40.4,38
2016-2017,Kharif,Nizamabad,Sirkonda,Green Gram,11,0
2016-2017,Kharif,Nizamabad,Armur,Green Gram,15.4,5
2016-2017,Kharif,Nizamabad,Makloor,Green Gram,8.6,9
2016-2017,Kharif,Nizamabad,Nandipet,Green Gram,8.4,30
2016-2017,Kharif,Nizamabad,Bheemgal,Green Gram,35,10
2016-2017,Kharif,Nizamabad,Mortad,Green Gram,18.2,12
2016-2017,Kharif,Nizamabad,Yergatla,Green Gram,0,0
2016-2017,Kharif,Nizamabad,Kammarpalle,Green Gram,7.6,38
2016-2017,Kharif,Nizamabad,Balkonda,Green Gram,2.2,2
2016-2017,Kharif,Nizamabad,Mupkal,Green Gram,0,2
2016-2017,Kharif,Nizamabad,Mendora,Green Gram,0,3
2016-2017,Kharif,Nizamabad,Vailpur,Green Gram,6.8,29
2016-2017,Kharif,Nizamabad,Bodhan,Green Gram,248.6,206
2016-2017,Kharif,Nizamabad,Yeda Palle,Green Gram,0.4,0
2016-2017,Kharif,Nizamabad,Ranjal,Green Gram,121.2,7
2016-2017,Kharif,Nizamabad,Navipet,Green Gram,9.8,21
2016-2017,Kharif,Nizamabad,Kotgiri,Green Gram,8,11
2016-2017,Kharif,Nizamabad,Rudrur,Green Gram,147.2,225
2016-2017,Kharif,Nizamabad,Varni,Green Gram,0,17
2016-2017,Kharif,Nizamabad,Nizamabad North,Black Gram,0,0
2016-2017,Kharif,Nizamabad,Nizamabad South,Black Gram,0,0
2016-2017,Kharif,Nizamabad,Nizamabad Rural,Black Gram,6.6,0
2016-2017,Kharif,Nizamabad,Mugpal,Black Gram,0,0
2016-2017,Kharif,Nizamabad,Dichpalle,Black Gram,37.8,3
2016-2017,Kharif,Nizamabad,Indalwai,Black Gram,0,0
2016-2017,Kharif,Nizamabad,Jakranpalle,Black Gram,11.2,70
2016-2017,Kharif,Nizamabad,Dharpalle,Black Gram,30.2,70
2016-2017,Kharif,Nizamabad,Sirkonda,Black Gram,7,0
2016-2017,Kharif,Nizamabad,Armur,Black Gram,11.6,3
2016-2017,Kharif,Nizamabad,Makloor,Black Gram,6.8,35
2016-2017,Kharif,Nizamabad,Nandipet,Black Gram,1.8,30
2016-2017,Kharif,Nizamabad,Bheemgal,Black Gram,29.2,5
2016-2017,Kharif,Nizamabad,Mortad,Black Gram,32,0
2016-2017,Kharif,Nizamabad,Yergatla,Black Gram,0,0
2016-2017,Kharif,Nizamabad,Kammarpalle,Black Gram,27.4,0
2016-2017,Kharif,Nizamabad,Balkonda,Black Gram,1,0
2016-2017,Kharif,Nizamabad,Mupkal,Black Gram,0,8
2016-2017,Kharif,Nizamabad,Mendora,Black Gram,0,0
2016-2017,Kharif,Nizamabad,Vailpur,Black Gram,5,44
2016-2017,Kharif,Nizamabad,Bodhan,Black Gram,334.4,402
2016-2017,Kharif,Nizamabad,Yeda Palle,Black Gram,0.4,0
2016-2017,Kharif,Nizamabad,Ranjal,Black Gram,128.2,89
2016-2017,Kharif,Nizamabad,Navipet,Black Gram,13,18
2016-2017,Kharif,Nizamabad,Kotgiri,Black Gram,4.6,22
2016-2017,Kharif,Nizamabad,Rudrur,Black Gram,132.2,261
2016-2017,Kharif,Nizamabad,Varni,Black Gram,0,18
2016-2017,Kharif,Nizamabad,Nizamabad North,Red Gram,0,0
2016-2017,Kharif,Nizamabad,Nizamabad South,Red Gram,0,0
2016-2017,Kharif,Nizamabad,Nizamabad Rural,Red Gram,3.4,0
2016-2017,Kharif,Nizamabad,Mugpal,Red Gram,0,0
2016-2017,Kharif,Nizamabad,Dichpalle,Red Gram,42.4,59
2016-2017,Kharif,Nizamabad,Indalwai,Red Gram,0,17
2016-2017,Kharif,Nizamabad,Jakranpalle,Red Gram,39.6,34
2016-2017,Kharif,Nizamabad,Dharpalle,Red Gram,28.6,24
2016-2017,Kharif,Nizamabad,Sirkonda,Red Gram,24.8,17
2016-2017,Kharif,Nizamabad,Armur,Red Gram,58.8,58
2016-2017,Kharif,Nizamabad,Makloor,Red Gram,6.2,13
2016-2017,Kharif,Nizamabad,Nandipet,Red Gram,12.6,0
2016-2017,Kharif,Nizamabad,Bheemgal,Red Gram,74.8,9
2016-2017,Kharif,Nizamabad,Mortad,Red Gram,68,23
2016-2017,Kharif,Nizamabad,Yergatla,Red Gram,0,16
2016-2017,Kharif,Nizamabad,Kammarpalle,Red Gram,27.4,30
2016-2017,Kharif,Nizamabad,Balkonda,Red Gram,24.8,6
2016-2017,Kharif,Nizamabad,Mupkal,Red Gram,0,10
2016-2017,Kharif,Nizamabad,Mendora,Red Gram,0,13
2016-2017,Kharif,Nizamabad,Vailpur,Red Gram,46.6,73
2016-2017,Kharif,Nizamabad,Bodhan,Red Gram,243,777
2016-2017,Kharif,Nizamabad,Yeda Palle,Red Gram,0,0
2016-2017,Kharif,Nizamabad,Ranjal,Red Gram,59,20
2016-2017,Kharif,Nizamabad,Navipet,Red Gram,1.8,38
2016-2017,Kharif,Nizamabad,Kotgiri,Red Gram,22.8,3
2016-2017,Kharif,Nizamabad,Rudrur,Red Gram,68,405
2016-2017,Kharif,Nizamabad,Varni,Red Gram,0,15
2016-2017,Kharif,Nizamabad,Nizamabad North,Groundnut,0,0
2016-2017,Kharif,Nizamabad,Nizamabad South,Groundnut,0,0
2016-2017,Kharif,Nizamabad,Nizamabad Rural,Groundnut,0,0
2016-2017,Kharif,Nizamabad,Mugpal,Groundnut,0,0
2016-2017,Kharif,Nizamabad,Dichpalle,Groundnut,1.6,0
2016-2017,Kharif,Nizamabad,Indalwai,Groundnut,0,0
2016-2017,Kharif,Nizamabad,Jakranpalle,Groundnut,4.4,0
2016-2017,Kharif,Nizamabad,Dharpalle,Groundnut,0,0
2016-2017,Kharif,Nizamabad,Sirkonda,Groundnut,0,0
2016-2017,Kharif,Nizamabad,Armur,Groundnut,2.6,60
2016-2017,Kharif,Nizamabad,Makloor,Groundnut,0,0
2016-2017,Kharif,Nizamabad,Nandipet,Groundnut,0,0
2016-2017,Kharif,Nizamabad,Bheemgal,Groundnut,0,0
2016-2017,Kharif,Nizamabad,Mortad,Groundnut,0,0
2016-2017,Kharif,Nizamabad,Yergatla,Groundnut,0,0
2016-2017,Kharif,Nizamabad,Kammarpalle,Groundnut,0,0
2016-2017,Kharif,Nizamabad,Balkonda,Groundnut,0,0
2016-2017,Kharif,Nizamabad,Mupkal,Groundnut,0,0
2016-2017,Kharif,Nizamabad,Mendora,Groundnut,0,0
2016-2017,Kharif,Nizamabad,Vailpur,Groundnut,0,0
2016-2017,Kharif,Nizamabad,Bodhan,Groundnut,0,0
2016-2017,Kharif,Nizamabad,Yeda Palle,Groundnut,0,0
2016-2017,Kharif,Nizamabad,Ranjal,Groundnut,0,0
2016-2017,Kharif,Nizamabad,Navipet,Groundnut,0,0
2016-2017,Kharif,Nizamabad,Kotgiri,Groundnut,0,0
2016-2017,Kharif,Nizamabad,Rudrur,Groundnut,0,0
2016-2017,Kharif,Nizamabad,Varni,Groundnut,0,0
2016-2017,Kharif,Nizamabad,Nizamabad North,Soyabean,0,0
2016-2017,Kharif,Nizamabad,Nizamabad South,Soyabean,0,0
2016-2017,Kharif,Nizamabad,Nizamabad Rural,Soyabean,1892.2,201
2016-2017,Kharif,Nizamabad,Mugpal,Soyabean,0,1292
2016-2017,Kharif,Nizamabad,Dichpalle,Soyabean,2165.2,2081
2016-2017,Kharif,Nizamabad,Indalwai,Soyabean,0,1681
2016-2017,Kharif,Nizamabad,Jakranpalle,Soyabean,3059,2502
2016-2017,Kharif,Nizamabad,Dharpalle,Soyabean,1543.2,1620
2016-2017,Kharif,Nizamabad,Sirkonda,Soyabean,1557.6,1000
2016-2017,Kharif,Nizamabad,Armur,Soyabean,4435,4519
2016-2017,Kharif,Nizamabad,Makloor,Soyabean,1097.2,1229
2016-2017,Kharif,Nizamabad,Nandipet,Soyabean,4377,4122
2016-2017,Kharif,Nizamabad,Bheemgal,Soyabean,3290.4,2184
2016-2017,Kharif,Nizamabad,Mortad,Soyabean,3279.2,1745
2016-2017,Kharif,Nizamabad,Yergatla,Soyabean,0,1181
2016-2017,Kharif,Nizamabad,Kammarpalle,Soyabean,2125.4,1994
2016-2017,Kharif,Nizamabad,Balkonda,Soyabean,3698.2,1032
2016-2017,Kharif,Nizamabad,Mupkal,Soyabean,0,1084
2016-2017,Kharif,Nizamabad,Mendora,Soyabean,0,1561
2016-2017,Kharif,Nizamabad,Vailpur,Soyabean,3511.8,3151
2016-2017,Kharif,Nizamabad,Bodhan,Soyabean,5788,11980
2016-2017,Kharif,Nizamabad,Yeda Palle,Soyabean,99.8,284
2016-2017,Kharif,Nizamabad,Ranjal,Soyabean,1978,2465
2016-2017,Kharif,Nizamabad,Navipet,Soyabean,688.4,1086
2016-2017,Kharif,Nizamabad,Kotgiri,Soyabean,1010.4,1541
2016-2017,Kharif,Nizamabad,Rudrur,Soyabean,3818,5121
2016-2017,Kharif,Nizamabad,Varni,Soyabean,0,864
2016-2017,Kharif,Nizamabad,Nizamabad North,Cotton,0,0
2016-2017,Kharif,Nizamabad,Nizamabad South,Cotton,0,0
2016-2017,Kharif,Nizamabad,Nizamabad Rural,Cotton,11,0
2016-2017,Kharif,Nizamabad,Mugpal,Cotton,0,2
2016-2017,Kharif,Nizamabad,Dichpalle,Cotton,12,5
2016-2017,Kharif,Nizamabad,Indalwai,Cotton,0,32
2016-2017,Kharif,Nizamabad,Jakranpalle,Cotton,0,0
2016-2017,Kharif,Nizamabad,Dharpalle,Cotton,22,0
2016-2017,Kharif,Nizamabad,Sirkonda,Cotton,124.4,108
2016-2017,Kharif,Nizamabad,Armur,Cotton,8,0
2016-2017,Kharif,Nizamabad,Makloor,Cotton,0.6,0
2016-2017,Kharif,Nizamabad,Nandipet,Cotton,0,0
2016-2017,Kharif,Nizamabad,Bheemgal,Cotton,150.4,19
2016-2017,Kharif,Nizamabad,Mortad,Cotton,0,0
2016-2017,Kharif,Nizamabad,Yergatla,Cotton,0,0
2016-2017,Kharif,Nizamabad,Kammarpalle,Cotton,473.2,0
2016-2017,Kharif,Nizamabad,Balkonda,Cotton,0.2,0
2016-2017,Kharif,Nizamabad,Mupkal,Cotton,0,0
2016-2017,Kharif,Nizamabad,Mendora,Cotton,0,0
2016-2017,Kharif,Nizamabad,Vailpur,Cotton,0,0
2016-2017,Kharif,Nizamabad,Bodhan,Cotton,1814.6,613
2016-2017,Kharif,Nizamabad,Yeda Palle,Cotton,0,77
2016-2017,Kharif,Nizamabad,Ranjal,Cotton,557.4,0
2016-2017,Kharif,Nizamabad,Navipet,Cotton,51.2,16
2016-2017,Kharif,Nizamabad,Kotgiri,Cotton,6.2,0
2016-2017,Kharif,Nizamabad,Rudrur,Cotton,369.6,122
2016-2017,Kharif,Nizamabad,Varni,Cotton,0,0
2016-2017,Kharif,Nizamabad,Nizamabad North,Chillies,0,0
2016-2017,Kharif,Nizamabad,Nizamabad South,Chillies,0,0
2016-2017,Kharif,Nizamabad,Nizamabad Rural,Chillies,4.4,2
2016-2017,Kharif,Nizamabad,Mugpal,Chillies,0,17
2016-2017,Kharif,Nizamabad,Dichpalle,Chillies,36.8,0
2016-2017,Kharif,Nizamabad,Indalwai,Chillies,0,0
2016-2017,Kharif,Nizamabad,Jakranpalle,Chillies,38.8,18
2016-2017,Kharif,Nizamabad,Dharpalle,Chillies,26.2,4
2016-2017,Kharif,Nizamabad,Sirkonda,Chillies,91.4,28
2016-2017,Kharif,Nizamabad,Armur,Chillies,23.4,10
2016-2017,Kharif,Nizamabad,Makloor,Chillies,9,23
2016-2017,Kharif,Nizamabad,Nandipet,Chillies,44,19
2016-2017,Kharif,Nizamabad,Bheemgal,Chillies,35.8,17
2016-2017,Kharif,Nizamabad,Mortad,Chillies,51.8,11
2016-2017,Kharif,Nizamabad,Yergatla,Chillies,0,9
2016-2017,Kharif,Nizamabad,Kammarpalle,Chillies,29.6,0
2016-2017,Kharif,Nizamabad,Balkonda,Chillies,5.2,3
2016-2017,Kharif,Nizamabad,Mupkal,Chillies,0,2
2016-2017,Kharif,Nizamabad,Mendora,Chillies,0,7
2016-2017,Kharif,Nizamabad,Vailpur,Chillies,44.8,20
2016-2017,Kharif,Nizamabad,Bodhan,Chillies,55.2,32
2016-2017,Kharif,Nizamabad,Yeda Palle,Chillies,0,0
2016-2017,Kharif,Nizamabad,Ranjal,Chillies,3,0
2016-2017,Kharif,Nizamabad,Navipet,Chillies,1,0
2016-2017,Kharif,Nizamabad,Kotgiri,Chillies,0,0
2016-2017,Kharif,Nizamabad,Rudrur,Chillies,9.2,1
2016-2017,Kharif,Nizamabad,Varni,Chillies,0,0
2016-2017,Kharif,Nizamabad,Nizamabad North,Turmeric,0,0
2016-2017,Kharif,Nizamabad,Nizamabad South,Turmeric,0,0
2016-2017,Kharif,Nizamabad,Nizamabad Rural,Turmeric,45,1
2016-2017,Kharif,Nizamabad,Mugpal,Turmeric,0,40
2016-2017,Kharif,Nizamabad,Dichpalle,Turmeric,186.8,42
2016-2017,Kharif,Nizamabad,Indalwai,Turmeric,0,91
2016-2017,Kharif,Nizamabad,Jakranpalle,Turmeric,1312.6,1561
2016-2017,Kharif,Nizamabad,Dharpalle,Turmeric,312.2,270
2016-2017,Kharif,Nizamabad,Sirkonda,Turmeric,182.4,107
2016-2017,Kharif,Nizamabad,Armur,Turmeric,1445.6,2147
2016-2017,Kharif,Nizamabad,Makloor,Turmeric,54.6,67
2016-2017,Kharif,Nizamabad,Nandipet,Turmeric,1230.4,1182
2016-2017,Kharif,Nizamabad,Bheemgal,Turmeric,236.6,144
2016-2017,Kharif,Nizamabad,Mortad,Turmeric,2203.6,1832
2016-2017,Kharif,Nizamabad,Yergatla,Turmeric,0,942
2016-2017,Kharif,Nizamabad,Kammarpalle,Turmeric,1443,1796
2016-2017,Kharif,Nizamabad,Balkonda,Turmeric,2293.8,718
2016-2017,Kharif,Nizamabad,Mupkal,Turmeric,0,741
2016-2017,Kharif,Nizamabad,Mendora,Turmeric,0,969
2016-2017,Kharif,Nizamabad,Vailpur,Turmeric,1205.6,1484
2016-2017,Kharif,Nizamabad,Bodhan,Turmeric,4,25
2016-2017,Kharif,Nizamabad,Yeda Palle,Turmeric,0.6,0
2016-2017,Kharif,Nizamabad,Ranjal,Turmeric,0,0
2016-2017,Kharif,Nizamabad,Navipet,Turmeric,1.4,2
2016-2017,Kharif,Nizamabad,Kotgiri,Turmeric,6.4,0
2016-2017,Kharif,Nizamabad,Rudrur,Turmeric,10.8,49
2016-2017,Kharif,Nizamabad,Varni,Turmeric,0,1
2016-2017,Kharif,Nizamabad,Nizamabad North,Tobacco,0,0
2016-2017,Kharif,Nizamabad,Nizamabad South,Tobacco,0,0
2016-2017,Kharif,Nizamabad,Nizamabad Rural,Tobacco,0,0
2016-2017,Kharif,Nizamabad,Mugpal,Tobacco,0,0
2016-2017,Kharif,Nizamabad,Dichpalle,Tobacco,0,0
2016-2017,Kharif,Nizamabad,Indalwai,Tobacco,0,0
2016-2017,Kharif,Nizamabad,Jakranpalle,Tobacco,0,0
2016-2017,Kharif,Nizamabad,Dharpalle,Tobacco,0,0
2016-2017,Kharif,Nizamabad,Sirkonda,Tobacco,0,0
2016-2017,Kharif,Nizamabad,Armur,Tobacco,0,0
2016-2017,Kharif,Nizamabad,Makloor,Tobacco,0,0
2016-2017,Kharif,Nizamabad,Nandipet,Tobacco,0,0
2016-2017,Kharif,Nizamabad,Bheemgal,Tobacco,0,0
2016-2017,Kharif,Nizamabad,Mortad,Tobacco,0,0
2016-2017,Kharif,Nizamabad,Yergatla,Tobacco,0,0
2016-2017,Kharif,Nizamabad,Kammarpalle,Tobacco,0,0
2016-2017,Kharif,Nizamabad,Balkonda,Tobacco,0,0
2016-2017,Kharif,Nizamabad,Mupkal,Tobacco,0,0
2016-2017,Kharif,Nizamabad,Mendora,Tobacco,0,0
2016-2017,Kharif,Nizamabad,Vailpur,Tobacco,0,0
2016-2017,Kharif,Nizamabad,Bodhan,Tobacco,53,192
2016-2017,Kharif,Nizamabad,Yeda Palle,Tobacco,0,0
2016-2017,Kharif,Nizamabad,Ranjal,Tobacco,0,0
2016-2017,Kharif,Nizamabad,Navipet,Tobacco,0,0
2016-2017,Kharif,Nizamabad,Kotgiri,Tobacco,0,0
2016-2017,Kharif,Nizamabad,Rudrur,Tobacco,0,0
2016-2017,Kharif,Nizamabad,Varni,Tobacco,0,0
2016-2017,Kharif,Nizamabad,Nizamabad North,Sugarcane (Planted),0,0
2016-2017,Kharif,Nizamabad,Nizamabad South,Sugarcane (Planted),0,0
2016-2017,Kharif,Nizamabad,Nizamabad Rural,Sugarcane (Planted),23.4,1
2016-2017,Kharif,Nizamabad,Mugpal,Sugarcane (Planted),0,2
2016-2017,Kharif,Nizamabad,Dichpalle,Sugarcane (Planted),21.2,0
2016-2017,Kharif,Nizamabad,Indalwai,Sugarcane (Planted),0,2
2016-2017,Kharif,Nizamabad,Jakranpalle,Sugarcane (Planted),0,0
2016-2017,Kharif,Nizamabad,Dharpalle,Sugarcane (Planted),12,0
2016-2017,Kharif,Nizamabad,Sirkonda,Sugarcane (Planted),17.8,0
2016-2017,Kharif,Nizamabad,Armur,Sugarcane (Planted),0,0
2016-2017,Kharif,Nizamabad,Makloor,Sugarcane (Planted),3.6,0
2016-2017,Kharif,Nizamabad,Nandipet,Sugarcane (Planted),0.2,0
2016-2017,Kharif,Nizamabad,Bheemgal,Sugarcane (Planted),1.6,0
2016-2017,Kharif,Nizamabad,Mortad,Sugarcane (Planted),0.4,0
2016-2017,Kharif,Nizamabad,Yergatla,Sugarcane (Planted),0,0
2016-2017,Kharif,Nizamabad,Kammarpalle,Sugarcane (Planted),8.2,0
2016-2017,Kharif,Nizamabad,Balkonda,Sugarcane (Planted),0,0
2016-2017,Kharif,Nizamabad,Mupkal,Sugarcane (Planted),0,0
2016-2017,Kharif,Nizamabad,Mendora,Sugarcane (Planted),0,0
2016-2017,Kharif,Nizamabad,Vailpur,Sugarcane (Planted),0,0
2016-2017,Kharif,Nizamabad,Bodhan,Sugarcane (Planted),481.4,36
2016-2017,Kharif,Nizamabad,Yeda Palle,Sugarcane (Planted),54.6,15
2016-2017,Kharif,Nizamabad,Ranjal,Sugarcane (Planted),61.6,0
2016-2017,Kharif,Nizamabad,Navipet,Sugarcane (Planted),34.2,1
2016-2017,Kharif,Nizamabad,Kotgiri,Sugarcane (Planted),13.4,0
2016-2017,Kharif,Nizamabad,Rudrur,Sugarcane (Planted),26.4,3
2016-2017,Kharif,Nizamabad,Varni,Sugarcane (Planted),0,0
2016-2017,Kharif,Nizamabad,Nizamabad North,Sugarcane (Ratoon),0,0
2016-2017,Kharif,Nizamabad,Nizamabad South,Sugarcane (Ratoon),0,0
2016-2017,Kharif,Nizamabad,Nizamabad Rural,Sugarcane (Ratoon),7.2,2
2016-2017,Kharif,Nizamabad,Mugpal,Sugarcane (Ratoon),0,4
2016-2017,Kharif,Nizamabad,Dichpalle,Sugarcane (Ratoon),11,4
2016-2017,Kharif,Nizamabad,Indalwai,Sugarcane (Ratoon),0,2
2016-2017,Kharif,Nizamabad,Jakranpalle,Sugarcane (Ratoon),0,0
2016-2017,Kharif,Nizamabad,Dharpalle,Sugarcane (Ratoon),1.8,0
2016-2017,Kharif,Nizamabad,Sirkonda,Sugarcane (Ratoon),7,0
2016-2017,Kharif,Nizamabad,Armur,Sugarcane (Ratoon),0,0
2016-2017,Kharif,Nizamabad,Makloor,Sugarcane (Ratoon),4,0
2016-2017,Kharif,Nizamabad,Nandipet,Sugarcane (Ratoon),0.2,0
2016-2017,Kharif,Nizamabad,Bheemgal,Sugarcane (Ratoon),0.8,0
2016-2017,Kharif,Nizamabad,Mortad,Sugarcane (Ratoon),0.4,0
2016-2017,Kharif,Nizamabad,Yergatla,Sugarcane (Ratoon),0,0
2016-2017,Kharif,Nizamabad,Kammarpalle,Sugarcane (Ratoon),4.4,0
2016-2017,Kharif,Nizamabad,Balkonda,Sugarcane (Ratoon),0,0
2016-2017,Kharif,Nizamabad,Mupkal,Sugarcane (Ratoon),0,0
2016-2017,Kharif,Nizamabad,Mendora,Sugarcane (Ratoon),0,0
2016-2017,Kharif,Nizamabad,Vailpur,Sugarcane (Ratoon),0,0
2016-2017,Kharif,Nizamabad,Bodhan,Sugarcane (Ratoon),389.6,72
2016-2017,Kharif,Nizamabad,Yeda Palle,Sugarcane (Ratoon),43.4,19
2016-2017,Kharif,Nizamabad,Ranjal,Sugarcane (Ratoon),30.2,11
2016-2017,Kharif,Nizamabad,Navipet,Sugarcane (Ratoon),40.4,5
2016-2017,Kharif,Nizamabad,Kotgiri,Sugarcane (Ratoon),9.8,0
2016-2017,Kharif,Nizamabad,Rudrur,Sugarcane (Ratoon),14.6,0
2016-2017,Kharif,Nizamabad,Varni,Sugarcane (Ratoon),0,0
2016-2017,Kharif,Nizamabad,Nizamabad North,Fruits,0,0
2016-2017,Kharif,Nizamabad,Nizamabad South,Fruits,0,51
2016-2017,Kharif,Nizamabad,Nizamabad Rural,Fruits,38,4
2016-2017,Kharif,Nizamabad,Mugpal,Fruits,0,16
2016-2017,Kharif,Nizamabad,Dichpalle,Fruits,178.4,180
2016-2017,Kharif,Nizamabad,Indalwai,Fruits,0,82
2016-2017,Kharif,Nizamabad,Jakranpalle,Fruits,46.2,56
2016-2017,Kharif,Nizamabad,Dharpalle,Fruits,25.2,67
2016-2017,Kharif,Nizamabad,Sirkonda,Fruits,30,23
2016-2017,Kharif,Nizamabad,Armur,Fruits,105.8,79
2016-2017,Kharif,Nizamabad,Makloor,Fruits,90.8,93
2016-2017,Kharif,Nizamabad,Nandipet,Fruits,62.4,59
2016-2017,Kharif,Nizamabad,Bheemgal,Fruits,107.2,113
2016-2017,Kharif,Nizamabad,Mortad,Fruits,161,91
2016-2017,Kharif,Nizamabad,Yergatla,Fruits,0,28
2016-2017,Kharif,Nizamabad,Kammarpalle,Fruits,50.6,93
2016-2017,Kharif,Nizamabad,Balkonda,Fruits,57,7
2016-2017,Kharif,Nizamabad,Mupkal,Fruits,0,13
2016-2017,Kharif,Nizamabad,Mendora,Fruits,0,25
2016-2017,Kharif,Nizamabad,Vailpur,Fruits,60,106
2016-2017,Kharif,Nizamabad,Bodhan,Fruits,121.8,180
2016-2017,Kharif,Nizamabad,Yeda Palle,Fruits,11,34
2016-2017,Kharif,Nizamabad,Ranjal,Fruits,0,41
2016-2017,Kharif,Nizamabad,Navipet,Fruits,44.6,39
2016-2017,Kharif,Nizamabad,Kotgiri,Fruits,0,29
2016-2017,Kharif,Nizamabad,Rudrur,Fruits,127.6,198
2016-2017,Kharif,Nizamabad,Varni,Fruits,0,50
2016-2017,Kharif,Nizamabad,Nizamabad North,Vegetables,0,0
2016-2017,Kharif,Nizamabad,Nizamabad South,Vegetables,0,0
2016-2017,Kharif,Nizamabad,Nizamabad Rural,Vegetables,108.6,16
2016-2017,Kharif,Nizamabad,Mugpal,Vegetables,0,58
2016-2017,Kharif,Nizamabad,Dichpalle,Vegetables,127.4,173
2016-2017,Kharif,Nizamabad,Indalwai,Vegetables,0,51
2016-2017,Kharif,Nizamabad,Jakranpalle,Vegetables,104,20
2016-2017,Kharif,Nizamabad,Dharpalle,Vegetables,46,12
2016-2017,Kharif,Nizamabad,Sirkonda,Vegetables,59.8,9
2016-2017,Kharif,Nizamabad,Armur,Vegetables,245.8,211
2016-2017,Kharif,Nizamabad,Makloor,Vegetables,40.4,79
2016-2017,Kharif,Nizamabad,Nandipet,Vegetables,46.4,21
2016-2017,Kharif,Nizamabad,Bheemgal,Vegetables,47.4,39
2016-2017,Kharif,Nizamabad,Mortad,Vegetables,123.6,7
2016-2017,Kharif,Nizamabad,Yergatla,Vegetables,0,23
2016-2017,Kharif,Nizamabad,Kammarpalle,Vegetables,49,41
2016-2017,Kharif,Nizamabad,Balkonda,Vegetables,23.2,4
2016-2017,Kharif,Nizamabad,Mupkal,Vegetables,0,4
2016-2017,Kharif,Nizamabad,Mendora,Vegetables,0,5
2016-2017,Kharif,Nizamabad,Vailpur,Vegetables,47.6,56
2016-2017,Kharif,Nizamabad,Bodhan,Vegetables,44.6,71
2016-2017,Kharif,Nizamabad,Yeda Palle,Vegetables,22,21
2016-2017,Kharif,Nizamabad,Ranjal,Vegetables,40,43
2016-2017,Kharif,Nizamabad,Navipet,Vegetables,31.2,28
2016-2017,Kharif,Nizamabad,Kotgiri,Vegetables,26,79
2016-2017,Kharif,Nizamabad,Rudrur,Vegetables,22.6,26
2016-2017,Kharif,Nizamabad,Varni,Vegetables,0,15
2016-2017,Kharif,Nizamabad,Nizamabad North,Total,0,121
2016-2017,Kharif,Nizamabad,Nizamabad South,Total,0,130
2016-2017,Kharif,Nizamabad,Nizamabad Rural,Total,7573,4049
2016-2017,Kharif,Nizamabad,Mugpal,Total,0,4280
2016-2017,Kharif,Nizamabad,Dichpalle,Total,8357,6303
2016-2017,Kharif,Nizamabad,Indalwai,Total,0,4705
2016-2017,Kharif,Nizamabad,Jakranpalle,Total,8088,7885
2016-2017,Kharif,Nizamabad,Dharpalle,Total,6045.2,7042
2016-2017,Kharif,Nizamabad,Sirkonda,Total,10013.6,8331
2016-2017,Kharif,Nizamabad,Armur,Total,10910,11973
2016-2017,Kharif,Nizamabad,Makloor,Total,6313,6001
2016-2017,Kharif,Nizamabad,Nandipet,Total,12306,11615
2016-2017,Kharif,Nizamabad,Bheemgal,Total,10089,8530
2016-2017,Kharif,Nizamabad,Mortad,Total,11555,8478
2016-2017,Kharif,Nizamabad,Yergatla,Total,0,4809
2016-2017,Kharif,Nizamabad,Kammarpalle,Total,9419,8870
2016-2017,Kharif,Nizamabad,Balkonda,Total,11550,3588
2016-2017,Kharif,Nizamabad,Mupkal,Total,0,3499
2016-2017,Kharif,Nizamabad,Mendora,Total,0,4887
2016-2017,Kharif,Nizamabad,Vailpur,Total,8794,9971
2016-2017,Kharif,Nizamabad,Bodhan,Total,18139,21246
2016-2017,Kharif,Nizamabad,Yeda Palle,Total,3592,4103
2016-2017,Kharif,Nizamabad,Ranjal,Total,6039,5946
2016-2017,Kharif,Nizamabad,Navipet,Total,5498,6952
2016-2017,Kharif,Nizamabad,Kotgiri,Total,8820.6,7258
2016-2017,Kharif,Nizamabad,Rudrur,Total,10513.4,11047
2016-2017,Kharif,Nizamabad,Varni,Total,0,2629
