year,season,districtName,mandalName,crop,normalAreaSown,actualAreaSown
2017-2018,Kharif,Nizamabad,Nizamabad North,Paddy,3583,111
2017-2018,Kharif,Nizamabad,Nizamabad South,Paddy,15.8,204
2017-2018,Kharif,Nizamabad,Nizamabad Rural,Paddy,739.4,3465
2017-2018,Kharif,Nizamabad,Mugpal,Paddy,543.2,2754
2017-2018,Kharif,Nizamabad,Dichpalle,Paddy,4402,3458
2017-2018,Kharif,Nizamabad,Indalwai,Paddy,505.6,2295
2017-2018,Kharif,Nizamabad,Jakranpalle,Paddy,1599.8,2015
2017-2018,Kharif,Nizamabad,Dharpalle,Paddy,3565,3047
2017-2018,Kharif,Nizamabad,Sirkonda,Paddy,7303.8,5024
2017-2018,Kharif,Nizamabad,Armur,Paddy,2657.4,3498
2017-2018,Kharif,Nizamabad,Makloor,Paddy,4594.2,5937
2017-2018,Kharif,Nizamabad,Nandipet,Paddy,5102.8,5281
2017-2018,Kharif,Nizamabad,Bheemgal,Paddy,5051,4585
2017-2018,Kharif,Nizamabad,Mortad,Paddy,2863.4,1543
2017-2018,Kharif,Nizamabad,Yergatla,Paddy,305.8,1576
2017-2018,Kharif,Nizamabad,Kammarpalle,Paddy,2626.6,2501
2017-2018,Kharif,Nizamabad,Balkonda,Paddy,2377.8,879
2017-2018,Kharif,Nizamabad,Mupkal,Paddy,197,785
2017-2018,Kharif,Nizamabad,Mendora,Paddy,269.2,784
2017-2018,Kharif,Nizamabad,Vailpur,Paddy,1890.4,2321
2017-2018,Kharif,Nizamabad,Bodhan,Paddy,7885.8,10781
2017-2018,Kharif,Nizamabad,Yeda Palle,Paddy,3401.4,4153
2017-2018,Kharif,Nizamabad,Ranjal,Paddy,2829,3341
2017-2018,Kharif,Nizamabad,Navipet,Paddy,4284.6,5125
2017-2018,Kharif,Nizamabad,Kotgiri,Paddy,5240,6639
2017-2018,Kharif,Nizamabad,Rudrur,Paddy,327,2789
2017-2018,Kharif,Nizamabad,Varni,Paddy,6724.8,6859
2017-2018,Kharif,Nizamabad,Nizamabad North,Jowar,0,0
2017-2018,Kharif,Nizamabad,Nizamabad South,Jowar,0,0
2017-2018,Kharif,Nizamabad,Nizamabad Rural,Jowar,0,0
2017-2018,Kharif,Nizamabad,Mugpal,Jowar,0,0
2017-2018,Kharif,Nizamabad,Dichpalle,Jowar,0,0
2017-2018,Kharif,Nizamabad,Indalwai,Jowar,0,0
2017-2018,Kharif,Nizamabad,Jakranpalle,Jowar,0,0
2017-2018,Kharif,Nizamabad,Dharpalle,Jowar,0,0
2017-2018,Kharif,Nizamabad,Sirkonda,Jowar,1,0
2017-2018,Kharif,Nizamabad,Armur,Jowar,0,0
2017-2018,Kharif,Nizamabad,Makloor,Jowar,0,0
2017-2018,Kharif,Nizamabad,Nandipet,Jowar,0,0
2017-2018,Kharif,Nizamabad,Bheemgal,Jowar,0,0
2017-2018,Kharif,Nizamabad,Mortad,Jowar,0,0
2017-2018,Kharif,Nizamabad,Yergatla,Jowar,0,0
2017-2018,Kharif,Nizamabad,Kammarpalle,Jowar,0,0
2017-2018,Kharif,Nizamabad,Balkonda,Jowar,0,0
2017-2018,Kharif,Nizamabad,Mupkal,Jowar,0,0
2017-2018,Kharif,Nizamabad,Mendora,Jowar,0,0
2017-2018,Kharif,Nizamabad,Vailpur,Jowar,0,0
2017-2018,Kharif,Nizamabad,Bodhan,Jowar,1.2,1
2017-2018,Kharif,Nizamabad,Yeda Palle,Jowar,0,0
2017-2018,Kharif,Nizamabad,Ranjal,Jowar,0,0
2017-2018,Kharif,Nizamabad,Navipet,Jowar,0,0
2017-2018,Kharif,Nizamabad,Kotgiri,Jowar,0,0
2017-2018,Kharif,Nizamabad,Rudrur,Jowar,0,0
2017-2018,Kharif,Nizamabad,Varni,Jowar,0,0
2017-2018,Kharif,Nizamabad,Nizamabad North,Maize,350.8,0
2017-2018,Kharif,Nizamabad,Nizamabad South,Maize,0,0
2017-2018,Kharif,Nizamabad,Nizamabad Rural,Maize,25,4
2017-2018,Kharif,Nizamabad,Mugpal,Maize,26.6,45
2017-2018,Kharif,Nizamabad,Dichpalle,Maize,714,255
2017-2018,Kharif,Nizamabad,Indalwai,Maize,43.8,184
2017-2018,Kharif,Nizamabad,Jakranpalle,Maize,1826.6,2325
2017-2018,Kharif,Nizamabad,Dharpalle,Maize,524.2,330
2017-2018,Kharif,Nizamabad,Sirkonda,Maize,511,545
2017-2018,Kharif,Nizamabad,Armur,Maize,1698.4,3081
2017-2018,Kharif,Nizamabad,Makloor,Maize,101.2,70
2017-2018,Kharif,Nizamabad,Nandipet,Maize,1012,1471
2017-2018,Kharif,Nizamabad,Bheemgal,Maize,448,371
2017-2018,Kharif,Nizamabad,Mortad,Maize,2460.2,2360
2017-2018,Kharif,Nizamabad,Yergatla,Maize,216.2,1445
2017-2018,Kharif,Nizamabad,Kammarpalle,Maize,2395.8,2577
2017-2018,Kharif,Nizamabad,Balkonda,Maize,1999.6,909
2017-2018,Kharif,Nizamabad,Mupkal,Maize,130,758
2017-2018,Kharif,Nizamabad,Mendora,Maize,191.6,1290
2017-2018,Kharif,Nizamabad,Vailpur,Maize,2156.2,2537
2017-2018,Kharif,Nizamabad,Bodhan,Maize,4,2
2017-2018,Kharif,Nizamabad,Yeda Palle,Maize,0,0
2017-2018,Kharif,Nizamabad,Ranjal,Maize,3.4,0
2017-2018,Kharif,Nizamabad,Navipet,Maize,87.6,4
2017-2018,Kharif,Nizamabad,Kotgiri,Maize,28.2,5
2017-2018,Kharif,Nizamabad,Rudrur,Maize,2.8,0
2017-2018,Kharif,Nizamabad,Varni,Maize,288.6,918
2017-2018,Kharif,Nizamabad,Nizamabad North,Red Gram,1,0
2017-2018,Kharif,Nizamabad,Nizamabad South,Red Gram,0,0
2017-2018,Kharif,Nizamabad,Nizamabad Rural,Red Gram,0,0
2017-2018,Kharif,Nizamabad,Mugpal,Red Gram,0,4
2017-2018,Kharif,Nizamabad,Dichpalle,Red Gram,49.2,26
2017-2018,Kharif,Nizamabad,Indalwai,Red Gram,3.4,3
2017-2018,Kharif,Nizamabad,Jakranpalle,Red Gram,38.2,71
2017-2018,Kharif,Nizamabad,Dharpalle,Red Gram,28.2,14
2017-2018,Kharif,Nizamabad,Sirkonda,Red Gram,14.2,18
2017-2018,Kharif,Nizamabad,Armur,Red Gram,47.2,40
2017-2018,Kharif,Nizamabad,Makloor,Red Gram,7.8,2
2017-2018,Kharif,Nizamabad,Nandipet,Red Gram,9,0
2017-2018,Kharif,Nizamabad,Bheemgal,Red Gram,39.8,25
2017-2018,Kharif,Nizamabad,Mortad,Red Gram,72.6,32
2017-2018,Kharif,Nizamabad,Yergatla,Red Gram,3.2,19
2017-2018,Kharif,Nizamabad,Kammarpalle,Red Gram,32.4,49
2017-2018,Kharif,Nizamabad,Balkonda,Red Gram,18.4,4
2017-2018,Kharif,Nizamabad,Mupkal,Red Gram,2,6
2017-2018,Kharif,Nizamabad,Mendora,Red Gram,2.6,4
2017-2018,Kharif,Nizamabad,Vailpur,Red Gram,55.2,55
2017-2018,Kharif,Nizamabad,Bodhan,Red Gram,371,283
2017-2018,Kharif,Nizamabad,Yeda Palle,Red Gram,0,0
2017-2018,Kharif,Nizamabad,Ranjal,Red Gram,45.4,58
2017-2018,Kharif,Nizamabad,Navipet,Red Gram,9.4,6
2017-2018,Kharif,Nizamabad,Kotgiri,Red Gram,146.8,0
2017-2018,Kharif,Nizamabad,Rudrur,Red Gram,3,1
2017-2018,Kharif,Nizamabad,Varni,Red Gram,20.4,24
2017-2018,Kharif,Nizamabad,Nizamabad North,Green Gram,3.6,0
2017-2018,Kharif,Nizamabad,Nizamabad South,Green Gram,0,0
2017-2018,Kharif,Nizamabad,Nizamabad Rural,Green Gram,0,0
2017-2018,Kharif,Nizamabad,Mugpal,Green Gram,0,0
2017-2018,Kharif,Nizamabad,Dichpalle,Green Gram,25.4,4
2017-2018,Kharif,Nizamabad,Indalwai,Green Gram,0,1
2017-2018,Kharif,Nizamabad,Jakranpalle,Green Gram,17.8,13
2017-2018,Kharif,Nizamabad,Dharpalle,Green Gram,46.2,23
2017-2018,Kharif,Nizamabad,Sirkonda,Green Gram,5.8,0
2017-2018,Kharif,Nizamabad,Armur,Green Gram,12,3
2017-2018,Kharif,Nizamabad,Makloor,Green Gram,9.4,0
2017-2018,Kharif,Nizamabad,Nandipet,Green Gram,9.6,0
2017-2018,Kharif,Nizamabad,Bheemgal,Green Gram,28,5
2017-2018,Kharif,Nizamabad,Mortad,Green Gram,10.2,3
2017-2018,Kharif,Nizamabad,Yergatla,Green Gram,0,0
2017-2018,Kharif,Nizamabad,Kammarpalle,Green Gram,12.6,39
2017-2018,Kharif,Nizamabad,Balkonda,Green Gram,1.6,3
2017-2018,Kharif,Nizamabad,Mupkal,Green Gram,0.4,2
2017-2018,Kharif,Nizamabad,Mendora,Green Gram,0.6,2
2017-2018,Kharif,Nizamabad,Vailpur,Green Gram,12.6,19
2017-2018,Kharif,Nizamabad,Bodhan,Green Gram,205,185
2017-2018,Kharif,Nizamabad,Yeda Palle,Green Gram,0,0
2017-2018,Kharif,Nizamabad,Ranjal,Green Gram,58,48
2017-2018,Kharif,Nizamabad,Navipet,Green Gram,9.2,11
2017-2018,Kharif,Nizamabad,Kotgiri,Green Gram,161.2,91
2017-2018,Kharif,Nizamabad,Rudrur,Green Gram,3.4,1
2017-2018,Kharif,Nizamabad,Varni,Green Gram,9.8,0
2017-2018,Kharif,Nizamabad,Nizamabad North,Black Gram,3,0
2017-2018,Kharif,Nizamabad,Nizamabad South,Black Gram,0,0
2017-2018,Kharif,Nizamabad,Nizamabad Rural,Black Gram,0,0
2017-2018,Kharif,Nizamabad,Mugpal,Black Gram,0,0
2017-2018,Kharif,Nizamabad,Dichpalle,Black Gram,33.4,1
2017-2018,Kharif,Nizamabad,Indalwai,Black Gram,0,3
2017-2018,Kharif,Nizamabad,Jakranpalle,Black Gram,24.2,25
2017-2018,Kharif,Nizamabad,Dharpalle,Black Gram,41,25
2017-2018,Kharif,Nizamabad,Sirkonda,Black Gram,5,0
2017-2018,Kharif,Nizamabad,Armur,Black Gram,8.8,1
2017-2018,Kharif,Nizamabad,Makloor,Black Gram,12.8,0
2017-2018,Kharif,Nizamabad,Nandipet,Black Gram,7,28
2017-2018,Kharif,Nizamabad,Bheemgal,Black Gram,22,4
2017-2018,Kharif,Nizamabad,Mortad,Black Gram,4.4,0
2017-2018,Kharif,Nizamabad,Yergatla,Black Gram,0,0
2017-2018,Kharif,Nizamabad,Kammarpalle,Black Gram,5.6,40
2017-2018,Kharif,Nizamabad,Balkonda,Black Gram,0,0
2017-2018,Kharif,Nizamabad,Mupkal,Black Gram,1.6,0
2017-2018,Kharif,Nizamabad,Mendora,Black Gram,0,1
2017-2018,Kharif,Nizamabad,Vailpur,Black Gram,13.8,19
2017-2018,Kharif,Nizamabad,Bodhan,Black Gram,283.4,247
2017-2018,Kharif,Nizamabad,Yeda Palle,Black Gram,0,0
2017-2018,Kharif,Nizamabad,Ranjal,Black Gram,72.6,111
2017-2018,Kharif,Nizamabad,Navipet,Black Gram,12.4,23
2017-2018,Kharif,Nizamabad,Kotgiri,Black Gram,152.4,87
2017-2018,Kharif,Nizamabad,Rudrur,Black Gram,3.6,1
2017-2018,Kharif,Nizamabad,Varni,Black Gram,8.6,0
2017-2018,Kharif,Nizamabad,Nizamabad North,Horse Gram,0,0
2017-2018,Kharif,Nizamabad,Nizamabad South,Horse Gram,0,0
2017-2018,Kharif,Nizamabad,Nizamabad Rural,Horse Gram,0,0
2017-2018,Kharif,Nizamabad,Mugpal,Horse Gram,0,0
2017-2018,Kharif,Nizamabad,Dichpalle,Horse Gram,0,0
2017-2018,Kharif,Nizamabad,Indalwai,Horse Gram,0,0
2017-2018,Kharif,Nizamabad,Jakranpalle,Horse Gram,0,0
2017-2018,Kharif,Nizamabad,Dharpalle,Horse Gram,0,0
2017-2018,Kharif,Nizamabad,Sirkonda,Horse Gram,0,0
2017-2018,Kharif,Nizamabad,Armur,Horse Gram,0,0
2017-2018,Kharif,Nizamabad,Makloor,Horse Gram,0,0
2017-2018,Kharif,Nizamabad,Nandipet,Horse Gram,0,0
2017-2018,Kharif,Nizamabad,Bheemgal,Horse Gram,0,0
2017-2018,Kharif,Nizamabad,Mortad,Horse Gram,0,0
2017-2018,Kharif,Nizamabad,Yergatla,Horse Gram,0,0
2017-2018,Kharif,Nizamabad,Kammarpalle,Horse Gram,2.4,0
2017-2018,Kharif,Nizamabad,Balkonda,Horse Gram,0,0
2017-2018,Kharif,Nizamabad,Mupkal,Horse Gram,0,0
2017-2018,Kharif,Nizamabad,Mendora,Horse Gram,0,0
2017-2018,Kharif,Nizamabad,Vailpur,Horse Gram,0,0
2017-2018,Kharif,Nizamabad,Bodhan,Horse Gram,0,0
2017-2018,Kharif,Nizamabad,Yeda Palle,Horse Gram,0,0
2017-2018,Kharif,Nizamabad,Ranjal,Horse Gram,0,0
2017-2018,Kharif,Nizamabad,Navipet,Horse Gram,0,0
2017-2018,Kharif,Nizamabad,Kotgiri,Horse Gram,0,0
2017-2018,Kharif,Nizamabad,Rudrur,Horse Gram,0,0
2017-2018,Kharif,Nizamabad,Varni,Horse Gram,0,0
2017-2018,Kharif,Nizamabad,Nizamabad North,Other Pulses,0,0
2017-2018,Kharif,Nizamabad,Nizamabad South,Other Pulses,0,0
2017-2018,Kharif,Nizamabad,Nizamabad Rural,Other Pulses,0,0
2017-2018,Kharif,Nizamabad,Mugpal,Other Pulses,0,0
2017-2018,Kharif,Nizamabad,Dichpalle,Other Pulses,0,0
2017-2018,Kharif,Nizamabad,Indalwai,Other Pulses,0,0
2017-2018,Kharif,Nizamabad,Jakranpalle,Other Pulses,0,0
2017-2018,Kharif,Nizamabad,Dharpalle,Other Pulses,0,0
2017-2018,Kharif,Nizamabad,Sirkonda,Other Pulses,0,0
2017-2018,Kharif,Nizamabad,Armur,Other Pulses,0,0
2017-2018,Kharif,Nizamabad,Makloor,Other Pulses,0,0
2017-2018,Kharif,Nizamabad,Nandipet,Other Pulses,0,0
2017-2018,Kharif,Nizamabad,Bheemgal,Other Pulses,0,0
2017-2018,Kharif,Nizamabad,Mortad,Other Pulses,0,0
2017-2018,Kharif,Nizamabad,Yergatla,Other Pulses,0,0
2017-2018,Kharif,Nizamabad,Kammarpalle,Other Pulses,0,0
2017-2018,Kharif,Nizamabad,Balkonda,Other Pulses,0,0
2017-2018,Kharif,Nizamabad,Mupkal,Other Pulses,0,0
2017-2018,Kharif,Nizamabad,Mendora,Other Pulses,0,0
2017-2018,Kharif,Nizamabad,Vailpur,Other Pulses,0,0
2017-2018,Kharif,Nizamabad,Bodhan,Other Pulses,0,0
2017-2018,Kharif,Nizamabad,Yeda Palle,Other Pulses,0,0
2017-2018,Kharif,Nizamabad,Ranjal,Other Pulses,0,0
2017-2018,Kharif,Nizamabad,Navipet,Other Pulses,0,0
2017-2018,Kharif,Nizamabad,Kotgiri,Other Pulses,0,0
2017-2018,Kharif,Nizamabad,Rudrur,Other Pulses,0,0
2017-2018,Kharif,Nizamabad,Varni,Other Pulses,0,0
2017-2018,Kharif,Nizamabad,Nizamabad North,Groundnut,0,0
2017-2018,Kharif,Nizamabad,Nizamabad South,Groundnut,0,0
2017-2018,Kharif,Nizamabad,Nizamabad Rural,Groundnut,0,0
2017-2018,Kharif,Nizamabad,Mugpal,Groundnut,0,0
2017-2018,Kharif,Nizamabad,Dichpalle,Groundnut,1.6,0
2017-2018,Kharif,Nizamabad,Indalwai,Groundnut,0,0
2017-2018,Kharif,Nizamabad,Jakranpalle,Groundnut,4.4,0
2017-2018,Kharif,Nizamabad,Dharpalle,Groundnut,0,2
2017-2018,Kharif,Nizamabad,Sirkonda,Groundnut,0,0
2017-2018,Kharif,Nizamabad,Armur,Groundnut,12,51
2017-2018,Kharif,Nizamabad,Makloor,Groundnut,0,0
2017-2018,Kharif,Nizamabad,Nandipet,Groundnut,0,0
2017-2018,Kharif,Nizamabad,Bheemgal,Groundnut,0,0
2017-2018,Kharif,Nizamabad,Mortad,Groundnut,0,0
2017-2018,Kharif,Nizamabad,Yergatla,Groundnut,0,3
2017-2018,Kharif,Nizamabad,Kammarpalle,Groundnut,0,0
2017-2018,Kharif,Nizamabad,Balkonda,Groundnut,0,0
2017-2018,Kharif,Nizamabad,Mupkal,Groundnut,0,0
2017-2018,Kharif,Nizamabad,Mendora,Groundnut,0,0
2017-2018,Kharif,Nizamabad,Vailpur,Groundnut,0,0
2017-2018,Kharif,Nizamabad,Bodhan,Groundnut,0,0
2017-2018,Kharif,Nizamabad,Yeda Palle,Groundnut,0,0
2017-2018,Kharif,Nizamabad,Ranjal,Groundnut,0,0
2017-2018,Kharif,Nizamabad,Navipet,Groundnut,0,0
2017-2018,Kharif,Nizamabad,Kotgiri,Groundnut,0,0
2017-2018,Kharif,Nizamabad,Rudrur,Groundnut,0,0
2017-2018,Kharif,Nizamabad,Varni,Groundnut,0,0
2017-2018,Kharif,Nizamabad,Nizamabad North,Castor,0,0
2017-2018,Kharif,Nizamabad,Nizamabad South,Castor,0,0
2017-2018,Kharif,Nizamabad,Nizamabad Rural,Castor,0,0
2017-2018,Kharif,Nizamabad,Mugpal,Castor,0,0
2017-2018,Kharif,Nizamabad,Dichpalle,Castor,0,0
2017-2018,Kharif,Nizamabad,Indalwai,Castor,0,0
2017-2018,Kharif,Nizamabad,Jakranpalle,Castor,0,0
2017-2018,Kharif,Nizamabad,Dharpalle,Castor,0,0
2017-2018,Kharif,Nizamabad,Sirkonda,Castor,0,0
2017-2018,Kharif,Nizamabad,Armur,Castor,0,0
2017-2018,Kharif,Nizamabad,Makloor,Castor,0,0
2017-2018,Kharif,Nizamabad,Nandipet,Castor,0,0
2017-2018,Kharif,Nizamabad,Bheemgal,Castor,0,0
2017-2018,Kharif,Nizamabad,Mortad,Castor,4,0
2017-2018,Kharif,Nizamabad,Yergatla,Castor,0,0
2017-2018,Kharif,Nizamabad,Kammarpalle,Castor,0,0
2017-2018,Kharif,Nizamabad,Balkonda,Castor,0,0
2017-2018,Kharif,Nizamabad,Mupkal,Castor,0,0
2017-2018,Kharif,Nizamabad,Mendora,Castor,0,0
2017-2018,Kharif,Nizamabad,Vailpur,Castor,0,0
2017-2018,Kharif,Nizamabad,Bodhan,Castor,0,0
2017-2018,Kharif,Nizamabad,Yeda Palle,Castor,0,0
2017-2018,Kharif,Nizamabad,Ranjal,Castor,0,0
2017-2018,Kharif,Nizamabad,Navipet,Castor,0,0
2017-2018,Kharif,Nizamabad,Kotgiri,Castor,0,0
2017-2018,Kharif,Nizamabad,Rudrur,Castor,0,0
2017-2018,Kharif,Nizamabad,Varni,Castor,0,0
2017-2018,Kharif,Nizamabad,Nizamabad North,Soyabean,1544.6,0
2017-2018,Kharif,Nizamabad,Nizamabad South,Soyabean,0,0
2017-2018,Kharif,Nizamabad,Nizamabad Rural,Soyabean,40.2,5
2017-2018,Kharif,Nizamabad,Mugpal,Soyabean,258.4,1200
2017-2018,Kharif,Nizamabad,Dichpalle,Soyabean,2314.4,1020
2017-2018,Kharif,Nizamabad,Indalwai,Soyabean,336.2,1390
2017-2018,Kharif,Nizamabad,Jakranpalle,Soyabean,3002.6,1568
2017-2018,Kharif,Nizamabad,Dharpalle,Soyabean,1780,1229
2017-2018,Kharif,Nizamabad,Sirkonda,Soyabean,1416.2,941
2017-2018,Kharif,Nizamabad,Armur,Soyabean,5332.4,3420
2017-2018,Kharif,Nizamabad,Makloor,Soyabean,1239,689
2017-2018,Kharif,Nizamabad,Nandipet,Soyabean,4400.4,4691
2017-2018,Kharif,Nizamabad,Bheemgal,Soyabean,3170.6,1453
2017-2018,Kharif,Nizamabad,Mortad,Soyabean,3098.4,1156
2017-2018,Kharif,Nizamabad,Yergatla,Soyabean,236.2,1027
2017-2018,Kharif,Nizamabad,Kammarpalle,Soyabean,2144.2,1811
2017-2018,Kharif,Nizamabad,Balkonda,Soyabean,3320.8,976
2017-2018,Kharif,Nizamabad,Mupkal,Soyabean,216.8,970
2017-2018,Kharif,Nizamabad,Mendora,Soyabean,312.2,1005
2017-2018,Kharif,Nizamabad,Vailpur,Soyabean,3529.4,2652
2017-2018,Kharif,Nizamabad,Bodhan,Soyabean,7266.4,7243
2017-2018,Kharif,Nizamabad,Yeda Palle,Soyabean,150,51
2017-2018,Kharif,Nizamabad,Ranjal,Soyabean,2106.4,2994
2017-2018,Kharif,Nizamabad,Navipet,Soyabean,787.2,247
2017-2018,Kharif,Nizamabad,Kotgiri,Soyabean,4360.8,2345
2017-2018,Kharif,Nizamabad,Rudrur,Soyabean,172.8,86
2017-2018,Kharif,Nizamabad,Varni,Soyabean,1152.4,344
2017-2018,Kharif,Nizamabad,Nizamabad North,Other oil seeds,0,0
2017-2018,Kharif,Nizamabad,Nizamabad South,Other oil seeds,0,0
2017-2018,Kharif,Nizamabad,Nizamabad Rural,Other oil seeds,0,0
2017-2018,Kharif,Nizamabad,Mugpal,Other oil seeds,0,0
2017-2018,Kharif,Nizamabad,Dichpalle,Other oil seeds,0,0
2017-2018,Kharif,Nizamabad,Indalwai,Other oil seeds,0,0
2017-2018,Kharif,Nizamabad,Jakranpalle,Other oil seeds,0,0
2017-2018,Kharif,Nizamabad,Dharpalle,Other oil seeds,0,0
2017-2018,Kharif,Nizamabad,Sirkonda,Other oil seeds,0,0
2017-2018,Kharif,Nizamabad,Armur,Other oil seeds,0,0
2017-2018,Kharif,Nizamabad,Makloor,Other oil seeds,0,0
2017-2018,Kharif,Nizamabad,Nandipet,Other oil seeds,0,0
2017-2018,Kharif,Nizamabad,Bheemgal,Other oil seeds,0,0
2017-2018,Kharif,Nizamabad,Mortad,Other oil seeds,0,0
2017-2018,Kharif,Nizamabad,Yergatla,Other oil seeds,0,0
2017-2018,Kharif,Nizamabad,Kammarpalle,Other oil seeds,0,0
2017-2018,Kharif,Nizamabad,Balkonda,Other oil seeds,0,0
2017-2018,Kharif,Nizamabad,Mupkal,Other oil seeds,0,0
2017-2018,Kharif,Nizamabad,Mendora,Other oil seeds,0,0
2017-2018,Kharif,Nizamabad,Vailpur,Other oil seeds,0,0
2017-2018,Kharif,Nizamabad,Bodhan,Other oil seeds,0,0
2017-2018,Kharif,Nizamabad,Yeda Palle,Other oil seeds,0,0
2017-2018,Kharif,Nizamabad,Ranjal,Other oil seeds,0,0
2017-2018,Kharif,Nizamabad,Navipet,Other oil seeds,0,0
2017-2018,Kharif,Nizamabad,Kotgiri,Other oil seeds,0,0
2017-2018,Kharif,Nizamabad,Rudrur,Other oil seeds,0,0
2017-2018,Kharif,Nizamabad,Varni,Other oil seeds,0,0
2017-2018,Kharif,Nizamabad,Nizamabad North,Cotton,7,0
2017-2018,Kharif,Nizamabad,Nizamabad South,Cotton,0,0
2017-2018,Kharif,Nizamabad,Nizamabad Rural,Cotton,0,0
2017-2018,Kharif,Nizamabad,Mugpal,Cotton,0.4,0
2017-2018,Kharif,Nizamabad,Dichpalle,Cotton,10.8,96
2017-2018,Kharif,Nizamabad,Indalwai,Cotton,6.4,268
2017-2018,Kharif,Nizamabad,Jakranpalle,Cotton,0,0
2017-2018,Kharif,Nizamabad,Dharpalle,Cotton,22,0
2017-2018,Kharif,Nizamabad,Sirkonda,Cotton,61,88
2017-2018,Kharif,Nizamabad,Armur,Cotton,2.4,0
2017-2018,Kharif,Nizamabad,Makloor,Cotton,0,0
2017-2018,Kharif,Nizamabad,Nandipet,Cotton,0,0
2017-2018,Kharif,Nizamabad,Bheemgal,Cotton,63,40
2017-2018,Kharif,Nizamabad,Mortad,Cotton,0,0
2017-2018,Kharif,Nizamabad,Yergatla,Cotton,0,0
2017-2018,Kharif,Nizamabad,Kammarpalle,Cotton,208.6,0
2017-2018,Kharif,Nizamabad,Balkonda,Cotton,0.2,0
2017-2018,Kharif,Nizamabad,Mupkal,Cotton,0,0
2017-2018,Kharif,Nizamabad,Mendora,Cotton,0,0
2017-2018,Kharif,Nizamabad,Vailpur,Cotton,0,0
2017-2018,Kharif,Nizamabad,Bodhan,Cotton,1364.8,708
2017-2018,Kharif,Nizamabad,Yeda Palle,Cotton,15.4,0
2017-2018,Kharif,Nizamabad,Ranjal,Cotton,447,0
2017-2018,Kharif,Nizamabad,Navipet,Cotton,54.4,0
2017-2018,Kharif,Nizamabad,Kotgiri,Cotton,228.4,163
2017-2018,Kharif,Nizamabad,Rudrur,Cotton,0,0
2017-2018,Kharif,Nizamabad,Varni,Cotton,6.2,41
2017-2018,Kharif,Nizamabad,Nizamabad North,Chillies,4.4,0
2017-2018,Kharif,Nizamabad,Nizamabad South,Chillies,0,0
2017-2018,Kharif,Nizamabad,Nizamabad Rural,Chillies,0.4,0
2017-2018,Kharif,Nizamabad,Mugpal,Chillies,3.4,0
2017-2018,Kharif,Nizamabad,Dichpalle,Chillies,36,0
2017-2018,Kharif,Nizamabad,Indalwai,Chillies,0,0
2017-2018,Kharif,Nizamabad,Jakranpalle,Chillies,40.8,0
2017-2018,Kharif,Nizamabad,Dharpalle,Chillies,21,14
2017-2018,Kharif,Nizamabad,Sirkonda,Chillies,60,17
2017-2018,Kharif,Nizamabad,Armur,Chillies,8.8,0
2017-2018,Kharif,Nizamabad,Makloor,Chillies,13,0
2017-2018,Kharif,Nizamabad,Nandipet,Chillies,36,31
2017-2018,Kharif,Nizamabad,Bheemgal,Chillies,35.4,18
2017-2018,Kharif,Nizamabad,Mortad,Chillies,26,0
2017-2018,Kharif,Nizamabad,Yergatla,Chillies,1.8,0
2017-2018,Kharif,Nizamabad,Kammarpalle,Chillies,0.4,12
2017-2018,Kharif,Nizamabad,Balkonda,Chillies,4.8,0
2017-2018,Kharif,Nizamabad,Mupkal,Chillies,0.4,0
2017-2018,Kharif,Nizamabad,Mendora,Chillies,1.4,0
2017-2018,Kharif,Nizamabad,Vailpur,Chillies,46.8,0
2017-2018,Kharif,Nizamabad,Bodhan,Chillies,38.6,0
2017-2018,Kharif,Nizamabad,Yeda Palle,Chillies,0,0
2017-2018,Kharif,Nizamabad,Ranjal,Chillies,3,0
2017-2018,Kharif,Nizamabad,Navipet,Chillies,1,0
2017-2018,Kharif,Nizamabad,Kotgiri,Chillies,1.4,0
2017-2018,Kharif,Nizamabad,Rudrur,Chillies,0,0
2017-2018,Kharif,Nizamabad,Varni,Chillies,0,0
2017-2018,Kharif,Nizamabad,Nizamabad North,Sugarcane (Planted),15.4,0
2017-2018,Kharif,Nizamabad,Nizamabad South,Sugarcane (Planted),0,0
2017-2018,Kharif,Nizamabad,Nizamabad Rural,Sugarcane (Planted),0.2,0
2017-2018,Kharif,Nizamabad,Mugpal,Sugarcane (Planted),0.4,0
2017-2018,Kharif,Nizamabad,Dichpalle,Sugarcane (Planted),16.6,1
2017-2018,Kharif,Nizamabad,Indalwai,Sugarcane (Planted),0.4,0
2017-2018,Kharif,Nizamabad,Jakranpalle,Sugarcane (Planted),0,0
2017-2018,Kharif,Nizamabad,Dharpalle,Sugarcane (Planted),9.4,0
2017-2018,Kharif,Nizamabad,Sirkonda,Sugarcane (Planted),17.8,0
2017-2018,Kharif,Nizamabad,Armur,Sugarcane (Planted),0,0
2017-2018,Kharif,Nizamabad,Makloor,Sugarcane (Planted),2.6,2
2017-2018,Kharif,Nizamabad,Nandipet,Sugarcane (Planted),0.2,0
2017-2018,Kharif,Nizamabad,Bheemgal,Sugarcane (Planted),0.8,0
2017-2018,Kharif,Nizamabad,Mortad,Sugarcane (Planted),0.4,0
2017-2018,Kharif,Nizamabad,Yergatla,Sugarcane (Planted),0,0
2017-2018,Kharif,Nizamabad,Kammarpalle,Sugarcane (Planted),8.2,0
2017-2018,Kharif,Nizamabad,Balkonda,Sugarcane (Planted),0,0
2017-2018,Kharif,Nizamabad,Mupkal,Sugarcane (Planted),0,0
2017-2018,Kharif,Nizamabad,Mendora,Sugarcane (Planted),0,0
2017-2018,Kharif,Nizamabad,Vailpur,Sugarcane (Planted),0,0
2017-2018,Kharif,Nizamabad,Bodhan,Sugarcane (Planted),365,133
2017-2018,Kharif,Nizamabad,Yeda Palle,Sugarcane (Planted),53.8,19
2017-2018,Kharif,Nizamabad,Ranjal,Sugarcane (Planted),51,5
2017-2018,Kharif,Nizamabad,Navipet,Sugarcane (Planted),20.4,2
2017-2018,Kharif,Nizamabad,Kotgiri,Sugarcane (Planted),19.4,0
2017-2018,Kharif,Nizamabad,Rudrur,Sugarcane (Planted),0,0
2017-2018,Kharif,Nizamabad,Varni,Sugarcane (Planted),13.4,0
2017-2018,Kharif,Nizamabad,Nizamabad North,Sugarcane (Ratoon),7.2,0
2017-2018,Kharif,Nizamabad,Nizamabad South,Sugarcane (Ratoon),0,0
2017-2018,Kharif,Nizamabad,Nizamabad Rural,Sugarcane (Ratoon),0.4,0
2017-2018,Kharif,Nizamabad,Mugpal,Sugarcane (Ratoon),0.8,0
2017-2018,Kharif,Nizamabad,Dichpalle,Sugarcane (Ratoon),7.2,0
2017-2018,Kharif,Nizamabad,Indalwai,Sugarcane (Ratoon),0.4,0
2017-2018,Kharif,Nizamabad,Jakranpalle,Sugarcane (Ratoon),0,0
2017-2018,Kharif,Nizamabad,Dharpalle,Sugarcane (Ratoon),1.8,3
2017-2018,Kharif,Nizamabad,Sirkonda,Sugarcane (Ratoon),1.6,0
2017-2018,Kharif,Nizamabad,Armur,Sugarcane (Ratoon),0,0
2017-2018,Kharif,Nizamabad,Makloor,Sugarcane (Ratoon),3.8,0
2017-2018,Kharif,Nizamabad,Nandipet,Sugarcane (Ratoon),0.2,0
2017-2018,Kharif,Nizamabad,Bheemgal,Sugarcane (Ratoon),0.8,0
2017-2018,Kharif,Nizamabad,Mortad,Sugarcane (Ratoon),0.4,0
2017-2018,Kharif,Nizamabad,Yergatla,Sugarcane (Ratoon),0,0
2017-2018,Kharif,Nizamabad,Kammarpalle,Sugarcane (Ratoon),2.2,14
2017-2018,Kharif,Nizamabad,Balkonda,Sugarcane (Ratoon),0,0
2017-2018,Kharif,Nizamabad,Mupkal,Sugarcane (Ratoon),0,0
2017-2018,Kharif,Nizamabad,Mendora,Sugarcane (Ratoon),0,0
2017-2018,Kharif,Nizamabad,Vailpur,Sugarcane (Ratoon),0,0
2017-2018,Kharif,Nizamabad,Bodhan,Sugarcane (Ratoon),326.4,35
2017-2018,Kharif,Nizamabad,Yeda Palle,Sugarcane (Ratoon),38.4,12
2017-2018,Kharif,Nizamabad,Ranjal,Sugarcane (Ratoon),23.8,0
2017-2018,Kharif,Nizamabad,Navipet,Sugarcane (Ratoon),32.8,2
2017-2018,Kharif,Nizamabad,Kotgiri,Sugarcane (Ratoon),8.2,2
2017-2018,Kharif,Nizamabad,Rudrur,Sugarcane (Ratoon),0,1
2017-2018,Kharif,Nizamabad,Varni,Sugarcane (Ratoon),5.6,0
2017-2018,Kharif,Nizamabad,Nizamabad North,Onion,0,0
2017-2018,Kharif,Nizamabad,Nizamabad South,Onion,0,0
2017-2018,Kharif,Nizamabad,Nizamabad Rural,Onion,0,2
2017-2018,Kharif,Nizamabad,Mugpal,Onion,0,0
2017-2018,Kharif,Nizamabad,Dichpalle,Onion,0,0
2017-2018,Kharif,Nizamabad,Indalwai,Onion,0,0
2017-2018,Kharif,Nizamabad,Jakranpalle,Onion,0.2,0
2017-2018,Kharif,Nizamabad,Dharpalle,Onion,0,0
2017-2018,Kharif,Nizamabad,Sirkonda,Onion,0,0
2017-2018,Kharif,Nizamabad,Armur,Onion,5,22
2017-2018,Kharif,Nizamabad,Makloor,Onion,0,0
2017-2018,Kharif,Nizamabad,Nandipet,Onion,0,0
2017-2018,Kharif,Nizamabad,Bheemgal,Onion,0,0
2017-2018,Kharif,Nizamabad,Mortad,Onion,2,0
2017-2018,Kharif,Nizamabad,Yergatla,Onion,0,0
2017-2018,Kharif,Nizamabad,Kammarpalle,Onion,1.6,0
2017-2018,Kharif,Nizamabad,Balkonda,Onion,0,0
2017-2018,Kharif,Nizamabad,Mupkal,Onion,0,0
2017-2018,Kharif,Nizamabad,Mendora,Onion,0,0
2017-2018,Kharif,Nizamabad,Vailpur,Onion,0.2,0
2017-2018,Kharif,Nizamabad,Bodhan,Onion,11.4,0
2017-2018,Kharif,Nizamabad,Yeda Palle,Onion,0,0
2017-2018,Kharif,Nizamabad,Ranjal,Onion,0.4,0
2017-2018,Kharif,Nizamabad,Navipet,Onion,0,0
2017-2018,Kharif,Nizamabad,Kotgiri,Onion,0.6,0
2017-2018,Kharif,Nizamabad,Rudrur,Onion,0,0
2017-2018,Kharif,Nizamabad,Varni,Onion,0,0
2017-2018,Kharif,Nizamabad,Nizamabad North,Turmeric,27,0
2017-2018,Kharif,Nizamabad,Nizamabad South,Turmeric,0,0
2017-2018,Kharif,Nizamabad,Nizamabad Rural,Turmeric,0.2,0
2017-2018,Kharif,Nizamabad,Mugpal,Turmeric,8,34
2017-2018,Kharif,Nizamabad,Dichpalle,Turmeric,161.6,99
2017-2018,Kharif,Nizamabad,Indalwai,Turmeric,18.2,76
2017-2018,Kharif,Nizamabad,Jakranpalle,Turmeric,1425.2,1709
2017-2018,Kharif,Nizamabad,Dharpalle,Turmeric,306.6,176
2017-2018,Kharif,Nizamabad,Sirkonda,Turmeric,160.2,186
2017-2018,Kharif,Nizamabad,Armur,Turmeric,1720.6,2104
2017-2018,Kharif,Nizamabad,Makloor,Turmeric,52.6,46
2017-2018,Kharif,Nizamabad,Nandipet,Turmeric,1199,1299
2017-2018,Kharif,Nizamabad,Bheemgal,Turmeric,189.6,125
2017-2018,Kharif,Nizamabad,Mortad,Turmeric,2133.8,1602
2017-2018,Kharif,Nizamabad,Yergatla,Turmeric,188.4,1057
2017-2018,Kharif,Nizamabad,Kammarpalle,Turmeric,1486,1833
2017-2018,Kharif,Nizamabad,Balkonda,Turmeric,2011,745
2017-2018,Kharif,Nizamabad,Mupkal,Turmeric,148.2,590
2017-2018,Kharif,Nizamabad,Mendora,Turmeric,193.8,994
2017-2018,Kharif,Nizamabad,Vailpur,Turmeric,1204.6,1472
2017-2018,Kharif,Nizamabad,Bodhan,Turmeric,7.4,11
2017-2018,Kharif,Nizamabad,Yeda Palle,Turmeric,0,0
2017-2018,Kharif,Nizamabad,Ranjal,Turmeric,0,0
2017-2018,Kharif,Nizamabad,Navipet,Turmeric,1.8,4
2017-2018,Kharif,Nizamabad,Kotgiri,Turmeric,19.8,15
2017-2018,Kharif,Nizamabad,Rudrur,Turmeric,0.2,1
2017-2018,Kharif,Nizamabad,Varni,Turmeric,4,0
2017-2018,Kharif,Nizamabad,Nizamabad North,Other crops,31.2000000000007,0
2017-2018,Kharif,Nizamabad,Nizamabad South,Other crops,10.2,20
2017-2018,Kharif,Nizamabad,Nizamabad Rural,Other crops,89.8,29
2017-2018,Kharif,Nizamabad,Mugpal,Other crops,15.2,40
2017-2018,Kharif,Nizamabad,Dichpalle,Other crops,334.000000000001,194
2017-2018,Kharif,Nizamabad,Indalwai,Other crops,26.4,72
2017-2018,Kharif,Nizamabad,Jakranpalle,Other crops,156.4,101
2017-2018,Kharif,Nizamabad,Dharpalle,Other crops,80.2000000000007,126
2017-2018,Kharif,Nizamabad,Sirkonda,Other crops,52.6000000000004,43
2017-2018,Kharif,Nizamabad,Armur,Other crops,350.799999999999,202
2017-2018,Kharif,Nizamabad,Makloor,Other crops,141,146
2017-2018,Kharif,Nizamabad,Nandipet,Other crops,102.399999999998,80
2017-2018,Kharif,Nizamabad,Bheemgal,Other crops,163.000000000002,246
2017-2018,Kharif,Nizamabad,Mortad,Other crops,214.200000000001,96
2017-2018,Kharif,Nizamabad,Yergatla,Other crops,10.6,58
2017-2018,Kharif,Nizamabad,Kammarpalle,Other crops,84.6000000000022,119
2017-2018,Kharif,Nizamabad,Balkonda,Other crops,67.5999999999985,29
2017-2018,Kharif,Nizamabad,Mupkal,Other crops,4.60000000000014,16
2017-2018,Kharif,Nizamabad,Mendora,Other crops,6,30
2017-2018,Kharif,Nizamabad,Vailpur,Other crops,120,127
2017-2018,Kharif,Nizamabad,Bodhan,Other crops,255.999999999996,152
2017-2018,Kharif,Nizamabad,Yeda Palle,Other crops,39.1999999999998,44
2017-2018,Kharif,Nizamabad,Ranjal,Other crops,41,59
2017-2018,Kharif,Nizamabad,Navipet,Other crops,79.8000000000002,72
2017-2018,Kharif,Nizamabad,Kotgiri,Other crops,172.199999999999,163
2017-2018,Kharif,Nizamabad,Rudrur,Other crops,12.6,67
2017-2018,Kharif,Nizamabad,Varni,Other crops,47.6000000000004,78
2017-2018,Kharif,Nizamabad,Nizamabad North,Total,5578.2,111
2017-2018,Kharif,Nizamabad,Nizamabad South,Total,26,224
2017-2018,Kharif,Nizamabad,Nizamabad Rural,Total,895.6,3505
2017-2018,Kharif,Nizamabad,Mugpal,Total,856.4,4077
2017-2018,Kharif,Nizamabad,Dichpalle,Total,8106.2,5154
2017-2018,Kharif,Nizamabad,Indalwai,Total,940.8,4292
2017-2018,Kharif,Nizamabad,Jakranpalle,Total,8136.2,7827
2017-2018,Kharif,Nizamabad,Dharpalle,Total,6425.6,4989
2017-2018,Kharif,Nizamabad,Sirkonda,Total,9610.2,6862
2017-2018,Kharif,Nizamabad,Armur,Total,11855.8,12422
2017-2018,Kharif,Nizamabad,Makloor,Total,6177.4,6892
2017-2018,Kharif,Nizamabad,Nandipet,Total,11878.6,12881
2017-2018,Kharif,Nizamabad,Bheemgal,Total,9212,6872
2017-2018,Kharif,Nizamabad,Mortad,Total,10890,6792
2017-2018,Kharif,Nizamabad,Yergatla,Total,962.2,5185
2017-2018,Kharif,Nizamabad,Kammarpalle,Total,9011.2,8995
2017-2018,Kharif,Nizamabad,Balkonda,Total,9801.8,3545
2017-2018,Kharif,Nizamabad,Mupkal,Total,701,3127
2017-2018,Kharif,Nizamabad,Mendora,Total,977.4,4110
2017-2018,Kharif,Nizamabad,Vailpur,Total,9029.2,9202
2017-2018,Kharif,Nizamabad,Bodhan,Total,18386.4,19781
2017-2018,Kharif,Nizamabad,Yeda Palle,Total,3698.2,4279
2017-2018,Kharif,Nizamabad,Ranjal,Total,5681,6616
2017-2018,Kharif,Nizamabad,Navipet,Total,5380.6,5496
2017-2018,Kharif,Nizamabad,Kotgiri,Total,10539.4,9510
2017-2018,Kharif,Nizamabad,Rudrur,Total,525.4,2947
2017-2018,Kharif,Nizamabad,Varni,Total,8281.4,8264
