year,season,districtName,mandalName,crop,normalAreaSown,actualAreaSown
2017-2018,Kharif,Peddapalli,Peddapalli,Paddy,5558,6072.4
2017-2018,Kharif,Peddapalli,Julapally,Paddy,2306,2052
2017-2018,Kharif,Peddapalli,Sulthanabad,Paddy,5985,8041.6
2017-2018,Kharif,Peddapalli,Odela,Paddy,4950,5315.6
2017-2018,Kharif,Peddapalli,Srirampur,Paddy,4484,4930
2017-2018,Kharif,Peddapalli,Eligedu,Paddy,3093,3820
2017-2018,Kharif,Peddapalli,Ramagundam,Paddy,2190,1484
2017-2018,Kharif,Peddapalli,Dharmaram,Paddy,4142,4212
2017-2018,Kharif,Peddapalli,Palakurthy,Paddy,316,2399.2
2017-2018,Kharif,Peddapalli,Anthergoan,Paddy,154,1522.4
2017-2018,Kharif,Peddapalli,Manthani,Paddy,2767,3283.2
2017-2018,Kharif,Peddapalli,Mutharam,Paddy,2747,2834.4
2017-2018,Kharif,Peddapalli,Kamanpur,Paddy,2998,1196
2017-2018,Kharif,Peddapalli,Ramagiri,Paddy,370,2326
2017-2018,Kharif,Peddapalli,Peddapalli,Cotton,5753,5956
2017-2018,Kharif,Peddapalli,Julapally,Cotton,2126,1940
2017-2018,Kharif,Peddapalli,Sulthanabad,Cotton,3170,2954
2017-2018,Kharif,Peddapalli,Odela,Cotton,4157,5460
2017-2018,Kharif,Peddapalli,Srirampur,Cotton,5005,5180
2017-2018,Kharif,Peddapalli,Eligedu,Cotton,963,648
2017-2018,Kharif,Peddapalli,Ramagundam,Cotton,2390,70
2017-2018,Kharif,Peddapalli,Dharmaram,Cotton,3789,2604
2017-2018,Kharif,Peddapalli,Palakurthy,Cotton,191,3012
2017-2018,Kharif,Peddapalli,Anthergoan,Cotton,107,1902.8
2017-2018,Kharif,Peddapalli,Manthani,Cotton,4295,5312
2017-2018,Kharif,Peddapalli,Mutharam,Cotton,2632,2448.8
2017-2018,Kharif,Peddapalli,Kamanpur,Cotton,3166,1043.2
2017-2018,Kharif,Peddapalli,Ramagiri,Cotton,215,1056.8
2017-2018,Kharif,Peddapalli,Peddapalli,Maize,189,14
2017-2018,Kharif,Peddapalli,Julapally,Maize,497,184.8
2017-2018,Kharif,Peddapalli,Sulthanabad,Maize,837,136
2017-2018,Kharif,Peddapalli,Odela,Maize,790,380
2017-2018,Kharif,Peddapalli,Srirampur,Maize,997,556.4
2017-2018,Kharif,Peddapalli,Eligedu,Maize,34,7.2
2017-2018,Kharif,Peddapalli,Ramagundam,Maize,91,6
2017-2018,Kharif,Peddapalli,Dharmaram,Maize,795,164
2017-2018,Kharif,Peddapalli,Palakurthy,Maize,69,23.2
2017-2018,Kharif,Peddapalli,Anthergoan,Maize,82,5.2
2017-2018,Kharif,Peddapalli,Manthani,Maize,4,0
2017-2018,Kharif,Peddapalli,Mutharam,Maize,7,0.8
2017-2018,Kharif,Peddapalli,Kamanpur,Maize,15,5.2
2017-2018,Kharif,Peddapalli,Ramagiri,Maize,2,0
2017-2018,Kharif,Peddapalli,Peddapalli,Red Gram,100,9.6
2017-2018,Kharif,Peddapalli,Julapally,Red Gram,43,24.8
2017-2018,Kharif,Peddapalli,Sulthanabad,Red Gram,43,86
2017-2018,Kharif,Peddapalli,Odela,Red Gram,30,18
2017-2018,Kharif,Peddapalli,Srirampur,Red Gram,33,13.2
2017-2018,Kharif,Peddapalli,Eligedu,Red Gram,12,2.8
2017-2018,Kharif,Peddapalli,Ramagundam,Red Gram,99,4
2017-2018,Kharif,Peddapalli,Dharmaram,Red Gram,132,56
2017-2018,Kharif,Peddapalli,Palakurthy,Red Gram,49,76.4
2017-2018,Kharif,Peddapalli,Anthergoan,Red Gram,79,6.8
2017-2018,Kharif,Peddapalli,Manthani,Red Gram,10,39.2
2017-2018,Kharif,Peddapalli,Mutharam,Red Gram,20,12
2017-2018,Kharif,Peddapalli,Kamanpur,Red Gram,16,0.8
2017-2018,Kharif,Peddapalli,Ramagiri,Red Gram,5,0
2017-2018,Kharif,Peddapalli,Peddapalli,Green Gram,30,6.8
2017-2018,Kharif,Peddapalli,Julapally,Green Gram,53,3.2
2017-2018,Kharif,Peddapalli,Sulthanabad,Green Gram,32,14
2017-2018,Kharif,Peddapalli,Odela,Green Gram,66,9.2
2017-2018,Kharif,Peddapalli,Srirampur,Green Gram,18,3.2
2017-2018,Kharif,Peddapalli,Eligedu,Green Gram,15,0
2017-2018,Kharif,Peddapalli,Ramagundam,Green Gram,138,0
2017-2018,Kharif,Peddapalli,Dharmaram,Green Gram,108,16
2017-2018,Kharif,Peddapalli,Palakurthy,Green Gram,16,20.4
2017-2018,Kharif,Peddapalli,Anthergoan,Green Gram,15,4.8
2017-2018,Kharif,Peddapalli,Manthani,Green Gram,2,0
2017-2018,Kharif,Peddapalli,Mutharam,Green Gram,6,12
2017-2018,Kharif,Peddapalli,Kamanpur,Green Gram,53,0.8
2017-2018,Kharif,Peddapalli,Ramagiri,Green Gram,1,0
2017-2018,Kharif,Peddapalli,Peddapalli,Black Gram,1,0
2017-2018,Kharif,Peddapalli,Julapally,Black Gram,3,0
2017-2018,Kharif,Peddapalli,Sulthanabad,Black Gram,3,0
2017-2018,Kharif,Peddapalli,Odela,Black Gram,2,4
2017-2018,Kharif,Peddapalli,Srirampur,Black Gram,0,0
2017-2018,Kharif,Peddapalli,Eligedu,Black Gram,3,0
2017-2018,Kharif,Peddapalli,Ramagundam,Black Gram,5,0
2017-2018,Kharif,Peddapalli,Dharmaram,Black Gram,4,0
2017-2018,Kharif,Peddapalli,Palakurthy,Black Gram,5,0
2017-2018,Kharif,Peddapalli,Anthergoan,Black Gram,2,0
2017-2018,Kharif,Peddapalli,Manthani,Black Gram,0,0
2017-2018,Kharif,Peddapalli,Mutharam,Black Gram,0,0
2017-2018,Kharif,Peddapalli,Kamanpur,Black Gram,0,0.4
2017-2018,Kharif,Peddapalli,Ramagiri,Black Gram,1,0
2017-2018,Kharif,Peddapalli,Peddapalli,Cowpea,0,0
2017-2018,Kharif,Peddapalli,Julapally,Cowpea,0,0
2017-2018,Kharif,Peddapalli,Sulthanabad,Cowpea,0,0
2017-2018,Kharif,Peddapalli,Odela,Cowpea,6,7.2
2017-2018,Kharif,Peddapalli,Srirampur,Cowpea,0,0
2017-2018,Kharif,Peddapalli,Eligedu,Cowpea,0,0
2017-2018,Kharif,Peddapalli,Ramagundam,Cowpea,0,0
2017-2018,Kharif,Peddapalli,Dharmaram,Cowpea,5,0
2017-2018,Kharif,Peddapalli,Palakurthy,Cowpea,0,0
2017-2018,Kharif,Peddapalli,Anthergoan,Cowpea,0,0
2017-2018,Kharif,Peddapalli,Manthani,Cowpea,0,0
2017-2018,Kharif,Peddapalli,Mutharam,Cowpea,0,0
2017-2018,Kharif,Peddapalli,Kamanpur,Cowpea,0,0
2017-2018,Kharif,Peddapalli,Ramagiri,Cowpea,0,0
2017-2018,Kharif,Peddapalli,Peddapalli,Anumulu,6,0
2017-2018,Kharif,Peddapalli,Julapally,Anumulu,0,0
2017-2018,Kharif,Peddapalli,Sulthanabad,Anumulu,0,0
2017-2018,Kharif,Peddapalli,Odela,Anumulu,0,0
2017-2018,Kharif,Peddapalli,Srirampur,Anumulu,0,0
2017-2018,Kharif,Peddapalli,Eligedu,Anumulu,0,0
2017-2018,Kharif,Peddapalli,Ramagundam,Anumulu,0,0
2017-2018,Kharif,Peddapalli,Dharmaram,Anumulu,0,0
2017-2018,Kharif,Peddapalli,Palakurthy,Anumulu,0,0
2017-2018,Kharif,Peddapalli,Anthergoan,Anumulu,0,0
2017-2018,Kharif,Peddapalli,Manthani,Anumulu,0,0
2017-2018,Kharif,Peddapalli,Mutharam,Anumulu,0,0
2017-2018,Kharif,Peddapalli,Kamanpur,Anumulu,0,0
2017-2018,Kharif,Peddapalli,Ramagiri,Anumulu,0,0
2017-2018,Kharif,Peddapalli,Peddapalli,Groundnut,0,0
2017-2018,Kharif,Peddapalli,Julapally,Groundnut,0,0
2017-2018,Kharif,Peddapalli,Sulthanabad,Groundnut,0,0
2017-2018,Kharif,Peddapalli,Odela,Groundnut,0,0
2017-2018,Kharif,Peddapalli,Srirampur,Groundnut,0,0
2017-2018,Kharif,Peddapalli,Eligedu,Groundnut,0,0
2017-2018,Kharif,Peddapalli,Ramagundam,Groundnut,0,0
2017-2018,Kharif,Peddapalli,Dharmaram,Groundnut,1,0
2017-2018,Kharif,Peddapalli,Palakurthy,Groundnut,0,0
2017-2018,Kharif,Peddapalli,Anthergoan,Groundnut,0,0
2017-2018,Kharif,Peddapalli,Manthani,Groundnut,0,0
2017-2018,Kharif,Peddapalli,Mutharam,Groundnut,0,0
2017-2018,Kharif,Peddapalli,Kamanpur,Groundnut,0,0
2017-2018,Kharif,Peddapalli,Ramagiri,Groundnut,0,0
2017-2018,Kharif,Peddapalli,Peddapalli,Chillies,19,0
2017-2018,Kharif,Peddapalli,Julapally,Chillies,1,0
2017-2018,Kharif,Peddapalli,Sulthanabad,Chillies,2,0
2017-2018,Kharif,Peddapalli,Odela,Chillies,11,15.2
2017-2018,Kharif,Peddapalli,Srirampur,Chillies,16,22
2017-2018,Kharif,Peddapalli,Eligedu,Chillies,8,0
2017-2018,Kharif,Peddapalli,Ramagundam,Chillies,0,0
2017-2018,Kharif,Peddapalli,Dharmaram,Chillies,36,0
2017-2018,Kharif,Peddapalli,Palakurthy,Chillies,0,12
2017-2018,Kharif,Peddapalli,Anthergoan,Chillies,1,0
2017-2018,Kharif,Peddapalli,Manthani,Chillies,80,0
2017-2018,Kharif,Peddapalli,Mutharam,Chillies,111,0
2017-2018,Kharif,Peddapalli,Kamanpur,Chillies,2,0
2017-2018,Kharif,Peddapalli,Ramagiri,Chillies,1,0
2017-2018,Kharif,Peddapalli,Peddapalli,Turmeric,0,0
2017-2018,Kharif,Peddapalli,Julapally,Turmeric,19,8
2017-2018,Kharif,Peddapalli,Sulthanabad,Turmeric,6,0
2017-2018,Kharif,Peddapalli,Odela,Turmeric,36,18
2017-2018,Kharif,Peddapalli,Srirampur,Turmeric,7,120.4
2017-2018,Kharif,Peddapalli,Eligedu,Turmeric,2,0
2017-2018,Kharif,Peddapalli,Ramagundam,Turmeric,0,2
2017-2018,Kharif,Peddapalli,Dharmaram,Turmeric,53,52.8
2017-2018,Kharif,Peddapalli,Palakurthy,Turmeric,0,47.6
2017-2018,Kharif,Peddapalli,Anthergoan,Turmeric,5,0
2017-2018,Kharif,Peddapalli,Manthani,Turmeric,1,0
2017-2018,Kharif,Peddapalli,Mutharam,Turmeric,28,180
2017-2018,Kharif,Peddapalli,Kamanpur,Turmeric,20,0
2017-2018,Kharif,Peddapalli,Ramagiri,Turmeric,0,0.8
2017-2018,Kharif,Peddapalli,Peddapalli,Onion,0,0
2017-2018,Kharif,Peddapalli,Julapally,Onion,0,0
2017-2018,Kharif,Peddapalli,Sulthanabad,Onion,0,0
2017-2018,Kharif,Peddapalli,Odela,Onion,0,0
2017-2018,Kharif,Peddapalli,Srirampur,Onion,0,0
2017-2018,Kharif,Peddapalli,Eligedu,Onion,0,0
2017-2018,Kharif,Peddapalli,Ramagundam,Onion,0,0
2017-2018,Kharif,Peddapalli,Dharmaram,Onion,4,0
2017-2018,Kharif,Peddapalli,Palakurthy,Onion,0,0
2017-2018,Kharif,Peddapalli,Anthergoan,Onion,0,0
2017-2018,Kharif,Peddapalli,Manthani,Onion,0,0
2017-2018,Kharif,Peddapalli,Mutharam,Onion,0,0
2017-2018,Kharif,Peddapalli,Kamanpur,Onion,0,0
2017-2018,Kharif,Peddapalli,Ramagiri,Onion,0,0
2017-2018,Kharif,Peddapalli,Peddapalli,Sesamum,0,0
2017-2018,Kharif,Peddapalli,Julapally,Sesamum,0,0
2017-2018,Kharif,Peddapalli,Sulthanabad,Sesamum,0,0
2017-2018,Kharif,Peddapalli,Odela,Sesamum,0,0
2017-2018,Kharif,Peddapalli,Srirampur,Sesamum,0,0
2017-2018,Kharif,Peddapalli,Eligedu,Sesamum,0,0
2017-2018,Kharif,Peddapalli,Ramagundam,Sesamum,0,0
2017-2018,Kharif,Peddapalli,Dharmaram,Sesamum,4,0
2017-2018,Kharif,Peddapalli,Palakurthy,Sesamum,0,0
2017-2018,Kharif,Peddapalli,Anthergoan,Sesamum,0,0
2017-2018,Kharif,Peddapalli,Manthani,Sesamum,0,0
2017-2018,Kharif,Peddapalli,Mutharam,Sesamum,0,0
2017-2018,Kharif,Peddapalli,Kamanpur,Sesamum,0,0
2017-2018,Kharif,Peddapalli,Ramagiri,Sesamum,0,0
2017-2018,Kharif,Peddapalli,Peddapalli,Soyabean,11,0
2017-2018,Kharif,Peddapalli,Julapally,Soyabean,6,0
2017-2018,Kharif,Peddapalli,Sulthanabad,Soyabean,4,0
2017-2018,Kharif,Peddapalli,Odela,Soyabean,2,0
2017-2018,Kharif,Peddapalli,Srirampur,Soyabean,0,0
2017-2018,Kharif,Peddapalli,Eligedu,Soyabean,0,0
2017-2018,Kharif,Peddapalli,Ramagundam,Soyabean,29,0
2017-2018,Kharif,Peddapalli,Dharmaram,Soyabean,29,0
2017-2018,Kharif,Peddapalli,Palakurthy,Soyabean,4,0
2017-2018,Kharif,Peddapalli,Anthergoan,Soyabean,2,0
2017-2018,Kharif,Peddapalli,Manthani,Soyabean,9,0
2017-2018,Kharif,Peddapalli,Mutharam,Soyabean,0,0
2017-2018,Kharif,Peddapalli,Kamanpur,Soyabean,2,0
2017-2018,Kharif,Peddapalli,Ramagiri,Soyabean,0,0
2017-2018,Kharif,Peddapalli,Peddapalli,Other food crops,107,106
2017-2018,Kharif,Peddapalli,Julapally,Other food crops,97,36
2017-2018,Kharif,Peddapalli,Sulthanabad,Other food crops,74,42
2017-2018,Kharif,Peddapalli,Odela,Other food crops,50,16
2017-2018,Kharif,Peddapalli,Srirampur,Other food crops,73,134
2017-2018,Kharif,Peddapalli,Eligedu,Other food crops,77,0
2017-2018,Kharif,Peddapalli,Ramagundam,Other food crops,16,0
2017-2018,Kharif,Peddapalli,Dharmaram,Other food crops,826,1272.4
2017-2018,Kharif,Peddapalli,Palakurthy,Other food crops,11,15.2
2017-2018,Kharif,Peddapalli,Anthergoan,Other food crops,24,10.4
2017-2018,Kharif,Peddapalli,Manthani,Other food crops,7,0
2017-2018,Kharif,Peddapalli,Mutharam,Other food crops,17,6.4
2017-2018,Kharif,Peddapalli,Kamanpur,Other food crops,37,8
2017-2018,Kharif,Peddapalli,Ramagiri,Other food crops,8,0
2017-2018,Kharif,Peddapalli,Peddapalli,Total,11774,12164.8
2017-2018,Kharif,Peddapalli,Julapally,Total,5151,4248.8
2017-2018,Kharif,Peddapalli,Sulthanabad,Total,10156,11273.6
2017-2018,Kharif,Peddapalli,Odela,Total,10100,11242.8
2017-2018,Kharif,Peddapalli,Srirampur,Total,10633,10959.2
2017-2018,Kharif,Peddapalli,Eligedu,Total,4207,4478
2017-2018,Kharif,Peddapalli,Ramagundam,Total,4958,1566
2017-2018,Kharif,Peddapalli,Dharmaram,Total,9928,8377.2
2017-2018,Kharif,Peddapalli,Palakurthy,Total,661,5606
2017-2018,Kharif,Peddapalli,Anthergoan,Total,471,3452.8
2017-2018,Kharif,Peddapalli,Manthani,Total,7175,7712.4
2017-2018,Kharif,Peddapalli,Mutharam,Total,5568,5579.6
2017-2018,Kharif,Peddapalli,Kamanpur,Total,6309,2559.2
2017-2018,Kharif,Peddapalli,Ramagiri,Total,603,3386
