year,season,districtName,mandalName,crop,normalAreaSown,actualAreaSown
2016-2017,Kharif,Peddapalli,Peddapally,Paddy,5581.4,5271
2016-2017,Kharif,Peddapalli,Julapally,Paddy,2453.8,1670
2016-2017,Kharif,Peddapalli,Sulthanabad,Paddy,5953.4,5435
2016-2017,Kharif,Peddapalli,Odela,Paddy,4997.2,3848
2016-2017,Kharif,Peddapalli,Srirampur,Paddy,4875.6,3345
2016-2017,Kharif,Peddapalli,Eligedu,Paddy,3046.8,2935
2016-2017,Kharif,Peddapalli,Ramagundam,Paddy,2538.4,1970
2016-2017,Kharif,Peddapalli,Dharmaram,Paddy,4902.8,2620
2016-2017,Kharif,Peddapalli,Manthani,Paddy,2737.8,2675
2016-2017,Kharif,Peddapalli,Kamanpur,Paddy,3430.8,2851
2016-2017,Kharif,Peddapalli,Mutharam(mnt),Paddy,2956.8,2480
2016-2017,Kharif,Peddapalli,Peddapally,Maize,130.4,325
2016-2017,Kharif,Peddapalli,Julapally,Maize,380.8,810
2016-2017,Kharif,Peddapalli,Sulthanabad,Maize,461,620
2016-2017,Kharif,Peddapalli,Odela,Maize,683.8,1648
2016-2017,Kharif,Peddapalli,Srirampur,Maize,973.6,2130
2016-2017,Kharif,Peddapalli,Eligedu,Maize,45,35
2016-2017,Kharif,Peddapalli,Ramagundam,Maize,86.4,695
2016-2017,Kharif,Peddapalli,Dharmaram,Maize,608,1615
2016-2017,Kharif,Peddapalli,Manthani,Maize,3,66
2016-2017,Kharif,Peddapalli,Kamanpur,Maize,7.2,52
2016-2017,Kharif,Peddapalli,Mutharam(mnt),Maize,7.2,45
2016-2017,Kharif,Peddapalli,Peddapally,Green Gram,10.6,316
2016-2017,Kharif,Peddapalli,Julapally,Green Gram,39.4,65
2016-2017,Kharif,Peddapalli,Sulthanabad,Green Gram,39.6,96
2016-2017,Kharif,Peddapalli,Odela,Green Gram,3,168
2016-2017,Kharif,Peddapalli,Srirampur,Green Gram,23.4,189
2016-2017,Kharif,Peddapalli,Eligedu,Green Gram,0.4,125
2016-2017,Kharif,Peddapalli,Ramagundam,Green Gram,137.8,335
2016-2017,Kharif,Peddapalli,Dharmaram,Green Gram,98,155
2016-2017,Kharif,Peddapalli,Manthani,Green Gram,0.8,145
2016-2017,Kharif,Peddapalli,Kamanpur,Green Gram,56.4,105
2016-2017,Kharif,Peddapalli,Mutharam(mnt),Green Gram,5.6,115
2016-2017,Kharif,Peddapalli,Peddapally,Black Gram,0.8,12
2016-2017,Kharif,Peddapalli,Julapally,Black Gram,0.4,10
2016-2017,Kharif,Peddapalli,Sulthanabad,Black Gram,3,25
2016-2017,Kharif,Peddapalli,Odela,Black Gram,0,16
2016-2017,Kharif,Peddapalli,Srirampur,Black Gram,0,10
2016-2017,Kharif,Peddapalli,Eligedu,Black Gram,0,0
2016-2017,Kharif,Peddapalli,Ramagundam,Black Gram,5.4,72
2016-2017,Kharif,Peddapalli,Dharmaram,Black Gram,2.4,10
2016-2017,Kharif,Peddapalli,Manthani,Black Gram,0.4,0
2016-2017,Kharif,Peddapalli,Kamanpur,Black Gram,0,0
2016-2017,Kharif,Peddapalli,Mutharam(mnt),Black Gram,0,0
2016-2017,Kharif,Peddapalli,Peddapally,Red Gram,68,225
2016-2017,Kharif,Peddapalli,Julapally,Red Gram,48.2,138
2016-2017,Kharif,Peddapalli,Sulthanabad,Red Gram,36.6,58
2016-2017,Kharif,Peddapalli,Odela,Red Gram,28.6,84
2016-2017,Kharif,Peddapalli,Srirampur,Red Gram,46,110
2016-2017,Kharif,Peddapalli,Eligedu,Red Gram,29.2,85
2016-2017,Kharif,Peddapalli,Ramagundam,Red Gram,100.8,599
2016-2017,Kharif,Peddapalli,Dharmaram,Red Gram,115.8,310
2016-2017,Kharif,Peddapalli,Manthani,Red Gram,9,90
2016-2017,Kharif,Peddapalli,Kamanpur,Red Gram,10.4,92
2016-2017,Kharif,Peddapalli,Mutharam(mnt),Red Gram,19.6,88
2016-2017,Kharif,Peddapalli,Peddapally,Bengal Gram,0,0
2016-2017,Kharif,Peddapalli,Julapally,Bengal Gram,0,0
2016-2017,Kharif,Peddapalli,Sulthanabad,Bengal Gram,0,0
2016-2017,Kharif,Peddapalli,Odela,Bengal Gram,0,0
2016-2017,Kharif,Peddapalli,Srirampur,Bengal Gram,0,0
2016-2017,Kharif,Peddapalli,Eligedu,Bengal Gram,0,0
2016-2017,Kharif,Peddapalli,Ramagundam,Bengal Gram,0,0
2016-2017,Kharif,Peddapalli,Dharmaram,Bengal Gram,0,0
2016-2017,Kharif,Peddapalli,Manthani,Bengal Gram,0,0
2016-2017,Kharif,Peddapalli,Kamanpur,Bengal Gram,0,0
2016-2017,Kharif,Peddapalli,Mutharam(mnt),Bengal Gram,0,0
2016-2017,Kharif,Peddapalli,Peddapally,Cow Gram,0,0
2016-2017,Kharif,Peddapalli,Julapally,Cow Gram,0,0
2016-2017,Kharif,Peddapalli,Sulthanabad,Cow Gram,0,0
2016-2017,Kharif,Peddapalli,Odela,Cow Gram,5.6,0
2016-2017,Kharif,Peddapalli,Srirampur,Cow Gram,0,0
2016-2017,Kharif,Peddapalli,Eligedu,Cow Gram,0,0
2016-2017,Kharif,Peddapalli,Ramagundam,Cow Gram,0,0
2016-2017,Kharif,Peddapalli,Dharmaram,Cow Gram,0,0
2016-2017,Kharif,Peddapalli,Manthani,Cow Gram,0,6
2016-2017,Kharif,Peddapalli,Kamanpur,Cow Gram,0,8
2016-2017,Kharif,Peddapalli,Mutharam(mnt),Cow Gram,0,6
2016-2017,Kharif,Peddapalli,Peddapally,Other pulses,0,0
2016-2017,Kharif,Peddapalli,Julapally,Other pulses,0,0
2016-2017,Kharif,Peddapalli,Sulthanabad,Other pulses,0,0
2016-2017,Kharif,Peddapalli,Odela,Other pulses,0,0
2016-2017,Kharif,Peddapalli,Srirampur,Other pulses,0,0
2016-2017,Kharif,Peddapalli,Eligedu,Other pulses,0,0
2016-2017,Kharif,Peddapalli,Ramagundam,Other pulses,0,0
2016-2017,Kharif,Peddapalli,Dharmaram,Other pulses,0,0
2016-2017,Kharif,Peddapalli,Manthani,Other pulses,0,0
2016-2017,Kharif,Peddapalli,Kamanpur,Other pulses,0,0
2016-2017,Kharif,Peddapalli,Mutharam(mnt),Other pulses,0,0
2016-2017,Kharif,Peddapalli,Peddapally,Chillies,18.8,0
2016-2017,Kharif,Peddapalli,Julapally,Chillies,3.6,0
2016-2017,Kharif,Peddapalli,Sulthanabad,Chillies,2.4,0
2016-2017,Kharif,Peddapalli,Odela,Chillies,11.4,0
2016-2017,Kharif,Peddapalli,Srirampur,Chillies,21,0
2016-2017,Kharif,Peddapalli,Eligedu,Chillies,0.4,0
2016-2017,Kharif,Peddapalli,Ramagundam,Chillies,0,0
2016-2017,Kharif,Peddapalli,Dharmaram,Chillies,35.8,38
2016-2017,Kharif,Peddapalli,Manthani,Chillies,101,0
2016-2017,Kharif,Peddapalli,Kamanpur,Chillies,1.8,0
2016-2017,Kharif,Peddapalli,Mutharam(mnt),Chillies,108,0
2016-2017,Kharif,Peddapalli,Peddapally,Turmeric,0,0
2016-2017,Kharif,Peddapalli,Julapally,Turmeric,12.6,25
2016-2017,Kharif,Peddapalli,Sulthanabad,Turmeric,11.6,0
2016-2017,Kharif,Peddapalli,Odela,Turmeric,12.2,9
2016-2017,Kharif,Peddapalli,Srirampur,Turmeric,10.4,120
2016-2017,Kharif,Peddapalli,Eligedu,Turmeric,0.4,0
2016-2017,Kharif,Peddapalli,Ramagundam,Turmeric,0,0
2016-2017,Kharif,Peddapalli,Dharmaram,Turmeric,72.8,55
2016-2017,Kharif,Peddapalli,Manthani,Turmeric,0.8,15
2016-2017,Kharif,Peddapalli,Kamanpur,Turmeric,0,24
2016-2017,Kharif,Peddapalli,Mutharam(mnt),Turmeric,33,72
2016-2017,Kharif,Peddapalli,Peddapally,Sugarcane,0,0
2016-2017,Kharif,Peddapalli,Julapally,Sugarcane,0,0
2016-2017,Kharif,Peddapalli,Sulthanabad,Sugarcane,0,0
2016-2017,Kharif,Peddapalli,Odela,Sugarcane,0,0
2016-2017,Kharif,Peddapalli,Srirampur,Sugarcane,0,0
2016-2017,Kharif,Peddapalli,Eligedu,Sugarcane,0,0
2016-2017,Kharif,Peddapalli,Ramagundam,Sugarcane,0,0
2016-2017,Kharif,Peddapalli,Dharmaram,Sugarcane,0,0
2016-2017,Kharif,Peddapalli,Manthani,Sugarcane,0,0
2016-2017,Kharif,Peddapalli,Kamanpur,Sugarcane,0,0
2016-2017,Kharif,Peddapalli,Mutharam(mnt),Sugarcane,0,0
2016-2017,Kharif,Peddapalli,Peddapally,Other food crops,148.8,450
2016-2017,Kharif,Peddapalli,Julapally,Other food crops,109,64
2016-2017,Kharif,Peddapalli,Sulthanabad,Other food crops,97.6,396
2016-2017,Kharif,Peddapalli,Odela,Other food crops,23,470
2016-2017,Kharif,Peddapalli,Srirampur,Other food crops,84.2,560
2016-2017,Kharif,Peddapalli,Eligedu,Other food crops,62.6,150
2016-2017,Kharif,Peddapalli,Ramagundam,Other food crops,15.6,440
2016-2017,Kharif,Peddapalli,Dharmaram,Other food crops,576,0
2016-2017,Kharif,Peddapalli,Manthani,Other food crops,10.6,0
2016-2017,Kharif,Peddapalli,Kamanpur,Other food crops,41.8,0
2016-2017,Kharif,Peddapalli,Mutharam(mnt),Other food crops,18.6,0
2016-2017,Kharif,Peddapalli,Peddapally,Cotton,6082.8,5224
2016-2017,Kharif,Peddapalli,Julapally,Cotton,2440.6,1850
2016-2017,Kharif,Peddapalli,Sulthanabad,Cotton,3435.6,2755
2016-2017,Kharif,Peddapalli,Odela,Cotton,4441.2,4369
2016-2017,Kharif,Peddapalli,Srirampur,Cotton,5508,4600
2016-2017,Kharif,Peddapalli,Eligedu,Cotton,1038.2,820
2016-2017,Kharif,Peddapalli,Ramagundam,Cotton,2938.4,980
2016-2017,Kharif,Peddapalli,Dharmaram,Cotton,4170.8,2738
2016-2017,Kharif,Peddapalli,Manthani,Cotton,4553,3480
2016-2017,Kharif,Peddapalli,Kamanpur,Cotton,3733.4,3260
2016-2017,Kharif,Peddapalli,Mutharam(mnt),Cotton,3005.2,3035
2016-2017,Kharif,Peddapalli,Peddapally,Groundnut,0,0
2016-2017,Kharif,Peddapalli,Julapally,Groundnut,0,0
2016-2017,Kharif,Peddapalli,Sulthanabad,Groundnut,0,0
2016-2017,Kharif,Peddapalli,Odela,Groundnut,0,0
2016-2017,Kharif,Peddapalli,Srirampur,Groundnut,0,0
2016-2017,Kharif,Peddapalli,Eligedu,Groundnut,0,0
2016-2017,Kharif,Peddapalli,Ramagundam,Groundnut,0,0
2016-2017,Kharif,Peddapalli,Dharmaram,Groundnut,1,0
2016-2017,Kharif,Peddapalli,Manthani,Groundnut,0,0
2016-2017,Kharif,Peddapalli,Kamanpur,Groundnut,0,0
2016-2017,Kharif,Peddapalli,Mutharam(mnt),Groundnut,0,0
2016-2017,Kharif,Peddapalli,Peddapally,Sesamum,0,0
2016-2017,Kharif,Peddapalli,Julapally,Sesamum,0,0
2016-2017,Kharif,Peddapalli,Sulthanabad,Sesamum,0,0
2016-2017,Kharif,Peddapalli,Odela,Sesamum,0,0
2016-2017,Kharif,Peddapalli,Srirampur,Sesamum,0,0
2016-2017,Kharif,Peddapalli,Eligedu,Sesamum,0,0
2016-2017,Kharif,Peddapalli,Ramagundam,Sesamum,0,0
2016-2017,Kharif,Peddapalli,Dharmaram,Sesamum,0,0
2016-2017,Kharif,Peddapalli,Manthani,Sesamum,0,10
2016-2017,Kharif,Peddapalli,Kamanpur,Sesamum,0,8
2016-2017,Kharif,Peddapalli,Mutharam(mnt),Sesamum,0,5
2016-2017,Kharif,Peddapalli,Peddapally,Castor,0,0
2016-2017,Kharif,Peddapalli,Julapally,Castor,0,0
2016-2017,Kharif,Peddapalli,Sulthanabad,Castor,0,0
2016-2017,Kharif,Peddapalli,Odela,Castor,0,0
2016-2017,Kharif,Peddapalli,Srirampur,Castor,0,0
2016-2017,Kharif,Peddapalli,Eligedu,Castor,0,0
2016-2017,Kharif,Peddapalli,Ramagundam,Castor,0,0
2016-2017,Kharif,Peddapalli,Dharmaram,Castor,0,0
2016-2017,Kharif,Peddapalli,Manthani,Castor,0,0
2016-2017,Kharif,Peddapalli,Kamanpur,Castor,0,0
2016-2017,Kharif,Peddapalli,Mutharam(mnt),Castor,0,0
2016-2017,Kharif,Peddapalli,Peddapally,Soyabean,10.8,11
2016-2017,Kharif,Peddapalli,Julapally,Soyabean,5.6,0
2016-2017,Kharif,Peddapalli,Sulthanabad,Soyabean,4,21
2016-2017,Kharif,Peddapalli,Odela,Soyabean,0,1
2016-2017,Kharif,Peddapalli,Srirampur,Soyabean,0,2
2016-2017,Kharif,Peddapalli,Eligedu,Soyabean,0,0
2016-2017,Kharif,Peddapalli,Ramagundam,Soyabean,28.4,15
2016-2017,Kharif,Peddapalli,Dharmaram,Soyabean,26.4,15
2016-2017,Kharif,Peddapalli,Manthani,Soyabean,9,16
2016-2017,Kharif,Peddapalli,Kamanpur,Soyabean,1.8,10
2016-2017,Kharif,Peddapalli,Mutharam(mnt),Soyabean,0,8
2016-2017,Kharif,Peddapalli,Peddapally,Other non-food crops,0,0
2016-2017,Kharif,Peddapalli,Julapally,Other non-food crops,0,0
2016-2017,Kharif,Peddapalli,Sulthanabad,Other non-food crops,0,0
2016-2017,Kharif,Peddapalli,Odela,Other non-food crops,0,0
2016-2017,Kharif,Peddapalli,Srirampur,Other non-food crops,0,0
2016-2017,Kharif,Peddapalli,Eligedu,Other non-food crops,0,0
2016-2017,Kharif,Peddapalli,Ramagundam,Other non-food crops,0,0
2016-2017,Kharif,Peddapalli,Dharmaram,Other non-food crops,0,0
2016-2017,Kharif,Peddapalli,Manthani,Other non-food crops,4,0
2016-2017,Kharif,Peddapalli,Kamanpur,Other non-food crops,0,0
2016-2017,Kharif,Peddapalli,Mutharam(mnt),Other non-food crops,0,0
2016-2017,Kharif,Peddapalli,Peddapally,Total,23886.4,11834
2016-2017,Kharif,Peddapalli,Julapally,Total,10126,4632
2016-2017,Kharif,Peddapalli,Sulthanabad,Total,19450.8,9406
2016-2017,Kharif,Peddapalli,Odela,Total,20819,10613
2016-2017,Kharif,Peddapalli,Srirampur,Total,22608.2,11066
2016-2017,Kharif,Peddapalli,Eligedu,Total,8373,4150
2016-2017,Kharif,Peddapalli,Ramagundam,Total,10957.2,5106
2016-2017,Kharif,Peddapalli,Dharmaram,Total,18165.8,7556
2016-2017,Kharif,Peddapalli,Manthani,Total,13932.4,6503
2016-2017,Kharif,Peddapalli,Kamanpur,Total,13693.6,6410
2016-2017,Kharif,Peddapalli,Mutharam(mnt),Total,12008,5854
