year,season,districtName,mandalName,crop,normalAreaSown,actualAreaSown
2018-2019,Kharif,Rangareddy,Shankarpalle,Paddy,687,482
2018-2019,Kharif,Rangareddy,Moinabad,Paddy,870,982
2018-2019,Kharif,Rangareddy,Chevella,Paddy,208,188
2018-2019,Kharif,Rangareddy,Shabad,Paddy,999,950
2018-2019,Kharif,Rangareddy,Serilingampally,Paddy,12,6
2018-2019,Kharif,Rangareddy,Gandipet,Paddy,146,40
2018-2019,Kharif,Rangareddy,Rajendranagar,Paddy,12,14
2018-2019,Kharif,Rangareddy,Shamshabad,Paddy,612,464
2018-2019,Kharif,Rangareddy,Hayathnagar,Paddy,184,12
2018-2019,Kharif,Rangareddy,Madgul,Paddy,375,313
2018-2019,Kharif,Rangareddy,Manchal,Paddy,667,401
2018-2019,Kharif,Rangareddy,Abdullapurmet,Paddy,948,892
2018-2019,Kharif,Rangareddy,Yacharam,Paddy,507,397
2018-2019,Kharif,Rangareddy,Ibrahimpatnam,Paddy,737,452
2018-2019,Kharif,Rangareddy,Balapur,Paddy,136,96
2018-2019,Kharif,Rangareddy,Saroornagar,Paddy,0,0
2018-2019,Kharif,Rangareddy,Amangal,Paddy,410,510
2018-2019,Kharif,Rangareddy,Talakondapalle,Paddy,650,687
2018-2019,Kharif,Rangareddy,Kadthal,Paddy,800,715
2018-2019,Kharif,Rangareddy,Kandukur,Paddy,779,658
2018-2019,Kharif,Rangareddy,Maheshwaram,Paddy,873,756
2018-2019,Kharif,Rangareddy,Keshampeta,Paddy,720,436
2018-2019,Kharif,Rangareddy,Kothur,Paddy,272,197
2018-2019,Kharif,Rangareddy,Nandigam,Paddy,194,218
2018-2019,Kharif,Rangareddy,Farooqnagar,Paddy,1319,649
2018-2019,Kharif,Rangareddy,Kondurg,Paddy,836,812
2018-2019,Kharif,Rangareddy,Chowdergudem,Paddy,716,1206
2018-2019,Kharif,Rangareddy,Shankarpalle,Jowar,147,65
2018-2019,Kharif,Rangareddy,Moinabad,Jowar,130,32
2018-2019,Kharif,Rangareddy,Chevella,Jowar,138,110
2018-2019,Kharif,Rangareddy,Shabad,Jowar,313,246
2018-2019,Kharif,Rangareddy,Serilingampally,Jowar,0,2
2018-2019,Kharif,Rangareddy,Gandipet,Jowar,11,4
2018-2019,Kharif,Rangareddy,Rajendranagar,Jowar,0,0
2018-2019,Kharif,Rangareddy,Shamshabad,Jowar,116,98
2018-2019,Kharif,Rangareddy,Hayathnagar,Jowar,0,0
2018-2019,Kharif,Rangareddy,Madgul,Jowar,152,23
2018-2019,Kharif,Rangareddy,Manchal,Jowar,511,190
2018-2019,Kharif,Rangareddy,Abdullapurmet,Jowar,5,4
2018-2019,Kharif,Rangareddy,Yacharam,Jowar,480,312
2018-2019,Kharif,Rangareddy,Ibrahimpatnam,Jowar,477,240
2018-2019,Kharif,Rangareddy,Balapur,Jowar,0,0
2018-2019,Kharif,Rangareddy,Saroornagar,Jowar,0,0
2018-2019,Kharif,Rangareddy,Amangal,Jowar,415,655
2018-2019,Kharif,Rangareddy,Talakondapalle,Jowar,305,63
2018-2019,Kharif,Rangareddy,Kadthal,Jowar,526,275
2018-2019,Kharif,Rangareddy,Kandukur,Jowar,579,196
2018-2019,Kharif,Rangareddy,Maheshwaram,Jowar,125,58
2018-2019,Kharif,Rangareddy,Keshampeta,Jowar,189,153
2018-2019,Kharif,Rangareddy,Kothur,Jowar,130,248
2018-2019,Kharif,Rangareddy,Nandigam,Jowar,414,402
2018-2019,Kharif,Rangareddy,Farooqnagar,Jowar,624,318
2018-2019,Kharif,Rangareddy,Kondurg,Jowar,123,122
2018-2019,Kharif,Rangareddy,Chowdergudem,Jowar,256,105
2018-2019,Kharif,Rangareddy,Shankarpalle,Bajra,0,0
2018-2019,Kharif,Rangareddy,Moinabad,Bajra,0,0
2018-2019,Kharif,Rangareddy,Chevella,Bajra,0,0
2018-2019,Kharif,Rangareddy,Shabad,Bajra,0,0
2018-2019,Kharif,Rangareddy,Serilingampally,Bajra,0,0
2018-2019,Kharif,Rangareddy,Gandipet,Bajra,0,0
2018-2019,Kharif,Rangareddy,Rajendranagar,Bajra,0,0
2018-2019,Kharif,Rangareddy,Shamshabad,Bajra,1,0
2018-2019,Kharif,Rangareddy,Hayathnagar,Bajra,0,0
2018-2019,Kharif,Rangareddy,Madgul,Bajra,24,4
2018-2019,Kharif,Rangareddy,Manchal,Bajra,13,1
2018-2019,Kharif,Rangareddy,Abdullapurmet,Bajra,1,0
2018-2019,Kharif,Rangareddy,Yacharam,Bajra,64,12
2018-2019,Kharif,Rangareddy,Ibrahimpatnam,Bajra,15,5
2018-2019,Kharif,Rangareddy,Balapur,Bajra,0,0
2018-2019,Kharif,Rangareddy,Saroornagar,Bajra,0,0
2018-2019,Kharif,Rangareddy,Amangal,Bajra,0,0
2018-2019,Kharif,Rangareddy,Talakondapalle,Bajra,0,0
2018-2019,Kharif,Rangareddy,Kadthal,Bajra,5,0
2018-2019,Kharif,Rangareddy,Kandukur,Bajra,0,0
2018-2019,Kharif,Rangareddy,Maheshwaram,Bajra,0,0
2018-2019,Kharif,Rangareddy,Keshampeta,Bajra,0,0
2018-2019,Kharif,Rangareddy,Kothur,Bajra,0,0
2018-2019,Kharif,Rangareddy,Nandigam,Bajra,0,0
2018-2019,Kharif,Rangareddy,Farooqnagar,Bajra,0,0
2018-2019,Kharif,Rangareddy,Kondurg,Bajra,1,0
2018-2019,Kharif,Rangareddy,Chowdergudem,Bajra,0,0
2018-2019,Kharif,Rangareddy,Shankarpalle,Maize,2640,1825
2018-2019,Kharif,Rangareddy,Moinabad,Maize,276,518
2018-2019,Kharif,Rangareddy,Chevella,Maize,2027,1735
2018-2019,Kharif,Rangareddy,Shabad,Maize,1590,1254
2018-2019,Kharif,Rangareddy,Serilingampally,Maize,0,0
2018-2019,Kharif,Rangareddy,Gandipet,Maize,6,3
2018-2019,Kharif,Rangareddy,Rajendranagar,Maize,0,0
2018-2019,Kharif,Rangareddy,Shamshabad,Maize,816,826
2018-2019,Kharif,Rangareddy,Hayathnagar,Maize,0,0
2018-2019,Kharif,Rangareddy,Madgul,Maize,122,44
2018-2019,Kharif,Rangareddy,Manchal,Maize,312,281
2018-2019,Kharif,Rangareddy,Abdullapurmet,Maize,1,3
2018-2019,Kharif,Rangareddy,Yacharam,Maize,1441,780
2018-2019,Kharif,Rangareddy,Ibrahimpatnam,Maize,394,350
2018-2019,Kharif,Rangareddy,Balapur,Maize,15,14
2018-2019,Kharif,Rangareddy,Saroornagar,Maize,0,0
2018-2019,Kharif,Rangareddy,Amangal,Maize,942,2150
2018-2019,Kharif,Rangareddy,Talakondapalle,Maize,6190,5224
2018-2019,Kharif,Rangareddy,Kadthal,Maize,3824,2120
2018-2019,Kharif,Rangareddy,Kandukur,Maize,5202,4856
2018-2019,Kharif,Rangareddy,Maheshwaram,Maize,2339,2568
2018-2019,Kharif,Rangareddy,Keshampeta,Maize,6316,4972
2018-2019,Kharif,Rangareddy,Kothur,Maize,3616,2415
2018-2019,Kharif,Rangareddy,Nandigam,Maize,3655,3469
2018-2019,Kharif,Rangareddy,Farooqnagar,Maize,7234,6421
2018-2019,Kharif,Rangareddy,Kondurg,Maize,3621,1499
2018-2019,Kharif,Rangareddy,Chowdergudem,Maize,3703,3525
2018-2019,Kharif,Rangareddy,Shankarpalle,Ragi,0,0
2018-2019,Kharif,Rangareddy,Moinabad,Ragi,0,0
2018-2019,Kharif,Rangareddy,Chevella,Ragi,0,0
2018-2019,Kharif,Rangareddy,Shabad,Ragi,0,0
2018-2019,Kharif,Rangareddy,Serilingampally,Ragi,0,0
2018-2019,Kharif,Rangareddy,Gandipet,Ragi,0,0
2018-2019,Kharif,Rangareddy,Rajendranagar,Ragi,0,0
2018-2019,Kharif,Rangareddy,Shamshabad,Ragi,0,0
2018-2019,Kharif,Rangareddy,Hayathnagar,Ragi,0,0
2018-2019,Kharif,Rangareddy,Madgul,Ragi,0,0
2018-2019,Kharif,Rangareddy,Manchal,Ragi,8,0
2018-2019,Kharif,Rangareddy,Abdullapurmet,Ragi,0,0
2018-2019,Kharif,Rangareddy,Yacharam,Ragi,0,0
2018-2019,Kharif,Rangareddy,Ibrahimpatnam,Ragi,1,0
2018-2019,Kharif,Rangareddy,Balapur,Ragi,0,0
2018-2019,Kharif,Rangareddy,Saroornagar,Ragi,0,0
2018-2019,Kharif,Rangareddy,Amangal,Ragi,0,0
2018-2019,Kharif,Rangareddy,Talakondapalle,Ragi,0,0
2018-2019,Kharif,Rangareddy,Kadthal,Ragi,0,0
2018-2019,Kharif,Rangareddy,Kandukur,Ragi,0,0
2018-2019,Kharif,Rangareddy,Maheshwaram,Ragi,0,0
2018-2019,Kharif,Rangareddy,Keshampeta,Ragi,0,0
2018-2019,Kharif,Rangareddy,Kothur,Ragi,0,0
2018-2019,Kharif,Rangareddy,Nandigam,Ragi,0,0
2018-2019,Kharif,Rangareddy,Farooqnagar,Ragi,42,3
2018-2019,Kharif,Rangareddy,Kondurg,Ragi,19,11
2018-2019,Kharif,Rangareddy,Chowdergudem,Ragi,25,8
2018-2019,Kharif,Rangareddy,Shankarpalle,Korra,0,0
2018-2019,Kharif,Rangareddy,Moinabad,Korra,0,0
2018-2019,Kharif,Rangareddy,Chevella,Korra,0,0
2018-2019,Kharif,Rangareddy,Shabad,Korra,0,0
2018-2019,Kharif,Rangareddy,Serilingampally,Korra,0,0
2018-2019,Kharif,Rangareddy,Gandipet,Korra,0,0
2018-2019,Kharif,Rangareddy,Rajendranagar,Korra,0,0
2018-2019,Kharif,Rangareddy,Shamshabad,Korra,0,0
2018-2019,Kharif,Rangareddy,Hayathnagar,Korra,0,0
2018-2019,Kharif,Rangareddy,Madgul,Korra,0,0
2018-2019,Kharif,Rangareddy,Manchal,Korra,0,0
2018-2019,Kharif,Rangareddy,Abdullapurmet,Korra,0,0
2018-2019,Kharif,Rangareddy,Yacharam,Korra,0,0
2018-2019,Kharif,Rangareddy,Ibrahimpatnam,Korra,0,0
2018-2019,Kharif,Rangareddy,Balapur,Korra,0,0
2018-2019,Kharif,Rangareddy,Saroornagar,Korra,0,0
2018-2019,Kharif,Rangareddy,Amangal,Korra,0,0
2018-2019,Kharif,Rangareddy,Talakondapalle,Korra,0,0
2018-2019,Kharif,Rangareddy,Kadthal,Korra,0,0
2018-2019,Kharif,Rangareddy,Kandukur,Korra,0,0
2018-2019,Kharif,Rangareddy,Maheshwaram,Korra,0,0
2018-2019,Kharif,Rangareddy,Keshampeta,Korra,0,0
2018-2019,Kharif,Rangareddy,Kothur,Korra,0,0
2018-2019,Kharif,Rangareddy,Nandigam,Korra,0,0
2018-2019,Kharif,Rangareddy,Farooqnagar,Korra,0,0
2018-2019,Kharif,Rangareddy,Kondurg,Korra,0,0
2018-2019,Kharif,Rangareddy,Chowdergudem,Korra,0,0
2018-2019,Kharif,Rangareddy,Shankarpalle,Horse Gram,0,0
2018-2019,Kharif,Rangareddy,Moinabad,Horse Gram,1,0
2018-2019,Kharif,Rangareddy,Chevella,Horse Gram,0,0
2018-2019,Kharif,Rangareddy,Shabad,Horse Gram,0,0
2018-2019,Kharif,Rangareddy,Serilingampally,Horse Gram,0,0
2018-2019,Kharif,Rangareddy,Gandipet,Horse Gram,0,0
2018-2019,Kharif,Rangareddy,Rajendranagar,Horse Gram,0,0
2018-2019,Kharif,Rangareddy,Shamshabad,Horse Gram,0,0
2018-2019,Kharif,Rangareddy,Hayathnagar,Horse Gram,0,0
2018-2019,Kharif,Rangareddy,Madgul,Horse Gram,1,0
2018-2019,Kharif,Rangareddy,Manchal,Horse Gram,21,0
2018-2019,Kharif,Rangareddy,Abdullapurmet,Horse Gram,0,0
2018-2019,Kharif,Rangareddy,Yacharam,Horse Gram,0,0
2018-2019,Kharif,Rangareddy,Ibrahimpatnam,Horse Gram,12,0
2018-2019,Kharif,Rangareddy,Balapur,Horse Gram,0,0
2018-2019,Kharif,Rangareddy,Saroornagar,Horse Gram,0,0
2018-2019,Kharif,Rangareddy,Amangal,Horse Gram,0,0
2018-2019,Kharif,Rangareddy,Talakondapalle,Horse Gram,0,0
2018-2019,Kharif,Rangareddy,Kadthal,Horse Gram,0,0
2018-2019,Kharif,Rangareddy,Kandukur,Horse Gram,0,0
2018-2019,Kharif,Rangareddy,Maheshwaram,Horse Gram,0,0
2018-2019,Kharif,Rangareddy,Keshampeta,Horse Gram,7,0
2018-2019,Kharif,Rangareddy,Kothur,Horse Gram,27,0
2018-2019,Kharif,Rangareddy,Nandigam,Horse Gram,1,0
2018-2019,Kharif,Rangareddy,Farooqnagar,Horse Gram,9,0
2018-2019,Kharif,Rangareddy,Kondurg,Horse Gram,9,0
2018-2019,Kharif,Rangareddy,Chowdergudem,Horse Gram,16,4
2018-2019,Kharif,Rangareddy,Shankarpalle,Green Gram,35,4
2018-2019,Kharif,Rangareddy,Moinabad,Green Gram,43,12
2018-2019,Kharif,Rangareddy,Chevella,Green Gram,22,8
2018-2019,Kharif,Rangareddy,Shabad,Green Gram,0,0
2018-2019,Kharif,Rangareddy,Serilingampally,Green Gram,0,0
2018-2019,Kharif,Rangareddy,Gandipet,Green Gram,0,0
2018-2019,Kharif,Rangareddy,Rajendranagar,Green Gram,0,0
2018-2019,Kharif,Rangareddy,Shamshabad,Green Gram,0,0
2018-2019,Kharif,Rangareddy,Hayathnagar,Green Gram,0,0
2018-2019,Kharif,Rangareddy,Madgul,Green Gram,29,34
2018-2019,Kharif,Rangareddy,Manchal,Green Gram,24,2
2018-2019,Kharif,Rangareddy,Abdullapurmet,Green Gram,2,1
2018-2019,Kharif,Rangareddy,Yacharam,Green Gram,13,12
2018-2019,Kharif,Rangareddy,Ibrahimpatnam,Green Gram,4,0
2018-2019,Kharif,Rangareddy,Balapur,Green Gram,0,0
2018-2019,Kharif,Rangareddy,Saroornagar,Green Gram,0,0
2018-2019,Kharif,Rangareddy,Amangal,Green Gram,0,0
2018-2019,Kharif,Rangareddy,Talakondapalle,Green Gram,4,5
2018-2019,Kharif,Rangareddy,Kadthal,Green Gram,1,0
2018-2019,Kharif,Rangareddy,Kandukur,Green Gram,17.6,0
2018-2019,Kharif,Rangareddy,Maheshwaram,Green Gram,7,5
2018-2019,Kharif,Rangareddy,Keshampeta,Green Gram,9,10
2018-2019,Kharif,Rangareddy,Kothur,Green Gram,0,0
2018-2019,Kharif,Rangareddy,Nandigam,Green Gram,0,0
2018-2019,Kharif,Rangareddy,Farooqnagar,Green Gram,0,0
2018-2019,Kharif,Rangareddy,Kondurg,Green Gram,0,0
2018-2019,Kharif,Rangareddy,Chowdergudem,Green Gram,0,0
2018-2019,Kharif,Rangareddy,Shankarpalle,Black Gram,0,2
2018-2019,Kharif,Rangareddy,Moinabad,Black Gram,0,0
2018-2019,Kharif,Rangareddy,Chevella,Black Gram,6,3
2018-2019,Kharif,Rangareddy,Shabad,Black Gram,0,0
2018-2019,Kharif,Rangareddy,Serilingampally,Black Gram,0,0
2018-2019,Kharif,Rangareddy,Gandipet,Black Gram,0,0
2018-2019,Kharif,Rangareddy,Rajendranagar,Black Gram,0,0
2018-2019,Kharif,Rangareddy,Shamshabad,Black Gram,0,0
2018-2019,Kharif,Rangareddy,Hayathnagar,Black Gram,0,0
2018-2019,Kharif,Rangareddy,Madgul,Black Gram,0,0
2018-2019,Kharif,Rangareddy,Manchal,Black Gram,1,0
2018-2019,Kharif,Rangareddy,Abdullapurmet,Black Gram,0,0
2018-2019,Kharif,Rangareddy,Yacharam,Black Gram,0,0
2018-2019,Kharif,Rangareddy,Ibrahimpatnam,Black Gram,0,0
2018-2019,Kharif,Rangareddy,Balapur,Black Gram,0,0
2018-2019,Kharif,Rangareddy,Saroornagar,Black Gram,0,0
2018-2019,Kharif,Rangareddy,Amangal,Black Gram,0,0
2018-2019,Kharif,Rangareddy,Talakondapalle,Black Gram,0,0
2018-2019,Kharif,Rangareddy,Kadthal,Black Gram,0,0
2018-2019,Kharif,Rangareddy,Kandukur,Black Gram,8.4,0
2018-2019,Kharif,Rangareddy,Maheshwaram,Black Gram,11,6
2018-2019,Kharif,Rangareddy,Keshampeta,Black Gram,0,0
2018-2019,Kharif,Rangareddy,Kothur,Black Gram,0,0
2018-2019,Kharif,Rangareddy,Nandigam,Black Gram,0,0
2018-2019,Kharif,Rangareddy,Farooqnagar,Black Gram,0,0
2018-2019,Kharif,Rangareddy,Kondurg,Black Gram,0,0
2018-2019,Kharif,Rangareddy,Chowdergudem,Black Gram,0,0
2018-2019,Kharif,Rangareddy,Shankarpalle,Red Gram,353,642
2018-2019,Kharif,Rangareddy,Moinabad,Red Gram,456,385
2018-2019,Kharif,Rangareddy,Chevella,Red Gram,332,305
2018-2019,Kharif,Rangareddy,Shabad,Red Gram,531,324
2018-2019,Kharif,Rangareddy,Serilingampally,Red Gram,0,2
2018-2019,Kharif,Rangareddy,Gandipet,Red Gram,7,1
2018-2019,Kharif,Rangareddy,Rajendranagar,Red Gram,0,0
2018-2019,Kharif,Rangareddy,Shamshabad,Red Gram,68,92
2018-2019,Kharif,Rangareddy,Hayathnagar,Red Gram,0,0
2018-2019,Kharif,Rangareddy,Madgul,Red Gram,182,31
2018-2019,Kharif,Rangareddy,Manchal,Red Gram,200,135
2018-2019,Kharif,Rangareddy,Abdullapurmet,Red Gram,3,5
2018-2019,Kharif,Rangareddy,Yacharam,Red Gram,350,48
2018-2019,Kharif,Rangareddy,Ibrahimpatnam,Red Gram,96,82
2018-2019,Kharif,Rangareddy,Balapur,Red Gram,0.6,0
2018-2019,Kharif,Rangareddy,Saroornagar,Red Gram,0,0
2018-2019,Kharif,Rangareddy,Amangal,Red Gram,223.4765356,345
2018-2019,Kharif,Rangareddy,Talakondapalle,Red Gram,287,205
2018-2019,Kharif,Rangareddy,Kadthal,Red Gram,203,152
2018-2019,Kharif,Rangareddy,Kandukur,Red Gram,402.6,386
2018-2019,Kharif,Rangareddy,Maheshwaram,Red Gram,231,172
2018-2019,Kharif,Rangareddy,Keshampeta,Red Gram,487,411
2018-2019,Kharif,Rangareddy,Kothur,Red Gram,241,124
2018-2019,Kharif,Rangareddy,Nandigam,Red Gram,405,328
2018-2019,Kharif,Rangareddy,Farooqnagar,Red Gram,458,227
2018-2019,Kharif,Rangareddy,Kondurg,Red Gram,268,127
2018-2019,Kharif,Rangareddy,Chowdergudem,Red Gram,216,221
2018-2019,Kharif,Rangareddy,Shankarpalle,Cow Gram,0,0
2018-2019,Kharif,Rangareddy,Moinabad,Cow Gram,0,0
2018-2019,Kharif,Rangareddy,Chevella,Cow Gram,0,0
2018-2019,Kharif,Rangareddy,Shabad,Cow Gram,0,0
2018-2019,Kharif,Rangareddy,Serilingampally,Cow Gram,0,0
2018-2019,Kharif,Rangareddy,Gandipet,Cow Gram,0,0
2018-2019,Kharif,Rangareddy,Rajendranagar,Cow Gram,0,0
2018-2019,Kharif,Rangareddy,Shamshabad,Cow Gram,0,0
2018-2019,Kharif,Rangareddy,Hayathnagar,Cow Gram,0,0
2018-2019,Kharif,Rangareddy,Madgul,Cow Gram,0,0
2018-2019,Kharif,Rangareddy,Manchal,Cow Gram,0,0
2018-2019,Kharif,Rangareddy,Abdullapurmet,Cow Gram,0,0
2018-2019,Kharif,Rangareddy,Yacharam,Cow Gram,0,0
2018-2019,Kharif,Rangareddy,Ibrahimpatnam,Cow Gram,8,0
2018-2019,Kharif,Rangareddy,Balapur,Cow Gram,0,0
2018-2019,Kharif,Rangareddy,Saroornagar,Cow Gram,0,0
2018-2019,Kharif,Rangareddy,Amangal,Cow Gram,0,0
2018-2019,Kharif,Rangareddy,Talakondapalle,Cow Gram,0,0
2018-2019,Kharif,Rangareddy,Kadthal,Cow Gram,0,0
2018-2019,Kharif,Rangareddy,Kandukur,Cow Gram,0,0
2018-2019,Kharif,Rangareddy,Maheshwaram,Cow Gram,0,0
2018-2019,Kharif,Rangareddy,Keshampeta,Cow Gram,0,0
2018-2019,Kharif,Rangareddy,Kothur,Cow Gram,0,0
2018-2019,Kharif,Rangareddy,Nandigam,Cow Gram,0,0
2018-2019,Kharif,Rangareddy,Farooqnagar,Cow Gram,0,0
2018-2019,Kharif,Rangareddy,Kondurg,Cow Gram,0,0
2018-2019,Kharif,Rangareddy,Chowdergudem,Cow Gram,0,0
2018-2019,Kharif,Rangareddy,Shankarpalle,Anumulu,0,0
2018-2019,Kharif,Rangareddy,Moinabad,Anumulu,0,0
2018-2019,Kharif,Rangareddy,Chevella,Anumulu,0,0
2018-2019,Kharif,Rangareddy,Shabad,Anumulu,0,0
2018-2019,Kharif,Rangareddy,Serilingampally,Anumulu,0,0
2018-2019,Kharif,Rangareddy,Gandipet,Anumulu,0,0
2018-2019,Kharif,Rangareddy,Rajendranagar,Anumulu,0,0
2018-2019,Kharif,Rangareddy,Shamshabad,Anumulu,0,0
2018-2019,Kharif,Rangareddy,Hayathnagar,Anumulu,0,0
2018-2019,Kharif,Rangareddy,Madgul,Anumulu,0,0
2018-2019,Kharif,Rangareddy,Manchal,Anumulu,0,0
2018-2019,Kharif,Rangareddy,Abdullapurmet,Anumulu,0,0
2018-2019,Kharif,Rangareddy,Yacharam,Anumulu,0,0
2018-2019,Kharif,Rangareddy,Ibrahimpatnam,Anumulu,0,0
2018-2019,Kharif,Rangareddy,Balapur,Anumulu,0,0
2018-2019,Kharif,Rangareddy,Saroornagar,Anumulu,0,0
2018-2019,Kharif,Rangareddy,Amangal,Anumulu,0,0
2018-2019,Kharif,Rangareddy,Talakondapalle,Anumulu,0,0
2018-2019,Kharif,Rangareddy,Kadthal,Anumulu,0,0
2018-2019,Kharif,Rangareddy,Kandukur,Anumulu,0,0
2018-2019,Kharif,Rangareddy,Maheshwaram,Anumulu,0,0
2018-2019,Kharif,Rangareddy,Keshampeta,Anumulu,0,0
2018-2019,Kharif,Rangareddy,Kothur,Anumulu,0,0
2018-2019,Kharif,Rangareddy,Nandigam,Anumulu,0,0
2018-2019,Kharif,Rangareddy,Farooqnagar,Anumulu,0,0
2018-2019,Kharif,Rangareddy,Kondurg,Anumulu,0,0
2018-2019,Kharif,Rangareddy,Chowdergudem,Anumulu,0,0
2018-2019,Kharif,Rangareddy,Shankarpalle,Chillies,0,0
2018-2019,Kharif,Rangareddy,Moinabad,Chillies,0,0
2018-2019,Kharif,Rangareddy,Chevella,Chillies,0,0
2018-2019,Kharif,Rangareddy,Shabad,Chillies,1,0
2018-2019,Kharif,Rangareddy,Serilingampally,Chillies,0,0
2018-2019,Kharif,Rangareddy,Gandipet,Chillies,0,0
2018-2019,Kharif,Rangareddy,Rajendranagar,Chillies,0,0
2018-2019,Kharif,Rangareddy,Shamshabad,Chillies,0,0
2018-2019,Kharif,Rangareddy,Hayathnagar,Chillies,0,0
2018-2019,Kharif,Rangareddy,Madgul,Chillies,3,0
2018-2019,Kharif,Rangareddy,Manchal,Chillies,2,0
2018-2019,Kharif,Rangareddy,Abdullapurmet,Chillies,0,0
2018-2019,Kharif,Rangareddy,Yacharam,Chillies,0,0
2018-2019,Kharif,Rangareddy,Ibrahimpatnam,Chillies,1,0
2018-2019,Kharif,Rangareddy,Balapur,Chillies,0,0
2018-2019,Kharif,Rangareddy,Saroornagar,Chillies,0,0
2018-2019,Kharif,Rangareddy,Amangal,Chillies,0,0
2018-2019,Kharif,Rangareddy,Talakondapalle,Chillies,2,8
2018-2019,Kharif,Rangareddy,Kadthal,Chillies,18,0
2018-2019,Kharif,Rangareddy,Kandukur,Chillies,0,0
2018-2019,Kharif,Rangareddy,Maheshwaram,Chillies,18,1
2018-2019,Kharif,Rangareddy,Keshampeta,Chillies,0,0
2018-2019,Kharif,Rangareddy,Kothur,Chillies,0,0
2018-2019,Kharif,Rangareddy,Nandigam,Chillies,0,0
2018-2019,Kharif,Rangareddy,Farooqnagar,Chillies,14,0
2018-2019,Kharif,Rangareddy,Kondurg,Chillies,0,3
2018-2019,Kharif,Rangareddy,Chowdergudem,Chillies,0,0
2018-2019,Kharif,Rangareddy,Shankarpalle,Turmeric,27,4
2018-2019,Kharif,Rangareddy,Moinabad,Turmeric,3,0
2018-2019,Kharif,Rangareddy,Chevella,Turmeric,0,0
2018-2019,Kharif,Rangareddy,Shabad,Turmeric,0,0
2018-2019,Kharif,Rangareddy,Serilingampally,Turmeric,0,0
2018-2019,Kharif,Rangareddy,Gandipet,Turmeric,0,0
2018-2019,Kharif,Rangareddy,Rajendranagar,Turmeric,0,0
2018-2019,Kharif,Rangareddy,Shamshabad,Turmeric,2,3
2018-2019,Kharif,Rangareddy,Hayathnagar,Turmeric,0,0
2018-2019,Kharif,Rangareddy,Madgul,Turmeric,0,0
2018-2019,Kharif,Rangareddy,Manchal,Turmeric,0,0
2018-2019,Kharif,Rangareddy,Abdullapurmet,Turmeric,0,0
2018-2019,Kharif,Rangareddy,Yacharam,Turmeric,0,0
2018-2019,Kharif,Rangareddy,Ibrahimpatnam,Turmeric,0,0
2018-2019,Kharif,Rangareddy,Balapur,Turmeric,0,0
2018-2019,Kharif,Rangareddy,Saroornagar,Turmeric,0,0
2018-2019,Kharif,Rangareddy,Amangal,Turmeric,0,0
2018-2019,Kharif,Rangareddy,Talakondapalle,Turmeric,0,0
2018-2019,Kharif,Rangareddy,Kadthal,Turmeric,0,0
2018-2019,Kharif,Rangareddy,Kandukur,Turmeric,0,0
2018-2019,Kharif,Rangareddy,Maheshwaram,Turmeric,0,0
2018-2019,Kharif,Rangareddy,Keshampeta,Turmeric,0,0
2018-2019,Kharif,Rangareddy,Kothur,Turmeric,0,0
2018-2019,Kharif,Rangareddy,Nandigam,Turmeric,0,0
2018-2019,Kharif,Rangareddy,Farooqnagar,Turmeric,0,0
2018-2019,Kharif,Rangareddy,Kondurg,Turmeric,11,2
2018-2019,Kharif,Rangareddy,Chowdergudem,Turmeric,6,0
2018-2019,Kharif,Rangareddy,Shankarpalle,Sugarcane,7,0
2018-2019,Kharif,Rangareddy,Moinabad,Sugarcane,0,0
2018-2019,Kharif,Rangareddy,Chevella,Sugarcane,0,0
2018-2019,Kharif,Rangareddy,Shabad,Sugarcane,0,0
2018-2019,Kharif,Rangareddy,Serilingampally,Sugarcane,0,0
2018-2019,Kharif,Rangareddy,Gandipet,Sugarcane,0,0
2018-2019,Kharif,Rangareddy,Rajendranagar,Sugarcane,0,0
2018-2019,Kharif,Rangareddy,Shamshabad,Sugarcane,0,0
2018-2019,Kharif,Rangareddy,Hayathnagar,Sugarcane,0,0
2018-2019,Kharif,Rangareddy,Madgul,Sugarcane,0,0
2018-2019,Kharif,Rangareddy,Manchal,Sugarcane,0,0
2018-2019,Kharif,Rangareddy,Abdullapurmet,Sugarcane,0,0
2018-2019,Kharif,Rangareddy,Yacharam,Sugarcane,0,0
2018-2019,Kharif,Rangareddy,Ibrahimpatnam,Sugarcane,0,0
2018-2019,Kharif,Rangareddy,Balapur,Sugarcane,0,0
2018-2019,Kharif,Rangareddy,Saroornagar,Sugarcane,0,0
2018-2019,Kharif,Rangareddy,Amangal,Sugarcane,0,0
2018-2019,Kharif,Rangareddy,Talakondapalle,Sugarcane,0,0
2018-2019,Kharif,Rangareddy,Kadthal,Sugarcane,0,0
2018-2019,Kharif,Rangareddy,Kandukur,Sugarcane,0,0
2018-2019,Kharif,Rangareddy,Maheshwaram,Sugarcane,0,0
2018-2019,Kharif,Rangareddy,Keshampeta,Sugarcane,0,0
2018-2019,Kharif,Rangareddy,Kothur,Sugarcane,0,0
2018-2019,Kharif,Rangareddy,Nandigam,Sugarcane,0,0
2018-2019,Kharif,Rangareddy,Farooqnagar,Sugarcane,4,0
2018-2019,Kharif,Rangareddy,Kondurg,Sugarcane,170,14
2018-2019,Kharif,Rangareddy,Chowdergudem,Sugarcane,91,18
2018-2019,Kharif,Rangareddy,Shankarpalle,Onion,13,2
2018-2019,Kharif,Rangareddy,Moinabad,Onion,7,0
2018-2019,Kharif,Rangareddy,Chevella,Onion,32,23
2018-2019,Kharif,Rangareddy,Shabad,Onion,17,12
2018-2019,Kharif,Rangareddy,Serilingampally,Onion,0,0
2018-2019,Kharif,Rangareddy,Gandipet,Onion,0,0
2018-2019,Kharif,Rangareddy,Rajendranagar,Onion,0,0
2018-2019,Kharif,Rangareddy,Shamshabad,Onion,0,1
2018-2019,Kharif,Rangareddy,Hayathnagar,Onion,0,0
2018-2019,Kharif,Rangareddy,Madgul,Onion,0,0
2018-2019,Kharif,Rangareddy,Manchal,Onion,0,0
2018-2019,Kharif,Rangareddy,Abdullapurmet,Onion,0,0
2018-2019,Kharif,Rangareddy,Yacharam,Onion,18,5
2018-2019,Kharif,Rangareddy,Ibrahimpatnam,Onion,0,0
2018-2019,Kharif,Rangareddy,Balapur,Onion,1,0
2018-2019,Kharif,Rangareddy,Saroornagar,Onion,0,0
2018-2019,Kharif,Rangareddy,Amangal,Onion,0,0
2018-2019,Kharif,Rangareddy,Talakondapalle,Onion,0,0
2018-2019,Kharif,Rangareddy,Kadthal,Onion,0,0
2018-2019,Kharif,Rangareddy,Kandukur,Onion,0,0
2018-2019,Kharif,Rangareddy,Maheshwaram,Onion,13,0
2018-2019,Kharif,Rangareddy,Keshampeta,Onion,0,0
2018-2019,Kharif,Rangareddy,Kothur,Onion,0,0
2018-2019,Kharif,Rangareddy,Nandigam,Onion,0,0
2018-2019,Kharif,Rangareddy,Farooqnagar,Onion,0,0
2018-2019,Kharif,Rangareddy,Kondurg,Onion,0,0
2018-2019,Kharif,Rangareddy,Chowdergudem,Onion,0,0
2018-2019,Kharif,Rangareddy,Shankarpalle,Tomato,196,156
2018-2019,Kharif,Rangareddy,Moinabad,Tomato,216,228
2018-2019,Kharif,Rangareddy,Chevella,Tomato,921,613
2018-2019,Kharif,Rangareddy,Shabad,Tomato,371,308
2018-2019,Kharif,Rangareddy,Serilingampally,Tomato,1,0
2018-2019,Kharif,Rangareddy,Gandipet,Tomato,11,0
2018-2019,Kharif,Rangareddy,Rajendranagar,Tomato,1,1
2018-2019,Kharif,Rangareddy,Shamshabad,Tomato,102,104
2018-2019,Kharif,Rangareddy,Hayathnagar,Tomato,0,0
2018-2019,Kharif,Rangareddy,Madgul,Tomato,90,15
2018-2019,Kharif,Rangareddy,Manchal,Tomato,144,10
2018-2019,Kharif,Rangareddy,Abdullapurmet,Tomato,43,15
2018-2019,Kharif,Rangareddy,Yacharam,Tomato,149,0
2018-2019,Kharif,Rangareddy,Ibrahimpatnam,Tomato,190,3
2018-2019,Kharif,Rangareddy,Balapur,Tomato,22.6,17
2018-2019,Kharif,Rangareddy,Saroornagar,Tomato,0,0
2018-2019,Kharif,Rangareddy,Amangal,Tomato,38.8,0
2018-2019,Kharif,Rangareddy,Talakondapalle,Tomato,59,56
2018-2019,Kharif,Rangareddy,Kadthal,Tomato,58,18
2018-2019,Kharif,Rangareddy,Kandukur,Tomato,365.4,0
2018-2019,Kharif,Rangareddy,Maheshwaram,Tomato,265,227
2018-2019,Kharif,Rangareddy,Keshampeta,Tomato,162,70
2018-2019,Kharif,Rangareddy,Kothur,Tomato,106,80
2018-2019,Kharif,Rangareddy,Nandigam,Tomato,42,34
2018-2019,Kharif,Rangareddy,Farooqnagar,Tomato,332,219
2018-2019,Kharif,Rangareddy,Kondurg,Tomato,84,28
2018-2019,Kharif,Rangareddy,Chowdergudem,Tomato,54,42
2018-2019,Kharif,Rangareddy,Shankarpalle,Other food crops,888,1488
2018-2019,Kharif,Rangareddy,Moinabad,Other food crops,1669,1094
2018-2019,Kharif,Rangareddy,Chevella,Other food crops,2009,1187
2018-2019,Kharif,Rangareddy,Shabad,Other food crops,1434,882
2018-2019,Kharif,Rangareddy,Serilingampally,Other food crops,13,9
2018-2019,Kharif,Rangareddy,Gandipet,Other food crops,212,175
2018-2019,Kharif,Rangareddy,Rajendranagar,Other food crops,4,5
2018-2019,Kharif,Rangareddy,Shamshabad,Other food crops,805,261
2018-2019,Kharif,Rangareddy,Hayathnagar,Other food crops,50,20
2018-2019,Kharif,Rangareddy,Madgul,Other food crops,383,185
2018-2019,Kharif,Rangareddy,Manchal,Other food crops,421,35
2018-2019,Kharif,Rangareddy,Abdullapurmet,Other food crops,145,86
2018-2019,Kharif,Rangareddy,Yacharam,Other food crops,310,212
2018-2019,Kharif,Rangareddy,Ibrahimpatnam,Other food crops,503,250
2018-2019,Kharif,Rangareddy,Balapur,Other food crops,96.8,88
2018-2019,Kharif,Rangareddy,Saroornagar,Other food crops,0,0
2018-2019,Kharif,Rangareddy,Amangal,Other food crops,229.6,125
2018-2019,Kharif,Rangareddy,Talakondapalle,Other food crops,674,664
2018-2019,Kharif,Rangareddy,Kadthal,Other food crops,481,664
2018-2019,Kharif,Rangareddy,Kandukur,Other food crops,1029.8,345
2018-2019,Kharif,Rangareddy,Maheshwaram,Other food crops,1003,854
2018-2019,Kharif,Rangareddy,Keshampeta,Other food crops,687,287
2018-2019,Kharif,Rangareddy,Kothur,Other food crops,379,190
2018-2019,Kharif,Rangareddy,Nandigam,Other food crops,110,123
2018-2019,Kharif,Rangareddy,Farooqnagar,Other food crops,831,450
2018-2019,Kharif,Rangareddy,Kondurg,Other food crops,259,352
2018-2019,Kharif,Rangareddy,Chowdergudem,Other food crops,229,193
2018-2019,Kharif,Rangareddy,Shankarpalle,Cotton,2619,3215
2018-2019,Kharif,Rangareddy,Moinabad,Cotton,521,432
2018-2019,Kharif,Rangareddy,Chevella,Cotton,4347,4586
2018-2019,Kharif,Rangareddy,Shabad,Cotton,9302,8406
2018-2019,Kharif,Rangareddy,Serilingampally,Cotton,0,0
2018-2019,Kharif,Rangareddy,Gandipet,Cotton,2,4
2018-2019,Kharif,Rangareddy,Rajendranagar,Cotton,0,0
2018-2019,Kharif,Rangareddy,Shamshabad,Cotton,122,147
2018-2019,Kharif,Rangareddy,Hayathnagar,Cotton,0,0
2018-2019,Kharif,Rangareddy,Madgul,Cotton,15086,18902
2018-2019,Kharif,Rangareddy,Manchal,Cotton,1315,656
2018-2019,Kharif,Rangareddy,Abdullapurmet,Cotton,14,6
2018-2019,Kharif,Rangareddy,Yacharam,Cotton,1282,1012
2018-2019,Kharif,Rangareddy,Ibrahimpatnam,Cotton,579,450
2018-2019,Kharif,Rangareddy,Balapur,Cotton,4,4
2018-2019,Kharif,Rangareddy,Saroornagar,Cotton,0,0
2018-2019,Kharif,Rangareddy,Amangal,Cotton,3721,4150
2018-2019,Kharif,Rangareddy,Talakondapalle,Cotton,5900,5650
2018-2019,Kharif,Rangareddy,Kadthal,Cotton,2765,2073
2018-2019,Kharif,Rangareddy,Kandukur,Cotton,1319,1123
2018-2019,Kharif,Rangareddy,Maheshwaram,Cotton,712,943
2018-2019,Kharif,Rangareddy,Keshampeta,Cotton,5323,4970
2018-2019,Kharif,Rangareddy,Kothur,Cotton,1601,962
2018-2019,Kharif,Rangareddy,Nandigam,Cotton,1640,1913
2018-2019,Kharif,Rangareddy,Farooqnagar,Cotton,0,1875
2018-2019,Kharif,Rangareddy,Kondurg,Cotton,0,5262
2018-2019,Kharif,Rangareddy,Chowdergudem,Cotton,2243,2465
2018-2019,Kharif,Rangareddy,Shankarpalle,Mesta,0,0
2018-2019,Kharif,Rangareddy,Moinabad,Mesta,0,0
2018-2019,Kharif,Rangareddy,Chevella,Mesta,0,0
2018-2019,Kharif,Rangareddy,Shabad,Mesta,0,0
2018-2019,Kharif,Rangareddy,Serilingampally,Mesta,0,0
2018-2019,Kharif,Rangareddy,Gandipet,Mesta,0,0
2018-2019,Kharif,Rangareddy,Rajendranagar,Mesta,0,0
2018-2019,Kharif,Rangareddy,Shamshabad,Mesta,0,0
2018-2019,Kharif,Rangareddy,Hayathnagar,Mesta,0,0
2018-2019,Kharif,Rangareddy,Madgul,Mesta,0,0
2018-2019,Kharif,Rangareddy,Manchal,Mesta,0,0
2018-2019,Kharif,Rangareddy,Abdullapurmet,Mesta,0,0
2018-2019,Kharif,Rangareddy,Yacharam,Mesta,0,0
2018-2019,Kharif,Rangareddy,Ibrahimpatnam,Mesta,0,0
2018-2019,Kharif,Rangareddy,Balapur,Mesta,0,0
2018-2019,Kharif,Rangareddy,Saroornagar,Mesta,0,0
2018-2019,Kharif,Rangareddy,Amangal,Mesta,0,0
2018-2019,Kharif,Rangareddy,Talakondapalle,Mesta,0,0
2018-2019,Kharif,Rangareddy,Kadthal,Mesta,0,0
2018-2019,Kharif,Rangareddy,Kandukur,Mesta,0,0
2018-2019,Kharif,Rangareddy,Maheshwaram,Mesta,0,0
2018-2019,Kharif,Rangareddy,Keshampeta,Mesta,0,0
2018-2019,Kharif,Rangareddy,Kothur,Mesta,0,0
2018-2019,Kharif,Rangareddy,Nandigam,Mesta,0,0
2018-2019,Kharif,Rangareddy,Farooqnagar,Mesta,0,0
2018-2019,Kharif,Rangareddy,Kondurg,Mesta,0,0
2018-2019,Kharif,Rangareddy,Chowdergudem,Mesta,0,0
2018-2019,Kharif,Rangareddy,Shankarpalle,Groundnut,0,0
2018-2019,Kharif,Rangareddy,Moinabad,Groundnut,0,0
2018-2019,Kharif,Rangareddy,Chevella,Groundnut,0,0
2018-2019,Kharif,Rangareddy,Shabad,Groundnut,0,0
2018-2019,Kharif,Rangareddy,Serilingampally,Groundnut,0,0
2018-2019,Kharif,Rangareddy,Gandipet,Groundnut,0,0
2018-2019,Kharif,Rangareddy,Rajendranagar,Groundnut,0,0
2018-2019,Kharif,Rangareddy,Shamshabad,Groundnut,0,0
2018-2019,Kharif,Rangareddy,Hayathnagar,Groundnut,0,0
2018-2019,Kharif,Rangareddy,Madgul,Groundnut,0,0
2018-2019,Kharif,Rangareddy,Manchal,Groundnut,0,0
2018-2019,Kharif,Rangareddy,Abdullapurmet,Groundnut,0,0
2018-2019,Kharif,Rangareddy,Yacharam,Groundnut,0,0
2018-2019,Kharif,Rangareddy,Ibrahimpatnam,Groundnut,0,0
2018-2019,Kharif,Rangareddy,Balapur,Groundnut,0,0
2018-2019,Kharif,Rangareddy,Saroornagar,Groundnut,0,0
2018-2019,Kharif,Rangareddy,Amangal,Groundnut,0,0
2018-2019,Kharif,Rangareddy,Talakondapalle,Groundnut,0,0
2018-2019,Kharif,Rangareddy,Kadthal,Groundnut,0,0
2018-2019,Kharif,Rangareddy,Kandukur,Groundnut,0,0
2018-2019,Kharif,Rangareddy,Maheshwaram,Groundnut,0,0
2018-2019,Kharif,Rangareddy,Keshampeta,Groundnut,0,
2018-2019,Kharif,Rangareddy,Kothur,Groundnut,0,0
2018-2019,Kharif,Rangareddy,Nandigam,Groundnut,0,0
2018-2019,Kharif,Rangareddy,Farooqnagar,Groundnut,0,0
2018-2019,Kharif,Rangareddy,Kondurg,Groundnut,0,0
2018-2019,Kharif,Rangareddy,Chowdergudem,Groundnut,0,0
2018-2019,Kharif,Rangareddy,Shankarpalle,Sesamum,0,0
2018-2019,Kharif,Rangareddy,Moinabad,Sesamum,0,0
2018-2019,Kharif,Rangareddy,Chevella,Sesamum,1,0
2018-2019,Kharif,Rangareddy,Shabad,Sesamum,0,0
2018-2019,Kharif,Rangareddy,Serilingampally,Sesamum,0,0
2018-2019,Kharif,Rangareddy,Gandipet,Sesamum,0,0
2018-2019,Kharif,Rangareddy,Rajendranagar,Sesamum,0,0
2018-2019,Kharif,Rangareddy,Shamshabad,Sesamum,0,0
2018-2019,Kharif,Rangareddy,Hayathnagar,Sesamum,0,0
2018-2019,Kharif,Rangareddy,Madgul,Sesamum,0,0
2018-2019,Kharif,Rangareddy,Manchal,Sesamum,1,0
2018-2019,Kharif,Rangareddy,Abdullapurmet,Sesamum,0,0
2018-2019,Kharif,Rangareddy,Yacharam,Sesamum,7,0
2018-2019,Kharif,Rangareddy,Ibrahimpatnam,Sesamum,11,0
2018-2019,Kharif,Rangareddy,Balapur,Sesamum,0,0
2018-2019,Kharif,Rangareddy,Saroornagar,Sesamum,0,0
2018-2019,Kharif,Rangareddy,Amangal,Sesamum,0,0
2018-2019,Kharif,Rangareddy,Talakondapalle,Sesamum,0,0
2018-2019,Kharif,Rangareddy,Kadthal,Sesamum,0,0
2018-2019,Kharif,Rangareddy,Kandukur,Sesamum,0,0
2018-2019,Kharif,Rangareddy,Maheshwaram,Sesamum,0,0
2018-2019,Kharif,Rangareddy,Keshampeta,Sesamum,0,
2018-2019,Kharif,Rangareddy,Kothur,Sesamum,4,0
2018-2019,Kharif,Rangareddy,Nandigam,Sesamum,0,0
2018-2019,Kharif,Rangareddy,Farooqnagar,Sesamum,0,0
2018-2019,Kharif,Rangareddy,Kondurg,Sesamum,0,0
2018-2019,Kharif,Rangareddy,Chowdergudem,Sesamum,3,3
2018-2019,Kharif,Rangareddy,Shankarpalle,Sunflower,0,0
2018-2019,Kharif,Rangareddy,Moinabad,Sunflower,0,0
2018-2019,Kharif,Rangareddy,Chevella,Sunflower,0,0
2018-2019,Kharif,Rangareddy,Shabad,Sunflower,0,0
2018-2019,Kharif,Rangareddy,Serilingampally,Sunflower,0,0
2018-2019,Kharif,Rangareddy,Gandipet,Sunflower,0,0
2018-2019,Kharif,Rangareddy,Rajendranagar,Sunflower,0,0
2018-2019,Kharif,Rangareddy,Shamshabad,Sunflower,0,0
2018-2019,Kharif,Rangareddy,Hayathnagar,Sunflower,0,0
2018-2019,Kharif,Rangareddy,Madgul,Sunflower,0,0
2018-2019,Kharif,Rangareddy,Manchal,Sunflower,0,0
2018-2019,Kharif,Rangareddy,Abdullapurmet,Sunflower,0,0
2018-2019,Kharif,Rangareddy,Yacharam,Sunflower,0,0
2018-2019,Kharif,Rangareddy,Ibrahimpatnam,Sunflower,0,0
2018-2019,Kharif,Rangareddy,Balapur,Sunflower,0,0
2018-2019,Kharif,Rangareddy,Saroornagar,Sunflower,0,0
2018-2019,Kharif,Rangareddy,Amangal,Sunflower,0,0
2018-2019,Kharif,Rangareddy,Talakondapalle,Sunflower,0,0
2018-2019,Kharif,Rangareddy,Kadthal,Sunflower,0,0
2018-2019,Kharif,Rangareddy,Kandukur,Sunflower,0,0
2018-2019,Kharif,Rangareddy,Maheshwaram,Sunflower,0,0
2018-2019,Kharif,Rangareddy,Keshampeta,Sunflower,0,
2018-2019,Kharif,Rangareddy,Kothur,Sunflower,0,0
2018-2019,Kharif,Rangareddy,Nandigam,Sunflower,0,0
2018-2019,Kharif,Rangareddy,Farooqnagar,Sunflower,0,0
2018-2019,Kharif,Rangareddy,Kondurg,Sunflower,0,0
2018-2019,Kharif,Rangareddy,Chowdergudem,Sunflower,0,0
2018-2019,Kharif,Rangareddy,Shankarpalle,Castor,0,0
2018-2019,Kharif,Rangareddy,Moinabad,Castor,0,0
2018-2019,Kharif,Rangareddy,Chevella,Castor,0,0
2018-2019,Kharif,Rangareddy,Shabad,Castor,2,0
2018-2019,Kharif,Rangareddy,Serilingampally,Castor,0,0
2018-2019,Kharif,Rangareddy,Gandipet,Castor,0,0
2018-2019,Kharif,Rangareddy,Rajendranagar,Castor,0,0
2018-2019,Kharif,Rangareddy,Shamshabad,Castor,2,0
2018-2019,Kharif,Rangareddy,Hayathnagar,Castor,0,0
2018-2019,Kharif,Rangareddy,Madgul,Castor,15,0
2018-2019,Kharif,Rangareddy,Manchal,Castor,530,40
2018-2019,Kharif,Rangareddy,Abdullapurmet,Castor,0,0
2018-2019,Kharif,Rangareddy,Yacharam,Castor,434,50
2018-2019,Kharif,Rangareddy,Ibrahimpatnam,Castor,114,30
2018-2019,Kharif,Rangareddy,Balapur,Castor,0,0
2018-2019,Kharif,Rangareddy,Saroornagar,Castor,0,0
2018-2019,Kharif,Rangareddy,Amangal,Castor,183,125
2018-2019,Kharif,Rangareddy,Talakondapalle,Castor,38,6
2018-2019,Kharif,Rangareddy,Kadthal,Castor,37,0
2018-2019,Kharif,Rangareddy,Kandukur,Castor,165,25
2018-2019,Kharif,Rangareddy,Maheshwaram,Castor,16,16
2018-2019,Kharif,Rangareddy,Keshampeta,Castor,14,3
2018-2019,Kharif,Rangareddy,Kothur,Castor,0,0
2018-2019,Kharif,Rangareddy,Nandigam,Castor,0,0
2018-2019,Kharif,Rangareddy,Farooqnagar,Castor,17,1
2018-2019,Kharif,Rangareddy,Kondurg,Castor,4,0
2018-2019,Kharif,Rangareddy,Chowdergudem,Castor,3,0
2018-2019,Kharif,Rangareddy,Shankarpalle,Soya bean,42,4
2018-2019,Kharif,Rangareddy,Moinabad,Soya bean,0,0
2018-2019,Kharif,Rangareddy,Chevella,Soya bean,9,5
2018-2019,Kharif,Rangareddy,Shabad,Soya bean,0,0
2018-2019,Kharif,Rangareddy,Serilingampally,Soya bean,0,0
2018-2019,Kharif,Rangareddy,Gandipet,Soya bean,0,0
2018-2019,Kharif,Rangareddy,Rajendranagar,Soya bean,0,0
2018-2019,Kharif,Rangareddy,Shamshabad,Soya bean,0,0
2018-2019,Kharif,Rangareddy,Hayathnagar,Soya bean,0,0
2018-2019,Kharif,Rangareddy,Madgul,Soya bean,0,0
2018-2019,Kharif,Rangareddy,Manchal,Soya bean,0,0
2018-2019,Kharif,Rangareddy,Abdullapurmet,Soya bean,0,0
2018-2019,Kharif,Rangareddy,Yacharam,Soya bean,3,0
2018-2019,Kharif,Rangareddy,Ibrahimpatnam,Soya bean,1,0
2018-2019,Kharif,Rangareddy,Balapur,Soya bean,0,0
2018-2019,Kharif,Rangareddy,Saroornagar,Soya bean,0,0
2018-2019,Kharif,Rangareddy,Amangal,Soya bean,0,0
2018-2019,Kharif,Rangareddy,Talakondapalle,Soya bean,3,0
2018-2019,Kharif,Rangareddy,Kadthal,Soya bean,0,0
2018-2019,Kharif,Rangareddy,Kandukur,Soya bean,0,0
2018-2019,Kharif,Rangareddy,Maheshwaram,Soya bean,1,4
2018-2019,Kharif,Rangareddy,Keshampeta,Soya bean,0,0
2018-2019,Kharif,Rangareddy,Kothur,Soya bean,0,0
2018-2019,Kharif,Rangareddy,Nandigam,Soya bean,0,0
2018-2019,Kharif,Rangareddy,Farooqnagar,Soya bean,0,0
2018-2019,Kharif,Rangareddy,Kondurg,Soya bean,0,0
2018-2019,Kharif,Rangareddy,Chowdergudem,Soya bean,0,0
2018-2019,Kharif,Rangareddy,Shankarpalle,Other oil seeds,0,0
2018-2019,Kharif,Rangareddy,Moinabad,Other oil seeds,2,0
2018-2019,Kharif,Rangareddy,Chevella,Other oil seeds,0,0
2018-2019,Kharif,Rangareddy,Shabad,Other oil seeds,0,0
2018-2019,Kharif,Rangareddy,Serilingampally,Other oil seeds,0,0
2018-2019,Kharif,Rangareddy,Gandipet,Other oil seeds,0,0
2018-2019,Kharif,Rangareddy,Rajendranagar,Other oil seeds,0,0
2018-2019,Kharif,Rangareddy,Shamshabad,Other oil seeds,0,0
2018-2019,Kharif,Rangareddy,Hayathnagar,Other oil seeds,0,0
2018-2019,Kharif,Rangareddy,Madgul,Other oil seeds,0,0
2018-2019,Kharif,Rangareddy,Manchal,Other oil seeds,0,0
2018-2019,Kharif,Rangareddy,Abdullapurmet,Other oil seeds,0,0
2018-2019,Kharif,Rangareddy,Yacharam,Other oil seeds,0,0
2018-2019,Kharif,Rangareddy,Ibrahimpatnam,Other oil seeds,0,0
2018-2019,Kharif,Rangareddy,Balapur,Other oil seeds,0,0
2018-2019,Kharif,Rangareddy,Saroornagar,Other oil seeds,0,0
2018-2019,Kharif,Rangareddy,Amangal,Other oil seeds,0,0
2018-2019,Kharif,Rangareddy,Talakondapalle,Other oil seeds,0,0
2018-2019,Kharif,Rangareddy,Kadthal,Other oil seeds,0,0
2018-2019,Kharif,Rangareddy,Kandukur,Other oil seeds,0,0
2018-2019,Kharif,Rangareddy,Maheshwaram,Other oil seeds,0,0
2018-2019,Kharif,Rangareddy,Keshampeta,Other oil seeds,0,0
2018-2019,Kharif,Rangareddy,Kothur,Other oil seeds,0,0
2018-2019,Kharif,Rangareddy,Nandigam,Other oil seeds,0,0
2018-2019,Kharif,Rangareddy,Farooqnagar,Other oil seeds,0,0
2018-2019,Kharif,Rangareddy,Kondurg,Other oil seeds,0,0
2018-2019,Kharif,Rangareddy,Chowdergudem,Other oil seeds,0,0
2018-2019,Kharif,Rangareddy,Shankarpalle,Tobacco,0,0
2018-2019,Kharif,Rangareddy,Moinabad,Tobacco,0,0
2018-2019,Kharif,Rangareddy,Chevella,Tobacco,0,0
2018-2019,Kharif,Rangareddy,Shabad,Tobacco,0,0
2018-2019,Kharif,Rangareddy,Serilingampally,Tobacco,0,0
2018-2019,Kharif,Rangareddy,Gandipet,Tobacco,0,0
2018-2019,Kharif,Rangareddy,Rajendranagar,Tobacco,0,0
2018-2019,Kharif,Rangareddy,Shamshabad,Tobacco,0,0
2018-2019,Kharif,Rangareddy,Hayathnagar,Tobacco,0,0
2018-2019,Kharif,Rangareddy,Madgul,Tobacco,0,0
2018-2019,Kharif,Rangareddy,Manchal,Tobacco,0,0
2018-2019,Kharif,Rangareddy,Abdullapurmet,Tobacco,0,0
2018-2019,Kharif,Rangareddy,Yacharam,Tobacco,0,0
2018-2019,Kharif,Rangareddy,Ibrahimpatnam,Tobacco,0,0
2018-2019,Kharif,Rangareddy,Balapur,Tobacco,0,0
2018-2019,Kharif,Rangareddy,Saroornagar,Tobacco,0,0
2018-2019,Kharif,Rangareddy,Amangal,Tobacco,0,0
2018-2019,Kharif,Rangareddy,Talakondapalle,Tobacco,0,0
2018-2019,Kharif,Rangareddy,Kadthal,Tobacco,0,0
2018-2019,Kharif,Rangareddy,Kandukur,Tobacco,0,0
2018-2019,Kharif,Rangareddy,Maheshwaram,Tobacco,0,0
2018-2019,Kharif,Rangareddy,Keshampeta,Tobacco,0,0
2018-2019,Kharif,Rangareddy,Kothur,Tobacco,0,0
2018-2019,Kharif,Rangareddy,Nandigam,Tobacco,0,0
2018-2019,Kharif,Rangareddy,Farooqnagar,Tobacco,0,0
2018-2019,Kharif,Rangareddy,Kondurg,Tobacco,0,0
2018-2019,Kharif,Rangareddy,Chowdergudem,Tobacco,0,0
2018-2019,Kharif,Rangareddy,Shankarpalle,Other non-food crops,249,225
2018-2019,Kharif,Rangareddy,Moinabad,Other non-food crops,626,583
2018-2019,Kharif,Rangareddy,Chevella,Other non-food crops,242,168
2018-2019,Kharif,Rangareddy,Shabad,Other non-food crops,302,304
2018-2019,Kharif,Rangareddy,Serilingampally,Other non-food crops,2,0
2018-2019,Kharif,Rangareddy,Gandipet,Other non-food crops,32,5
2018-2019,Kharif,Rangareddy,Rajendranagar,Other non-food crops,15,13
2018-2019,Kharif,Rangareddy,Shamshabad,Other non-food crops,259,113
2018-2019,Kharif,Rangareddy,Hayathnagar,Other non-food crops,0,20
2018-2019,Kharif,Rangareddy,Madgul,Other non-food crops,19,11
2018-2019,Kharif,Rangareddy,Manchal,Other non-food crops,185,20
2018-2019,Kharif,Rangareddy,Abdullapurmet,Other non-food crops,262,85
2018-2019,Kharif,Rangareddy,Yacharam,Other non-food crops,54,37
2018-2019,Kharif,Rangareddy,Ibrahimpatnam,Other non-food crops,125,120
2018-2019,Kharif,Rangareddy,Balapur,Other non-food crops,8,8
2018-2019,Kharif,Rangareddy,Saroornagar,Other non-food crops,0,0
2018-2019,Kharif,Rangareddy,Amangal,Other non-food crops,0,0
2018-2019,Kharif,Rangareddy,Talakondapalle,Other non-food crops,0,56
2018-2019,Kharif,Rangareddy,Kadthal,Other non-food crops,2,16
2018-2019,Kharif,Rangareddy,Kandukur,Other non-food crops,99,0
2018-2019,Kharif,Rangareddy,Maheshwaram,Other non-food crops,260,464
2018-2019,Kharif,Rangareddy,Keshampeta,Other non-food crops,63,20
2018-2019,Kharif,Rangareddy,Kothur,Other non-food crops,50,96
2018-2019,Kharif,Rangareddy,Nandigam,Other non-food crops,120,155
2018-2019,Kharif,Rangareddy,Farooqnagar,Other non-food crops,141,0
2018-2019,Kharif,Rangareddy,Kondurg,Other non-food crops,17,3
2018-2019,Kharif,Rangareddy,Chowdergudem,Other non-food crops,3,19
2018-2019,Kharif,Rangareddy,Shankarpalle,Total,7903,8114
2018-2019,Kharif,Rangareddy,Moinabad,Total,4820,4266
2018-2019,Kharif,Rangareddy,Chevella,Total,10294,8931
2018-2019,Kharif,Rangareddy,Shabad,Total,14862,12686
2018-2019,Kharif,Rangareddy,Serilingampally,Total,28,19
2018-2019,Kharif,Rangareddy,Gandipet,Total,427,232
2018-2019,Kharif,Rangareddy,Rajendranagar,Total,32,33
2018-2019,Kharif,Rangareddy,Shamshabad,Total,2905,2109
2018-2019,Kharif,Rangareddy,Hayathnagar,Total,234,32
2018-2019,Kharif,Rangareddy,Madgul,Total,16481,19562
2018-2019,Kharif,Rangareddy,Manchal,Total,4355,1771
2018-2019,Kharif,Rangareddy,Abdullapurmet,Total,1424,1127
2018-2019,Kharif,Rangareddy,Yacharam,Total,5112,2877
2018-2019,Kharif,Rangareddy,Ibrahimpatnam,Total,3268,1982
2018-2019,Kharif,Rangareddy,Balapur,Total,284,227
2018-2019,Kharif,Rangareddy,Saroornagar,Total,0,0
2018-2019,Kharif,Rangareddy,Amangal,Total,6162.8765356,8060
2018-2019,Kharif,Rangareddy,Talakondapalle,Total,14112,12624
2018-2019,Kharif,Rangareddy,Kadthal,Total,8720,6033
2018-2019,Kharif,Rangareddy,Kandukur,Total,9966.8,7589
2018-2019,Kharif,Rangareddy,Maheshwaram,Total,5874,6074
2018-2019,Kharif,Rangareddy,Keshampeta,Total,13977,11332
2018-2019,Kharif,Rangareddy,Kothur,Total,6426,4312
2018-2019,Kharif,Rangareddy,Nandigam,Total,6581,6642
2018-2019,Kharif,Rangareddy,Farooqnagar,Total,11025,10163
2018-2019,Kharif,Rangareddy,Kondurg,Total,5422,8235
2018-2019,Kharif,Rangareddy,Chowdergudem,Total,7564,7809
