year,season,districtName,mandalName,crop,normalAreaSown,actualAreaSown
2016-2017,Kharif,Rangareddy,Serilingampally,Paddy,20,4
2016-2017,Kharif,Rangareddy,Gandipet,Paddy,173,56
2016-2017,Kharif,Rangareddy,Rajendra nagar,Paddy,0,6
2016-2017,Kharif,Rangareddy,Shamshabad,Paddy,787,350
2016-2017,Kharif,Rangareddy,Kandukur,Paddy,1060,255
2016-2017,Kharif,Rangareddy,Maheshwaram,Paddy,1135,534
2016-2017,Kharif,Rangareddy,Balapur,Paddy,192,30
2016-2017,Kharif,Rangareddy,Saroornagar,Paddy,0,0
2016-2017,Kharif,Rangareddy,Kadthal,Paddy,0,805
2016-2017,Kharif,Rangareddy,Amangal,Paddy,1042,350
2016-2017,Kharif,Rangareddy,Talakondapally,Paddy,1411,377
2016-2017,Kharif,Rangareddy,Hayathnagar,Paddy,0,2
2016-2017,Kharif,Rangareddy,Abdullapurmet,Paddy,1287,704
2016-2017,Kharif,Rangareddy,Ibrahimpatnam,Paddy,854,494
2016-2017,Kharif,Rangareddy,Manchal,Paddy,554,459
2016-2017,Kharif,Rangareddy,Yacharam,Paddy,565,349
2016-2017,Kharif,Rangareddy,Madgul,Paddy,538,337
2016-2017,Kharif,Rangareddy,Shankerpally,Paddy,1088,462
2016-2017,Kharif,Rangareddy,Moinabad,Paddy,1221,780
2016-2017,Kharif,Rangareddy,Chevella,Paddy,299,186
2016-2017,Kharif,Rangareddy,Shabad,Paddy,1173,887
2016-2017,Kharif,Rangareddy,Kondurg,Paddy,1350,537
2016-2017,Kharif,Rangareddy,Chowderigudem,Paddy,0,691
2016-2017,Kharif,Rangareddy,Faroornagar,Paddy,1748,1142
2016-2017,Kharif,Rangareddy,Kothur,Paddy,486,223
2016-2017,Kharif,Rangareddy,Nandigama,Paddy,0,197
2016-2017,Kharif,Rangareddy,Keshampet,Paddy,1147,291
2016-2017,Kharif,Rangareddy,Serilingampally,Jowar,0,0
2016-2017,Kharif,Rangareddy,Gandipet,Jowar,6,18
2016-2017,Kharif,Rangareddy,Rajendra nagar,Jowar,0,0
2016-2017,Kharif,Rangareddy,Shamshabad,Jowar,73,184
2016-2017,Kharif,Rangareddy,Kandukur,Jowar,711,271
2016-2017,Kharif,Rangareddy,Maheshwaram,Jowar,103,161
2016-2017,Kharif,Rangareddy,Balapur,Jowar,0,0
2016-2017,Kharif,Rangareddy,Saroornagar,Jowar,0,0
2016-2017,Kharif,Rangareddy,Kadthal,Jowar,0,556
2016-2017,Kharif,Rangareddy,Amangal,Jowar,802,363
2016-2017,Kharif,Rangareddy,Talakondapally,Jowar,670,180
2016-2017,Kharif,Rangareddy,Hayathnagar,Jowar,0,0
2016-2017,Kharif,Rangareddy,Abdullapurmet,Jowar,4,2
2016-2017,Kharif,Rangareddy,Ibrahimpatnam,Jowar,345,81
2016-2017,Kharif,Rangareddy,Manchal,Jowar,535,581
2016-2017,Kharif,Rangareddy,Yacharam,Jowar,520,444
2016-2017,Kharif,Rangareddy,Madgul,Jowar,123,228
2016-2017,Kharif,Rangareddy,Shankerpally,Jowar,193,127
2016-2017,Kharif,Rangareddy,Moinabad,Jowar,260,50
2016-2017,Kharif,Rangareddy,Chevella,Jowar,174,145
2016-2017,Kharif,Rangareddy,Shabad,Jowar,275,554
2016-2017,Kharif,Rangareddy,Kondurg,Jowar,180,289
2016-2017,Kharif,Rangareddy,Chowderigudem,Jowar,,560
2016-2017,Kharif,Rangareddy,Faroornagar,Jowar,430,1123
2016-2017,Kharif,Rangareddy,Kothur,Jowar,81,303
2016-2017,Kharif,Rangareddy,Nandigama,Jowar,,466
2016-2017,Kharif,Rangareddy,Keshampet,Jowar,149,238
2016-2017,Kharif,Rangareddy,Serilingampally,Bajra,0,0
2016-2017,Kharif,Rangareddy,Gandipet,Bajra,0,0
2016-2017,Kharif,Rangareddy,Rajendra nagar,Bajra,0,0
2016-2017,Kharif,Rangareddy,Shamshabad,Bajra,1,0
2016-2017,Kharif,Rangareddy,Kandukur,Bajra,0,0
2016-2017,Kharif,Rangareddy,Maheshwaram,Bajra,0,0
2016-2017,Kharif,Rangareddy,Balapur,Bajra,0,0
2016-2017,Kharif,Rangareddy,Saroornagar,Bajra,0,0
2016-2017,Kharif,Rangareddy,Kadthal,Bajra,,3
2016-2017,Kharif,Rangareddy,Amangal,Bajra,30,19
2016-2017,Kharif,Rangareddy,Talakondapally,Bajra,0,0
2016-2017,Kharif,Rangareddy,Hayathnagar,Bajra,0,0
2016-2017,Kharif,Rangareddy,Abdullapurmet,Bajra,0,0
2016-2017,Kharif,Rangareddy,Ibrahimpatnam,Bajra,20,1
2016-2017,Kharif,Rangareddy,Manchal,Bajra,23,5
2016-2017,Kharif,Rangareddy,Yacharam,Bajra,47,108
2016-2017,Kharif,Rangareddy,Madgul,Bajra,41,0
2016-2017,Kharif,Rangareddy,Shankerpally,Bajra,0,0
2016-2017,Kharif,Rangareddy,Moinabad,Bajra,0,0
2016-2017,Kharif,Rangareddy,Chevella,Bajra,0,0
2016-2017,Kharif,Rangareddy,Shabad,Bajra,0,0
2016-2017,Kharif,Rangareddy,Kondurg,Bajra,0,0
2016-2017,Kharif,Rangareddy,Chowderigudem,Bajra,0,0
2016-2017,Kharif,Rangareddy,Faroornagar,Bajra,0,0
2016-2017,Kharif,Rangareddy,Kothur,Bajra,0,0
2016-2017,Kharif,Rangareddy,Nandigama,Bajra,0,0
2016-2017,Kharif,Rangareddy,Keshampet,Bajra,0,0
2016-2017,Kharif,Rangareddy,Serilingampally,Maize,0,0
2016-2017,Kharif,Rangareddy,Gandipet,Maize,3,6
2016-2017,Kharif,Rangareddy,Rajendra nagar,Maize,0,0
2016-2017,Kharif,Rangareddy,Shamshabad,Maize,663,813
2016-2017,Kharif,Rangareddy,Kandukur,Maize,4680,4729
2016-2017,Kharif,Rangareddy,Maheshwaram,Maize,1813,2733
2016-2017,Kharif,Rangareddy,Balapur,Maize,27,6
2016-2017,Kharif,Rangareddy,Saroornagar,Maize,0,0
2016-2017,Kharif,Rangareddy,Kadthal,Maize,0,3728
2016-2017,Kharif,Rangareddy,Amangal,Maize,3197,1543
2016-2017,Kharif,Rangareddy,Talakondapally,Maize,6141,8965
2016-2017,Kharif,Rangareddy,Hayathnagar,Maize,0,0
2016-2017,Kharif,Rangareddy,Abdullapurmet,Maize,2,2
2016-2017,Kharif,Rangareddy,Ibrahimpatnam,Maize,359,349
2016-2017,Kharif,Rangareddy,Manchal,Maize,109,541
2016-2017,Kharif,Rangareddy,Yacharam,Maize,1083,1830
2016-2017,Kharif,Rangareddy,Madgul,Maize,115,248
2016-2017,Kharif,Rangareddy,Shankerpally,Maize,2203,3117
2016-2017,Kharif,Rangareddy,Moinabad,Maize,144,439
2016-2017,Kharif,Rangareddy,Chevella,Maize,1656,1580
2016-2017,Kharif,Rangareddy,Shabad,Maize,1065,3614
2016-2017,Kharif,Rangareddy,Kondurg,Maize,5795,4521
2016-2017,Kharif,Rangareddy,Chowderigudem,Maize,,4475
2016-2017,Kharif,Rangareddy,Faroornagar,Maize,7081,8252
2016-2017,Kharif,Rangareddy,Kothur,Maize,4475,2369
2016-2017,Kharif,Rangareddy,Nandigama,Maize,,3636
2016-2017,Kharif,Rangareddy,Keshampet,Maize,5687,7676
2016-2017,Kharif,Rangareddy,Serilingampally,Ragi,0,0
2016-2017,Kharif,Rangareddy,Gandipet,Ragi,0,0
2016-2017,Kharif,Rangareddy,Rajendra nagar,Ragi,0,0
2016-2017,Kharif,Rangareddy,Shamshabad,Ragi,0,0
2016-2017,Kharif,Rangareddy,Kandukur,Ragi,0,0
2016-2017,Kharif,Rangareddy,Maheshwaram,Ragi,0,0
2016-2017,Kharif,Rangareddy,Balapur,Ragi,0,0
2016-2017,Kharif,Rangareddy,Saroornagar,Ragi,0,0
2016-2017,Kharif,Rangareddy,Kadthal,Ragi,0,0
2016-2017,Kharif,Rangareddy,Amangal,Ragi,0,0
2016-2017,Kharif,Rangareddy,Talakondapally,Ragi,0,0
2016-2017,Kharif,Rangareddy,Hayathnagar,Ragi,0,0
2016-2017,Kharif,Rangareddy,Abdullapurmet,Ragi,0,0
2016-2017,Kharif,Rangareddy,Ibrahimpatnam,Ragi,1,0
2016-2017,Kharif,Rangareddy,Manchal,Ragi,8,2
2016-2017,Kharif,Rangareddy,Yacharam,Ragi,0,0
2016-2017,Kharif,Rangareddy,Madgul,Ragi,0,0
2016-2017,Kharif,Rangareddy,Shankerpally,Ragi,0,0
2016-2017,Kharif,Rangareddy,Moinabad,Ragi,0,0
2016-2017,Kharif,Rangareddy,Chevella,Ragi,0,0
2016-2017,Kharif,Rangareddy,Shabad,Ragi,0,0
2016-2017,Kharif,Rangareddy,Kondurg,Ragi,40,24
2016-2017,Kharif,Rangareddy,Chowderigudem,Ragi,0,21
2016-2017,Kharif,Rangareddy,Faroornagar,Ragi,52,16
2016-2017,Kharif,Rangareddy,Kothur,Ragi,0,0
2016-2017,Kharif,Rangareddy,Nandigama,Ragi,0,0
2016-2017,Kharif,Rangareddy,Keshampet,Ragi,0,0
2016-2017,Kharif,Rangareddy,Serilingampally,Horse Gram,0,0
2016-2017,Kharif,Rangareddy,Gandipet,Horse Gram,0,0
2016-2017,Kharif,Rangareddy,Rajendra nagar,Horse Gram,0,0
2016-2017,Kharif,Rangareddy,Shamshabad,Horse Gram,0,0
2016-2017,Kharif,Rangareddy,Kandukur,Horse Gram,0,0
2016-2017,Kharif,Rangareddy,Maheshwaram,Horse Gram,0,0
2016-2017,Kharif,Rangareddy,Balapur,Horse Gram,0,0
2016-2017,Kharif,Rangareddy,Saroornagar,Horse Gram,0,0
2016-2017,Kharif,Rangareddy,Kadthal,Horse Gram,0,0
2016-2017,Kharif,Rangareddy,Amangal,Horse Gram,0,0
2016-2017,Kharif,Rangareddy,Talakondapally,Horse Gram,6,0
2016-2017,Kharif,Rangareddy,Hayathnagar,Horse Gram,0,0
2016-2017,Kharif,Rangareddy,Abdullapurmet,Horse Gram,0,0
2016-2017,Kharif,Rangareddy,Ibrahimpatnam,Horse Gram,24,0
2016-2017,Kharif,Rangareddy,Manchal,Horse Gram,19,0
2016-2017,Kharif,Rangareddy,Yacharam,Horse Gram,0,0
2016-2017,Kharif,Rangareddy,Madgul,Horse Gram,0,5
2016-2017,Kharif,Rangareddy,Shankerpally,Horse Gram,0,0
2016-2017,Kharif,Rangareddy,Moinabad,Horse Gram,3,1
2016-2017,Kharif,Rangareddy,Chevella,Horse Gram,0,0
2016-2017,Kharif,Rangareddy,Shabad,Horse Gram,1,0
2016-2017,Kharif,Rangareddy,Kondurg,Horse Gram,24,2
2016-2017,Kharif,Rangareddy,Chowderigudem,Horse Gram,0,15
2016-2017,Kharif,Rangareddy,Faroornagar,Horse Gram,3,42
2016-2017,Kharif,Rangareddy,Kothur,Horse Gram,40,3
2016-2017,Kharif,Rangareddy,Nandigama,Horse Gram,0,3
2016-2017,Kharif,Rangareddy,Keshampet,Horse Gram,25,11
2016-2017,Kharif,Rangareddy,Serilingampally,Green Gram,0,0
2016-2017,Kharif,Rangareddy,Gandipet,Green Gram,0,0
2016-2017,Kharif,Rangareddy,Rajendra nagar,Green Gram,0,0
2016-2017,Kharif,Rangareddy,Shamshabad,Green Gram,0,0
2016-2017,Kharif,Rangareddy,Kandukur,Green Gram,0,82
2016-2017,Kharif,Rangareddy,Maheshwaram,Green Gram,2,11
2016-2017,Kharif,Rangareddy,Balapur,Green Gram,0,0
2016-2017,Kharif,Rangareddy,Saroornagar,Green Gram,0,0
2016-2017,Kharif,Rangareddy,Kadthal,Green Gram,0,4
2016-2017,Kharif,Rangareddy,Amangal,Green Gram,0,0
2016-2017,Kharif,Rangareddy,Talakondapally,Green Gram,0,16
2016-2017,Kharif,Rangareddy,Hayathnagar,Green Gram,0,0
2016-2017,Kharif,Rangareddy,Abdullapurmet,Green Gram,1,0
2016-2017,Kharif,Rangareddy,Ibrahimpatnam,Green Gram,3,11
2016-2017,Kharif,Rangareddy,Manchal,Green Gram,6,96
2016-2017,Kharif,Rangareddy,Yacharam,Green Gram,6,23
2016-2017,Kharif,Rangareddy,Madgul,Green Gram,0,111
2016-2017,Kharif,Rangareddy,Shankerpally,Green Gram,3,142
2016-2017,Kharif,Rangareddy,Moinabad,Green Gram,22,58
2016-2017,Kharif,Rangareddy,Chevella,Green Gram,2,85
2016-2017,Kharif,Rangareddy,Shabad,Green Gram,0,0
2016-2017,Kharif,Rangareddy,Kondurg,Green Gram,0,0
2016-2017,Kharif,Rangareddy,Chowderigudem,Green Gram,0,0
2016-2017,Kharif,Rangareddy,Faroornagar,Green Gram,0,0
2016-2017,Kharif,Rangareddy,Kothur,Green Gram,0,0
2016-2017,Kharif,Rangareddy,Nandigama,Green Gram,0,0
2016-2017,Kharif,Rangareddy,Keshampet,Green Gram,0,23
2016-2017,Kharif,Rangareddy,Serilingampally,Black Gram,0,0
2016-2017,Kharif,Rangareddy,Gandipet,Black Gram,0,0
2016-2017,Kharif,Rangareddy,Rajendra nagar,Black Gram,0,0
2016-2017,Kharif,Rangareddy,Shamshabad,Black Gram,0,0
2016-2017,Kharif,Rangareddy,Kandukur,Black Gram,0,36
2016-2017,Kharif,Rangareddy,Maheshwaram,Black Gram,0,40
2016-2017,Kharif,Rangareddy,Balapur,Black Gram,0,0
2016-2017,Kharif,Rangareddy,Saroornagar,Black Gram,0,0
2016-2017,Kharif,Rangareddy,Kadthal,Black Gram,0,0
2016-2017,Kharif,Rangareddy,Amangal,Black Gram,0,0
2016-2017,Kharif,Rangareddy,Talakondapally,Black Gram,0,0
2016-2017,Kharif,Rangareddy,Hayathnagar,Black Gram,0,0
2016-2017,Kharif,Rangareddy,Abdullapurmet,Black Gram,0,0
2016-2017,Kharif,Rangareddy,Ibrahimpatnam,Black Gram,0,2
2016-2017,Kharif,Rangareddy,Manchal,Black Gram,1,0
2016-2017,Kharif,Rangareddy,Yacharam,Black Gram,0,0
2016-2017,Kharif,Rangareddy,Madgul,Black Gram,0,0
2016-2017,Kharif,Rangareddy,Shankerpally,Black Gram,0,0
2016-2017,Kharif,Rangareddy,Moinabad,Black Gram,0,0
2016-2017,Kharif,Rangareddy,Chevella,Black Gram,1,24
2016-2017,Kharif,Rangareddy,Shabad,Black Gram,0,0
2016-2017,Kharif,Rangareddy,Kondurg,Black Gram,0,0
2016-2017,Kharif,Rangareddy,Chowderigudem,Black Gram,0,0
2016-2017,Kharif,Rangareddy,Faroornagar,Black Gram,0,0
2016-2017,Kharif,Rangareddy,Kothur,Black Gram,0,0
2016-2017,Kharif,Rangareddy,Nandigama,Black Gram,0,0
2016-2017,Kharif,Rangareddy,Keshampet,Black Gram,0,0
2016-2017,Kharif,Rangareddy,Serilingampally,Red Gram,0,0
2016-2017,Kharif,Rangareddy,Gandipet,Red Gram,5,10
2016-2017,Kharif,Rangareddy,Rajendra nagar,Red Gram,0,0
2016-2017,Kharif,Rangareddy,Shamshabad,Red Gram,67,40
2016-2017,Kharif,Rangareddy,Kandukur,Red Gram,310,590
2016-2017,Kharif,Rangareddy,Maheshwaram,Red Gram,237,215
2016-2017,Kharif,Rangareddy,Balapur,Red Gram,2,0
2016-2017,Kharif,Rangareddy,Saroornagar,Red Gram,0,0
2016-2017,Kharif,Rangareddy,Kadthal,Red Gram,0,207
2016-2017,Kharif,Rangareddy,Amangal,Red Gram,361,373
2016-2017,Kharif,Rangareddy,Talakondapally,Red Gram,374,379
2016-2017,Kharif,Rangareddy,Hayathnagar,Red Gram,0,0
2016-2017,Kharif,Rangareddy,Abdullapurmet,Red Gram,12,9
2016-2017,Kharif,Rangareddy,Ibrahimpatnam,Red Gram,147,144
2016-2017,Kharif,Rangareddy,Manchal,Red Gram,199,388
2016-2017,Kharif,Rangareddy,Yacharam,Red Gram,284,595
2016-2017,Kharif,Rangareddy,Madgul,Red Gram,0,246
2016-2017,Kharif,Rangareddy,Shankerpally,Red Gram,293,607
2016-2017,Kharif,Rangareddy,Moinabad,Red Gram,365,615
2016-2017,Kharif,Rangareddy,Chevella,Red Gram,329,380
2016-2017,Kharif,Rangareddy,Shabad,Red Gram,473,778
2016-2017,Kharif,Rangareddy,Kondurg,Red Gram,286,498
2016-2017,Kharif,Rangareddy,Chowderigudem,Red Gram,0,209
2016-2017,Kharif,Rangareddy,Faroornagar,Red Gram,477,450
2016-2017,Kharif,Rangareddy,Kothur,Red Gram,337,126
2016-2017,Kharif,Rangareddy,Nandigama,Red Gram,0,271
2016-2017,Kharif,Rangareddy,Keshampet,Red Gram,576,648
2016-2017,Kharif,Rangareddy,Serilingampally,Cow Gram,0,0
2016-2017,Kharif,Rangareddy,Gandipet,Cow Gram,0,0
2016-2017,Kharif,Rangareddy,Rajendra nagar,Cow Gram,0,0
2016-2017,Kharif,Rangareddy,Shamshabad,Cow Gram,0,0
2016-2017,Kharif,Rangareddy,Kandukur,Cow Gram,0,0
2016-2017,Kharif,Rangareddy,Maheshwaram,Cow Gram,0,0
2016-2017,Kharif,Rangareddy,Balapur,Cow Gram,0,0
2016-2017,Kharif,Rangareddy,Saroornagar,Cow Gram,0,0
2016-2017,Kharif,Rangareddy,Kadthal,Cow Gram,0,0
2016-2017,Kharif,Rangareddy,Amangal,Cow Gram,0,0
2016-2017,Kharif,Rangareddy,Talakondapally,Cow Gram,0,0
2016-2017,Kharif,Rangareddy,Hayathnagar,Cow Gram,0,0
2016-2017,Kharif,Rangareddy,Abdullapurmet,Cow Gram,0,0
2016-2017,Kharif,Rangareddy,Ibrahimpatnam,Cow Gram,11,1
2016-2017,Kharif,Rangareddy,Manchal,Cow Gram,0,0
2016-2017,Kharif,Rangareddy,Yacharam,Cow Gram,0,0
2016-2017,Kharif,Rangareddy,Madgul,Cow Gram,0,0
2016-2017,Kharif,Rangareddy,Shankerpally,Cow Gram,0,0
2016-2017,Kharif,Rangareddy,Moinabad,Cow Gram,0,0
2016-2017,Kharif,Rangareddy,Chevella,Cow Gram,0,0
2016-2017,Kharif,Rangareddy,Shabad,Cow Gram,0,0
2016-2017,Kharif,Rangareddy,Kondurg,Cow Gram,0,0
2016-2017,Kharif,Rangareddy,Chowderigudem,Cow Gram,0,0
2016-2017,Kharif,Rangareddy,Faroornagar,Cow Gram,0,0
2016-2017,Kharif,Rangareddy,Kothur,Cow Gram,0,0
2016-2017,Kharif,Rangareddy,Nandigama,Cow Gram,0,0
2016-2017,Kharif,Rangareddy,Keshampet,Cow Gram,0,0
2016-2017,Kharif,Rangareddy,Serilingampally,Chillies,0,0
2016-2017,Kharif,Rangareddy,Gandipet,Chillies,0,0
2016-2017,Kharif,Rangareddy,Rajendra nagar,Chillies,0,0
2016-2017,Kharif,Rangareddy,Shamshabad,Chillies,0,0
2016-2017,Kharif,Rangareddy,Kandukur,Chillies,3,0
2016-2017,Kharif,Rangareddy,Maheshwaram,Chillies,20,0
2016-2017,Kharif,Rangareddy,Balapur,Chillies,0,0
2016-2017,Kharif,Rangareddy,Saroornagar,Chillies,0,0
2016-2017,Kharif,Rangareddy,Kadthal,Chillies,0,12
2016-2017,Kharif,Rangareddy,Amangal,Chillies,0,7
2016-2017,Kharif,Rangareddy,Talakondapally,Chillies,0,0
2016-2017,Kharif,Rangareddy,Hayathnagar,Chillies,0,0
2016-2017,Kharif,Rangareddy,Abdullapurmet,Chillies,0,0
2016-2017,Kharif,Rangareddy,Ibrahimpatnam,Chillies,2,0
2016-2017,Kharif,Rangareddy,Manchal,Chillies,2,3
2016-2017,Kharif,Rangareddy,Yacharam,Chillies,0,0
2016-2017,Kharif,Rangareddy,Madgul,Chillies,36,0
2016-2017,Kharif,Rangareddy,Shankerpally,Chillies,1,0
2016-2017,Kharif,Rangareddy,Moinabad,Chillies,0,0
2016-2017,Kharif,Rangareddy,Chevella,Chillies,75,0
2016-2017,Kharif,Rangareddy,Shabad,Chillies,1,0
2016-2017,Kharif,Rangareddy,Kondurg,Chillies,8,0
2016-2017,Kharif,Rangareddy,Chowderigudem,Chillies,0,0
2016-2017,Kharif,Rangareddy,Faroornagar,Chillies,14,0
2016-2017,Kharif,Rangareddy,Kothur,Chillies,0,0
2016-2017,Kharif,Rangareddy,Nandigama,Chillies,0,0
2016-2017,Kharif,Rangareddy,Keshampet,Chillies,31,0
2016-2017,Kharif,Rangareddy,Serilingampally,Turmeric,0,0
2016-2017,Kharif,Rangareddy,Gandipet,Turmeric,0,0
2016-2017,Kharif,Rangareddy,Rajendra nagar,Turmeric,0,0
2016-2017,Kharif,Rangareddy,Shamshabad,Turmeric,2,2
2016-2017,Kharif,Rangareddy,Kandukur,Turmeric,0,0
2016-2017,Kharif,Rangareddy,Maheshwaram,Turmeric,0,0
2016-2017,Kharif,Rangareddy,Balapur,Turmeric,0,0
2016-2017,Kharif,Rangareddy,Saroornagar,Turmeric,0,0
2016-2017,Kharif,Rangareddy,Kadthal,Turmeric,0,0
2016-2017,Kharif,Rangareddy,Amangal,Turmeric,0,0
2016-2017,Kharif,Rangareddy,Talakondapally,Turmeric,0,0
2016-2017,Kharif,Rangareddy,Hayathnagar,Turmeric,0,0
2016-2017,Kharif,Rangareddy,Abdullapurmet,Turmeric,0,0
2016-2017,Kharif,Rangareddy,Ibrahimpatnam,Turmeric,0,0
2016-2017,Kharif,Rangareddy,Manchal,Turmeric,0,0
2016-2017,Kharif,Rangareddy,Yacharam,Turmeric,0,0
2016-2017,Kharif,Rangareddy,Madgul,Turmeric,0,0
2016-2017,Kharif,Rangareddy,Shankerpally,Turmeric,75,15
2016-2017,Kharif,Rangareddy,Moinabad,Turmeric,1,3
2016-2017,Kharif,Rangareddy,Chevella,Turmeric,0,0
2016-2017,Kharif,Rangareddy,Shabad,Turmeric,1,0
2016-2017,Kharif,Rangareddy,Kondurg,Turmeric,33,11
2016-2017,Kharif,Rangareddy,Chowderigudem,Turmeric,0,0
2016-2017,Kharif,Rangareddy,Faroornagar,Turmeric,0,0
2016-2017,Kharif,Rangareddy,Kothur,Turmeric,0,0
2016-2017,Kharif,Rangareddy,Nandigama,Turmeric,0,0
2016-2017,Kharif,Rangareddy,Keshampet,Turmeric,0,0
2016-2017,Kharif,Rangareddy,Serilingampally,Sugarcane,0,0
2016-2017,Kharif,Rangareddy,Gandipet,Sugarcane,0,0
2016-2017,Kharif,Rangareddy,Rajendra nagar,Sugarcane,0,0
2016-2017,Kharif,Rangareddy,Shamshabad,Sugarcane,0,0
2016-2017,Kharif,Rangareddy,Kandukur,Sugarcane,0,0
2016-2017,Kharif,Rangareddy,Maheshwaram,Sugarcane,0,0
2016-2017,Kharif,Rangareddy,Balapur,Sugarcane,0,0
2016-2017,Kharif,Rangareddy,Saroornagar,Sugarcane,0,0
2016-2017,Kharif,Rangareddy,Kadthal,Sugarcane,0,0
2016-2017,Kharif,Rangareddy,Amangal,Sugarcane,0,0
2016-2017,Kharif,Rangareddy,Talakondapally,Sugarcane,0,0
2016-2017,Kharif,Rangareddy,Hayathnagar,Sugarcane,0,0
2016-2017,Kharif,Rangareddy,Abdullapurmet,Sugarcane,0,0
2016-2017,Kharif,Rangareddy,Ibrahimpatnam,Sugarcane,0,0
2016-2017,Kharif,Rangareddy,Manchal,Sugarcane,0,0
2016-2017,Kharif,Rangareddy,Yacharam,Sugarcane,0,0
2016-2017,Kharif,Rangareddy,Madgul,Sugarcane,0,0
2016-2017,Kharif,Rangareddy,Shankerpally,Sugarcane,8,4
2016-2017,Kharif,Rangareddy,Moinabad,Sugarcane,0,0
2016-2017,Kharif,Rangareddy,Chevella,Sugarcane,0,0
2016-2017,Kharif,Rangareddy,Shabad,Sugarcane,0,0
2016-2017,Kharif,Rangareddy,Kondurg,Sugarcane,278,73
2016-2017,Kharif,Rangareddy,Chowderigudem,Sugarcane,0,42
2016-2017,Kharif,Rangareddy,Faroornagar,Sugarcane,4,2
2016-2017,Kharif,Rangareddy,Kothur,Sugarcane,0,0
2016-2017,Kharif,Rangareddy,Nandigama,Sugarcane,0,0
2016-2017,Kharif,Rangareddy,Keshampet,Sugarcane,0,0
2016-2017,Kharif,Rangareddy,Serilingampally,Potato,0,0
2016-2017,Kharif,Rangareddy,Gandipet,Potato,0,0
2016-2017,Kharif,Rangareddy,Rajendra nagar,Potato,0,0
2016-2017,Kharif,Rangareddy,Shamshabad,Potato,0,0
2016-2017,Kharif,Rangareddy,Kandukur,Potato,0,0
2016-2017,Kharif,Rangareddy,Maheshwaram,Potato,0,0
2016-2017,Kharif,Rangareddy,Balapur,Potato,0,0
2016-2017,Kharif,Rangareddy,Saroornagar,Potato,0,0
2016-2017,Kharif,Rangareddy,Kadthal,Potato,0,0
2016-2017,Kharif,Rangareddy,Amangal,Potato,0,0
2016-2017,Kharif,Rangareddy,Talakondapally,Potato,0,0
2016-2017,Kharif,Rangareddy,Hayathnagar,Potato,0,0
2016-2017,Kharif,Rangareddy,Abdullapurmet,Potato,0,0
2016-2017,Kharif,Rangareddy,Ibrahimpatnam,Potato,0,7
2016-2017,Kharif,Rangareddy,Manchal,Potato,0,0
2016-2017,Kharif,Rangareddy,Yacharam,Potato,0,0
2016-2017,Kharif,Rangareddy,Madgul,Potato,0,0
2016-2017,Kharif,Rangareddy,Shankerpally,Potato,3,3
2016-2017,Kharif,Rangareddy,Moinabad,Potato,1,0
2016-2017,Kharif,Rangareddy,Chevella,Potato,0,0
2016-2017,Kharif,Rangareddy,Shabad,Potato,0,0
2016-2017,Kharif,Rangareddy,Kondurg,Potato,0,0
2016-2017,Kharif,Rangareddy,Chowderigudem,Potato,0,0
2016-2017,Kharif,Rangareddy,Faroornagar,Potato,0,11
2016-2017,Kharif,Rangareddy,Kothur,Potato,0,0
2016-2017,Kharif,Rangareddy,Nandigama,Potato,0,0
2016-2017,Kharif,Rangareddy,Keshampet,Potato,0,0
2016-2017,Kharif,Rangareddy,Serilingampally,Onion,0,0
2016-2017,Kharif,Rangareddy,Gandipet,Onion,0,0
2016-2017,Kharif,Rangareddy,Rajendra nagar,Onion,0,0
2016-2017,Kharif,Rangareddy,Shamshabad,Onion,0,0
2016-2017,Kharif,Rangareddy,Kandukur,Onion,2,0
2016-2017,Kharif,Rangareddy,Maheshwaram,Onion,13,12
2016-2017,Kharif,Rangareddy,Balapur,Onion,0,4
2016-2017,Kharif,Rangareddy,Saroornagar,Onion,0,0
2016-2017,Kharif,Rangareddy,Kadthal,Onion,0,0
2016-2017,Kharif,Rangareddy,Amangal,Onion,0,0
2016-2017,Kharif,Rangareddy,Talakondapally,Onion,0,0
2016-2017,Kharif,Rangareddy,Hayathnagar,Onion,0,0
2016-2017,Kharif,Rangareddy,Abdullapurmet,Onion,0,0
2016-2017,Kharif,Rangareddy,Ibrahimpatnam,Onion,12,7
2016-2017,Kharif,Rangareddy,Manchal,Onion,1,0
2016-2017,Kharif,Rangareddy,Yacharam,Onion,18,18
2016-2017,Kharif,Rangareddy,Madgul,Onion,0,0
2016-2017,Kharif,Rangareddy,Shankerpally,Onion,10,12
2016-2017,Kharif,Rangareddy,Moinabad,Onion,10,0
2016-2017,Kharif,Rangareddy,Chevella,Onion,36,42
2016-2017,Kharif,Rangareddy,Shabad,Onion,12,21
2016-2017,Kharif,Rangareddy,Kondurg,Onion,0,0
2016-2017,Kharif,Rangareddy,Chowderigudem,Onion,0,0
2016-2017,Kharif,Rangareddy,Faroornagar,Onion,0,0
2016-2017,Kharif,Rangareddy,Kothur,Onion,0,0
2016-2017,Kharif,Rangareddy,Nandigama,Onion,0,0
2016-2017,Kharif,Rangareddy,Keshampet,Onion,0,0
2016-2017,Kharif,Rangareddy,Serilingampally,Other food crops,16,12
2016-2017,Kharif,Rangareddy,Gandipet,Other food crops,381,184
2016-2017,Kharif,Rangareddy,Rajendra nagar,Other food crops,0,7
2016-2017,Kharif,Rangareddy,Shamshabad,Other food crops,963,736
2016-2017,Kharif,Rangareddy,Kandukur,Other food crops,1485,1209
2016-2017,Kharif,Rangareddy,Maheshwaram,Other food crops,1531,1072
2016-2017,Kharif,Rangareddy,Balapur,Other food crops,148,90
2016-2017,Kharif,Rangareddy,Saroornagar,Other food crops,0,2
2016-2017,Kharif,Rangareddy,Kadthal,Other food crops,0,427
2016-2017,Kharif,Rangareddy,Amangal,Other food crops,581,258
2016-2017,Kharif,Rangareddy,Talakondapally,Other food crops,736,670
2016-2017,Kharif,Rangareddy,Hayathnagar,Other food crops,0,1
2016-2017,Kharif,Rangareddy,Abdullapurmet,Other food crops,279,185
2016-2017,Kharif,Rangareddy,Ibrahimpatnam,Other food crops,1245,837
2016-2017,Kharif,Rangareddy,Manchal,Other food crops,683,460
2016-2017,Kharif,Rangareddy,Yacharam,Other food crops,851,1225
2016-2017,Kharif,Rangareddy,Madgul,Other food crops,469,493
2016-2017,Kharif,Rangareddy,Shankerpally,Other food crops,909,1344
2016-2017,Kharif,Rangareddy,Moinabad,Other food crops,1871,1889
2016-2017,Kharif,Rangareddy,Chevella,Other food crops,3391,1944
2016-2017,Kharif,Rangareddy,Shabad,Other food crops,0,2282
2016-2017,Kharif,Rangareddy,Kondurg,Other food crops,353,269
2016-2017,Kharif,Rangareddy,Chowderigudem,Other food crops,0,302
2016-2017,Kharif,Rangareddy,Faroornagar,Other food crops,927,1052
2016-2017,Kharif,Rangareddy,Kothur,Other food crops,526,267
2016-2017,Kharif,Rangareddy,Nandigama,Other food crops,0,103
2016-2017,Kharif,Rangareddy,Keshampet,Other food crops,687,1016
2016-2017,Kharif,Rangareddy,Serilingampally,Cotton,0,0
2016-2017,Kharif,Rangareddy,Gandipet,Cotton,0,2
2016-2017,Kharif,Rangareddy,Rajendra nagar,Cotton,0,0
2016-2017,Kharif,Rangareddy,Shamshabad,Cotton,102,111
2016-2017,Kharif,Rangareddy,Kandukur,Cotton,1380,450
2016-2017,Kharif,Rangareddy,Maheshwaram,Cotton,561,345
2016-2017,Kharif,Rangareddy,Balapur,Cotton,3,4
2016-2017,Kharif,Rangareddy,Saroornagar,Cotton,0,0
2016-2017,Kharif,Rangareddy,Kadthal,Cotton,0,1702
2016-2017,Kharif,Rangareddy,Amangal,Cotton,5342,3279
2016-2017,Kharif,Rangareddy,Talakondapally,Cotton,4209,2626
2016-2017,Kharif,Rangareddy,Hayathnagar,Cotton,0,0
2016-2017,Kharif,Rangareddy,Abdullapurmet,Cotton,0,0
2016-2017,Kharif,Rangareddy,Ibrahimpatnam,Cotton,544,79
2016-2017,Kharif,Rangareddy,Manchal,Cotton,863,401
2016-2017,Kharif,Rangareddy,Yacharam,Cotton,1344,808
2016-2017,Kharif,Rangareddy,Madgul,Cotton,12637,14435
2016-2017,Kharif,Rangareddy,Shankerpally,Cotton,3242,1215
2016-2017,Kharif,Rangareddy,Moinabad,Cotton,513,275
2016-2017,Kharif,Rangareddy,Chevella,Cotton,3907,3365
2016-2017,Kharif,Rangareddy,Shabad,Cotton,7256,6404
2016-2017,Kharif,Rangareddy,Kondurg,Cotton,5919,3087
2016-2017,Kharif,Rangareddy,Chowderigudem,Cotton,0,1664
2016-2017,Kharif,Rangareddy,Faroornagar,Cotton,1166,969
2016-2017,Kharif,Rangareddy,Kothur,Cotton,2043,452
2016-2017,Kharif,Rangareddy,Nandigama,Cotton,0,1487
2016-2017,Kharif,Rangareddy,Keshampet,Cotton,3532,2941
2016-2017,Kharif,Rangareddy,Serilingampally,Sesamum,0,0
2016-2017,Kharif,Rangareddy,Gandipet,Sesamum,0,0
2016-2017,Kharif,Rangareddy,Rajendra nagar,Sesamum,0,0
2016-2017,Kharif,Rangareddy,Shamshabad,Sesamum,0,0
2016-2017,Kharif,Rangareddy,Kandukur,Sesamum,0,0
2016-2017,Kharif,Rangareddy,Maheshwaram,Sesamum,0,0
2016-2017,Kharif,Rangareddy,Balapur,Sesamum,0,0
2016-2017,Kharif,Rangareddy,Saroornagar,Sesamum,0,0
2016-2017,Kharif,Rangareddy,Kadthal,Sesamum,0,0
2016-2017,Kharif,Rangareddy,Amangal,Sesamum,0,0
2016-2017,Kharif,Rangareddy,Talakondapally,Sesamum,0,0
2016-2017,Kharif,Rangareddy,Hayathnagar,Sesamum,0,0
2016-2017,Kharif,Rangareddy,Abdullapurmet,Sesamum,0,0
2016-2017,Kharif,Rangareddy,Ibrahimpatnam,Sesamum,11,0
2016-2017,Kharif,Rangareddy,Manchal,Sesamum,3,0
2016-2017,Kharif,Rangareddy,Yacharam,Sesamum,2,23
2016-2017,Kharif,Rangareddy,Madgul,Sesamum,0,0
2016-2017,Kharif,Rangareddy,Shankerpally,Sesamum,0,0
2016-2017,Kharif,Rangareddy,Moinabad,Sesamum,4,0
2016-2017,Kharif,Rangareddy,Chevella,Sesamum,1,0
2016-2017,Kharif,Rangareddy,Shabad,Sesamum,0,0
2016-2017,Kharif,Rangareddy,Kondurg,Sesamum,21,0
2016-2017,Kharif,Rangareddy,Chowderigudem,Sesamum,0,5
2016-2017,Kharif,Rangareddy,Faroornagar,Sesamum,0,0
2016-2017,Kharif,Rangareddy,Kothur,Sesamum,4,0
2016-2017,Kharif,Rangareddy,Nandigama,Sesamum,0,0
2016-2017,Kharif,Rangareddy,Keshampet,Sesamum,0,4
2016-2017,Kharif,Rangareddy,Serilingampally,Soyabean,0,0
2016-2017,Kharif,Rangareddy,Gandipet,Soyabean,0,0
2016-2017,Kharif,Rangareddy,Rajendra nagar,Soyabean,0,0
2016-2017,Kharif,Rangareddy,Shamshabad,Soyabean,0,0
2016-2017,Kharif,Rangareddy,Kandukur,Soyabean,0,0
2016-2017,Kharif,Rangareddy,Maheshwaram,Soyabean,0,6
2016-2017,Kharif,Rangareddy,Balapur,Soyabean,0,0
2016-2017,Kharif,Rangareddy,Saroornagar,Soyabean,0,0
2016-2017,Kharif,Rangareddy,Kadthal,Soyabean,0,0
2016-2017,Kharif,Rangareddy,Amangal,Soyabean,0,0
2016-2017,Kharif,Rangareddy,Talakondapally,Soyabean,0,12
2016-2017,Kharif,Rangareddy,Hayathnagar,Soyabean,0,0
2016-2017,Kharif,Rangareddy,Abdullapurmet,Soyabean,0,0
2016-2017,Kharif,Rangareddy,Ibrahimpatnam,Soyabean,0,6
2016-2017,Kharif,Rangareddy,Manchal,Soyabean,0,0
2016-2017,Kharif,Rangareddy,Yacharam,Soyabean,0,11
2016-2017,Kharif,Rangareddy,Madgul,Soyabean,0,0
2016-2017,Kharif,Rangareddy,Shankerpally,Soyabean,8,161
2016-2017,Kharif,Rangareddy,Moinabad,Soyabean,0,0
2016-2017,Kharif,Rangareddy,Chevella,Soyabean,0,40
2016-2017,Kharif,Rangareddy,Shabad,Soyabean,0,0
2016-2017,Kharif,Rangareddy,Kondurg,Soyabean,0,0
2016-2017,Kharif,Rangareddy,Chowderigudem,Soyabean,0,0
2016-2017,Kharif,Rangareddy,Faroornagar,Soyabean,0,0
2016-2017,Kharif,Rangareddy,Kothur,Soyabean,0,0
2016-2017,Kharif,Rangareddy,Nandigama,Soyabean,0,0
2016-2017,Kharif,Rangareddy,Keshampet,Soyabean,0,0
2016-2017,Kharif,Rangareddy,Serilingampally,Castor,0,0
2016-2017,Kharif,Rangareddy,Gandipet,Castor,0,0
2016-2017,Kharif,Rangareddy,Rajendra nagar,Castor,0,0
2016-2017,Kharif,Rangareddy,Shamshabad,Castor,4,0
2016-2017,Kharif,Rangareddy,Kandukur,Castor,262,30
2016-2017,Kharif,Rangareddy,Maheshwaram,Castor,34,1
2016-2017,Kharif,Rangareddy,Balapur,Castor,0,0
2016-2017,Kharif,Rangareddy,Saroornagar,Castor,0,0
2016-2017,Kharif,Rangareddy,Kadthal,Castor,0,92
2016-2017,Kharif,Rangareddy,Amangal,Castor,585,119
2016-2017,Kharif,Rangareddy,Talakondapally,Castor,93,13
2016-2017,Kharif,Rangareddy,Hayathnagar,Castor,0,0
2016-2017,Kharif,Rangareddy,Abdullapurmet,Castor,7,0
2016-2017,Kharif,Rangareddy,Ibrahimpatnam,Castor,312,44
2016-2017,Kharif,Rangareddy,Manchal,Castor,818,395
2016-2017,Kharif,Rangareddy,Yacharam,Castor,583,378
2016-2017,Kharif,Rangareddy,Madgul,Castor,88,7
2016-2017,Kharif,Rangareddy,Shankerpally,Castor,0,0
2016-2017,Kharif,Rangareddy,Moinabad,Castor,50,0
2016-2017,Kharif,Rangareddy,Chevella,Castor,0,0
2016-2017,Kharif,Rangareddy,Shabad,Castor,10,0
2016-2017,Kharif,Rangareddy,Kondurg,Castor,16,0
2016-2017,Kharif,Rangareddy,Chowderigudem,Castor,0,6
2016-2017,Kharif,Rangareddy,Faroornagar,Castor,57,0
2016-2017,Kharif,Rangareddy,Kothur,Castor,27,0
2016-2017,Kharif,Rangareddy,Nandigama,Castor,0,0
2016-2017,Kharif,Rangareddy,Keshampet,Castor,34,2
2016-2017,Kharif,Rangareddy,Serilingampally,Other non-food crops,0,0
2016-2017,Kharif,Rangareddy,Gandipet,Other non-food crops,34,24
2016-2017,Kharif,Rangareddy,Rajendra nagar,Other non-food crops,0,11
2016-2017,Kharif,Rangareddy,Shamshabad,Other non-food crops,395,207
2016-2017,Kharif,Rangareddy,Kandukur,Other non-food crops,1852,265
2016-2017,Kharif,Rangareddy,Maheshwaram,Other non-food crops,1013,431
2016-2017,Kharif,Rangareddy,Balapur,Other non-food crops,39,25
2016-2017,Kharif,Rangareddy,Saroornagar,Other non-food crops,0,0
2016-2017,Kharif,Rangareddy,Kadthal,Other non-food crops,0,5
2016-2017,Kharif,Rangareddy,Amangal,Other non-food crops,5,4
2016-2017,Kharif,Rangareddy,Talakondapally,Other non-food crops,11,21
2016-2017,Kharif,Rangareddy,Hayathnagar,Other non-food crops,0,0
2016-2017,Kharif,Rangareddy,Abdullapurmet,Other non-food crops,512,430
2016-2017,Kharif,Rangareddy,Ibrahimpatnam,Other non-food crops,1010,106
2016-2017,Kharif,Rangareddy,Manchal,Other non-food crops,1899,180
2016-2017,Kharif,Rangareddy,Yacharam,Other non-food crops,2020,53
2016-2017,Kharif,Rangareddy,Madgul,Other non-food crops,2,21
2016-2017,Kharif,Rangareddy,Shankerpally,Other non-food crops,0,411
2016-2017,Kharif,Rangareddy,Moinabad,Other non-food crops,0,625
2016-2017,Kharif,Rangareddy,Chevella,Other non-food crops,311,114
2016-2017,Kharif,Rangareddy,Shabad,Other non-food crops,0,257
2016-2017,Kharif,Rangareddy,Kondurg,Other non-food crops,0,2
2016-2017,Kharif,Rangareddy,Chowderigudem,Other non-food crops,0,14
2016-2017,Kharif,Rangareddy,Faroornagar,Other non-food crops,119,176
2016-2017,Kharif,Rangareddy,Kothur,Other non-food crops,59,59
2016-2017,Kharif,Rangareddy,Nandigama,Other non-food crops,0,82
2016-2017,Kharif,Rangareddy,Keshampet,Other non-food crops,54,40
2016-2017,Kharif,Rangareddy,Serilingampally,Total,39,16
2016-2017,Kharif,Rangareddy,Gandipet,Total,603,300
2016-2017,Kharif,Rangareddy,Rajendra nagar,Total,0,24
2016-2017,Kharif,Rangareddy,Shamshabad,Total,3057,2443
2016-2017,Kharif,Rangareddy,Kandukur,Total,11745,7917
2016-2017,Kharif,Rangareddy,Maheshwaram,Total,6462,5561
2016-2017,Kharif,Rangareddy,Balapur,Total,411,159
2016-2017,Kharif,Rangareddy,Saroornagar,Total,0,2
2016-2017,Kharif,Rangareddy,Kadthal,Total,0,7541
2016-2017,Kharif,Rangareddy,Amangal,Total,11956,6315
2016-2017,Kharif,Rangareddy,Talakondapally,Total,13651,13259
2016-2017,Kharif,Rangareddy,Hayathnagar,Total,0,3
2016-2017,Kharif,Rangareddy,Abdullapurmet,Total,2109,1332
2016-2017,Kharif,Rangareddy,Ibrahimpatnam,Total,4900,2169
2016-2017,Kharif,Rangareddy,Manchal,Total,5723,3511
2016-2017,Kharif,Rangareddy,Yacharam,Total,7323,5865
2016-2017,Kharif,Rangareddy,Madgul,Total,14194,16131
2016-2017,Kharif,Rangareddy,Shankerpally,Total,8036,7620
2016-2017,Kharif,Rangareddy,Moinabad,Total,4465,4735
2016-2017,Kharif,Rangareddy,Chevella,Total,10182,7905
2016-2017,Kharif,Rangareddy,Shabad,Total,10267,14797
2016-2017,Kharif,Rangareddy,Kondurg,Total,14303,9313
2016-2017,Kharif,Rangareddy,Chowderigudem,Total,0,8004
2016-2017,Kharif,Rangareddy,Faroornagar,Total,12078,13235
2016-2017,Kharif,Rangareddy,Kothur,Total,8078,3802
2016-2017,Kharif,Rangareddy,Nandigama,Total,0,6245
2016-2017,Kharif,Rangareddy,Keshampet,Total,11922,12890
