year,season,districtName,mandalName,crop,normalAreaSown,actualAreaSown
2017-2018,Kharif,Rangareddy,Rajendranagar,Paddy,138,15
2017-2018,Kharif,Rangareddy,Shamshabad,Paddy,694,498
2017-2018,Kharif,Rangareddy,Serilingampally,Paddy,16,4
2017-2018,Kharif,Rangareddy,Gandipet,Paddy,11,233
2017-2018,Kharif,Rangareddy,Ibrahimpatnam,Paddy,721,1008
2017-2018,Kharif,Rangareddy,Hayathnagar,Paddy,979,26
2017-2018,Kharif,Rangareddy,Abdullapurmet,Paddy,141,1066
2017-2018,Kharif,Rangareddy,Manchal,Paddy,557,1069
2017-2018,Kharif,Rangareddy,Yacharam,Paddy,522,407
2017-2018,Kharif,Rangareddy,Madgul,Paddy,453,273
2017-2018,Kharif,Rangareddy,Maheshwaram,Paddy,997,730
2017-2018,Kharif,Rangareddy,Kandukur,Paddy,861,486
2017-2018,Kharif,Rangareddy,Balapur,Paddy,144,155
2017-2018,Kharif,Rangareddy,Saroornagar,Paddy,6,
2017-2018,Kharif,Rangareddy,Amangal,Paddy,898,342
2017-2018,Kharif,Rangareddy,Kadthal,Paddy,161,787
2017-2018,Kharif,Rangareddy,Farooqnagar,Paddy,1602,717
2017-2018,Kharif,Rangareddy,Talakondapalle,Paddy,992,737
2017-2018,Kharif,Rangareddy,Keshampeta,Paddy,838,567
2017-2018,Kharif,Rangareddy,Kothur,Paddy,362,105
2017-2018,Kharif,Rangareddy,Nandigam,Paddy,39,191
2017-2018,Kharif,Rangareddy,Kondurg,Paddy,1167,489
2017-2018,Kharif,Rangareddy,Chowdergudem,Paddy,138,811
2017-2018,Kharif,Rangareddy,Chevella,Paddy,247,153
2017-2018,Kharif,Rangareddy,Moinabad,Paddy,1002,1036
2017-2018,Kharif,Rangareddy,Shankarpalle,Paddy,880,478
2017-2018,Kharif,Rangareddy,Shabad,Paddy,1091,872
2017-2018,Kharif,Rangareddy,Rajendranagar,Jowar,6,0
2017-2018,Kharif,Rangareddy,Shamshabad,Jowar,92,210
2017-2018,Kharif,Rangareddy,Serilingampally,Jowar,0,0
2017-2018,Kharif,Rangareddy,Gandipet,Jowar,4,15
2017-2018,Kharif,Rangareddy,Ibrahimpatnam,Jowar,307,510
2017-2018,Kharif,Rangareddy,Hayathnagar,Jowar,3,0
2017-2018,Kharif,Rangareddy,Abdullapurmet,Jowar,0,1
2017-2018,Kharif,Rangareddy,Manchal,Jowar,555,478
2017-2018,Kharif,Rangareddy,Yacharam,Jowar,552,619
2017-2018,Kharif,Rangareddy,Madgul,Jowar,150,167
2017-2018,Kharif,Rangareddy,Maheshwaram,Jowar,125,149
2017-2018,Kharif,Rangareddy,Kandukur,Jowar,722,359
2017-2018,Kharif,Rangareddy,Balapur,Jowar,0,0
2017-2018,Kharif,Rangareddy,Saroornagar,Jowar,0,
2017-2018,Kharif,Rangareddy,Amangal,Jowar,676,507
2017-2018,Kharif,Rangareddy,Kadthal,Jowar,111,580
2017-2018,Kharif,Rangareddy,Farooqnagar,Jowar,636,491
2017-2018,Kharif,Rangareddy,Talakondapalle,Jowar,641,152
2017-2018,Kharif,Rangareddy,Keshampeta,Jowar,172,151
2017-2018,Kharif,Rangareddy,Kothur,Jowar,106,185
2017-2018,Kharif,Rangareddy,Nandigam,Jowar,93,362
2017-2018,Kharif,Rangareddy,Kondurg,Jowar,189,30
2017-2018,Kharif,Rangareddy,Chowdergudem,Jowar,112,148
2017-2018,Kharif,Rangareddy,Chevella,Jowar,150,132
2017-2018,Kharif,Rangareddy,Moinabad,Jowar,201,69
2017-2018,Kharif,Rangareddy,Shankarpalle,Jowar,176,82
2017-2018,Kharif,Rangareddy,Shabad,Jowar,318,313
2017-2018,Kharif,Rangareddy,Rajendranagar,Bajra,0,0
2017-2018,Kharif,Rangareddy,Shamshabad,Bajra,1,0
2017-2018,Kharif,Rangareddy,Serilingampally,Bajra,0,0
2017-2018,Kharif,Rangareddy,Gandipet,Bajra,0,0
2017-2018,Kharif,Rangareddy,Ibrahimpatnam,Bajra,20,5
2017-2018,Kharif,Rangareddy,Hayathnagar,Bajra,0,0
2017-2018,Kharif,Rangareddy,Abdullapurmet,Bajra,0,0
2017-2018,Kharif,Rangareddy,Manchal,Bajra,22,8
2017-2018,Kharif,Rangareddy,Yacharam,Bajra,68,50
2017-2018,Kharif,Rangareddy,Madgul,Bajra,35,0
2017-2018,Kharif,Rangareddy,Maheshwaram,Bajra,0,0
2017-2018,Kharif,Rangareddy,Kandukur,Bajra,0,0
2017-2018,Kharif,Rangareddy,Balapur,Bajra,0,0
2017-2018,Kharif,Rangareddy,Saroornagar,Bajra,0,
2017-2018,Kharif,Rangareddy,Amangal,Bajra,26,0
2017-2018,Kharif,Rangareddy,Kadthal,Bajra,1,0
2017-2018,Kharif,Rangareddy,Farooqnagar,Bajra,0,0
2017-2018,Kharif,Rangareddy,Talakondapalle,Bajra,0,0
2017-2018,Kharif,Rangareddy,Keshampeta,Bajra,0,0
2017-2018,Kharif,Rangareddy,Kothur,Bajra,0,0
2017-2018,Kharif,Rangareddy,Nandigam,Bajra,0,0
2017-2018,Kharif,Rangareddy,Kondurg,Bajra,0,3
2017-2018,Kharif,Rangareddy,Chowdergudem,Bajra,0,
2017-2018,Kharif,Rangareddy,Chevella,Bajra,0,0
2017-2018,Kharif,Rangareddy,Moinabad,Bajra,0,
2017-2018,Kharif,Rangareddy,Shankarpalle,Bajra,0,0
2017-2018,Kharif,Rangareddy,Shabad,Bajra,0,
2017-2018,Kharif,Rangareddy,Rajendranagar,Maize,3,0
2017-2018,Kharif,Rangareddy,Shamshabad,Maize,745,999
2017-2018,Kharif,Rangareddy,Serilingampally,Maize,0,0
2017-2018,Kharif,Rangareddy,Gandipet,Maize,1,9
2017-2018,Kharif,Rangareddy,Ibrahimpatnam,Maize,362,529
2017-2018,Kharif,Rangareddy,Hayathnagar,Maize,0,0
2017-2018,Kharif,Rangareddy,Abdullapurmet,Maize,0,4
2017-2018,Kharif,Rangareddy,Manchal,Maize,217,492
2017-2018,Kharif,Rangareddy,Yacharam,Maize,1321,1561
2017-2018,Kharif,Rangareddy,Madgul,Maize,129,76
2017-2018,Kharif,Rangareddy,Maheshwaram,Maize,2098,2730
2017-2018,Kharif,Rangareddy,Kandukur,Maize,4997,5096
2017-2018,Kharif,Rangareddy,Balapur,Maize,21,16
2017-2018,Kharif,Rangareddy,Saroornagar,Maize,1,
2017-2018,Kharif,Rangareddy,Amangal,Maize,2835,1660
2017-2018,Kharif,Rangareddy,Kadthal,Maize,746,3282
2017-2018,Kharif,Rangareddy,Farooqnagar,Maize,7281,5999
2017-2018,Kharif,Rangareddy,Talakondapalle,Maize,7114,4753
2017-2018,Kharif,Rangareddy,Keshampeta,Maize,6068,5085
2017-2018,Kharif,Rangareddy,Kothur,Maize,3906,2467
2017-2018,Kharif,Rangareddy,Nandigam,Maize,727,3675
2017-2018,Kharif,Rangareddy,Kondurg,Maize,5405,2468
2017-2018,Kharif,Rangareddy,Chowdergudem,Maize,895,3745
2017-2018,Kharif,Rangareddy,Chevella,Maize,1826,1605
2017-2018,Kharif,Rangareddy,Moinabad,Maize,205,466
2017-2018,Kharif,Rangareddy,Shankarpalle,Maize,2452,2396
2017-2018,Kharif,Rangareddy,Shabad,Maize,1477,1418
2017-2018,Kharif,Rangareddy,Rajendranagar,Ragi,0,0
2017-2018,Kharif,Rangareddy,Shamshabad,Ragi,0,0
2017-2018,Kharif,Rangareddy,Serilingampally,Ragi,0,0
2017-2018,Kharif,Rangareddy,Gandipet,Ragi,0,0
2017-2018,Kharif,Rangareddy,Ibrahimpatnam,Ragi,1,0
2017-2018,Kharif,Rangareddy,Hayathnagar,Ragi,0,0
2017-2018,Kharif,Rangareddy,Abdullapurmet,Ragi,0,0
2017-2018,Kharif,Rangareddy,Manchal,Ragi,8,0
2017-2018,Kharif,Rangareddy,Yacharam,Ragi,0,0
2017-2018,Kharif,Rangareddy,Madgul,Ragi,0,0
2017-2018,Kharif,Rangareddy,Maheshwaram,Ragi,0,0
2017-2018,Kharif,Rangareddy,Kandukur,Ragi,0,0
2017-2018,Kharif,Rangareddy,Balapur,Ragi,0,0
2017-2018,Kharif,Rangareddy,Saroornagar,Ragi,0,
2017-2018,Kharif,Rangareddy,Amangal,Ragi,0,0
2017-2018,Kharif,Rangareddy,Kadthal,Ragi,0,0
2017-2018,Kharif,Rangareddy,Farooqnagar,Ragi,53,0
2017-2018,Kharif,Rangareddy,Talakondapalle,Ragi,0,0
2017-2018,Kharif,Rangareddy,Keshampeta,Ragi,0,
2017-2018,Kharif,Rangareddy,Kothur,Ragi,0,0
2017-2018,Kharif,Rangareddy,Nandigam,Ragi,0,0
2017-2018,Kharif,Rangareddy,Kondurg,Ragi,39,2
2017-2018,Kharif,Rangareddy,Chowdergudem,Ragi,4,13
2017-2018,Kharif,Rangareddy,Chevella,Ragi,0,0
2017-2018,Kharif,Rangareddy,Moinabad,Ragi,0,
2017-2018,Kharif,Rangareddy,Shankarpalle,Ragi,0,
2017-2018,Kharif,Rangareddy,Shabad,Ragi,0,
2017-2018,Kharif,Rangareddy,Rajendranagar,Horse Gram,0,0
2017-2018,Kharif,Rangareddy,Shamshabad,Horse Gram,0,0
2017-2018,Kharif,Rangareddy,Serilingampally,Horse Gram,0,0
2017-2018,Kharif,Rangareddy,Gandipet,Horse Gram,0,0
2017-2018,Kharif,Rangareddy,Ibrahimpatnam,Horse Gram,17,36
2017-2018,Kharif,Rangareddy,Hayathnagar,Horse Gram,0,0
2017-2018,Kharif,Rangareddy,Abdullapurmet,Horse Gram,0,0
2017-2018,Kharif,Rangareddy,Manchal,Horse Gram,19,8
2017-2018,Kharif,Rangareddy,Yacharam,Horse Gram,0,0
2017-2018,Kharif,Rangareddy,Madgul,Horse Gram,1,0
2017-2018,Kharif,Rangareddy,Maheshwaram,Horse Gram,0,0
2017-2018,Kharif,Rangareddy,Kandukur,Horse Gram,0,0
2017-2018,Kharif,Rangareddy,Balapur,Horse Gram,0,0
2017-2018,Kharif,Rangareddy,Saroornagar,Horse Gram,0,
2017-2018,Kharif,Rangareddy,Amangal,Horse Gram,9,0
2017-2018,Kharif,Rangareddy,Kadthal,Horse Gram,0,0
2017-2018,Kharif,Rangareddy,Farooqnagar,Horse Gram,10,0
2017-2018,Kharif,Rangareddy,Talakondapalle,Horse Gram,6,0
2017-2018,Kharif,Rangareddy,Keshampeta,Horse Gram,25,
2017-2018,Kharif,Rangareddy,Kothur,Horse Gram,32,2
2017-2018,Kharif,Rangareddy,Nandigam,Horse Gram,1,0
2017-2018,Kharif,Rangareddy,Kondurg,Horse Gram,20,0
2017-2018,Kharif,Rangareddy,Chowdergudem,Horse Gram,3,4
2017-2018,Kharif,Rangareddy,Chevella,Horse Gram,0,0
2017-2018,Kharif,Rangareddy,Moinabad,Horse Gram,2,0
2017-2018,Kharif,Rangareddy,Shankarpalle,Horse Gram,0,
2017-2018,Kharif,Rangareddy,Shabad,Horse Gram,1,0
2017-2018,Kharif,Rangareddy,Rajendranagar,Green Gram,0,0
2017-2018,Kharif,Rangareddy,Shamshabad,Green Gram,0,0
2017-2018,Kharif,Rangareddy,Serilingampally,Green Gram,0,0
2017-2018,Kharif,Rangareddy,Gandipet,Green Gram,0,0
2017-2018,Kharif,Rangareddy,Ibrahimpatnam,Green Gram,5,13
2017-2018,Kharif,Rangareddy,Hayathnagar,Green Gram,1,0
2017-2018,Kharif,Rangareddy,Abdullapurmet,Green Gram,0,4
2017-2018,Kharif,Rangareddy,Manchal,Green Gram,25,9
2017-2018,Kharif,Rangareddy,Yacharam,Green Gram,11,16
2017-2018,Kharif,Rangareddy,Madgul,Green Gram,22,36
2017-2018,Kharif,Rangareddy,Maheshwaram,Green Gram,4,18
2017-2018,Kharif,Rangareddy,Kandukur,Green Gram,16,6
2017-2018,Kharif,Rangareddy,Balapur,Green Gram,0,0
2017-2018,Kharif,Rangareddy,Saroornagar,Green Gram,0,
2017-2018,Kharif,Rangareddy,Amangal,Green Gram,0,0
2017-2018,Kharif,Rangareddy,Kadthal,Green Gram,1,0
2017-2018,Kharif,Rangareddy,Farooqnagar,Green Gram,0,0
2017-2018,Kharif,Rangareddy,Talakondapalle,Green Gram,3,6
2017-2018,Kharif,Rangareddy,Keshampeta,Green Gram,5,20
2017-2018,Kharif,Rangareddy,Kothur,Green Gram,0,0
2017-2018,Kharif,Rangareddy,Nandigam,Green Gram,0,0
2017-2018,Kharif,Rangareddy,Kondurg,Green Gram,0,0
2017-2018,Kharif,Rangareddy,Chowdergudem,Green Gram,0,33
2017-2018,Kharif,Rangareddy,Chevella,Green Gram,19,15
2017-2018,Kharif,Rangareddy,Moinabad,Green Gram,32,67
2017-2018,Kharif,Rangareddy,Shankarpalle,Green Gram,32,14
2017-2018,Kharif,Rangareddy,Shabad,Green Gram,0,
2017-2018,Kharif,Rangareddy,Rajendranagar,Black Gram,0,0
2017-2018,Kharif,Rangareddy,Shamshabad,Black Gram,0,0
2017-2018,Kharif,Rangareddy,Serilingampally,Black Gram,0,0
2017-2018,Kharif,Rangareddy,Gandipet,Black Gram,0,0
2017-2018,Kharif,Rangareddy,Ibrahimpatnam,Black Gram,0,1
2017-2018,Kharif,Rangareddy,Hayathnagar,Black Gram,0,0
2017-2018,Kharif,Rangareddy,Abdullapurmet,Black Gram,0,1
2017-2018,Kharif,Rangareddy,Manchal,Black Gram,1,0
2017-2018,Kharif,Rangareddy,Yacharam,Black Gram,0,0
2017-2018,Kharif,Rangareddy,Madgul,Black Gram,0,0
2017-2018,Kharif,Rangareddy,Maheshwaram,Black Gram,8,13
2017-2018,Kharif,Rangareddy,Kandukur,Black Gram,7,6
2017-2018,Kharif,Rangareddy,Balapur,Black Gram,0,0
2017-2018,Kharif,Rangareddy,Saroornagar,Black Gram,0,
2017-2018,Kharif,Rangareddy,Amangal,Black Gram,0,0
2017-2018,Kharif,Rangareddy,Kadthal,Black Gram,0,0
2017-2018,Kharif,Rangareddy,Farooqnagar,Black Gram,0,0
2017-2018,Kharif,Rangareddy,Talakondapalle,Black Gram,0,0
2017-2018,Kharif,Rangareddy,Keshampeta,Black Gram,0,
2017-2018,Kharif,Rangareddy,Kothur,Black Gram,0,0
2017-2018,Kharif,Rangareddy,Nandigam,Black Gram,0,0
2017-2018,Kharif,Rangareddy,Kondurg,Black Gram,0,0
2017-2018,Kharif,Rangareddy,Chowdergudem,Black Gram,0,
2017-2018,Kharif,Rangareddy,Chevella,Black Gram,6,3
2017-2018,Kharif,Rangareddy,Moinabad,Black Gram,0,
2017-2018,Kharif,Rangareddy,Shankarpalle,Black Gram,0,
2017-2018,Kharif,Rangareddy,Shabad,Black Gram,0,
2017-2018,Kharif,Rangareddy,Rajendranagar,Red Gram,4,0
2017-2018,Kharif,Rangareddy,Shamshabad,Red Gram,65,120
2017-2018,Kharif,Rangareddy,Serilingampally,Red Gram,0,0
2017-2018,Kharif,Rangareddy,Gandipet,Red Gram,2,11
2017-2018,Kharif,Rangareddy,Ibrahimpatnam,Red Gram,112,228
2017-2018,Kharif,Rangareddy,Hayathnagar,Red Gram,11,0
2017-2018,Kharif,Rangareddy,Abdullapurmet,Red Gram,2,5
2017-2018,Kharif,Rangareddy,Manchal,Red Gram,226,93
2017-2018,Kharif,Rangareddy,Yacharam,Red Gram,333,484
2017-2018,Kharif,Rangareddy,Madgul,Red Gram,173,279
2017-2018,Kharif,Rangareddy,Maheshwaram,Red Gram,237,249
2017-2018,Kharif,Rangareddy,Kandukur,Red Gram,379,373
2017-2018,Kharif,Rangareddy,Balapur,Red Gram,0,0
2017-2018,Kharif,Rangareddy,Saroornagar,Red Gram,1,
2017-2018,Kharif,Rangareddy,Amangal,Red Gram,343,252
2017-2018,Kharif,Rangareddy,Kadthal,Red Gram,41,227
2017-2018,Kharif,Rangareddy,Farooqnagar,Red Gram,500,445
2017-2018,Kharif,Rangareddy,Talakondapalle,Red Gram,377,197
2017-2018,Kharif,Rangareddy,Keshampeta,Red Gram,574,430
2017-2018,Kharif,Rangareddy,Kothur,Red Gram,277,108
2017-2018,Kharif,Rangareddy,Nandigam,Red Gram,54,403
2017-2018,Kharif,Rangareddy,Kondurg,Red Gram,329,297
2017-2018,Kharif,Rangareddy,Chowdergudem,Red Gram,42,325
2017-2018,Kharif,Rangareddy,Chevella,Red Gram,330,317
2017-2018,Kharif,Rangareddy,Moinabad,Red Gram,431,484
2017-2018,Kharif,Rangareddy,Shankarpalle,Red Gram,335,312
2017-2018,Kharif,Rangareddy,Shabad,Red Gram,541,486
2017-2018,Kharif,Rangareddy,Rajendranagar,Cow Gram,0,0
2017-2018,Kharif,Rangareddy,Shamshabad,Cow Gram,0,0
2017-2018,Kharif,Rangareddy,Serilingampally,Cow Gram,0,0
2017-2018,Kharif,Rangareddy,Gandipet,Cow Gram,0,0
2017-2018,Kharif,Rangareddy,Ibrahimpatnam,Cow Gram,11,0
2017-2018,Kharif,Rangareddy,Hayathnagar,Cow Gram,0,0
2017-2018,Kharif,Rangareddy,Abdullapurmet,Cow Gram,0,0
2017-2018,Kharif,Rangareddy,Manchal,Cow Gram,0,0
2017-2018,Kharif,Rangareddy,Yacharam,Cow Gram,0,0
2017-2018,Kharif,Rangareddy,Madgul,Cow Gram,0,0
2017-2018,Kharif,Rangareddy,Maheshwaram,Cow Gram,0,0
2017-2018,Kharif,Rangareddy,Kandukur,Cow Gram,0,0
2017-2018,Kharif,Rangareddy,Balapur,Cow Gram,0,0
2017-2018,Kharif,Rangareddy,Saroornagar,Cow Gram,0,
2017-2018,Kharif,Rangareddy,Amangal,Cow Gram,0,0
2017-2018,Kharif,Rangareddy,Kadthal,Cow Gram,0,0
2017-2018,Kharif,Rangareddy,Farooqnagar,Cow Gram,0,0
2017-2018,Kharif,Rangareddy,Talakondapalle,Cow Gram,0,0
2017-2018,Kharif,Rangareddy,Keshampeta,Cow Gram,0,0
2017-2018,Kharif,Rangareddy,Kothur,Cow Gram,0,0
2017-2018,Kharif,Rangareddy,Nandigam,Cow Gram,0,0
2017-2018,Kharif,Rangareddy,Kondurg,Cow Gram,0,0
2017-2018,Kharif,Rangareddy,Chowdergudem,Cow Gram,0,
2017-2018,Kharif,Rangareddy,Chevella,Cow Gram,0,0
2017-2018,Kharif,Rangareddy,Moinabad,Cow Gram,0,
2017-2018,Kharif,Rangareddy,Shankarpalle,Cow Gram,0,
2017-2018,Kharif,Rangareddy,Shabad,Cow Gram,0,
2017-2018,Kharif,Rangareddy,Rajendranagar,Chillies,0,2
2017-2018,Kharif,Rangareddy,Shamshabad,Chillies,0,5
2017-2018,Kharif,Rangareddy,Serilingampally,Chillies,0,0
2017-2018,Kharif,Rangareddy,Gandipet,Chillies,0,9
2017-2018,Kharif,Rangareddy,Ibrahimpatnam,Chillies,1,17
2017-2018,Kharif,Rangareddy,Hayathnagar,Chillies,0,0
2017-2018,Kharif,Rangareddy,Abdullapurmet,Chillies,0,
2017-2018,Kharif,Rangareddy,Manchal,Chillies,2,0
2017-2018,Kharif,Rangareddy,Yacharam,Chillies,0,46
2017-2018,Kharif,Rangareddy,Madgul,Chillies,15,74
2017-2018,Kharif,Rangareddy,Maheshwaram,Chillies,17,14
2017-2018,Kharif,Rangareddy,Kandukur,Chillies,2,0
2017-2018,Kharif,Rangareddy,Balapur,Chillies,0,0
2017-2018,Kharif,Rangareddy,Saroornagar,Chillies,0,
2017-2018,Kharif,Rangareddy,Amangal,Chillies,1,0
2017-2018,Kharif,Rangareddy,Kadthal,Chillies,2,5
2017-2018,Kharif,Rangareddy,Farooqnagar,Chillies,14,115
2017-2018,Kharif,Rangareddy,Talakondapalle,Chillies,0,12
2017-2018,Kharif,Rangareddy,Keshampeta,Chillies,4,91
2017-2018,Kharif,Rangareddy,Kothur,Chillies,0,25
2017-2018,Kharif,Rangareddy,Nandigam,Chillies,0,25
2017-2018,Kharif,Rangareddy,Kondurg,Chillies,8,28
2017-2018,Kharif,Rangareddy,Chowdergudem,Chillies,0,9
2017-2018,Kharif,Rangareddy,Chevella,Chillies,33,0
2017-2018,Kharif,Rangareddy,Moinabad,Chillies,0,
2017-2018,Kharif,Rangareddy,Shankarpalle,Chillies,0,25
2017-2018,Kharif,Rangareddy,Shabad,Chillies,1,0
2017-2018,Kharif,Rangareddy,Rajendranagar,Turmeric,0,0
2017-2018,Kharif,Rangareddy,Shamshabad,Turmeric,2,3
2017-2018,Kharif,Rangareddy,Serilingampally,Turmeric,0,0
2017-2018,Kharif,Rangareddy,Gandipet,Turmeric,0,0
2017-2018,Kharif,Rangareddy,Ibrahimpatnam,Turmeric,0,0
2017-2018,Kharif,Rangareddy,Hayathnagar,Turmeric,0,0
2017-2018,Kharif,Rangareddy,Abdullapurmet,Turmeric,0,
2017-2018,Kharif,Rangareddy,Manchal,Turmeric,0,0
2017-2018,Kharif,Rangareddy,Yacharam,Turmeric,0,0
2017-2018,Kharif,Rangareddy,Madgul,Turmeric,0,0
2017-2018,Kharif,Rangareddy,Maheshwaram,Turmeric,0,0
2017-2018,Kharif,Rangareddy,Kandukur,Turmeric,0,0
2017-2018,Kharif,Rangareddy,Balapur,Turmeric,0,0
2017-2018,Kharif,Rangareddy,Saroornagar,Turmeric,0,
2017-2018,Kharif,Rangareddy,Amangal,Turmeric,0,0
2017-2018,Kharif,Rangareddy,Kadthal,Turmeric,0,0
2017-2018,Kharif,Rangareddy,Farooqnagar,Turmeric,0,0
2017-2018,Kharif,Rangareddy,Talakondapalle,Turmeric,0,0
2017-2018,Kharif,Rangareddy,Keshampeta,Turmeric,0,
2017-2018,Kharif,Rangareddy,Kothur,Turmeric,0,0
2017-2018,Kharif,Rangareddy,Nandigam,Turmeric,0,0
2017-2018,Kharif,Rangareddy,Kondurg,Turmeric,26,0
2017-2018,Kharif,Rangareddy,Chowdergudem,Turmeric,0,0
2017-2018,Kharif,Rangareddy,Chevella,Turmeric,0,0
2017-2018,Kharif,Rangareddy,Moinabad,Turmeric,2,0
2017-2018,Kharif,Rangareddy,Shankarpalle,Turmeric,53,6
2017-2018,Kharif,Rangareddy,Shabad,Turmeric,0,
2017-2018,Kharif,Rangareddy,Rajendranagar,Sugarcane,0,0
2017-2018,Kharif,Rangareddy,Shamshabad,Sugarcane,0,0
2017-2018,Kharif,Rangareddy,Serilingampally,Sugarcane,0,0
2017-2018,Kharif,Rangareddy,Gandipet,Sugarcane,0,0
2017-2018,Kharif,Rangareddy,Ibrahimpatnam,Sugarcane,0,0
2017-2018,Kharif,Rangareddy,Hayathnagar,Sugarcane,0,0
2017-2018,Kharif,Rangareddy,Abdullapurmet,Sugarcane,0,
2017-2018,Kharif,Rangareddy,Manchal,Sugarcane,0,0
2017-2018,Kharif,Rangareddy,Yacharam,Sugarcane,0,0
2017-2018,Kharif,Rangareddy,Madgul,Sugarcane,0,0
2017-2018,Kharif,Rangareddy,Maheshwaram,Sugarcane,0,0
2017-2018,Kharif,Rangareddy,Kandukur,Sugarcane,0,0
2017-2018,Kharif,Rangareddy,Balapur,Sugarcane,0,0
2017-2018,Kharif,Rangareddy,Saroornagar,Sugarcane,0,
2017-2018,Kharif,Rangareddy,Amangal,Sugarcane,0,0
2017-2018,Kharif,Rangareddy,Kadthal,Sugarcane,0,0
2017-2018,Kharif,Rangareddy,Farooqnagar,Sugarcane,4,4
2017-2018,Kharif,Rangareddy,Talakondapalle,Sugarcane,0,0
2017-2018,Kharif,Rangareddy,Keshampeta,Sugarcane,0,
2017-2018,Kharif,Rangareddy,Kothur,Sugarcane,0,0
2017-2018,Kharif,Rangareddy,Nandigam,Sugarcane,0,0
2017-2018,Kharif,Rangareddy,Kondurg,Sugarcane,233,0
2017-2018,Kharif,Rangareddy,Chowdergudem,Sugarcane,8,27
2017-2018,Kharif,Rangareddy,Chevella,Sugarcane,0,0
2017-2018,Kharif,Rangareddy,Moinabad,Sugarcane,0,
2017-2018,Kharif,Rangareddy,Shankarpalle,Sugarcane,9,0
2017-2018,Kharif,Rangareddy,Shabad,Sugarcane,0,0
2017-2018,Kharif,Rangareddy,Rajendranagar,Potato,0,0
2017-2018,Kharif,Rangareddy,Shamshabad,Potato,0,0
2017-2018,Kharif,Rangareddy,Serilingampally,Potato,0,0
2017-2018,Kharif,Rangareddy,Gandipet,Potato,0,
2017-2018,Kharif,Rangareddy,Ibrahimpatnam,Potato,1,
2017-2018,Kharif,Rangareddy,Hayathnagar,Potato,0,0
2017-2018,Kharif,Rangareddy,Abdullapurmet,Potato,0,
2017-2018,Kharif,Rangareddy,Manchal,Potato,0,0
2017-2018,Kharif,Rangareddy,Yacharam,Potato,0,0
2017-2018,Kharif,Rangareddy,Madgul,Potato,0,0
2017-2018,Kharif,Rangareddy,Maheshwaram,Potato,0,0
2017-2018,Kharif,Rangareddy,Kandukur,Potato,0,0
2017-2018,Kharif,Rangareddy,Balapur,Potato,0,0
2017-2018,Kharif,Rangareddy,Saroornagar,Potato,0,
2017-2018,Kharif,Rangareddy,Amangal,Potato,0,0
2017-2018,Kharif,Rangareddy,Kadthal,Potato,0,0
2017-2018,Kharif,Rangareddy,Farooqnagar,Potato,2,8
2017-2018,Kharif,Rangareddy,Talakondapalle,Potato,0,0
2017-2018,Kharif,Rangareddy,Keshampeta,Potato,0,
2017-2018,Kharif,Rangareddy,Kothur,Potato,0,0
2017-2018,Kharif,Rangareddy,Nandigam,Potato,0,0
2017-2018,Kharif,Rangareddy,Kondurg,Potato,0,0
2017-2018,Kharif,Rangareddy,Chowdergudem,Potato,0,
2017-2018,Kharif,Rangareddy,Chevella,Potato,0,0
2017-2018,Kharif,Rangareddy,Moinabad,Potato,0,
2017-2018,Kharif,Rangareddy,Shankarpalle,Potato,6,3
2017-2018,Kharif,Rangareddy,Shabad,Potato,0,
2017-2018,Kharif,Rangareddy,Rajendranagar,Onion,0,0
2017-2018,Kharif,Rangareddy,Shamshabad,Onion,0,0
2017-2018,Kharif,Rangareddy,Serilingampally,Onion,0,0
2017-2018,Kharif,Rangareddy,Gandipet,Onion,0,0
2017-2018,Kharif,Rangareddy,Ibrahimpatnam,Onion,11,3
2017-2018,Kharif,Rangareddy,Hayathnagar,Onion,0,0
2017-2018,Kharif,Rangareddy,Abdullapurmet,Onion,0,
2017-2018,Kharif,Rangareddy,Manchal,Onion,0,6
2017-2018,Kharif,Rangareddy,Yacharam,Onion,21,16
2017-2018,Kharif,Rangareddy,Madgul,Onion,0,0
2017-2018,Kharif,Rangareddy,Maheshwaram,Onion,13,8
2017-2018,Kharif,Rangareddy,Kandukur,Onion,2,0
2017-2018,Kharif,Rangareddy,Balapur,Onion,1,0
2017-2018,Kharif,Rangareddy,Saroornagar,Onion,0,
2017-2018,Kharif,Rangareddy,Amangal,Onion,0,0
2017-2018,Kharif,Rangareddy,Kadthal,Onion,0,0
2017-2018,Kharif,Rangareddy,Farooqnagar,Onion,0,0
2017-2018,Kharif,Rangareddy,Talakondapalle,Onion,0,0
2017-2018,Kharif,Rangareddy,Keshampeta,Onion,0,
2017-2018,Kharif,Rangareddy,Kothur,Onion,0,0
2017-2018,Kharif,Rangareddy,Nandigam,Onion,0,0
2017-2018,Kharif,Rangareddy,Kondurg,Onion,0,0
2017-2018,Kharif,Rangareddy,Chowdergudem,Onion,0,0
2017-2018,Kharif,Rangareddy,Chevella,Onion,34,32
2017-2018,Kharif,Rangareddy,Moinabad,Onion,8,3
2017-2018,Kharif,Rangareddy,Shankarpalle,Onion,13,5
2017-2018,Kharif,Rangareddy,Shabad,Onion,15,8
2017-2018,Kharif,Rangareddy,Rajendranagar,Other food crops,82,7
2017-2018,Kharif,Rangareddy,Shamshabad,Other food crops,441,946
2017-2018,Kharif,Rangareddy,Serilingampally,Other food crops,2,12
2017-2018,Kharif,Rangareddy,Gandipet,Other food crops,6,312
2017-2018,Kharif,Rangareddy,Ibrahimpatnam,Other food crops,731,510
2017-2018,Kharif,Rangareddy,Hayathnagar,Other food crops,110,4
2017-2018,Kharif,Rangareddy,Abdullapurmet,Other food crops,30,160
2017-2018,Kharif,Rangareddy,Manchal,Other food crops,284,597
2017-2018,Kharif,Rangareddy,Yacharam,Other food crops,445,1215
2017-2018,Kharif,Rangareddy,Madgul,Other food crops,225,466
2017-2018,Kharif,Rangareddy,Maheshwaram,Other food crops,841,536
2017-2018,Kharif,Rangareddy,Kandukur,Other food crops,793,1140
2017-2018,Kharif,Rangareddy,Balapur,Other food crops,9,103
2017-2018,Kharif,Rangareddy,Saroornagar,Other food crops,81,4
2017-2018,Kharif,Rangareddy,Amangal,Other food crops,164,298
2017-2018,Kharif,Rangareddy,Kadthal,Other food crops,17,442
2017-2018,Kharif,Rangareddy,Farooqnagar,Other food crops,566,1769
2017-2018,Kharif,Rangareddy,Talakondapalle,Other food crops,193,967
2017-2018,Kharif,Rangareddy,Keshampeta,Other food crops,444,768
2017-2018,Kharif,Rangareddy,Kothur,Other food crops,306,243
2017-2018,Kharif,Rangareddy,Nandigam,Other food crops,16,137
2017-2018,Kharif,Rangareddy,Kondurg,Other food crops,239,394
2017-2018,Kharif,Rangareddy,Chowdergudem,Other food crops,40,290
2017-2018,Kharif,Rangareddy,Chevella,Other food crops,2814,2365
2017-2018,Kharif,Rangareddy,Moinabad,Other food crops,685,1189
2017-2018,Kharif,Rangareddy,Shankarpalle,Other food crops,790,953
2017-2018,Kharif,Rangareddy,Shabad,Other food crops,1473,1608
2017-2018,Kharif,Rangareddy,Rajendranagar,Cotton,0,
2017-2018,Kharif,Rangareddy,Shamshabad,Cotton,106,213
2017-2018,Kharif,Rangareddy,Serilingampally,Cotton,0,
2017-2018,Kharif,Rangareddy,Gandipet,Cotton,0,8
2017-2018,Kharif,Rangareddy,Ibrahimpatnam,Cotton,525,704
2017-2018,Kharif,Rangareddy,Hayathnagar,Cotton,4,0
2017-2018,Kharif,Rangareddy,Abdullapurmet,Cotton,0,48
2017-2018,Kharif,Rangareddy,Manchal,Cotton,936,2274
2017-2018,Kharif,Rangareddy,Yacharam,Cotton,1386,1691
2017-2018,Kharif,Rangareddy,Madgul,Cotton,13262,20071
2017-2018,Kharif,Rangareddy,Maheshwaram,Cotton,572,1115
2017-2018,Kharif,Rangareddy,Kandukur,Cotton,1383,1391
2017-2018,Kharif,Rangareddy,Balapur,Cotton,1,4
2017-2018,Kharif,Rangareddy,Saroornagar,Cotton,3,
2017-2018,Kharif,Rangareddy,Amangal,Cotton,4974,4287
2017-2018,Kharif,Rangareddy,Kadthal,Cotton,340,2500
2017-2018,Kharif,Rangareddy,Farooqnagar,Cotton,1238,2431
2017-2018,Kharif,Rangareddy,Talakondapalle,Cotton,6641,7304
2017-2018,Kharif,Rangareddy,Keshampeta,Cotton,4383,7613
2017-2018,Kharif,Rangareddy,Kothur,Cotton,1805,933
2017-2018,Kharif,Rangareddy,Nandigam,Cotton,297,1791
2017-2018,Kharif,Rangareddy,Kondurg,Cotton,5286,5538
2017-2018,Kharif,Rangareddy,Chowdergudem,Cotton,333,2949
2017-2018,Kharif,Rangareddy,Chevella,Cotton,3952,4802
2017-2018,Kharif,Rangareddy,Moinabad,Cotton,456,873
2017-2018,Kharif,Rangareddy,Shankarpalle,Cotton,2735,3407
2017-2018,Kharif,Rangareddy,Shabad,Cotton,9448,8429
2017-2018,Kharif,Rangareddy,Rajendranagar,Groundnut,0,
2017-2018,Kharif,Rangareddy,Shamshabad,Groundnut,0,
2017-2018,Kharif,Rangareddy,Serilingampally,Groundnut,0,
2017-2018,Kharif,Rangareddy,Gandipet,Groundnut,0,
2017-2018,Kharif,Rangareddy,Ibrahimpatnam,Groundnut,0,0
2017-2018,Kharif,Rangareddy,Hayathnagar,Groundnut,1,
2017-2018,Kharif,Rangareddy,Abdullapurmet,Groundnut,0,0
2017-2018,Kharif,Rangareddy,Manchal,Groundnut,0,0
2017-2018,Kharif,Rangareddy,Yacharam,Groundnut,2,0
2017-2018,Kharif,Rangareddy,Madgul,Groundnut,0,0
2017-2018,Kharif,Rangareddy,Maheshwaram,Groundnut,0,0
2017-2018,Kharif,Rangareddy,Kandukur,Groundnut,0,0
2017-2018,Kharif,Rangareddy,Balapur,Groundnut,0,0
2017-2018,Kharif,Rangareddy,Saroornagar,Groundnut,1,
2017-2018,Kharif,Rangareddy,Amangal,Groundnut,0,0
2017-2018,Kharif,Rangareddy,Kadthal,Groundnut,0,0
2017-2018,Kharif,Rangareddy,Farooqnagar,Groundnut,3,0
2017-2018,Kharif,Rangareddy,Talakondapalle,Groundnut,0,0
2017-2018,Kharif,Rangareddy,Keshampeta,Groundnut,0,
2017-2018,Kharif,Rangareddy,Kothur,Groundnut,0,0
2017-2018,Kharif,Rangareddy,Nandigam,Groundnut,0,0
2017-2018,Kharif,Rangareddy,Kondurg,Groundnut,0,0
2017-2018,Kharif,Rangareddy,Chowdergudem,Groundnut,0,
2017-2018,Kharif,Rangareddy,Chevella,Groundnut,0,0
2017-2018,Kharif,Rangareddy,Moinabad,Groundnut,0,
2017-2018,Kharif,Rangareddy,Shankarpalle,Groundnut,0,0
2017-2018,Kharif,Rangareddy,Shabad,Groundnut,0,
2017-2018,Kharif,Rangareddy,Rajendranagar,Sesamum,0,
2017-2018,Kharif,Rangareddy,Shamshabad,Sesamum,0,
2017-2018,Kharif,Rangareddy,Serilingampally,Sesamum,0,
2017-2018,Kharif,Rangareddy,Gandipet,Sesamum,0,
2017-2018,Kharif,Rangareddy,Ibrahimpatnam,Sesamum,11,1
2017-2018,Kharif,Rangareddy,Hayathnagar,Sesamum,0,0
2017-2018,Kharif,Rangareddy,Abdullapurmet,Sesamum,0,0
2017-2018,Kharif,Rangareddy,Manchal,Sesamum,2,0
2017-2018,Kharif,Rangareddy,Yacharam,Sesamum,0,0
2017-2018,Kharif,Rangareddy,Madgul,Sesamum,0,0
2017-2018,Kharif,Rangareddy,Maheshwaram,Sesamum,0,0
2017-2018,Kharif,Rangareddy,Kandukur,Sesamum,0,0
2017-2018,Kharif,Rangareddy,Balapur,Sesamum,0,0
2017-2018,Kharif,Rangareddy,Saroornagar,Sesamum,0,
2017-2018,Kharif,Rangareddy,Amangal,Sesamum,0,0
2017-2018,Kharif,Rangareddy,Kadthal,Sesamum,0,0
2017-2018,Kharif,Rangareddy,Farooqnagar,Sesamum,0,0
2017-2018,Kharif,Rangareddy,Talakondapalle,Sesamum,0,0
2017-2018,Kharif,Rangareddy,Keshampeta,Sesamum,1,
2017-2018,Kharif,Rangareddy,Kothur,Sesamum,4,2
2017-2018,Kharif,Rangareddy,Nandigam,Sesamum,0,1
2017-2018,Kharif,Rangareddy,Kondurg,Sesamum,17,0
2017-2018,Kharif,Rangareddy,Chowdergudem,Sesamum,1,
2017-2018,Kharif,Rangareddy,Chevella,Sesamum,1,0
2017-2018,Kharif,Rangareddy,Moinabad,Sesamum,3,
2017-2018,Kharif,Rangareddy,Shankarpalle,Sesamum,0,
2017-2018,Kharif,Rangareddy,Shabad,Sesamum,0,
2017-2018,Kharif,Rangareddy,Rajendranagar,Safflower,0,
2017-2018,Kharif,Rangareddy,Shamshabad,Safflower,0,
2017-2018,Kharif,Rangareddy,Serilingampally,Safflower,0,
2017-2018,Kharif,Rangareddy,Gandipet,Safflower,0,
2017-2018,Kharif,Rangareddy,Ibrahimpatnam,Safflower,0,
2017-2018,Kharif,Rangareddy,Hayathnagar,Safflower,0,0
2017-2018,Kharif,Rangareddy,Abdullapurmet,Safflower,0,0
2017-2018,Kharif,Rangareddy,Manchal,Safflower,0,0
2017-2018,Kharif,Rangareddy,Yacharam,Safflower,0,0
2017-2018,Kharif,Rangareddy,Madgul,Safflower,0,0
2017-2018,Kharif,Rangareddy,Maheshwaram,Safflower,0,0
2017-2018,Kharif,Rangareddy,Kandukur,Safflower,0,0
2017-2018,Kharif,Rangareddy,Balapur,Safflower,0,0
2017-2018,Kharif,Rangareddy,Saroornagar,Safflower,0,
2017-2018,Kharif,Rangareddy,Amangal,Safflower,0,0
2017-2018,Kharif,Rangareddy,Kadthal,Safflower,0,0
2017-2018,Kharif,Rangareddy,Farooqnagar,Safflower,0,0
2017-2018,Kharif,Rangareddy,Talakondapalle,Safflower,0,0
2017-2018,Kharif,Rangareddy,Keshampeta,Safflower,1,
2017-2018,Kharif,Rangareddy,Kothur,Safflower,0,0
2017-2018,Kharif,Rangareddy,Nandigam,Safflower,0,
2017-2018,Kharif,Rangareddy,Kondurg,Safflower,0,0
2017-2018,Kharif,Rangareddy,Chowdergudem,Safflower,0,
2017-2018,Kharif,Rangareddy,Chevella,Safflower,0,0
2017-2018,Kharif,Rangareddy,Moinabad,Safflower,0,
2017-2018,Kharif,Rangareddy,Shankarpalle,Safflower,0,
2017-2018,Kharif,Rangareddy,Shabad,Safflower,0,
2017-2018,Kharif,Rangareddy,Rajendranagar,Sunflower,0,
2017-2018,Kharif,Rangareddy,Shamshabad,Sunflower,0,
2017-2018,Kharif,Rangareddy,Serilingampally,Sunflower,0,
2017-2018,Kharif,Rangareddy,Gandipet,Sunflower,0,
2017-2018,Kharif,Rangareddy,Ibrahimpatnam,Sunflower,0,0
2017-2018,Kharif,Rangareddy,Hayathnagar,Sunflower,0,0
2017-2018,Kharif,Rangareddy,Abdullapurmet,Sunflower,0,0
2017-2018,Kharif,Rangareddy,Manchal,Sunflower,0,0
2017-2018,Kharif,Rangareddy,Yacharam,Sunflower,0,0
2017-2018,Kharif,Rangareddy,Madgul,Sunflower,0,0
2017-2018,Kharif,Rangareddy,Maheshwaram,Sunflower,0,0
2017-2018,Kharif,Rangareddy,Kandukur,Sunflower,0,0
2017-2018,Kharif,Rangareddy,Balapur,Sunflower,0,0
2017-2018,Kharif,Rangareddy,Saroornagar,Sunflower,0,
2017-2018,Kharif,Rangareddy,Amangal,Sunflower,2,0
2017-2018,Kharif,Rangareddy,Kadthal,Sunflower,0,0
2017-2018,Kharif,Rangareddy,Farooqnagar,Sunflower,5,0
2017-2018,Kharif,Rangareddy,Talakondapalle,Sunflower,0,0
2017-2018,Kharif,Rangareddy,Keshampeta,Sunflower,0,
2017-2018,Kharif,Rangareddy,Kothur,Sunflower,0,
2017-2018,Kharif,Rangareddy,Nandigam,Sunflower,0,
2017-2018,Kharif,Rangareddy,Kondurg,Sunflower,0,0
2017-2018,Kharif,Rangareddy,Chowdergudem,Sunflower,0,
2017-2018,Kharif,Rangareddy,Chevella,Sunflower,0,0
2017-2018,Kharif,Rangareddy,Moinabad,Sunflower,0,
2017-2018,Kharif,Rangareddy,Shankarpalle,Sunflower,0,
2017-2018,Kharif,Rangareddy,Shabad,Sunflower,0,
2017-2018,Kharif,Rangareddy,Rajendranagar,Soyabean,0,
2017-2018,Kharif,Rangareddy,Shamshabad,Soyabean,,
2017-2018,Kharif,Rangareddy,Serilingampally,Soyabean,0,
2017-2018,Kharif,Rangareddy,Gandipet,Soyabean,0,
2017-2018,Kharif,Rangareddy,Ibrahimpatnam,Soyabean,1,0
2017-2018,Kharif,Rangareddy,Hayathnagar,Soyabean,0,0
2017-2018,Kharif,Rangareddy,Abdullapurmet,Soyabean,0,0
2017-2018,Kharif,Rangareddy,Manchal,Soyabean,0,0
2017-2018,Kharif,Rangareddy,Yacharam,Soyabean,2,0
2017-2018,Kharif,Rangareddy,Madgul,Soyabean,0,0
2017-2018,Kharif,Rangareddy,Maheshwaram,Soyabean,1,5
2017-2018,Kharif,Rangareddy,Kandukur,Soyabean,0,1
2017-2018,Kharif,Rangareddy,Balapur,Soyabean,0,0
2017-2018,Kharif,Rangareddy,Saroornagar,Soyabean,0,
2017-2018,Kharif,Rangareddy,Amangal,Soyabean,0,0
2017-2018,Kharif,Rangareddy,Kadthal,Soyabean,0,0
2017-2018,Kharif,Rangareddy,Farooqnagar,Soyabean,0,0
2017-2018,Kharif,Rangareddy,Talakondapalle,Soyabean,2,1
2017-2018,Kharif,Rangareddy,Keshampeta,Soyabean,0,
2017-2018,Kharif,Rangareddy,Kothur,Soyabean,0,
2017-2018,Kharif,Rangareddy,Nandigam,Soyabean,0,
2017-2018,Kharif,Rangareddy,Kondurg,Soyabean,0,0
2017-2018,Kharif,Rangareddy,Chowdergudem,Soyabean,0,
2017-2018,Kharif,Rangareddy,Chevella,Soyabean,8,2
2017-2018,Kharif,Rangareddy,Moinabad,Soyabean,0,
2017-2018,Kharif,Rangareddy,Shankarpalle,Soyabean,40,5
2017-2018,Kharif,Rangareddy,Shabad,Soyabean,0,
2017-2018,Kharif,Rangareddy,Rajendranagar,Castor,0,
2017-2018,Kharif,Rangareddy,Shamshabad,Castor,3,
2017-2018,Kharif,Rangareddy,Serilingampally,Castor,0,
2017-2018,Kharif,Rangareddy,Gandipet,Castor,0,
2017-2018,Kharif,Rangareddy,Ibrahimpatnam,Castor,154,31
2017-2018,Kharif,Rangareddy,Hayathnagar,Castor,4,0
2017-2018,Kharif,Rangareddy,Abdullapurmet,Castor,0,0
2017-2018,Kharif,Rangareddy,Manchal,Castor,655,524
2017-2018,Kharif,Rangareddy,Yacharam,Castor,555,484
2017-2018,Kharif,Rangareddy,Madgul,Castor,45,5
2017-2018,Kharif,Rangareddy,Maheshwaram,Castor,26,2
2017-2018,Kharif,Rangareddy,Kandukur,Castor,237,2
2017-2018,Kharif,Rangareddy,Balapur,Castor,0,0
2017-2018,Kharif,Rangareddy,Saroornagar,Castor,0,
2017-2018,Kharif,Rangareddy,Amangal,Castor,387,45
2017-2018,Kharif,Rangareddy,Kadthal,Castor,18,21
2017-2018,Kharif,Rangareddy,Farooqnagar,Castor,47,0
2017-2018,Kharif,Rangareddy,Talakondapalle,Castor,71,10
2017-2018,Kharif,Rangareddy,Keshampeta,Castor,26,
2017-2018,Kharif,Rangareddy,Kothur,Castor,20,0
2017-2018,Kharif,Rangareddy,Nandigam,Castor,0,
2017-2018,Kharif,Rangareddy,Kondurg,Castor,12,0
2017-2018,Kharif,Rangareddy,Chowdergudem,Castor,1,3
2017-2018,Kharif,Rangareddy,Chevella,Castor,0,0
2017-2018,Kharif,Rangareddy,Moinabad,Castor,3,0
2017-2018,Kharif,Rangareddy,Shankarpalle,Castor,0,
2017-2018,Kharif,Rangareddy,Shabad,Castor,5,0
2017-2018,Kharif,Rangareddy,Rajendranagar,Other non-food crops,31,25
2017-2018,Kharif,Rangareddy,Shamshabad,Other non-food crops,395,213
2017-2018,Kharif,Rangareddy,Serilingampally,Other non-food crops,3,
2017-2018,Kharif,Rangareddy,Gandipet,Other non-food crops,5,39
2017-2018,Kharif,Rangareddy,Ibrahimpatnam,Other non-food crops,825,917
2017-2018,Kharif,Rangareddy,Hayathnagar,Other non-food crops,395,1
2017-2018,Kharif,Rangareddy,Abdullapurmet,Other non-food crops,86,230
2017-2018,Kharif,Rangareddy,Manchal,Other non-food crops,1794,155
2017-2018,Kharif,Rangareddy,Yacharam,Other non-food crops,2028,20
2017-2018,Kharif,Rangareddy,Madgul,Other non-food crops,13312,64
2017-2018,Kharif,Rangareddy,Maheshwaram,Other non-food crops,1027,1016
2017-2018,Kharif,Rangareddy,Kandukur,Other non-food crops,1856,231
2017-2018,Kharif,Rangareddy,Balapur,Other non-food crops,6,6
2017-2018,Kharif,Rangareddy,Saroornagar,Other non-food crops,31,
2017-2018,Kharif,Rangareddy,Amangal,Other non-food crops,5369,35
2017-2018,Kharif,Rangareddy,Kadthal,Other non-food crops,360,13
2017-2018,Kharif,Rangareddy,Farooqnagar,Other non-food crops,1428,160
2017-2018,Kharif,Rangareddy,Talakondapalle,Other non-food crops,6729,74
2017-2018,Kharif,Rangareddy,Keshampeta,Other non-food crops,4473,38
2017-2018,Kharif,Rangareddy,Kothur,Other non-food crops,1885,47
2017-2018,Kharif,Rangareddy,Nandigam,Other non-food crops,314,149
2017-2018,Kharif,Rangareddy,Kondurg,Other non-food crops,5315,62
2017-2018,Kharif,Rangareddy,Chowdergudem,Other non-food crops,338,20
2017-2018,Kharif,Rangareddy,Chevella,Other non-food crops,4211,340
2017-2018,Kharif,Rangareddy,Moinabad,Other non-food crops,1110,1470
2017-2018,Kharif,Rangareddy,Shankarpalle,Other non-food crops,2973,349
2017-2018,Kharif,Rangareddy,Shabad,Other non-food crops,9750,306
2017-2018,Kharif,Rangareddy,Rajendranagar,Total,380,49
2017-2018,Kharif,Rangareddy,Shamshabad,Total,2932,3207
2017-2018,Kharif,Rangareddy,Serilingampally,Total,35,16
2017-2018,Kharif,Rangareddy,Gandipet,Total,60,636
2017-2018,Kharif,Rangareddy,Ibrahimpatnam,Total,3573,4513
2017-2018,Kharif,Rangareddy,Hayathnagar,Total,1539,31
2017-2018,Kharif,Rangareddy,Abdullapurmet,Total,266,1519
2017-2018,Kharif,Rangareddy,Manchal,Total,4023,5713
2017-2018,Kharif,Rangareddy,Yacharam,Total,5713,6609
2017-2018,Kharif,Rangareddy,Madgul,Total,14783,21511
2017-2018,Kharif,Rangareddy,Maheshwaram,Total,5942,6585
2017-2018,Kharif,Rangareddy,Kandukur,Total,10283,9091
2017-2018,Kharif,Rangareddy,Balapur,Total,32,284
2017-2018,Kharif,Rangareddy,Saroornagar,Total,313,4
2017-2018,Kharif,Rangareddy,Amangal,Total,10692,7426
2017-2018,Kharif,Rangareddy,Kadthal,Total,1508,7857
2017-2018,Kharif,Rangareddy,Farooqnagar,Total,12485,12139
2017-2018,Kharif,Rangareddy,Talakondapalle,Total,16572,14213
2017-2018,Kharif,Rangareddy,Keshampeta,Total,12949,14763
2017-2018,Kharif,Rangareddy,Kothur,Total,7071,4117
2017-2018,Kharif,Rangareddy,Nandigam,Total,1249,6734
2017-2018,Kharif,Rangareddy,Kondurg,Total,13103,9311
2017-2018,Kharif,Rangareddy,Chowdergudem,Total,1601,8377
2017-2018,Kharif,Rangareddy,Chevella,Total,9892,9766
2017-2018,Kharif,Rangareddy,Moinabad,Total,4889,5657
2017-2018,Kharif,Rangareddy,Shankarpalle,Total,7902,8035
2017-2018,Kharif,Rangareddy,Shabad,Total,15024,13440
