year,season,districtName,mandalName,crop,normalAreaSown,actualAreaSown
2017-2018,Rabi,Rangareddy,Shankarpalle,Paddy,305,335
2017-2018,Rabi,Rangareddy,Serilingampally,Paddy,5,6
2017-2018,Rabi,Rangareddy,Gandipet,Paddy,24,41
2017-2018,Rabi,Rangareddy,Rajendranagar,Paddy,73,60
2017-2018,Rabi,Rangareddy,Balapur,Paddy,13,66
2017-2018,Rabi,Rangareddy,Saroornagar,Paddy,51,
2017-2018,Rabi,Rangareddy,Hayathnagar,Paddy,584,100
2017-2018,Rabi,Rangareddy,Abdullapurmet,Paddy,209,200
2017-2018,Rabi,Rangareddy,Ibrahimpatnam,Paddy,695,325
2017-2018,Rabi,Rangareddy,Manchal,Paddy,480,300
2017-2018,Rabi,Rangareddy,Yacharam,Paddy,377,212
2017-2018,Rabi,Rangareddy,Madgul,Paddy,409,23
2017-2018,Rabi,Rangareddy,Amangal,Paddy,606,265
2017-2018,Rabi,Rangareddy,Talakondapalle,Paddy,612,265
2017-2018,Rabi,Rangareddy,Keshampeta,Paddy,621,210
2017-2018,Rabi,Rangareddy,Kadthal,Paddy,108,201
2017-2018,Rabi,Rangareddy,Kandukur,Paddy,538,228
2017-2018,Rabi,Rangareddy,Maheshwaram,Paddy,457,185
2017-2018,Rabi,Rangareddy,Shamshabad,Paddy,230,300
2017-2018,Rabi,Rangareddy,Moinabad,Paddy,269,186
2017-2018,Rabi,Rangareddy,Chevella,Paddy,70,50
2017-2018,Rabi,Rangareddy,Shabad,Paddy,434,592
2017-2018,Rabi,Rangareddy,Kothur,Paddy,241,272
2017-2018,Rabi,Rangareddy,Nandigam,Paddy,25,315
2017-2018,Rabi,Rangareddy,Farooqnagar,Paddy,525,356
2017-2018,Rabi,Rangareddy,Kondurg,Paddy,627,750
2017-2018,Rabi,Rangareddy,Chowdergudem,Paddy,90,200
2017-2018,Rabi,Rangareddy,Shankarpalle,Wheat,49,6
2017-2018,Rabi,Rangareddy,Serilingampally,Wheat,0,
2017-2018,Rabi,Rangareddy,Gandipet,Wheat,0,
2017-2018,Rabi,Rangareddy,Rajendranagar,Wheat,1,
2017-2018,Rabi,Rangareddy,Balapur,Wheat,0,0
2017-2018,Rabi,Rangareddy,Saroornagar,Wheat,1,
2017-2018,Rabi,Rangareddy,Hayathnagar,Wheat,0,
2017-2018,Rabi,Rangareddy,Abdullapurmet,Wheat,0,
2017-2018,Rabi,Rangareddy,Ibrahimpatnam,Wheat,3,
2017-2018,Rabi,Rangareddy,Manchal,Wheat,0,
2017-2018,Rabi,Rangareddy,Yacharam,Wheat,4,
2017-2018,Rabi,Rangareddy,Madgul,Wheat,0,
2017-2018,Rabi,Rangareddy,Amangal,Wheat,0,0
2017-2018,Rabi,Rangareddy,Talakondapalle,Wheat,0,
2017-2018,Rabi,Rangareddy,Keshampeta,Wheat,1,
2017-2018,Rabi,Rangareddy,Kadthal,Wheat,0,
2017-2018,Rabi,Rangareddy,Kandukur,Wheat,0,5
2017-2018,Rabi,Rangareddy,Maheshwaram,Wheat,0,0
2017-2018,Rabi,Rangareddy,Shamshabad,Wheat,1,0
2017-2018,Rabi,Rangareddy,Moinabad,Wheat,25,10
2017-2018,Rabi,Rangareddy,Chevella,Wheat,35,10
2017-2018,Rabi,Rangareddy,Shabad,Wheat,17,0
2017-2018,Rabi,Rangareddy,Kothur,Wheat,2,
2017-2018,Rabi,Rangareddy,Nandigam,Wheat,0,
2017-2018,Rabi,Rangareddy,Farooqnagar,Wheat,0,
2017-2018,Rabi,Rangareddy,Kondurg,Wheat,2,
2017-2018,Rabi,Rangareddy,Chowdergudem,Wheat,1,
2017-2018,Rabi,Rangareddy,Shankarpalle,Jowar,80,32
2017-2018,Rabi,Rangareddy,Serilingampally,Jowar,0,
2017-2018,Rabi,Rangareddy,Gandipet,Jowar,1,2
2017-2018,Rabi,Rangareddy,Rajendranagar,Jowar,4,1
2017-2018,Rabi,Rangareddy,Balapur,Jowar,0,23
2017-2018,Rabi,Rangareddy,Saroornagar,Jowar,1,
2017-2018,Rabi,Rangareddy,Hayathnagar,Jowar,2,
2017-2018,Rabi,Rangareddy,Abdullapurmet,Jowar,1,
2017-2018,Rabi,Rangareddy,Ibrahimpatnam,Jowar,8,2
2017-2018,Rabi,Rangareddy,Manchal,Jowar,12,
2017-2018,Rabi,Rangareddy,Yacharam,Jowar,4,
2017-2018,Rabi,Rangareddy,Madgul,Jowar,3,
2017-2018,Rabi,Rangareddy,Amangal,Jowar,7,5
2017-2018,Rabi,Rangareddy,Talakondapalle,Jowar,0,
2017-2018,Rabi,Rangareddy,Keshampeta,Jowar,11,
2017-2018,Rabi,Rangareddy,Kadthal,Jowar,0,
2017-2018,Rabi,Rangareddy,Kandukur,Jowar,92,6
2017-2018,Rabi,Rangareddy,Maheshwaram,Jowar,9,4
2017-2018,Rabi,Rangareddy,Shamshabad,Jowar,11,
2017-2018,Rabi,Rangareddy,Moinabad,Jowar,25,12
2017-2018,Rabi,Rangareddy,Chevella,Jowar,50,30
2017-2018,Rabi,Rangareddy,Shabad,Jowar,76,52
2017-2018,Rabi,Rangareddy,Kothur,Jowar,1,
2017-2018,Rabi,Rangareddy,Nandigam,Jowar,1,
2017-2018,Rabi,Rangareddy,Farooqnagar,Jowar,14,
2017-2018,Rabi,Rangareddy,Kondurg,Jowar,16,4
2017-2018,Rabi,Rangareddy,Chowdergudem,Jowar,6,
2017-2018,Rabi,Rangareddy,Shankarpalle,Bajra,0,
2017-2018,Rabi,Rangareddy,Serilingampally,Bajra,0,
2017-2018,Rabi,Rangareddy,Gandipet,Bajra,0,
2017-2018,Rabi,Rangareddy,Rajendranagar,Bajra,0,
2017-2018,Rabi,Rangareddy,Balapur,Bajra,0,
2017-2018,Rabi,Rangareddy,Saroornagar,Bajra,0,
2017-2018,Rabi,Rangareddy,Hayathnagar,Bajra,0,
2017-2018,Rabi,Rangareddy,Abdullapurmet,Bajra,0,
2017-2018,Rabi,Rangareddy,Ibrahimpatnam,Bajra,0,
2017-2018,Rabi,Rangareddy,Manchal,Bajra,0,
2017-2018,Rabi,Rangareddy,Yacharam,Bajra,0,
2017-2018,Rabi,Rangareddy,Madgul,Bajra,0,
2017-2018,Rabi,Rangareddy,Amangal,Bajra,0,0
2017-2018,Rabi,Rangareddy,Talakondapalle,Bajra,0,
2017-2018,Rabi,Rangareddy,Keshampeta,Bajra,0,
2017-2018,Rabi,Rangareddy,Kadthal,Bajra,0,
2017-2018,Rabi,Rangareddy,Kandukur,Bajra,0,
2017-2018,Rabi,Rangareddy,Maheshwaram,Bajra,0,0
2017-2018,Rabi,Rangareddy,Shamshabad,Bajra,3,
2017-2018,Rabi,Rangareddy,Moinabad,Bajra,0,
2017-2018,Rabi,Rangareddy,Chevella,Bajra,0,
2017-2018,Rabi,Rangareddy,Shabad,Bajra,0,
2017-2018,Rabi,Rangareddy,Kothur,Bajra,0,
2017-2018,Rabi,Rangareddy,Nandigam,Bajra,0,
2017-2018,Rabi,Rangareddy,Farooqnagar,Bajra,0,
2017-2018,Rabi,Rangareddy,Kondurg,Bajra,1,
2017-2018,Rabi,Rangareddy,Chowdergudem,Bajra,0,
2017-2018,Rabi,Rangareddy,Shankarpalle,Maize,277,210
2017-2018,Rabi,Rangareddy,Serilingampally,Maize,0,
2017-2018,Rabi,Rangareddy,Gandipet,Maize,0,
2017-2018,Rabi,Rangareddy,Rajendranagar,Maize,0,
2017-2018,Rabi,Rangareddy,Balapur,Maize,1,15
2017-2018,Rabi,Rangareddy,Saroornagar,Maize,1,
2017-2018,Rabi,Rangareddy,Hayathnagar,Maize,0,
2017-2018,Rabi,Rangareddy,Abdullapurmet,Maize,0,
2017-2018,Rabi,Rangareddy,Ibrahimpatnam,Maize,4,
2017-2018,Rabi,Rangareddy,Manchal,Maize,2,
2017-2018,Rabi,Rangareddy,Yacharam,Maize,15,
2017-2018,Rabi,Rangareddy,Madgul,Maize,13,11
2017-2018,Rabi,Rangareddy,Amangal,Maize,82,53
2017-2018,Rabi,Rangareddy,Talakondapalle,Maize,104,19
2017-2018,Rabi,Rangareddy,Keshampeta,Maize,243,155
2017-2018,Rabi,Rangareddy,Kadthal,Maize,15,65
2017-2018,Rabi,Rangareddy,Kandukur,Maize,672,436
2017-2018,Rabi,Rangareddy,Maheshwaram,Maize,93,36
2017-2018,Rabi,Rangareddy,Shamshabad,Maize,147,40
2017-2018,Rabi,Rangareddy,Moinabad,Maize,34,11
2017-2018,Rabi,Rangareddy,Chevella,Maize,71,50
2017-2018,Rabi,Rangareddy,Shabad,Maize,41,75
2017-2018,Rabi,Rangareddy,Kothur,Maize,133,26
2017-2018,Rabi,Rangareddy,Nandigam,Maize,13,35
2017-2018,Rabi,Rangareddy,Farooqnagar,Maize,265,41
2017-2018,Rabi,Rangareddy,Kondurg,Maize,278,48
2017-2018,Rabi,Rangareddy,Chowdergudem,Maize,13,20
2017-2018,Rabi,Rangareddy,Shankarpalle,Ragi,0,
2017-2018,Rabi,Rangareddy,Serilingampally,Ragi,0,
2017-2018,Rabi,Rangareddy,Gandipet,Ragi,0,
2017-2018,Rabi,Rangareddy,Rajendranagar,Ragi,0,
2017-2018,Rabi,Rangareddy,Balapur,Ragi,0,
2017-2018,Rabi,Rangareddy,Saroornagar,Ragi,0,
2017-2018,Rabi,Rangareddy,Hayathnagar,Ragi,0,
2017-2018,Rabi,Rangareddy,Abdullapurmet,Ragi,0,
2017-2018,Rabi,Rangareddy,Ibrahimpatnam,Ragi,0,
2017-2018,Rabi,Rangareddy,Manchal,Ragi,0,
2017-2018,Rabi,Rangareddy,Yacharam,Ragi,0,
2017-2018,Rabi,Rangareddy,Madgul,Ragi,0,
2017-2018,Rabi,Rangareddy,Amangal,Ragi,0,0
2017-2018,Rabi,Rangareddy,Talakondapalle,Ragi,0,
2017-2018,Rabi,Rangareddy,Keshampeta,Ragi,0,
2017-2018,Rabi,Rangareddy,Kadthal,Ragi,0,
2017-2018,Rabi,Rangareddy,Kandukur,Ragi,0,
2017-2018,Rabi,Rangareddy,Maheshwaram,Ragi,0,
2017-2018,Rabi,Rangareddy,Shamshabad,Ragi,0,
2017-2018,Rabi,Rangareddy,Moinabad,Ragi,0,
2017-2018,Rabi,Rangareddy,Chevella,Ragi,0,
2017-2018,Rabi,Rangareddy,Shabad,Ragi,0,
2017-2018,Rabi,Rangareddy,Kothur,Ragi,0,
2017-2018,Rabi,Rangareddy,Nandigam,Ragi,0,
2017-2018,Rabi,Rangareddy,Farooqnagar,Ragi,0,
2017-2018,Rabi,Rangareddy,Kondurg,Ragi,0,
2017-2018,Rabi,Rangareddy,Chowdergudem,Ragi,0,
2017-2018,Rabi,Rangareddy,Shankarpalle,Horse Gram,0,
2017-2018,Rabi,Rangareddy,Serilingampally,Horse Gram,0,
2017-2018,Rabi,Rangareddy,Gandipet,Horse Gram,0,
2017-2018,Rabi,Rangareddy,Rajendranagar,Horse Gram,0,
2017-2018,Rabi,Rangareddy,Balapur,Horse Gram,0,
2017-2018,Rabi,Rangareddy,Saroornagar,Horse Gram,0,
2017-2018,Rabi,Rangareddy,Hayathnagar,Horse Gram,0,
2017-2018,Rabi,Rangareddy,Abdullapurmet,Horse Gram,0,
2017-2018,Rabi,Rangareddy,Ibrahimpatnam,Horse Gram,13,0
2017-2018,Rabi,Rangareddy,Manchal,Horse Gram,15,11
2017-2018,Rabi,Rangareddy,Yacharam,Horse Gram,17,
2017-2018,Rabi,Rangareddy,Madgul,Horse Gram,6,2
2017-2018,Rabi,Rangareddy,Amangal,Horse Gram,71,35
2017-2018,Rabi,Rangareddy,Talakondapalle,Horse Gram,34,
2017-2018,Rabi,Rangareddy,Keshampeta,Horse Gram,56,
2017-2018,Rabi,Rangareddy,Kadthal,Horse Gram,4,27
2017-2018,Rabi,Rangareddy,Kandukur,Horse Gram,23,
2017-2018,Rabi,Rangareddy,Maheshwaram,Horse Gram,8,
2017-2018,Rabi,Rangareddy,Shamshabad,Horse Gram,0,
2017-2018,Rabi,Rangareddy,Moinabad,Horse Gram,0,
2017-2018,Rabi,Rangareddy,Chevella,Horse Gram,0,
2017-2018,Rabi,Rangareddy,Shabad,Horse Gram,0,
2017-2018,Rabi,Rangareddy,Kothur,Horse Gram,3,
2017-2018,Rabi,Rangareddy,Nandigam,Horse Gram,0,
2017-2018,Rabi,Rangareddy,Farooqnagar,Horse Gram,6,
2017-2018,Rabi,Rangareddy,Kondurg,Horse Gram,1,
2017-2018,Rabi,Rangareddy,Chowdergudem,Horse Gram,0,
2017-2018,Rabi,Rangareddy,Shankarpalle,Green Gram,0,
2017-2018,Rabi,Rangareddy,Serilingampally,Green Gram,0,
2017-2018,Rabi,Rangareddy,Gandipet,Green Gram,0,
2017-2018,Rabi,Rangareddy,Rajendranagar,Green Gram,0,
2017-2018,Rabi,Rangareddy,Balapur,Green Gram,0,
2017-2018,Rabi,Rangareddy,Saroornagar,Green Gram,0,
2017-2018,Rabi,Rangareddy,Hayathnagar,Green Gram,0,
2017-2018,Rabi,Rangareddy,Abdullapurmet,Green Gram,0,
2017-2018,Rabi,Rangareddy,Ibrahimpatnam,Green Gram,0,
2017-2018,Rabi,Rangareddy,Manchal,Green Gram,0,
2017-2018,Rabi,Rangareddy,Yacharam,Green Gram,4,
2017-2018,Rabi,Rangareddy,Madgul,Green Gram,0,
2017-2018,Rabi,Rangareddy,Amangal,Green Gram,0,
2017-2018,Rabi,Rangareddy,Talakondapalle,Green Gram,0,
2017-2018,Rabi,Rangareddy,Keshampeta,Green Gram,0,
2017-2018,Rabi,Rangareddy,Kadthal,Green Gram,0,
2017-2018,Rabi,Rangareddy,Kandukur,Green Gram,0,
2017-2018,Rabi,Rangareddy,Maheshwaram,Green Gram,0,
2017-2018,Rabi,Rangareddy,Shamshabad,Green Gram,0,
2017-2018,Rabi,Rangareddy,Moinabad,Green Gram,0,
2017-2018,Rabi,Rangareddy,Chevella,Green Gram,0,
2017-2018,Rabi,Rangareddy,Shabad,Green Gram,0,
2017-2018,Rabi,Rangareddy,Kothur,Green Gram,0,
2017-2018,Rabi,Rangareddy,Nandigam,Green Gram,0,
2017-2018,Rabi,Rangareddy,Farooqnagar,Green Gram,0,
2017-2018,Rabi,Rangareddy,Kondurg,Green Gram,0,
2017-2018,Rabi,Rangareddy,Chowdergudem,Green Gram,1,
2017-2018,Rabi,Rangareddy,Shankarpalle,Black Gram,0,
2017-2018,Rabi,Rangareddy,Serilingampally,Black Gram,0,
2017-2018,Rabi,Rangareddy,Gandipet,Black Gram,0,
2017-2018,Rabi,Rangareddy,Rajendranagar,Black Gram,0,
2017-2018,Rabi,Rangareddy,Balapur,Black Gram,0,
2017-2018,Rabi,Rangareddy,Saroornagar,Black Gram,0,
2017-2018,Rabi,Rangareddy,Hayathnagar,Black Gram,0,
2017-2018,Rabi,Rangareddy,Abdullapurmet,Black Gram,0,
2017-2018,Rabi,Rangareddy,Ibrahimpatnam,Black Gram,0,
2017-2018,Rabi,Rangareddy,Manchal,Black Gram,0,
2017-2018,Rabi,Rangareddy,Yacharam,Black Gram,0,
2017-2018,Rabi,Rangareddy,Madgul,Black Gram,0,
2017-2018,Rabi,Rangareddy,Amangal,Black Gram,0,
2017-2018,Rabi,Rangareddy,Talakondapalle,Black Gram,0,
2017-2018,Rabi,Rangareddy,Keshampeta,Black Gram,0,
2017-2018,Rabi,Rangareddy,Kadthal,Black Gram,0,
2017-2018,Rabi,Rangareddy,Kandukur,Black Gram,0,
2017-2018,Rabi,Rangareddy,Maheshwaram,Black Gram,0,
2017-2018,Rabi,Rangareddy,Shamshabad,Black Gram,0,
2017-2018,Rabi,Rangareddy,Moinabad,Black Gram,0,
2017-2018,Rabi,Rangareddy,Chevella,Black Gram,0,
2017-2018,Rabi,Rangareddy,Shabad,Black Gram,0,
2017-2018,Rabi,Rangareddy,Kothur,Black Gram,0,
2017-2018,Rabi,Rangareddy,Nandigam,Black Gram,0,
2017-2018,Rabi,Rangareddy,Farooqnagar,Black Gram,0,
2017-2018,Rabi,Rangareddy,Kondurg,Black Gram,0,
2017-2018,Rabi,Rangareddy,Chowdergudem,Black Gram,0,
2017-2018,Rabi,Rangareddy,Shankarpalle,Red Gram,0,
2017-2018,Rabi,Rangareddy,Serilingampally,Red Gram,0,
2017-2018,Rabi,Rangareddy,Gandipet,Red Gram,0,
2017-2018,Rabi,Rangareddy,Rajendranagar,Red Gram,0,
2017-2018,Rabi,Rangareddy,Balapur,Red Gram,0,
2017-2018,Rabi,Rangareddy,Saroornagar,Red Gram,0,
2017-2018,Rabi,Rangareddy,Hayathnagar,Red Gram,0,
2017-2018,Rabi,Rangareddy,Abdullapurmet,Red Gram,0,
2017-2018,Rabi,Rangareddy,Ibrahimpatnam,Red Gram,0,
2017-2018,Rabi,Rangareddy,Manchal,Red Gram,0,
2017-2018,Rabi,Rangareddy,Yacharam,Red Gram,0,
2017-2018,Rabi,Rangareddy,Madgul,Red Gram,0,
2017-2018,Rabi,Rangareddy,Amangal,Red Gram,0,
2017-2018,Rabi,Rangareddy,Talakondapalle,Red Gram,0,
2017-2018,Rabi,Rangareddy,Keshampeta,Red Gram,0,
2017-2018,Rabi,Rangareddy,Kadthal,Red Gram,0,
2017-2018,Rabi,Rangareddy,Kandukur,Red Gram,0,
2017-2018,Rabi,Rangareddy,Maheshwaram,Red Gram,0,
2017-2018,Rabi,Rangareddy,Shamshabad,Red Gram,0,
2017-2018,Rabi,Rangareddy,Moinabad,Red Gram,0,
2017-2018,Rabi,Rangareddy,Chevella,Red Gram,0,
2017-2018,Rabi,Rangareddy,Shabad,Red Gram,0,
2017-2018,Rabi,Rangareddy,Kothur,Red Gram,0,
2017-2018,Rabi,Rangareddy,Nandigam,Red Gram,0,
2017-2018,Rabi,Rangareddy,Farooqnagar,Red Gram,0,
2017-2018,Rabi,Rangareddy,Kondurg,Red Gram,0,
2017-2018,Rabi,Rangareddy,Chowdergudem,Red Gram,0,
2017-2018,Rabi,Rangareddy,Shankarpalle,Cow Gram,0,
2017-2018,Rabi,Rangareddy,Serilingampally,Cow Gram,0,
2017-2018,Rabi,Rangareddy,Gandipet,Cow Gram,0,
2017-2018,Rabi,Rangareddy,Rajendranagar,Cow Gram,0,
2017-2018,Rabi,Rangareddy,Balapur,Cow Gram,0,
2017-2018,Rabi,Rangareddy,Saroornagar,Cow Gram,0,
2017-2018,Rabi,Rangareddy,Hayathnagar,Cow Gram,0,
2017-2018,Rabi,Rangareddy,Abdullapurmet,Cow Gram,0,
2017-2018,Rabi,Rangareddy,Ibrahimpatnam,Cow Gram,0,
2017-2018,Rabi,Rangareddy,Manchal,Cow Gram,0,
2017-2018,Rabi,Rangareddy,Yacharam,Cow Gram,0,
2017-2018,Rabi,Rangareddy,Madgul,Cow Gram,0,
2017-2018,Rabi,Rangareddy,Amangal,Cow Gram,0,
2017-2018,Rabi,Rangareddy,Talakondapalle,Cow Gram,0,
2017-2018,Rabi,Rangareddy,Keshampeta,Cow Gram,0,
2017-2018,Rabi,Rangareddy,Kadthal,Cow Gram,0,
2017-2018,Rabi,Rangareddy,Kandukur,Cow Gram,0,
2017-2018,Rabi,Rangareddy,Maheshwaram,Cow Gram,0,
2017-2018,Rabi,Rangareddy,Shamshabad,Cow Gram,0,
2017-2018,Rabi,Rangareddy,Moinabad,Cow Gram,0,
2017-2018,Rabi,Rangareddy,Chevella,Cow Gram,0,
2017-2018,Rabi,Rangareddy,Shabad,Cow Gram,0,
2017-2018,Rabi,Rangareddy,Kothur,Cow Gram,0,
2017-2018,Rabi,Rangareddy,Nandigam,Cow Gram,0,
2017-2018,Rabi,Rangareddy,Farooqnagar,Cow Gram,0,
2017-2018,Rabi,Rangareddy,Kondurg,Cow Gram,0,
2017-2018,Rabi,Rangareddy,Chowdergudem,Cow Gram,0,
2017-2018,Rabi,Rangareddy,Shankarpalle,Bengal Gram,523,970
2017-2018,Rabi,Rangareddy,Serilingampally,Bengal Gram,0,1
2017-2018,Rabi,Rangareddy,Gandipet,Bengal Gram,1,1
2017-2018,Rabi,Rangareddy,Rajendranagar,Bengal Gram,1,
2017-2018,Rabi,Rangareddy,Balapur,Bengal Gram,3,36
2017-2018,Rabi,Rangareddy,Saroornagar,Bengal Gram,13,
2017-2018,Rabi,Rangareddy,Hayathnagar,Bengal Gram,7,
2017-2018,Rabi,Rangareddy,Abdullapurmet,Bengal Gram,3,
2017-2018,Rabi,Rangareddy,Ibrahimpatnam,Bengal Gram,1,
2017-2018,Rabi,Rangareddy,Manchal,Bengal Gram,2,
2017-2018,Rabi,Rangareddy,Yacharam,Bengal Gram,10,
2017-2018,Rabi,Rangareddy,Madgul,Bengal Gram,2,2
2017-2018,Rabi,Rangareddy,Amangal,Bengal Gram,1,
2017-2018,Rabi,Rangareddy,Talakondapalle,Bengal Gram,3,
2017-2018,Rabi,Rangareddy,Keshampeta,Bengal Gram,4,
2017-2018,Rabi,Rangareddy,Kadthal,Bengal Gram,0,
2017-2018,Rabi,Rangareddy,Kandukur,Bengal Gram,157,48
2017-2018,Rabi,Rangareddy,Maheshwaram,Bengal Gram,72,64
2017-2018,Rabi,Rangareddy,Shamshabad,Bengal Gram,7,4
2017-2018,Rabi,Rangareddy,Moinabad,Bengal Gram,216,220
2017-2018,Rabi,Rangareddy,Chevella,Bengal Gram,408,420
2017-2018,Rabi,Rangareddy,Shabad,Bengal Gram,509,580
2017-2018,Rabi,Rangareddy,Kothur,Bengal Gram,52,162
2017-2018,Rabi,Rangareddy,Nandigam,Bengal Gram,7,55
2017-2018,Rabi,Rangareddy,Farooqnagar,Bengal Gram,6,30
2017-2018,Rabi,Rangareddy,Kondurg,Bengal Gram,156,182
2017-2018,Rabi,Rangareddy,Chowdergudem,Bengal Gram,17,156
2017-2018,Rabi,Rangareddy,Shankarpalle,Other pulses,0,0
2017-2018,Rabi,Rangareddy,Serilingampally,Other pulses,0,0
2017-2018,Rabi,Rangareddy,Gandipet,Other pulses,0,0
2017-2018,Rabi,Rangareddy,Rajendranagar,Other pulses,0,0
2017-2018,Rabi,Rangareddy,Balapur,Other pulses,0,0
2017-2018,Rabi,Rangareddy,Saroornagar,Other pulses,0,0
2017-2018,Rabi,Rangareddy,Hayathnagar,Other pulses,0,0
2017-2018,Rabi,Rangareddy,Abdullapurmet,Other pulses,0,0
2017-2018,Rabi,Rangareddy,Ibrahimpatnam,Other pulses,0,0
2017-2018,Rabi,Rangareddy,Manchal,Other pulses,0,0
2017-2018,Rabi,Rangareddy,Yacharam,Other pulses,0,0
2017-2018,Rabi,Rangareddy,Madgul,Other pulses,0,0
2017-2018,Rabi,Rangareddy,Amangal,Other pulses,0,0
2017-2018,Rabi,Rangareddy,Talakondapalle,Other pulses,0,0
2017-2018,Rabi,Rangareddy,Keshampeta,Other pulses,0,0
2017-2018,Rabi,Rangareddy,Kadthal,Other pulses,0,0
2017-2018,Rabi,Rangareddy,Kandukur,Other pulses,0,0
2017-2018,Rabi,Rangareddy,Maheshwaram,Other pulses,0,0
2017-2018,Rabi,Rangareddy,Shamshabad,Other pulses,0,0
2017-2018,Rabi,Rangareddy,Moinabad,Other pulses,0,0
2017-2018,Rabi,Rangareddy,Chevella,Other pulses,0,0
2017-2018,Rabi,Rangareddy,Shabad,Other pulses,0,0
2017-2018,Rabi,Rangareddy,Kothur,Other pulses,0,0
2017-2018,Rabi,Rangareddy,Nandigam,Other pulses,0,0
2017-2018,Rabi,Rangareddy,Farooqnagar,Other pulses,0,0
2017-2018,Rabi,Rangareddy,Kondurg,Other pulses,0,0
2017-2018,Rabi,Rangareddy,Chowdergudem,Other pulses,0,0
2017-2018,Rabi,Rangareddy,Shankarpalle,Chillies,0,
2017-2018,Rabi,Rangareddy,Serilingampally,Chillies,0,
2017-2018,Rabi,Rangareddy,Gandipet,Chillies,0,
2017-2018,Rabi,Rangareddy,Rajendranagar,Chillies,0,
2017-2018,Rabi,Rangareddy,Balapur,Chillies,0,
2017-2018,Rabi,Rangareddy,Saroornagar,Chillies,0,
2017-2018,Rabi,Rangareddy,Hayathnagar,Chillies,0,
2017-2018,Rabi,Rangareddy,Abdullapurmet,Chillies,0,
2017-2018,Rabi,Rangareddy,Ibrahimpatnam,Chillies,2,
2017-2018,Rabi,Rangareddy,Manchal,Chillies,2,
2017-2018,Rabi,Rangareddy,Yacharam,Chillies,0,
2017-2018,Rabi,Rangareddy,Madgul,Chillies,7,
2017-2018,Rabi,Rangareddy,Amangal,Chillies,0,
2017-2018,Rabi,Rangareddy,Talakondapalle,Chillies,0,
2017-2018,Rabi,Rangareddy,Keshampeta,Chillies,0,
2017-2018,Rabi,Rangareddy,Kadthal,Chillies,0,5
2017-2018,Rabi,Rangareddy,Kandukur,Chillies,0,
2017-2018,Rabi,Rangareddy,Maheshwaram,Chillies,23,12
2017-2018,Rabi,Rangareddy,Shamshabad,Chillies,0,
2017-2018,Rabi,Rangareddy,Moinabad,Chillies,0,
2017-2018,Rabi,Rangareddy,Chevella,Chillies,8,
2017-2018,Rabi,Rangareddy,Shabad,Chillies,1,
2017-2018,Rabi,Rangareddy,Kothur,Chillies,0,
2017-2018,Rabi,Rangareddy,Nandigam,Chillies,0,
2017-2018,Rabi,Rangareddy,Farooqnagar,Chillies,0,
2017-2018,Rabi,Rangareddy,Kondurg,Chillies,0,
2017-2018,Rabi,Rangareddy,Chowdergudem,Chillies,0,
2017-2018,Rabi,Rangareddy,Shankarpalle,Coriander,0,
2017-2018,Rabi,Rangareddy,Serilingampally,Coriander,0,
2017-2018,Rabi,Rangareddy,Gandipet,Coriander,0,
2017-2018,Rabi,Rangareddy,Rajendranagar,Coriander,0,
2017-2018,Rabi,Rangareddy,Balapur,Coriander,0,
2017-2018,Rabi,Rangareddy,Saroornagar,Coriander,0,
2017-2018,Rabi,Rangareddy,Hayathnagar,Coriander,0,
2017-2018,Rabi,Rangareddy,Abdullapurmet,Coriander,0,
2017-2018,Rabi,Rangareddy,Ibrahimpatnam,Coriander,0,
2017-2018,Rabi,Rangareddy,Manchal,Coriander,0,
2017-2018,Rabi,Rangareddy,Yacharam,Coriander,0,
2017-2018,Rabi,Rangareddy,Madgul,Coriander,3,
2017-2018,Rabi,Rangareddy,Amangal,Coriander,0,
2017-2018,Rabi,Rangareddy,Talakondapalle,Coriander,0,
2017-2018,Rabi,Rangareddy,Keshampeta,Coriander,0,
2017-2018,Rabi,Rangareddy,Kadthal,Coriander,0,
2017-2018,Rabi,Rangareddy,Kandukur,Coriander,0,
2017-2018,Rabi,Rangareddy,Maheshwaram,Coriander,0,
2017-2018,Rabi,Rangareddy,Shamshabad,Coriander,0,
2017-2018,Rabi,Rangareddy,Moinabad,Coriander,0,
2017-2018,Rabi,Rangareddy,Chevella,Coriander,11,
2017-2018,Rabi,Rangareddy,Shabad,Coriander,0,
2017-2018,Rabi,Rangareddy,Kothur,Coriander,0,
2017-2018,Rabi,Rangareddy,Nandigam,Coriander,0,
2017-2018,Rabi,Rangareddy,Farooqnagar,Coriander,0,
2017-2018,Rabi,Rangareddy,Kondurg,Coriander,2,
2017-2018,Rabi,Rangareddy,Chowdergudem,Coriander,0,
2017-2018,Rabi,Rangareddy,Shankarpalle,Potato,31,
2017-2018,Rabi,Rangareddy,Serilingampally,Potato,0,
2017-2018,Rabi,Rangareddy,Gandipet,Potato,0,
2017-2018,Rabi,Rangareddy,Rajendranagar,Potato,0,
2017-2018,Rabi,Rangareddy,Balapur,Potato,0,
2017-2018,Rabi,Rangareddy,Saroornagar,Potato,2,
2017-2018,Rabi,Rangareddy,Hayathnagar,Potato,0,
2017-2018,Rabi,Rangareddy,Abdullapurmet,Potato,0,
2017-2018,Rabi,Rangareddy,Ibrahimpatnam,Potato,3,
2017-2018,Rabi,Rangareddy,Manchal,Potato,0,
2017-2018,Rabi,Rangareddy,Yacharam,Potato,0,
2017-2018,Rabi,Rangareddy,Madgul,Potato,0,
2017-2018,Rabi,Rangareddy,Amangal,Potato,0,
2017-2018,Rabi,Rangareddy,Talakondapalle,Potato,0,
2017-2018,Rabi,Rangareddy,Keshampeta,Potato,0,
2017-2018,Rabi,Rangareddy,Kadthal,Potato,0,
2017-2018,Rabi,Rangareddy,Kandukur,Potato,0,
2017-2018,Rabi,Rangareddy,Maheshwaram,Potato,0,
2017-2018,Rabi,Rangareddy,Shamshabad,Potato,0,2
2017-2018,Rabi,Rangareddy,Moinabad,Potato,0,
2017-2018,Rabi,Rangareddy,Chevella,Potato,0,
2017-2018,Rabi,Rangareddy,Shabad,Potato,0,
2017-2018,Rabi,Rangareddy,Kothur,Potato,0,
2017-2018,Rabi,Rangareddy,Nandigam,Potato,0,
2017-2018,Rabi,Rangareddy,Farooqnagar,Potato,0,
2017-2018,Rabi,Rangareddy,Kondurg,Potato,0,
2017-2018,Rabi,Rangareddy,Chowdergudem,Potato,0,
2017-2018,Rabi,Rangareddy,Shankarpalle,Onion,96,
2017-2018,Rabi,Rangareddy,Serilingampally,Onion,0,
2017-2018,Rabi,Rangareddy,Gandipet,Onion,0,
2017-2018,Rabi,Rangareddy,Rajendranagar,Onion,8,
2017-2018,Rabi,Rangareddy,Balapur,Onion,0,
2017-2018,Rabi,Rangareddy,Saroornagar,Onion,0,
2017-2018,Rabi,Rangareddy,Hayathnagar,Onion,0,
2017-2018,Rabi,Rangareddy,Abdullapurmet,Onion,0,
2017-2018,Rabi,Rangareddy,Ibrahimpatnam,Onion,20,
2017-2018,Rabi,Rangareddy,Manchal,Onion,2,
2017-2018,Rabi,Rangareddy,Yacharam,Onion,8,
2017-2018,Rabi,Rangareddy,Madgul,Onion,2,
2017-2018,Rabi,Rangareddy,Amangal,Onion,0,
2017-2018,Rabi,Rangareddy,Talakondapalle,Onion,0,
2017-2018,Rabi,Rangareddy,Keshampeta,Onion,18,
2017-2018,Rabi,Rangareddy,Kadthal,Onion,0,8
2017-2018,Rabi,Rangareddy,Kandukur,Onion,29,35
2017-2018,Rabi,Rangareddy,Maheshwaram,Onion,23,18
2017-2018,Rabi,Rangareddy,Shamshabad,Onion,16,10
2017-2018,Rabi,Rangareddy,Moinabad,Onion,29,
2017-2018,Rabi,Rangareddy,Chevella,Onion,54,
2017-2018,Rabi,Rangareddy,Shabad,Onion,38,
2017-2018,Rabi,Rangareddy,Kothur,Onion,14,
2017-2018,Rabi,Rangareddy,Nandigam,Onion,2,
2017-2018,Rabi,Rangareddy,Farooqnagar,Onion,7,
2017-2018,Rabi,Rangareddy,Kondurg,Onion,34,
2017-2018,Rabi,Rangareddy,Chowdergudem,Onion,13,
2017-2018,Rabi,Rangareddy,Shankarpalle,Other food crops,711,17
2017-2018,Rabi,Rangareddy,Serilingampally,Other food crops,2,30
2017-2018,Rabi,Rangareddy,Gandipet,Other food crops,29,45
2017-2018,Rabi,Rangareddy,Rajendranagar,Other food crops,42,10
2017-2018,Rabi,Rangareddy,Balapur,Other food crops,15,100
2017-2018,Rabi,Rangareddy,Saroornagar,Other food crops,58,32
2017-2018,Rabi,Rangareddy,Hayathnagar,Other food crops,99,45
2017-2018,Rabi,Rangareddy,Abdullapurmet,Other food crops,47,50
2017-2018,Rabi,Rangareddy,Ibrahimpatnam,Other food crops,418,200
2017-2018,Rabi,Rangareddy,Manchal,Other food crops,180,120
2017-2018,Rabi,Rangareddy,Yacharam,Other food crops,167,261
2017-2018,Rabi,Rangareddy,Madgul,Other food crops,84,14
2017-2018,Rabi,Rangareddy,Amangal,Other food crops,190,152
2017-2018,Rabi,Rangareddy,Talakondapalle,Other food crops,241,83
2017-2018,Rabi,Rangareddy,Keshampeta,Other food crops,894,140
2017-2018,Rabi,Rangareddy,Kadthal,Other food crops,25,62
2017-2018,Rabi,Rangareddy,Kandukur,Other food crops,936,710
2017-2018,Rabi,Rangareddy,Maheshwaram,Other food crops,508,486
2017-2018,Rabi,Rangareddy,Shamshabad,Other food crops,391,270
2017-2018,Rabi,Rangareddy,Moinabad,Other food crops,599,64
2017-2018,Rabi,Rangareddy,Chevella,Other food crops,620,16
2017-2018,Rabi,Rangareddy,Shabad,Other food crops,731,66
2017-2018,Rabi,Rangareddy,Kothur,Other food crops,355,65
2017-2018,Rabi,Rangareddy,Nandigam,Other food crops,34,78
2017-2018,Rabi,Rangareddy,Farooqnagar,Other food crops,369,62
2017-2018,Rabi,Rangareddy,Kondurg,Other food crops,580,52
2017-2018,Rabi,Rangareddy,Chowdergudem,Other food crops,47,100
2017-2018,Rabi,Rangareddy,Shankarpalle,Groundnut,0,
2017-2018,Rabi,Rangareddy,Serilingampally,Groundnut,0,
2017-2018,Rabi,Rangareddy,Gandipet,Groundnut,0,
2017-2018,Rabi,Rangareddy,Rajendranagar,Groundnut,0,
2017-2018,Rabi,Rangareddy,Balapur,Groundnut,0,
2017-2018,Rabi,Rangareddy,Saroornagar,Groundnut,0,
2017-2018,Rabi,Rangareddy,Hayathnagar,Groundnut,0,
2017-2018,Rabi,Rangareddy,Abdullapurmet,Groundnut,0,
2017-2018,Rabi,Rangareddy,Ibrahimpatnam,Groundnut,0,
2017-2018,Rabi,Rangareddy,Manchal,Groundnut,0,
2017-2018,Rabi,Rangareddy,Yacharam,Groundnut,0,
2017-2018,Rabi,Rangareddy,Madgul,Groundnut,121,15
2017-2018,Rabi,Rangareddy,Amangal,Groundnut,362,175
2017-2018,Rabi,Rangareddy,Talakondapalle,Groundnut,740,497
2017-2018,Rabi,Rangareddy,Keshampeta,Groundnut,256,250
2017-2018,Rabi,Rangareddy,Kadthal,Groundnut,21,106
2017-2018,Rabi,Rangareddy,Kandukur,Groundnut,3,
2017-2018,Rabi,Rangareddy,Maheshwaram,Groundnut,0,
2017-2018,Rabi,Rangareddy,Shamshabad,Groundnut,4,
2017-2018,Rabi,Rangareddy,Moinabad,Groundnut,0,
2017-2018,Rabi,Rangareddy,Chevella,Groundnut,4,
2017-2018,Rabi,Rangareddy,Shabad,Groundnut,0,
2017-2018,Rabi,Rangareddy,Kothur,Groundnut,9,0
2017-2018,Rabi,Rangareddy,Nandigam,Groundnut,0,
2017-2018,Rabi,Rangareddy,Farooqnagar,Groundnut,73,
2017-2018,Rabi,Rangareddy,Kondurg,Groundnut,86,5
2017-2018,Rabi,Rangareddy,Chowdergudem,Groundnut,10,10
2017-2018,Rabi,Rangareddy,Shankarpalle,Sesamum,0,
2017-2018,Rabi,Rangareddy,Serilingampally,Sesamum,0,
2017-2018,Rabi,Rangareddy,Gandipet,Sesamum,0,
2017-2018,Rabi,Rangareddy,Rajendranagar,Sesamum,0,
2017-2018,Rabi,Rangareddy,Balapur,Sesamum,0,
2017-2018,Rabi,Rangareddy,Saroornagar,Sesamum,0,
2017-2018,Rabi,Rangareddy,Hayathnagar,Sesamum,0,
2017-2018,Rabi,Rangareddy,Abdullapurmet,Sesamum,0,
2017-2018,Rabi,Rangareddy,Ibrahimpatnam,Sesamum,0,
2017-2018,Rabi,Rangareddy,Manchal,Sesamum,0,
2017-2018,Rabi,Rangareddy,Yacharam,Sesamum,0,
2017-2018,Rabi,Rangareddy,Madgul,Sesamum,0,
2017-2018,Rabi,Rangareddy,Amangal,Sesamum,0,
2017-2018,Rabi,Rangareddy,Talakondapalle,Sesamum,0,
2017-2018,Rabi,Rangareddy,Keshampeta,Sesamum,0,
2017-2018,Rabi,Rangareddy,Kadthal,Sesamum,0,
2017-2018,Rabi,Rangareddy,Kandukur,Sesamum,0,
2017-2018,Rabi,Rangareddy,Maheshwaram,Sesamum,0,
2017-2018,Rabi,Rangareddy,Shamshabad,Sesamum,0,
2017-2018,Rabi,Rangareddy,Moinabad,Sesamum,0,
2017-2018,Rabi,Rangareddy,Chevella,Sesamum,1,
2017-2018,Rabi,Rangareddy,Shabad,Sesamum,0,
2017-2018,Rabi,Rangareddy,Kothur,Sesamum,0,
2017-2018,Rabi,Rangareddy,Nandigam,Sesamum,0,
2017-2018,Rabi,Rangareddy,Farooqnagar,Sesamum,0,
2017-2018,Rabi,Rangareddy,Kondurg,Sesamum,0,
2017-2018,Rabi,Rangareddy,Chowdergudem,Sesamum,0,
2017-2018,Rabi,Rangareddy,Shankarpalle,Safflower,26,2
2017-2018,Rabi,Rangareddy,Serilingampally,Safflower,0,2
2017-2018,Rabi,Rangareddy,Gandipet,Safflower,0,2
2017-2018,Rabi,Rangareddy,Rajendranagar,Safflower,3,
2017-2018,Rabi,Rangareddy,Balapur,Safflower,0,
2017-2018,Rabi,Rangareddy,Saroornagar,Safflower,0,
2017-2018,Rabi,Rangareddy,Hayathnagar,Safflower,0,
2017-2018,Rabi,Rangareddy,Abdullapurmet,Safflower,0,
2017-2018,Rabi,Rangareddy,Ibrahimpatnam,Safflower,0,
2017-2018,Rabi,Rangareddy,Manchal,Safflower,0,
2017-2018,Rabi,Rangareddy,Yacharam,Safflower,0,
2017-2018,Rabi,Rangareddy,Madgul,Safflower,0,
2017-2018,Rabi,Rangareddy,Amangal,Safflower,0,
2017-2018,Rabi,Rangareddy,Talakondapalle,Safflower,0,
2017-2018,Rabi,Rangareddy,Keshampeta,Safflower,0,
2017-2018,Rabi,Rangareddy,Kadthal,Safflower,0,
2017-2018,Rabi,Rangareddy,Kandukur,Safflower,0,
2017-2018,Rabi,Rangareddy,Maheshwaram,Safflower,0,
2017-2018,Rabi,Rangareddy,Shamshabad,Safflower,0,
2017-2018,Rabi,Rangareddy,Moinabad,Safflower,3,3
2017-2018,Rabi,Rangareddy,Chevella,Safflower,50,5
2017-2018,Rabi,Rangareddy,Shabad,Safflower,19,
2017-2018,Rabi,Rangareddy,Kothur,Safflower,0,
2017-2018,Rabi,Rangareddy,Nandigam,Safflower,0,
2017-2018,Rabi,Rangareddy,Farooqnagar,Safflower,0,
2017-2018,Rabi,Rangareddy,Kondurg,Safflower,0,
2017-2018,Rabi,Rangareddy,Chowdergudem,Safflower,0,
2017-2018,Rabi,Rangareddy,Shankarpalle,Sunflower,20,
2017-2018,Rabi,Rangareddy,Serilingampally,Sunflower,0,
2017-2018,Rabi,Rangareddy,Gandipet,Sunflower,0,
2017-2018,Rabi,Rangareddy,Rajendranagar,Sunflower,0,
2017-2018,Rabi,Rangareddy,Balapur,Sunflower,0,
2017-2018,Rabi,Rangareddy,Saroornagar,Sunflower,0,
2017-2018,Rabi,Rangareddy,Hayathnagar,Sunflower,0,
2017-2018,Rabi,Rangareddy,Abdullapurmet,Sunflower,0,
2017-2018,Rabi,Rangareddy,Ibrahimpatnam,Sunflower,0,
2017-2018,Rabi,Rangareddy,Manchal,Sunflower,0,
2017-2018,Rabi,Rangareddy,Yacharam,Sunflower,0,
2017-2018,Rabi,Rangareddy,Madgul,Sunflower,14,
2017-2018,Rabi,Rangareddy,Amangal,Sunflower,125,15
2017-2018,Rabi,Rangareddy,Talakondapalle,Sunflower,68,
2017-2018,Rabi,Rangareddy,Keshampeta,Sunflower,46,
2017-2018,Rabi,Rangareddy,Kadthal,Sunflower,10,38
2017-2018,Rabi,Rangareddy,Kandukur,Sunflower,4,
2017-2018,Rabi,Rangareddy,Maheshwaram,Sunflower,0,
2017-2018,Rabi,Rangareddy,Shamshabad,Sunflower,6,12
2017-2018,Rabi,Rangareddy,Moinabad,Sunflower,8,
2017-2018,Rabi,Rangareddy,Chevella,Sunflower,61,50
2017-2018,Rabi,Rangareddy,Shabad,Sunflower,13,
2017-2018,Rabi,Rangareddy,Kothur,Sunflower,18,
2017-2018,Rabi,Rangareddy,Nandigam,Sunflower,2,
2017-2018,Rabi,Rangareddy,Farooqnagar,Sunflower,32,
2017-2018,Rabi,Rangareddy,Kondurg,Sunflower,11,
2017-2018,Rabi,Rangareddy,Chowdergudem,Sunflower,1,
2017-2018,Rabi,Rangareddy,Shankarpalle,Other oil seeds,0,
2017-2018,Rabi,Rangareddy,Serilingampally,Other oil seeds,0,
2017-2018,Rabi,Rangareddy,Gandipet,Other oil seeds,0,
2017-2018,Rabi,Rangareddy,Rajendranagar,Other oil seeds,0,
2017-2018,Rabi,Rangareddy,Balapur,Other oil seeds,0,
2017-2018,Rabi,Rangareddy,Saroornagar,Other oil seeds,0,
2017-2018,Rabi,Rangareddy,Hayathnagar,Other oil seeds,0,
2017-2018,Rabi,Rangareddy,Abdullapurmet,Other oil seeds,0,
2017-2018,Rabi,Rangareddy,Ibrahimpatnam,Other oil seeds,0,
2017-2018,Rabi,Rangareddy,Manchal,Other oil seeds,0,
2017-2018,Rabi,Rangareddy,Yacharam,Other oil seeds,0,
2017-2018,Rabi,Rangareddy,Madgul,Other oil seeds,3,
2017-2018,Rabi,Rangareddy,Amangal,Other oil seeds,2,25
2017-2018,Rabi,Rangareddy,Talakondapalle,Other oil seeds,0,
2017-2018,Rabi,Rangareddy,Keshampeta,Other oil seeds,1,
2017-2018,Rabi,Rangareddy,Kadthal,Other oil seeds,0,
2017-2018,Rabi,Rangareddy,Kandukur,Other oil seeds,0,
2017-2018,Rabi,Rangareddy,Maheshwaram,Other oil seeds,0,
2017-2018,Rabi,Rangareddy,Shamshabad,Other oil seeds,0,
2017-2018,Rabi,Rangareddy,Moinabad,Other oil seeds,0,
2017-2018,Rabi,Rangareddy,Chevella,Other oil seeds,0,
2017-2018,Rabi,Rangareddy,Shabad,Other oil seeds,0,
2017-2018,Rabi,Rangareddy,Kothur,Other oil seeds,0,
2017-2018,Rabi,Rangareddy,Nandigam,Other oil seeds,0,
2017-2018,Rabi,Rangareddy,Farooqnagar,Other oil seeds,1,
2017-2018,Rabi,Rangareddy,Kondurg,Other oil seeds,1,
2017-2018,Rabi,Rangareddy,Chowdergudem,Other oil seeds,0,
2017-2018,Rabi,Rangareddy,Shankarpalle,Tobacco,0,
2017-2018,Rabi,Rangareddy,Serilingampally,Tobacco,0,
2017-2018,Rabi,Rangareddy,Gandipet,Tobacco,0,
2017-2018,Rabi,Rangareddy,Rajendranagar,Tobacco,0,
2017-2018,Rabi,Rangareddy,Balapur,Tobacco,0,
2017-2018,Rabi,Rangareddy,Saroornagar,Tobacco,0,
2017-2018,Rabi,Rangareddy,Hayathnagar,Tobacco,0,
2017-2018,Rabi,Rangareddy,Abdullapurmet,Tobacco,0,
2017-2018,Rabi,Rangareddy,Ibrahimpatnam,Tobacco,0,
2017-2018,Rabi,Rangareddy,Manchal,Tobacco,0,
2017-2018,Rabi,Rangareddy,Yacharam,Tobacco,0,
2017-2018,Rabi,Rangareddy,Madgul,Tobacco,0,
2017-2018,Rabi,Rangareddy,Amangal,Tobacco,0,
2017-2018,Rabi,Rangareddy,Talakondapalle,Tobacco,0,
2017-2018,Rabi,Rangareddy,Keshampeta,Tobacco,0,
2017-2018,Rabi,Rangareddy,Kadthal,Tobacco,0,
2017-2018,Rabi,Rangareddy,Kandukur,Tobacco,0,
2017-2018,Rabi,Rangareddy,Maheshwaram,Tobacco,0,
2017-2018,Rabi,Rangareddy,Shamshabad,Tobacco,0,
2017-2018,Rabi,Rangareddy,Moinabad,Tobacco,0,
2017-2018,Rabi,Rangareddy,Chevella,Tobacco,0,
2017-2018,Rabi,Rangareddy,Shabad,Tobacco,0,
2017-2018,Rabi,Rangareddy,Kothur,Tobacco,0,
2017-2018,Rabi,Rangareddy,Nandigam,Tobacco,0,
2017-2018,Rabi,Rangareddy,Farooqnagar,Tobacco,0,
2017-2018,Rabi,Rangareddy,Kondurg,Tobacco,0,
2017-2018,Rabi,Rangareddy,Chowdergudem,Tobacco,0,
2017-2018,Rabi,Rangareddy,Shankarpalle,Other non-food crops,143,
2017-2018,Rabi,Rangareddy,Serilingampally,Other non-food crops,2,2
2017-2018,Rabi,Rangareddy,Gandipet,Other non-food crops,5,19
2017-2018,Rabi,Rangareddy,Rajendranagar,Other non-food crops,26,15
2017-2018,Rabi,Rangareddy,Balapur,Other non-food crops,2,30
2017-2018,Rabi,Rangareddy,Saroornagar,Other non-food crops,1,
2017-2018,Rabi,Rangareddy,Hayathnagar,Other non-food crops,8,
2017-2018,Rabi,Rangareddy,Abdullapurmet,Other non-food crops,39,
2017-2018,Rabi,Rangareddy,Ibrahimpatnam,Other non-food crops,158,
2017-2018,Rabi,Rangareddy,Manchal,Other non-food crops,120,
2017-2018,Rabi,Rangareddy,Yacharam,Other non-food crops,21,
2017-2018,Rabi,Rangareddy,Madgul,Other non-food crops,45,
2017-2018,Rabi,Rangareddy,Amangal,Other non-food crops,44,75
2017-2018,Rabi,Rangareddy,Talakondapalle,Other non-food crops,25,
2017-2018,Rabi,Rangareddy,Keshampeta,Other non-food crops,234,
2017-2018,Rabi,Rangareddy,Kadthal,Other non-food crops,3,73
2017-2018,Rabi,Rangareddy,Kandukur,Other non-food crops,141,152
2017-2018,Rabi,Rangareddy,Maheshwaram,Other non-food crops,232,312
2017-2018,Rabi,Rangareddy,Shamshabad,Other non-food crops,59,57
2017-2018,Rabi,Rangareddy,Moinabad,Other non-food crops,292,281
2017-2018,Rabi,Rangareddy,Chevella,Other non-food crops,110,120
2017-2018,Rabi,Rangareddy,Shabad,Other non-food crops,171,125
2017-2018,Rabi,Rangareddy,Kothur,Other non-food crops,20,
2017-2018,Rabi,Rangareddy,Nandigam,Other non-food crops,11,
2017-2018,Rabi,Rangareddy,Farooqnagar,Other non-food crops,124,
2017-2018,Rabi,Rangareddy,Kondurg,Other non-food crops,51,
2017-2018,Rabi,Rangareddy,Chowdergudem,Other non-food crops,4,
2017-2018,Rabi,Rangareddy,Shankarpalle,Total,2261,1572
2017-2018,Rabi,Rangareddy,Serilingampally,Total,9,41
2017-2018,Rabi,Rangareddy,Gandipet,Total,60,110
2017-2018,Rabi,Rangareddy,Rajendranagar,Total,158,86
2017-2018,Rabi,Rangareddy,Balapur,Total,34,270
2017-2018,Rabi,Rangareddy,Saroornagar,Total,128,32
2017-2018,Rabi,Rangareddy,Hayathnagar,Total,700,145
2017-2018,Rabi,Rangareddy,Abdullapurmet,Total,299,250
2017-2018,Rabi,Rangareddy,Ibrahimpatnam,Total,1325,527
2017-2018,Rabi,Rangareddy,Manchal,Total,815,431
2017-2018,Rabi,Rangareddy,Yacharam,Total,627,473
2017-2018,Rabi,Rangareddy,Madgul,Total,712,67
2017-2018,Rabi,Rangareddy,Amangal,Total,1490,800
2017-2018,Rabi,Rangareddy,Talakondapalle,Total,1827,864
2017-2018,Rabi,Rangareddy,Keshampeta,Total,2385,755
2017-2018,Rabi,Rangareddy,Kadthal,Total,186,585
2017-2018,Rabi,Rangareddy,Kandukur,Total,2595,1620
2017-2018,Rabi,Rangareddy,Maheshwaram,Total,1425,1117
2017-2018,Rabi,Rangareddy,Shamshabad,Total,875,695
2017-2018,Rabi,Rangareddy,Moinabad,Total,1500,787
2017-2018,Rabi,Rangareddy,Chevella,Total,1553,751
2017-2018,Rabi,Rangareddy,Shabad,Total,2050,1490
2017-2018,Rabi,Rangareddy,Kothur,Total,848,525
2017-2018,Rabi,Rangareddy,Nandigam,Total,95,483
2017-2018,Rabi,Rangareddy,Farooqnagar,Total,1422,489
2017-2018,Rabi,Rangareddy,Kondurg,Total,1846,1041
2017-2018,Rabi,Rangareddy,Chowdergudem,Total,203,486
