year,season,districtName,mandalName,crop,normalAreaSown,actualAreaSown
2016-2017,Rabi,Rangareddy,Shankarpalle,Paddy,294,452
2016-2017,Rabi,Rangareddy,Moinabad,Paddy,260,511
2016-2017,Rabi,Rangareddy,Chevella,Paddy,51,159
2016-2017,Rabi,Rangareddy,Shabad,Paddy,423,547
2016-2017,Rabi,Rangareddy,Hayathnagar,Paddy,0,6
2016-2017,Rabi,Rangareddy,Abdullapurmet,Paddy,760,1042
2016-2017,Rabi,Rangareddy,Ibrahimpatnam,Paddy,611,789
2016-2017,Rabi,Rangareddy,Manchal,Paddy,450,553
2016-2017,Rabi,Rangareddy,Yacharam,Paddy,438,193
2016-2017,Rabi,Rangareddy,Madgul,Paddy,512,229
2016-2017,Rabi,Rangareddy,Balapur,Paddy,78,66
2016-2017,Rabi,Rangareddy,Saroornagar,Paddy,0,0
2016-2017,Rabi,Rangareddy,Amangal,Paddy,403,210
2016-2017,Rabi,Rangareddy,Talakondapally,Paddy,540,303
2016-2017,Rabi,Rangareddy,Kadtal,Paddy,501,539
2016-2017,Rabi,Rangareddy,Kandukur,Paddy,554,281
2016-2017,Rabi,Rangareddy,Maheswaram,Paddy,570,239
2016-2017,Rabi,Rangareddy,Serilingampalle,Paddy,6,2
2016-2017,Rabi,Rangareddy,Gandipet,Paddy,78,121
2016-2017,Rabi,Rangareddy,Rajendranagar,Paddy,12,8
2016-2017,Rabi,Rangareddy,Shamshabad,Paddy,242,192
2016-2017,Rabi,Rangareddy,Keshampet,Paddy,667,309
2016-2017,Rabi,Rangareddy,Kothur,Paddy,131,87
2016-2017,Rabi,Rangareddy,Nandigam,Paddy,158,123
2016-2017,Rabi,Rangareddy,Farooqnagar,Paddy,702,242
2016-2017,Rabi,Rangareddy,Kondurg,Paddy,348,247
2016-2017,Rabi,Rangareddy,Chwdarigudem,Paddy,335,452
2016-2017,Rabi,Rangareddy,Shankarpalle,Wheat,56,20
2016-2017,Rabi,Rangareddy,Moinabad,Wheat,27,5
2016-2017,Rabi,Rangareddy,Chevella,Wheat,52,38
2016-2017,Rabi,Rangareddy,Shabad,Wheat,24,25
2016-2017,Rabi,Rangareddy,Hayathnagar,Wheat,0,0
2016-2017,Rabi,Rangareddy,Abdullapurmet,Wheat,0,0
2016-2017,Rabi,Rangareddy,Ibrahimpatnam,Wheat,4,0
2016-2017,Rabi,Rangareddy,Manchal,Wheat,0,0
2016-2017,Rabi,Rangareddy,Yacharam,Wheat,4,0
2016-2017,Rabi,Rangareddy,Madgul,Wheat,0,0
2016-2017,Rabi,Rangareddy,Balapur,Wheat,0,0
2016-2017,Rabi,Rangareddy,Saroornagar,Wheat,1,0
2016-2017,Rabi,Rangareddy,Amangal,Wheat,0,0
2016-2017,Rabi,Rangareddy,Talakondapally,Wheat,0,0
2016-2017,Rabi,Rangareddy,Kadtal,Wheat,0,0
2016-2017,Rabi,Rangareddy,Kandukur,Wheat,0,1
2016-2017,Rabi,Rangareddy,Maheswaram,Wheat,0,0
2016-2017,Rabi,Rangareddy,Serilingampalle,Wheat,0,0
2016-2017,Rabi,Rangareddy,Gandipet,Wheat,0,0
2016-2017,Rabi,Rangareddy,Rajendranagar,Wheat,1,0
2016-2017,Rabi,Rangareddy,Shamshabad,Wheat,1,0
2016-2017,Rabi,Rangareddy,Keshampet,Wheat,1,1
2016-2017,Rabi,Rangareddy,Kothur,Wheat,2,2
2016-2017,Rabi,Rangareddy,Nandigam,Wheat,0,0
2016-2017,Rabi,Rangareddy,Farooqnagar,Wheat,0,0
2016-2017,Rabi,Rangareddy,Kondurg,Wheat,4,0
2016-2017,Rabi,Rangareddy,Chwdarigudem,Wheat,0,0
2016-2017,Rabi,Rangareddy,Shankarpalle,Jowar,148,65
2016-2017,Rabi,Rangareddy,Moinabad,Jowar,21,18
2016-2017,Rabi,Rangareddy,Chevella,Jowar,61,75
2016-2017,Rabi,Rangareddy,Shabad,Jowar,99,72
2016-2017,Rabi,Rangareddy,Hayathnagar,Jowar,0,0
2016-2017,Rabi,Rangareddy,Abdullapurmet,Jowar,3,3
2016-2017,Rabi,Rangareddy,Ibrahimpatnam,Jowar,10,3
2016-2017,Rabi,Rangareddy,Manchal,Jowar,12,0
2016-2017,Rabi,Rangareddy,Yacharam,Jowar,3,6
2016-2017,Rabi,Rangareddy,Madgul,Jowar,0,11
2016-2017,Rabi,Rangareddy,Balapur,Jowar,0,0
2016-2017,Rabi,Rangareddy,Saroornagar,Jowar,1,0
2016-2017,Rabi,Rangareddy,Amangal,Jowar,7,0
2016-2017,Rabi,Rangareddy,Talakondapally,Jowar,0,0
2016-2017,Rabi,Rangareddy,Kadtal,Jowar,0,0
2016-2017,Rabi,Rangareddy,Kandukur,Jowar,89,13
2016-2017,Rabi,Rangareddy,Maheswaram,Jowar,13,3
2016-2017,Rabi,Rangareddy,Serilingampalle,Jowar,0,0
2016-2017,Rabi,Rangareddy,Gandipet,Jowar,4,6
2016-2017,Rabi,Rangareddy,Rajendranagar,Jowar,4,0
2016-2017,Rabi,Rangareddy,Shamshabad,Jowar,12,4
2016-2017,Rabi,Rangareddy,Keshampet,Jowar,9,8
2016-2017,Rabi,Rangareddy,Kothur,Jowar,1,1
2016-2017,Rabi,Rangareddy,Nandigam,Jowar,0,3
2016-2017,Rabi,Rangareddy,Farooqnagar,Jowar,14,0
2016-2017,Rabi,Rangareddy,Kondurg,Jowar,23,17
2016-2017,Rabi,Rangareddy,Chwdarigudem,Jowar,0,31
2016-2017,Rabi,Rangareddy,Shankarpalle,Bajra,0,0
2016-2017,Rabi,Rangareddy,Moinabad,Bajra,0,0
2016-2017,Rabi,Rangareddy,Chevella,Bajra,0,0
2016-2017,Rabi,Rangareddy,Shabad,Bajra,0,0
2016-2017,Rabi,Rangareddy,Hayathnagar,Bajra,0,0
2016-2017,Rabi,Rangareddy,Abdullapurmet,Bajra,0,0
2016-2017,Rabi,Rangareddy,Ibrahimpatnam,Bajra,0,0
2016-2017,Rabi,Rangareddy,Manchal,Bajra,0,0
2016-2017,Rabi,Rangareddy,Yacharam,Bajra,0,0
2016-2017,Rabi,Rangareddy,Madgul,Bajra,0,0
2016-2017,Rabi,Rangareddy,Balapur,Bajra,0,0
2016-2017,Rabi,Rangareddy,Saroornagar,Bajra,0,0
2016-2017,Rabi,Rangareddy,Amangal,Bajra,0,0
2016-2017,Rabi,Rangareddy,Talakondapally,Bajra,0,0
2016-2017,Rabi,Rangareddy,Kadtal,Bajra,20,0
2016-2017,Rabi,Rangareddy,Kandukur,Bajra,0,0
2016-2017,Rabi,Rangareddy,Maheswaram,Bajra,0,0
2016-2017,Rabi,Rangareddy,Serilingampalle,Bajra,0,0
2016-2017,Rabi,Rangareddy,Gandipet,Bajra,0,0
2016-2017,Rabi,Rangareddy,Rajendranagar,Bajra,0,0
2016-2017,Rabi,Rangareddy,Shamshabad,Bajra,3,0
2016-2017,Rabi,Rangareddy,Keshampet,Bajra,0,0
2016-2017,Rabi,Rangareddy,Kothur,Bajra,0,0
2016-2017,Rabi,Rangareddy,Nandigam,Bajra,0,0
2016-2017,Rabi,Rangareddy,Farooqnagar,Bajra,0,0
2016-2017,Rabi,Rangareddy,Kondurg,Bajra,0,3
2016-2017,Rabi,Rangareddy,Chwdarigudem,Bajra,0,0
2016-2017,Rabi,Rangareddy,Shankarpalle,Maize,324,286
2016-2017,Rabi,Rangareddy,Moinabad,Maize,35,28
2016-2017,Rabi,Rangareddy,Chevella,Maize,67,123
2016-2017,Rabi,Rangareddy,Shabad,Maize,34,96
2016-2017,Rabi,Rangareddy,Hayathnagar,Maize,0,0
2016-2017,Rabi,Rangareddy,Abdullapurmet,Maize,0,0
2016-2017,Rabi,Rangareddy,Ibrahimpatnam,Maize,5,2
2016-2017,Rabi,Rangareddy,Manchal,Maize,3,0
2016-2017,Rabi,Rangareddy,Yacharam,Maize,15,12
2016-2017,Rabi,Rangareddy,Madgul,Maize,14,23
2016-2017,Rabi,Rangareddy,Balapur,Maize,1,4
2016-2017,Rabi,Rangareddy,Saroornagar,Maize,0,0
2016-2017,Rabi,Rangareddy,Amangal,Maize,58,41
2016-2017,Rabi,Rangareddy,Talakondapally,Maize,109,24
2016-2017,Rabi,Rangareddy,Kadtal,Maize,85,73
2016-2017,Rabi,Rangareddy,Kandukur,Maize,654,367
2016-2017,Rabi,Rangareddy,Maheswaram,Maize,108,65
2016-2017,Rabi,Rangareddy,Serilingampalle,Maize,0,0
2016-2017,Rabi,Rangareddy,Gandipet,Maize,0,0
2016-2017,Rabi,Rangareddy,Rajendranagar,Maize,0,0
2016-2017,Rabi,Rangareddy,Shamshabad,Maize,147,135
2016-2017,Rabi,Rangareddy,Keshampet,Maize,399,110
2016-2017,Rabi,Rangareddy,Kothur,Maize,90,17
2016-2017,Rabi,Rangareddy,Nandigam,Maize,96,65
2016-2017,Rabi,Rangareddy,Farooqnagar,Maize,351,84
2016-2017,Rabi,Rangareddy,Kondurg,Maize,145,75
2016-2017,Rabi,Rangareddy,Chwdarigudem,Maize,139,65
2016-2017,Rabi,Rangareddy,Shankarpalle,Ragi,0,0
2016-2017,Rabi,Rangareddy,Moinabad,Ragi,0,0
2016-2017,Rabi,Rangareddy,Chevella,Ragi,0,0
2016-2017,Rabi,Rangareddy,Shabad,Ragi,0,0
2016-2017,Rabi,Rangareddy,Hayathnagar,Ragi,0,0
2016-2017,Rabi,Rangareddy,Abdullapurmet,Ragi,0,0
2016-2017,Rabi,Rangareddy,Ibrahimpatnam,Ragi,0,0
2016-2017,Rabi,Rangareddy,Manchal,Ragi,0,0
2016-2017,Rabi,Rangareddy,Yacharam,Ragi,0,0
2016-2017,Rabi,Rangareddy,Madgul,Ragi,0,0
2016-2017,Rabi,Rangareddy,Balapur,Ragi,0,0
2016-2017,Rabi,Rangareddy,Saroornagar,Ragi,0,0
2016-2017,Rabi,Rangareddy,Amangal,Ragi,0,0
2016-2017,Rabi,Rangareddy,Talakondapally,Ragi,0,0
2016-2017,Rabi,Rangareddy,Kadtal,Ragi,0,0
2016-2017,Rabi,Rangareddy,Kandukur,Ragi,0,0
2016-2017,Rabi,Rangareddy,Maheswaram,Ragi,0,0
2016-2017,Rabi,Rangareddy,Serilingampalle,Ragi,0,0
2016-2017,Rabi,Rangareddy,Gandipet,Ragi,0,0
2016-2017,Rabi,Rangareddy,Rajendranagar,Ragi,0,0
2016-2017,Rabi,Rangareddy,Shamshabad,Ragi,0,0
2016-2017,Rabi,Rangareddy,Keshampet,Ragi,0,0
2016-2017,Rabi,Rangareddy,Kothur,Ragi,0,0
2016-2017,Rabi,Rangareddy,Nandigam,Ragi,0,0
2016-2017,Rabi,Rangareddy,Farooqnagar,Ragi,0,0
2016-2017,Rabi,Rangareddy,Kondurg,Ragi,0,1
2016-2017,Rabi,Rangareddy,Chwdarigudem,Ragi,0,0
2016-2017,Rabi,Rangareddy,Shankarpalle,Horse Gram,0,0
2016-2017,Rabi,Rangareddy,Moinabad,Horse Gram,0,0
2016-2017,Rabi,Rangareddy,Chevella,Horse Gram,0,0
2016-2017,Rabi,Rangareddy,Shabad,Horse Gram,0,0
2016-2017,Rabi,Rangareddy,Hayathnagar,Horse Gram,0,0
2016-2017,Rabi,Rangareddy,Abdullapurmet,Horse Gram,0,0
2016-2017,Rabi,Rangareddy,Ibrahimpatnam,Horse Gram,16,2
2016-2017,Rabi,Rangareddy,Manchal,Horse Gram,18,13
2016-2017,Rabi,Rangareddy,Yacharam,Horse Gram,23,5
2016-2017,Rabi,Rangareddy,Madgul,Horse Gram,8,7
2016-2017,Rabi,Rangareddy,Balapur,Horse Gram,0,0
2016-2017,Rabi,Rangareddy,Saroornagar,Horse Gram,0,0
2016-2017,Rabi,Rangareddy,Amangal,Horse Gram,45,38
2016-2017,Rabi,Rangareddy,Talakondapally,Horse Gram,20,22
2016-2017,Rabi,Rangareddy,Kadtal,Horse Gram,39,18
2016-2017,Rabi,Rangareddy,Kandukur,Horse Gram,22,2
2016-2017,Rabi,Rangareddy,Maheswaram,Horse Gram,12,6
2016-2017,Rabi,Rangareddy,Serilingampalle,Horse Gram,0,0
2016-2017,Rabi,Rangareddy,Gandipet,Horse Gram,0,0
2016-2017,Rabi,Rangareddy,Rajendranagar,Horse Gram,0,0
2016-2017,Rabi,Rangareddy,Shamshabad,Horse Gram,0,0
2016-2017,Rabi,Rangareddy,Keshampet,Horse Gram,53,14
2016-2017,Rabi,Rangareddy,Kothur,Horse Gram,1,0
2016-2017,Rabi,Rangareddy,Nandigam,Horse Gram,2,0
2016-2017,Rabi,Rangareddy,Farooqnagar,Horse Gram,6,0
2016-2017,Rabi,Rangareddy,Kondurg,Horse Gram,0,4
2016-2017,Rabi,Rangareddy,Chwdarigudem,Horse Gram,0,0
2016-2017,Rabi,Rangareddy,Shankarpalle,Green Gram,0,0
2016-2017,Rabi,Rangareddy,Moinabad,Green Gram,0,0
2016-2017,Rabi,Rangareddy,Chevella,Green Gram,0,0
2016-2017,Rabi,Rangareddy,Shabad,Green Gram,0,0
2016-2017,Rabi,Rangareddy,Hayathnagar,Green Gram,0,0
2016-2017,Rabi,Rangareddy,Abdullapurmet,Green Gram,0,0
2016-2017,Rabi,Rangareddy,Ibrahimpatnam,Green Gram,0,0
2016-2017,Rabi,Rangareddy,Manchal,Green Gram,0,0
2016-2017,Rabi,Rangareddy,Yacharam,Green Gram,5,0
2016-2017,Rabi,Rangareddy,Madgul,Green Gram,0,0
2016-2017,Rabi,Rangareddy,Balapur,Green Gram,0,0
2016-2017,Rabi,Rangareddy,Saroornagar,Green Gram,0,0
2016-2017,Rabi,Rangareddy,Amangal,Green Gram,0,0
2016-2017,Rabi,Rangareddy,Talakondapally,Green Gram,0,0
2016-2017,Rabi,Rangareddy,Kadtal,Green Gram,0,0
2016-2017,Rabi,Rangareddy,Kandukur,Green Gram,0,0
2016-2017,Rabi,Rangareddy,Maheswaram,Green Gram,0,0
2016-2017,Rabi,Rangareddy,Serilingampalle,Green Gram,0,0
2016-2017,Rabi,Rangareddy,Gandipet,Green Gram,0,0
2016-2017,Rabi,Rangareddy,Rajendranagar,Green Gram,0,0
2016-2017,Rabi,Rangareddy,Shamshabad,Green Gram,0,0
2016-2017,Rabi,Rangareddy,Keshampet,Green Gram,0,0
2016-2017,Rabi,Rangareddy,Kothur,Green Gram,0,0
2016-2017,Rabi,Rangareddy,Nandigam,Green Gram,0,0
2016-2017,Rabi,Rangareddy,Farooqnagar,Green Gram,0,0
2016-2017,Rabi,Rangareddy,Kondurg,Green Gram,0,1
2016-2017,Rabi,Rangareddy,Chwdarigudem,Green Gram,0,3
2016-2017,Rabi,Rangareddy,Shankarpalle,Black Gram,0,0
2016-2017,Rabi,Rangareddy,Moinabad,Black Gram,0,0
2016-2017,Rabi,Rangareddy,Chevella,Black Gram,0,0
2016-2017,Rabi,Rangareddy,Shabad,Black Gram,0,0
2016-2017,Rabi,Rangareddy,Hayathnagar,Black Gram,0,0
2016-2017,Rabi,Rangareddy,Abdullapurmet,Black Gram,0,0
2016-2017,Rabi,Rangareddy,Ibrahimpatnam,Black Gram,0,0
2016-2017,Rabi,Rangareddy,Manchal,Black Gram,0,0
2016-2017,Rabi,Rangareddy,Yacharam,Black Gram,0,0
2016-2017,Rabi,Rangareddy,Madgul,Black Gram,0,0
2016-2017,Rabi,Rangareddy,Balapur,Black Gram,0,0
2016-2017,Rabi,Rangareddy,Saroornagar,Black Gram,0,0
2016-2017,Rabi,Rangareddy,Amangal,Black Gram,0,10
2016-2017,Rabi,Rangareddy,Talakondapally,Black Gram,0,0
2016-2017,Rabi,Rangareddy,Kadtal,Black Gram,0,10
2016-2017,Rabi,Rangareddy,Kandukur,Black Gram,0,15
2016-2017,Rabi,Rangareddy,Maheswaram,Black Gram,0,0
2016-2017,Rabi,Rangareddy,Serilingampalle,Black Gram,0,0
2016-2017,Rabi,Rangareddy,Gandipet,Black Gram,0,0
2016-2017,Rabi,Rangareddy,Rajendranagar,Black Gram,0,0
2016-2017,Rabi,Rangareddy,Shamshabad,Black Gram,0,0
2016-2017,Rabi,Rangareddy,Keshampet,Black Gram,0,0
2016-2017,Rabi,Rangareddy,Kothur,Black Gram,0,0
2016-2017,Rabi,Rangareddy,Nandigam,Black Gram,0,0
2016-2017,Rabi,Rangareddy,Farooqnagar,Black Gram,0,0
2016-2017,Rabi,Rangareddy,Kondurg,Black Gram,0,0
2016-2017,Rabi,Rangareddy,Chwdarigudem,Black Gram,0,0
2016-2017,Rabi,Rangareddy,Shankarpalle,Red Gram,0,0
2016-2017,Rabi,Rangareddy,Moinabad,Red Gram,0,0
2016-2017,Rabi,Rangareddy,Chevella,Red Gram,0,0
2016-2017,Rabi,Rangareddy,Shabad,Red Gram,0,0
2016-2017,Rabi,Rangareddy,Hayathnagar,Red Gram,0,0
2016-2017,Rabi,Rangareddy,Abdullapurmet,Red Gram,0,0
2016-2017,Rabi,Rangareddy,Ibrahimpatnam,Red Gram,0,0
2016-2017,Rabi,Rangareddy,Manchal,Red Gram,0,0
2016-2017,Rabi,Rangareddy,Yacharam,Red Gram,0,0
2016-2017,Rabi,Rangareddy,Madgul,Red Gram,0,0
2016-2017,Rabi,Rangareddy,Balapur,Red Gram,0,0
2016-2017,Rabi,Rangareddy,Saroornagar,Red Gram,0,0
2016-2017,Rabi,Rangareddy,Amangal,Red Gram,0,0
2016-2017,Rabi,Rangareddy,Talakondapally,Red Gram,0,0
2016-2017,Rabi,Rangareddy,Kadtal,Red Gram,0,0
2016-2017,Rabi,Rangareddy,Kandukur,Red Gram,0,0
2016-2017,Rabi,Rangareddy,Maheswaram,Red Gram,0,0
2016-2017,Rabi,Rangareddy,Serilingampalle,Red Gram,0,0
2016-2017,Rabi,Rangareddy,Gandipet,Red Gram,0,10
2016-2017,Rabi,Rangareddy,Rajendranagar,Red Gram,0,0
2016-2017,Rabi,Rangareddy,Shamshabad,Red Gram,0,0
2016-2017,Rabi,Rangareddy,Keshampet,Red Gram,0,0
2016-2017,Rabi,Rangareddy,Kothur,Red Gram,0,0
2016-2017,Rabi,Rangareddy,Nandigam,Red Gram,0,0
2016-2017,Rabi,Rangareddy,Farooqnagar,Red Gram,0,0
2016-2017,Rabi,Rangareddy,Kondurg,Red Gram,0,0
2016-2017,Rabi,Rangareddy,Chwdarigudem,Red Gram,0,0
2016-2017,Rabi,Rangareddy,Shankarpalle,Bengal Gram,423,894
2016-2017,Rabi,Rangareddy,Moinabad,Bengal Gram,181,320
2016-2017,Rabi,Rangareddy,Chevella,Bengal Gram,385,435
2016-2017,Rabi,Rangareddy,Shabad,Bengal Gram,481,596
2016-2017,Rabi,Rangareddy,Hayathnagar,Bengal Gram,0,0
2016-2017,Rabi,Rangareddy,Abdullapurmet,Bengal Gram,9,16
2016-2017,Rabi,Rangareddy,Ibrahimpatnam,Bengal Gram,2,1
2016-2017,Rabi,Rangareddy,Manchal,Bengal Gram,3,2
2016-2017,Rabi,Rangareddy,Yacharam,Bengal Gram,12,2
2016-2017,Rabi,Rangareddy,Madgul,Bengal Gram,1,5
2016-2017,Rabi,Rangareddy,Balapur,Bengal Gram,16,14
2016-2017,Rabi,Rangareddy,Saroornagar,Bengal Gram,0,0
2016-2017,Rabi,Rangareddy,Amangal,Bengal Gram,1,0
2016-2017,Rabi,Rangareddy,Talakondapally,Bengal Gram,29,14
2016-2017,Rabi,Rangareddy,Kadtal,Bengal Gram,0,0
2016-2017,Rabi,Rangareddy,Kandukur,Bengal Gram,144,83
2016-2017,Rabi,Rangareddy,Maheswaram,Bengal Gram,67,86
2016-2017,Rabi,Rangareddy,Serilingampalle,Bengal Gram,0,0
2016-2017,Rabi,Rangareddy,Gandipet,Bengal Gram,5,3
2016-2017,Rabi,Rangareddy,Rajendranagar,Bengal Gram,5,0
2016-2017,Rabi,Rangareddy,Shamshabad,Bengal Gram,9,5
2016-2017,Rabi,Rangareddy,Keshampet,Bengal Gram,4,0
2016-2017,Rabi,Rangareddy,Kothur,Bengal Gram,22,41
2016-2017,Rabi,Rangareddy,Nandigam,Bengal Gram,26,36
2016-2017,Rabi,Rangareddy,Farooqnagar,Bengal Gram,5,8
2016-2017,Rabi,Rangareddy,Kondurg,Bengal Gram,71,199
2016-2017,Rabi,Rangareddy,Chwdarigudem,Bengal Gram,68,86
2016-2017,Rabi,Rangareddy,Shankarpalle,Cow Gram,0,0
2016-2017,Rabi,Rangareddy,Moinabad,Cow Gram,0,0
2016-2017,Rabi,Rangareddy,Chevella,Cow Gram,0,0
2016-2017,Rabi,Rangareddy,Shabad,Cow Gram,0,0
2016-2017,Rabi,Rangareddy,Hayathnagar,Cow Gram,0,0
2016-2017,Rabi,Rangareddy,Abdullapurmet,Cow Gram,0,0
2016-2017,Rabi,Rangareddy,Ibrahimpatnam,Cow Gram,0,0
2016-2017,Rabi,Rangareddy,Manchal,Cow Gram,1,0
2016-2017,Rabi,Rangareddy,Yacharam,Cow Gram,0,0
2016-2017,Rabi,Rangareddy,Madgul,Cow Gram,0,0
2016-2017,Rabi,Rangareddy,Balapur,Cow Gram,0,0
2016-2017,Rabi,Rangareddy,Saroornagar,Cow Gram,0,0
2016-2017,Rabi,Rangareddy,Amangal,Cow Gram,0,0
2016-2017,Rabi,Rangareddy,Talakondapally,Cow Gram,0,0
2016-2017,Rabi,Rangareddy,Kadtal,Cow Gram,0,0
2016-2017,Rabi,Rangareddy,Kandukur,Cow Gram,0,0
2016-2017,Rabi,Rangareddy,Maheswaram,Cow Gram,0,0
2016-2017,Rabi,Rangareddy,Serilingampalle,Cow Gram,0,0
2016-2017,Rabi,Rangareddy,Gandipet,Cow Gram,0,0
2016-2017,Rabi,Rangareddy,Rajendranagar,Cow Gram,0,0
2016-2017,Rabi,Rangareddy,Shamshabad,Cow Gram,0,0
2016-2017,Rabi,Rangareddy,Keshampet,Cow Gram,0,0
2016-2017,Rabi,Rangareddy,Kothur,Cow Gram,0,0
2016-2017,Rabi,Rangareddy,Nandigam,Cow Gram,0,0
2016-2017,Rabi,Rangareddy,Farooqnagar,Cow Gram,0,0
2016-2017,Rabi,Rangareddy,Kondurg,Cow Gram,0,0
2016-2017,Rabi,Rangareddy,Chwdarigudem,Cow Gram,0,0
2016-2017,Rabi,Rangareddy,Shankarpalle,Red chillies,0,0
2016-2017,Rabi,Rangareddy,Moinabad,Red chillies,0,0
2016-2017,Rabi,Rangareddy,Chevella,Red chillies,7,0
2016-2017,Rabi,Rangareddy,Shabad,Red chillies,1,0
2016-2017,Rabi,Rangareddy,Hayathnagar,Red chillies,0,0
2016-2017,Rabi,Rangareddy,Abdullapurmet,Red chillies,0,0
2016-2017,Rabi,Rangareddy,Ibrahimpatnam,Red chillies,3,0
2016-2017,Rabi,Rangareddy,Manchal,Red chillies,2,0
2016-2017,Rabi,Rangareddy,Yacharam,Red chillies,0,0
2016-2017,Rabi,Rangareddy,Madgul,Red chillies,0,0
2016-2017,Rabi,Rangareddy,Balapur,Red chillies,0,0
2016-2017,Rabi,Rangareddy,Saroornagar,Red chillies,0,0
2016-2017,Rabi,Rangareddy,Amangal,Red chillies,0,25
2016-2017,Rabi,Rangareddy,Talakondapally,Red chillies,0,0
2016-2017,Rabi,Rangareddy,Kadtal,Red chillies,0,35
2016-2017,Rabi,Rangareddy,Kandukur,Red chillies,0,0
2016-2017,Rabi,Rangareddy,Maheswaram,Red chillies,23,6
2016-2017,Rabi,Rangareddy,Serilingampalle,Red chillies,0,0
2016-2017,Rabi,Rangareddy,Gandipet,Red chillies,0,0
2016-2017,Rabi,Rangareddy,Rajendranagar,Red chillies,0,0
2016-2017,Rabi,Rangareddy,Shamshabad,Red chillies,0,25
2016-2017,Rabi,Rangareddy,Keshampet,Red chillies,0,0
2016-2017,Rabi,Rangareddy,Kothur,Red chillies,0,0
2016-2017,Rabi,Rangareddy,Nandigam,Red chillies,0,0
2016-2017,Rabi,Rangareddy,Farooqnagar,Red chillies,0,0
2016-2017,Rabi,Rangareddy,Kondurg,Red chillies,0,0
2016-2017,Rabi,Rangareddy,Chwdarigudem,Red chillies,0,0
2016-2017,Rabi,Rangareddy,Shankarpalle,Coriander,0,0
2016-2017,Rabi,Rangareddy,Moinabad,Coriander,0,0
2016-2017,Rabi,Rangareddy,Chevella,Coriander,10,0
2016-2017,Rabi,Rangareddy,Shabad,Coriander,0,0
2016-2017,Rabi,Rangareddy,Hayathnagar,Coriander,0,0
2016-2017,Rabi,Rangareddy,Abdullapurmet,Coriander,0,0
2016-2017,Rabi,Rangareddy,Ibrahimpatnam,Coriander,0,0
2016-2017,Rabi,Rangareddy,Manchal,Coriander,0,0
2016-2017,Rabi,Rangareddy,Yacharam,Coriander,0,0
2016-2017,Rabi,Rangareddy,Madgul,Coriander,0,0
2016-2017,Rabi,Rangareddy,Balapur,Coriander,0,0
2016-2017,Rabi,Rangareddy,Saroornagar,Coriander,0,0
2016-2017,Rabi,Rangareddy,Amangal,Coriander,0,0
2016-2017,Rabi,Rangareddy,Talakondapally,Coriander,0,0
2016-2017,Rabi,Rangareddy,Kadtal,Coriander,0,0
2016-2017,Rabi,Rangareddy,Kandukur,Coriander,0,0
2016-2017,Rabi,Rangareddy,Maheswaram,Coriander,0,0
2016-2017,Rabi,Rangareddy,Serilingampalle,Coriander,0,0
2016-2017,Rabi,Rangareddy,Gandipet,Coriander,0,0
2016-2017,Rabi,Rangareddy,Rajendranagar,Coriander,0,0
2016-2017,Rabi,Rangareddy,Shamshabad,Coriander,0,0
2016-2017,Rabi,Rangareddy,Keshampet,Coriander,0,0
2016-2017,Rabi,Rangareddy,Kothur,Coriander,0,0
2016-2017,Rabi,Rangareddy,Nandigam,Coriander,0,0
2016-2017,Rabi,Rangareddy,Farooqnagar,Coriander,0,0
2016-2017,Rabi,Rangareddy,Kondurg,Coriander,0,0
2016-2017,Rabi,Rangareddy,Chwdarigudem,Coriander,0,0
2016-2017,Rabi,Rangareddy,Shankarpalle,Potato,54,22
2016-2017,Rabi,Rangareddy,Moinabad,Potato,0,0
2016-2017,Rabi,Rangareddy,Chevella,Potato,0,0
2016-2017,Rabi,Rangareddy,Shabad,Potato,0,0
2016-2017,Rabi,Rangareddy,Hayathnagar,Potato,0,0
2016-2017,Rabi,Rangareddy,Abdullapurmet,Potato,0,0
2016-2017,Rabi,Rangareddy,Ibrahimpatnam,Potato,2,7
2016-2017,Rabi,Rangareddy,Manchal,Potato,0,0
2016-2017,Rabi,Rangareddy,Yacharam,Potato,0,0
2016-2017,Rabi,Rangareddy,Madgul,Potato,0,0
2016-2017,Rabi,Rangareddy,Balapur,Potato,,1
2016-2017,Rabi,Rangareddy,Saroornagar,Potato,2,0
2016-2017,Rabi,Rangareddy,Amangal,Potato,0,0
2016-2017,Rabi,Rangareddy,Talakondapally,Potato,0,0
2016-2017,Rabi,Rangareddy,Kadtal,Potato,0,0
2016-2017,Rabi,Rangareddy,Kandukur,Potato,0,0
2016-2017,Rabi,Rangareddy,Maheswaram,Potato,0,0
2016-2017,Rabi,Rangareddy,Serilingampalle,Potato,0,0
2016-2017,Rabi,Rangareddy,Gandipet,Potato,,0
2016-2017,Rabi,Rangareddy,Rajendranagar,Potato,0,0
2016-2017,Rabi,Rangareddy,Shamshabad,Potato,0,0
2016-2017,Rabi,Rangareddy,Keshampet,Potato,0,0
2016-2017,Rabi,Rangareddy,Kothur,Potato,0,0
2016-2017,Rabi,Rangareddy,Nandigam,Potato,0,0
2016-2017,Rabi,Rangareddy,Farooqnagar,Potato,0,0
2016-2017,Rabi,Rangareddy,Kondurg,Potato,0,0
2016-2017,Rabi,Rangareddy,Chwdarigudem,Potato,0,0
2016-2017,Rabi,Rangareddy,Shankarpalle,Onion,129,86
2016-2017,Rabi,Rangareddy,Moinabad,Onion,30,25
2016-2017,Rabi,Rangareddy,Chevella,Onion,68,45
2016-2017,Rabi,Rangareddy,Shabad,Onion,38,37
2016-2017,Rabi,Rangareddy,Hayathnagar,Onion,0,0
2016-2017,Rabi,Rangareddy,Abdullapurmet,Onion,0,0
2016-2017,Rabi,Rangareddy,Ibrahimpatnam,Onion,15,54
2016-2017,Rabi,Rangareddy,Manchal,Onion,3,1
2016-2017,Rabi,Rangareddy,Yacharam,Onion,5,16
2016-2017,Rabi,Rangareddy,Madgul,Onion,2,0
2016-2017,Rabi,Rangareddy,Balapur,Onion,0,0
2016-2017,Rabi,Rangareddy,Saroornagar,Onion,0,0
2016-2017,Rabi,Rangareddy,Amangal,Onion,1,0
2016-2017,Rabi,Rangareddy,Talakondapally,Onion,0,0
2016-2017,Rabi,Rangareddy,Kadtal,Onion,0,0
2016-2017,Rabi,Rangareddy,Kandukur,Onion,37,14
2016-2017,Rabi,Rangareddy,Maheswaram,Onion,21,18
2016-2017,Rabi,Rangareddy,Serilingampalle,Onion,0,0
2016-2017,Rabi,Rangareddy,Gandipet,Onion,8,2
2016-2017,Rabi,Rangareddy,Rajendranagar,Onion,8,0
2016-2017,Rabi,Rangareddy,Shamshabad,Onion,15,11
2016-2017,Rabi,Rangareddy,Keshampet,Onion,24,2
2016-2017,Rabi,Rangareddy,Kothur,Onion,16,6
2016-2017,Rabi,Rangareddy,Nandigam,Onion,0,8
2016-2017,Rabi,Rangareddy,Farooqnagar,Onion,13,30
2016-2017,Rabi,Rangareddy,Kondurg,Onion,43,11
2016-2017,Rabi,Rangareddy,Chwdarigudem,Onion,0,67
2016-2017,Rabi,Rangareddy,Shankarpalle,Other food crops,751,959
2016-2017,Rabi,Rangareddy,Moinabad,Other food crops,600,549
2016-2017,Rabi,Rangareddy,Chevella,Other food crops,603,449
2016-2017,Rabi,Rangareddy,Shabad,Other food crops,612,1182
2016-2017,Rabi,Rangareddy,Hayathnagar,Other food crops,0,10
2016-2017,Rabi,Rangareddy,Abdullapurmet,Other food crops,121,245
2016-2017,Rabi,Rangareddy,Ibrahimpatnam,Other food crops,354,584
2016-2017,Rabi,Rangareddy,Manchal,Other food crops,171,188
2016-2017,Rabi,Rangareddy,Yacharam,Other food crops,149,233
2016-2017,Rabi,Rangareddy,Madgul,Other food crops,152,122
2016-2017,Rabi,Rangareddy,Balapur,Other food crops,73,73
2016-2017,Rabi,Rangareddy,Saroornagar,Other food crops,0,0
2016-2017,Rabi,Rangareddy,Amangal,Other food crops,186,232
2016-2017,Rabi,Rangareddy,Talakondapally,Other food crops,305,213
2016-2017,Rabi,Rangareddy,Kadtal,Other food crops,188,125
2016-2017,Rabi,Rangareddy,Kandukur,Other food crops,889,573
2016-2017,Rabi,Rangareddy,Maheswaram,Other food crops,565,395
2016-2017,Rabi,Rangareddy,Serilingampalle,Other food crops,3,0
2016-2017,Rabi,Rangareddy,Gandipet,Other food crops,55,146
2016-2017,Rabi,Rangareddy,Rajendranagar,Other food crops,5,10
2016-2017,Rabi,Rangareddy,Shamshabad,Other food crops,427,268
2016-2017,Rabi,Rangareddy,Keshampet,Other food crops,964,547
2016-2017,Rabi,Rangareddy,Kothur,Other food crops,193,23
2016-2017,Rabi,Rangareddy,Nandigam,Other food crops,260,178
2016-2017,Rabi,Rangareddy,Farooqnagar,Other food crops,499,365
2016-2017,Rabi,Rangareddy,Kondurg,Other food crops,326,107
2016-2017,Rabi,Rangareddy,Chwdarigudem,Other food crops,311,282
2016-2017,Rabi,Rangareddy,Shankarpalle,Groundnut,0,0
2016-2017,Rabi,Rangareddy,Moinabad,Groundnut,0,0
2016-2017,Rabi,Rangareddy,Chevella,Groundnut,8,0
2016-2017,Rabi,Rangareddy,Shabad,Groundnut,0,0
2016-2017,Rabi,Rangareddy,Hayathnagar,Groundnut,0,0
2016-2017,Rabi,Rangareddy,Abdullapurmet,Groundnut,0,0
2016-2017,Rabi,Rangareddy,Ibrahimpatnam,Groundnut,0,0
2016-2017,Rabi,Rangareddy,Manchal,Groundnut,0,0
2016-2017,Rabi,Rangareddy,Yacharam,Groundnut,0,0
2016-2017,Rabi,Rangareddy,Madgul,Groundnut,143,144
2016-2017,Rabi,Rangareddy,Balapur,Groundnut,0,0
2016-2017,Rabi,Rangareddy,Saroornagar,Groundnut,0,0
2016-2017,Rabi,Rangareddy,Amangal,Groundnut,247,143
2016-2017,Rabi,Rangareddy,Talakondapally,Groundnut,582,566
2016-2017,Rabi,Rangareddy,Kadtal,Groundnut,414,105
2016-2017,Rabi,Rangareddy,Kandukur,Groundnut,4,0
2016-2017,Rabi,Rangareddy,Maheswaram,Groundnut,0,0
2016-2017,Rabi,Rangareddy,Serilingampalle,Groundnut,0,0
2016-2017,Rabi,Rangareddy,Gandipet,Groundnut,0,0
2016-2017,Rabi,Rangareddy,Rajendranagar,Groundnut,0,0
2016-2017,Rabi,Rangareddy,Shamshabad,Groundnut,4,0
2016-2017,Rabi,Rangareddy,Keshampet,Groundnut,244,136
2016-2017,Rabi,Rangareddy,Kothur,Groundnut,3,0
2016-2017,Rabi,Rangareddy,Nandigam,Groundnut,45,0
2016-2017,Rabi,Rangareddy,Farooqnagar,Groundnut,80,13
2016-2017,Rabi,Rangareddy,Kondurg,Groundnut,46,6
2016-2017,Rabi,Rangareddy,Chwdarigudem,Groundnut,0,52
2016-2017,Rabi,Rangareddy,Shankarpalle,Sesamum,0,0
2016-2017,Rabi,Rangareddy,Moinabad,Sesamum,0,0
2016-2017,Rabi,Rangareddy,Chevella,Sesamum,0,5
2016-2017,Rabi,Rangareddy,Shabad,Sesamum,0,0
2016-2017,Rabi,Rangareddy,Hayathnagar,Sesamum,0,0
2016-2017,Rabi,Rangareddy,Abdullapurmet,Sesamum,0,0
2016-2017,Rabi,Rangareddy,Ibrahimpatnam,Sesamum,1,0
2016-2017,Rabi,Rangareddy,Manchal,Sesamum,2,0
2016-2017,Rabi,Rangareddy,Yacharam,Sesamum,0,0
2016-2017,Rabi,Rangareddy,Madgul,Sesamum,0,0
2016-2017,Rabi,Rangareddy,Balapur,Sesamum,0,0
2016-2017,Rabi,Rangareddy,Saroornagar,Sesamum,0,0
2016-2017,Rabi,Rangareddy,Amangal,Sesamum,0,0
2016-2017,Rabi,Rangareddy,Talakondapally,Sesamum,0,0
2016-2017,Rabi,Rangareddy,Kadtal,Sesamum,0,0
2016-2017,Rabi,Rangareddy,Kandukur,Sesamum,0,0
2016-2017,Rabi,Rangareddy,Maheswaram,Sesamum,0,0
2016-2017,Rabi,Rangareddy,Serilingampalle,Sesamum,0,0
2016-2017,Rabi,Rangareddy,Gandipet,Sesamum,0,0
2016-2017,Rabi,Rangareddy,Rajendranagar,Sesamum,0,0
2016-2017,Rabi,Rangareddy,Shamshabad,Sesamum,0,0
2016-2017,Rabi,Rangareddy,Keshampet,Sesamum,0,0
2016-2017,Rabi,Rangareddy,Kothur,Sesamum,0,0
2016-2017,Rabi,Rangareddy,Nandigam,Sesamum,0,0
2016-2017,Rabi,Rangareddy,Farooqnagar,Sesamum,0,0
2016-2017,Rabi,Rangareddy,Kondurg,Sesamum,0,2
2016-2017,Rabi,Rangareddy,Chwdarigudem,Sesamum,0,0
2016-2017,Rabi,Rangareddy,Shankarpalle,Safflower,14,76
2016-2017,Rabi,Rangareddy,Moinabad,Safflower,4,2
2016-2017,Rabi,Rangareddy,Chevella,Safflower,62,51
2016-2017,Rabi,Rangareddy,Shabad,Safflower,24,20
2016-2017,Rabi,Rangareddy,Hayathnagar,Safflower,0,0
2016-2017,Rabi,Rangareddy,Abdullapurmet,Safflower,0,0
2016-2017,Rabi,Rangareddy,Ibrahimpatnam,Safflower,0,0
2016-2017,Rabi,Rangareddy,Manchal,Safflower,0,0
2016-2017,Rabi,Rangareddy,Yacharam,Safflower,0,0
2016-2017,Rabi,Rangareddy,Madgul,Safflower,0,0
2016-2017,Rabi,Rangareddy,Balapur,Safflower,0,0
2016-2017,Rabi,Rangareddy,Saroornagar,Safflower,0,0
2016-2017,Rabi,Rangareddy,Amangal,Safflower,0,0
2016-2017,Rabi,Rangareddy,Talakondapally,Safflower,0,0
2016-2017,Rabi,Rangareddy,Kadtal,Safflower,0,0
2016-2017,Rabi,Rangareddy,Kandukur,Safflower,0,0
2016-2017,Rabi,Rangareddy,Maheswaram,Safflower,0,0
2016-2017,Rabi,Rangareddy,Serilingampalle,Safflower,0,0
2016-2017,Rabi,Rangareddy,Gandipet,Safflower,3,2
2016-2017,Rabi,Rangareddy,Rajendranagar,Safflower,3,0
2016-2017,Rabi,Rangareddy,Shamshabad,Safflower,0,0
2016-2017,Rabi,Rangareddy,Keshampet,Safflower,0,0
2016-2017,Rabi,Rangareddy,Kothur,Safflower,0,0
2016-2017,Rabi,Rangareddy,Nandigam,Safflower,0,0
2016-2017,Rabi,Rangareddy,Farooqnagar,Safflower,0,0
2016-2017,Rabi,Rangareddy,Kondurg,Safflower,0,0
2016-2017,Rabi,Rangareddy,Chwdarigudem,Safflower,0,0
2016-2017,Rabi,Rangareddy,Shankarpalle,Sunflower,22,12
2016-2017,Rabi,Rangareddy,Moinabad,Sunflower,10,2
2016-2017,Rabi,Rangareddy,Chevella,Sunflower,81,22
2016-2017,Rabi,Rangareddy,Shabad,Sunflower,17,0
2016-2017,Rabi,Rangareddy,Hayathnagar,Sunflower,0,0
2016-2017,Rabi,Rangareddy,Abdullapurmet,Sunflower,0,0
2016-2017,Rabi,Rangareddy,Ibrahimpatnam,Sunflower,0,0
2016-2017,Rabi,Rangareddy,Manchal,Sunflower,0,0
2016-2017,Rabi,Rangareddy,Yacharam,Sunflower,0,0
2016-2017,Rabi,Rangareddy,Madgul,Sunflower,18,29
2016-2017,Rabi,Rangareddy,Balapur,Sunflower,0,0
2016-2017,Rabi,Rangareddy,Saroornagar,Sunflower,0,0
2016-2017,Rabi,Rangareddy,Amangal,Sunflower,94,37
2016-2017,Rabi,Rangareddy,Talakondapally,Sunflower,71,25
2016-2017,Rabi,Rangareddy,Kadtal,Sunflower,92,48
2016-2017,Rabi,Rangareddy,Kandukur,Sunflower,7,0
2016-2017,Rabi,Rangareddy,Maheswaram,Sunflower,0,0
2016-2017,Rabi,Rangareddy,Serilingampalle,Sunflower,0,0
2016-2017,Rabi,Rangareddy,Gandipet,Sunflower,0,0
2016-2017,Rabi,Rangareddy,Rajendranagar,Sunflower,0,0
2016-2017,Rabi,Rangareddy,Shamshabad,Sunflower,10,0
2016-2017,Rabi,Rangareddy,Keshampet,Sunflower,61,17
2016-2017,Rabi,Rangareddy,Kothur,Sunflower,18,6
2016-2017,Rabi,Rangareddy,Nandigam,Sunflower,21,12
2016-2017,Rabi,Rangareddy,Farooqnagar,Sunflower,37,4
2016-2017,Rabi,Rangareddy,Kondurg,Sunflower,12,5
2016-2017,Rabi,Rangareddy,Chwdarigudem,Sunflower,11,5
2016-2017,Rabi,Rangareddy,Shankarpalle,Other oil seeds,0,0
2016-2017,Rabi,Rangareddy,Moinabad,Other oil seeds,0,0
2016-2017,Rabi,Rangareddy,Chevella,Other oil seeds,0,0
2016-2017,Rabi,Rangareddy,Shabad,Other oil seeds,0,0
2016-2017,Rabi,Rangareddy,Hayathnagar,Other oil seeds,0,0
2016-2017,Rabi,Rangareddy,Abdullapurmet,Other oil seeds,0,0
2016-2017,Rabi,Rangareddy,Ibrahimpatnam,Other oil seeds,0,0
2016-2017,Rabi,Rangareddy,Manchal,Other oil seeds,0,0
2016-2017,Rabi,Rangareddy,Yacharam,Other oil seeds,0,0
2016-2017,Rabi,Rangareddy,Madgul,Other oil seeds,7,0
2016-2017,Rabi,Rangareddy,Balapur,Other oil seeds,0,0
2016-2017,Rabi,Rangareddy,Saroornagar,Other oil seeds,0,0
2016-2017,Rabi,Rangareddy,Amangal,Other oil seeds,18,0
2016-2017,Rabi,Rangareddy,Talakondapally,Other oil seeds,0,0
2016-2017,Rabi,Rangareddy,Kadtal,Other oil seeds,0,0
2016-2017,Rabi,Rangareddy,Kandukur,Other oil seeds,0,0
2016-2017,Rabi,Rangareddy,Maheswaram,Other oil seeds,0,0
2016-2017,Rabi,Rangareddy,Serilingampalle,Other oil seeds,0,0
2016-2017,Rabi,Rangareddy,Gandipet,Other oil seeds,0,0
2016-2017,Rabi,Rangareddy,Rajendranagar,Other oil seeds,0,0
2016-2017,Rabi,Rangareddy,Shamshabad,Other oil seeds,0,0
2016-2017,Rabi,Rangareddy,Keshampet,Other oil seeds,1,0
2016-2017,Rabi,Rangareddy,Kothur,Other oil seeds,0,0
2016-2017,Rabi,Rangareddy,Nandigam,Other oil seeds,0,0
2016-2017,Rabi,Rangareddy,Farooqnagar,Other oil seeds,1,0
2016-2017,Rabi,Rangareddy,Kondurg,Other oil seeds,0,0
2016-2017,Rabi,Rangareddy,Chwdarigudem,Other oil seeds,0,0
2016-2017,Rabi,Rangareddy,Shankarpalle,Tobacco,0,0
2016-2017,Rabi,Rangareddy,Moinabad,Tobacco,0,0
2016-2017,Rabi,Rangareddy,Chevella,Tobacco,0,0
2016-2017,Rabi,Rangareddy,Shabad,Tobacco,0,0
2016-2017,Rabi,Rangareddy,Hayathnagar,Tobacco,0,0
2016-2017,Rabi,Rangareddy,Abdullapurmet,Tobacco,0,0
2016-2017,Rabi,Rangareddy,Ibrahimpatnam,Tobacco,0,0
2016-2017,Rabi,Rangareddy,Manchal,Tobacco,0,0
2016-2017,Rabi,Rangareddy,Yacharam,Tobacco,0,0
2016-2017,Rabi,Rangareddy,Madgul,Tobacco,0,0
2016-2017,Rabi,Rangareddy,Balapur,Tobacco,0,0
2016-2017,Rabi,Rangareddy,Saroornagar,Tobacco,0,0
2016-2017,Rabi,Rangareddy,Amangal,Tobacco,0,0
2016-2017,Rabi,Rangareddy,Talakondapally,Tobacco,0,0
2016-2017,Rabi,Rangareddy,Kadtal,Tobacco,0,0
2016-2017,Rabi,Rangareddy,Kandukur,Tobacco,0,0
2016-2017,Rabi,Rangareddy,Maheswaram,Tobacco,0,0
2016-2017,Rabi,Rangareddy,Serilingampalle,Tobacco,0,0
2016-2017,Rabi,Rangareddy,Gandipet,Tobacco,0,0
2016-2017,Rabi,Rangareddy,Rajendranagar,Tobacco,0,0
2016-2017,Rabi,Rangareddy,Shamshabad,Tobacco,0,0
2016-2017,Rabi,Rangareddy,Keshampet,Tobacco,0,0
2016-2017,Rabi,Rangareddy,Kothur,Tobacco,0,0
2016-2017,Rabi,Rangareddy,Nandigam,Tobacco,0,0
2016-2017,Rabi,Rangareddy,Farooqnagar,Tobacco,0,0
2016-2017,Rabi,Rangareddy,Kondurg,Tobacco,0,0
2016-2017,Rabi,Rangareddy,Chwdarigudem,Tobacco,0,0
2016-2017,Rabi,Rangareddy,Shankarpalle,Other non-food crops,134,250
2016-2017,Rabi,Rangareddy,Moinabad,Other non-food crops,322,200
2016-2017,Rabi,Rangareddy,Chevella,Other non-food crops,124,123
2016-2017,Rabi,Rangareddy,Shabad,Other non-food crops,154,103
2016-2017,Rabi,Rangareddy,Hayathnagar,Other non-food crops,0,8
2016-2017,Rabi,Rangareddy,Abdullapurmet,Other non-food crops,7,67
2016-2017,Rabi,Rangareddy,Ibrahimpatnam,Other non-food crops,144,173
2016-2017,Rabi,Rangareddy,Manchal,Other non-food crops,137,115
2016-2017,Rabi,Rangareddy,Yacharam,Other non-food crops,5,85
2016-2017,Rabi,Rangareddy,Madgul,Other non-food crops,84,214
2016-2017,Rabi,Rangareddy,Balapur,Other non-food crops,1,8
2016-2017,Rabi,Rangareddy,Saroornagar,Other non-food crops,0,0
2016-2017,Rabi,Rangareddy,Amangal,Other non-food crops,35,198
2016-2017,Rabi,Rangareddy,Talakondapally,Other non-food crops,21,18
2016-2017,Rabi,Rangareddy,Kadtal,Other non-food crops,30,21
2016-2017,Rabi,Rangareddy,Kandukur,Other non-food crops,157,46
2016-2017,Rabi,Rangareddy,Maheswaram,Other non-food crops,206,30
2016-2017,Rabi,Rangareddy,Serilingampalle,Other non-food crops,2,1
2016-2017,Rabi,Rangareddy,Gandipet,Other non-food crops,21,3
2016-2017,Rabi,Rangareddy,Rajendranagar,Other non-food crops,5,5
2016-2017,Rabi,Rangareddy,Shamshabad,Other non-food crops,59,5
2016-2017,Rabi,Rangareddy,Keshampet,Other non-food crops,190,192
2016-2017,Rabi,Rangareddy,Kothur,Other non-food crops,7,18
2016-2017,Rabi,Rangareddy,Nandigam,Other non-food crops,8,10
2016-2017,Rabi,Rangareddy,Farooqnagar,Other non-food crops,172,32
2016-2017,Rabi,Rangareddy,Kondurg,Other non-food crops,34,38
2016-2017,Rabi,Rangareddy,Chwdarigudem,Other non-food crops,33,72
2016-2017,Rabi,Rangareddy,Shankarpalle,Total,2349,2872
2016-2017,Rabi,Rangareddy,Moinabad,Total,1490,1660
2016-2017,Rabi,Rangareddy,Chevella,Total,1579,1525
2016-2017,Rabi,Rangareddy,Shabad,Total,1907,2678
2016-2017,Rabi,Rangareddy,Hayathnagar,Total,0,24
2016-2017,Rabi,Rangareddy,Abdullapurmet,Total,900,1373
2016-2017,Rabi,Rangareddy,Ibrahimpatnam,Total,1167,1615
2016-2017,Rabi,Rangareddy,Manchal,Total,802,872
2016-2017,Rabi,Rangareddy,Yacharam,Total,659,552
2016-2017,Rabi,Rangareddy,Madgul,Total,942,784
2016-2017,Rabi,Rangareddy,Balapur,Total,173,166
2016-2017,Rabi,Rangareddy,Saroornagar,Total,0,0
2016-2017,Rabi,Rangareddy,Amangal,Total,1085,934
2016-2017,Rabi,Rangareddy,Talakondapally,Total,1640,1185
2016-2017,Rabi,Rangareddy,Kadtal,Total,1359,974
2016-2017,Rabi,Rangareddy,Kandukur,Total,2557,1395
2016-2017,Rabi,Rangareddy,Maheswaram,Total,1585,848
2016-2017,Rabi,Rangareddy,Serilingampalle,Total,11,3
2016-2017,Rabi,Rangareddy,Gandipet,Total,174,293
2016-2017,Rabi,Rangareddy,Rajendranagar,Total,23,23
2016-2017,Rabi,Rangareddy,Shamshabad,Total,929,645
2016-2017,Rabi,Rangareddy,Keshampet,Total,2617,1336
2016-2017,Rabi,Rangareddy,Kothur,Total,472,201
2016-2017,Rabi,Rangareddy,Nandigam,Total,589,435
2016-2017,Rabi,Rangareddy,Farooqnagar,Total,1879,778
2016-2017,Rabi,Rangareddy,Kondurg,Total,1019,716
2016-2017,Rabi,Rangareddy,Chwdarigudem,Total,976,1115
