year,season,districtName,mandalName,crop,normalAreaSown,actualAreaSown
2016-2017,Rabi,Sangareddy,Sangareddy,Paddy,203.6,75
2016-2017,Rabi,Sangareddy,Kandi,Paddy,305.4,110
2016-2017,Rabi,Sangareddy,Sadasivpet,Paddy,215,160
2016-2017,Rabi,Sangareddy,Kondapur,Paddy,174,600
2016-2017,Rabi,Sangareddy,Patancheru,Paddy,398.65,182
2016-2017,Rabi,Sangareddy,Ameenpur,Paddy,70.35,37
2016-2017,Rabi,Sangareddy,Ramchandrapuram,Paddy,166,105
2016-2017,Rabi,Sangareddy,Jinnaram,Paddy,235.6,2071
2016-2017,Rabi,Sangareddy,Gummadidala,Paddy,353.4,850
2016-2017,Rabi,Sangareddy,Zaheerabad,Paddy,0,
2016-2017,Rabi,Sangareddy,Mogudampally,Paddy,0,
2016-2017,Rabi,Sangareddy,Kohir,Paddy,0,
2016-2017,Rabi,Sangareddy,Jarasangam,Paddy,0,
2016-2017,Rabi,Sangareddy,Nyalkal,Paddy,6,
2016-2017,Rabi,Sangareddy,Narayankhed,Paddy,549,210
2016-2017,Rabi,Sangareddy,Kangti,Paddy,38,10
2016-2017,Rabi,Sangareddy,Kalher,Paddy,249.5,170
2016-2017,Rabi,Sangareddy,Sirgapur,Paddy,249.5,130
2016-2017,Rabi,Sangareddy,Manoor,Paddy,2.1,
2016-2017,Rabi,Sangareddy,Nagalgidda,Paddy,0.9,
2016-2017,Rabi,Sangareddy,Andole,Paddy,449,263
2016-2017,Rabi,Sangareddy,Hathnoora,Paddy,1130,680
2016-2017,Rabi,Sangareddy,Vatpally,Paddy,96.25,140
2016-2017,Rabi,Sangareddy,Munipally,Paddy,9,
2016-2017,Rabi,Sangareddy,Pulkal,Paddy,827,527
2016-2017,Rabi,Sangareddy,Raikode,Paddy,15,
2016-2017,Rabi,Sangareddy,Sangareddy,Jowar,40,
2016-2017,Rabi,Sangareddy,Kandi,Jowar,60,
2016-2017,Rabi,Sangareddy,Sadasivpet,Jowar,236,
2016-2017,Rabi,Sangareddy,Kondapur,Jowar,135,54
2016-2017,Rabi,Sangareddy,Patancheru,Jowar,40.8,13
2016-2017,Rabi,Sangareddy,Ameenpur,Jowar,7.2,
2016-2017,Rabi,Sangareddy,Ramchandrapuram,Jowar,5,
2016-2017,Rabi,Sangareddy,Jinnaram,Jowar,3.6,
2016-2017,Rabi,Sangareddy,Gummadidala,Jowar,5.4,
2016-2017,Rabi,Sangareddy,Zaheerabad,Jowar,761.4,356
2016-2017,Rabi,Sangareddy,Mogudampally,Jowar,507.6,373
2016-2017,Rabi,Sangareddy,Kohir,Jowar,270,326
2016-2017,Rabi,Sangareddy,Jarasangam,Jowar,322,90
2016-2017,Rabi,Sangareddy,Nyalkal,Jowar,947,577
2016-2017,Rabi,Sangareddy,Narayankhed,Jowar,625,120
2016-2017,Rabi,Sangareddy,Kangti,Jowar,597,28
2016-2017,Rabi,Sangareddy,Kalher,Jowar,315.5,15
2016-2017,Rabi,Sangareddy,Sirgapur,Jowar,315.5,17
2016-2017,Rabi,Sangareddy,Manoor,Jowar,856.1,250
2016-2017,Rabi,Sangareddy,Nagalgidda,Jowar,366.9,120
2016-2017,Rabi,Sangareddy,Andole,Jowar,243,35
2016-2017,Rabi,Sangareddy,Hathnoora,Jowar,90,65
2016-2017,Rabi,Sangareddy,Vatpally,Jowar,124.95,115
2016-2017,Rabi,Sangareddy,Munipally,Jowar,134,114
2016-2017,Rabi,Sangareddy,Pulkal,Jowar,258,32
2016-2017,Rabi,Sangareddy,Raikode,Jowar,407,300
2016-2017,Rabi,Sangareddy,Sangareddy,Wheat,11.2,
2016-2017,Rabi,Sangareddy,Kandi,Wheat,16.8,
2016-2017,Rabi,Sangareddy,Sadasivpet,Wheat,24,
2016-2017,Rabi,Sangareddy,Kondapur,Wheat,56,35
2016-2017,Rabi,Sangareddy,Patancheru,Wheat,9.35,
2016-2017,Rabi,Sangareddy,Ameenpur,Wheat,1.65,
2016-2017,Rabi,Sangareddy,Ramchandrapuram,Wheat,7,
2016-2017,Rabi,Sangareddy,Jinnaram,Wheat,0.4,
2016-2017,Rabi,Sangareddy,Gummadidala,Wheat,0.6,
2016-2017,Rabi,Sangareddy,Zaheerabad,Wheat,90.6,63
2016-2017,Rabi,Sangareddy,Mogudampally,Wheat,60.4,48
2016-2017,Rabi,Sangareddy,Kohir,Wheat,144,
2016-2017,Rabi,Sangareddy,Jarasangam,Wheat,112,35
2016-2017,Rabi,Sangareddy,Nyalkal,Wheat,141,34
2016-2017,Rabi,Sangareddy,Narayankhed,Wheat,64,15
2016-2017,Rabi,Sangareddy,Kangti,Wheat,146,3
2016-2017,Rabi,Sangareddy,Kalher,Wheat,20,0
2016-2017,Rabi,Sangareddy,Sirgapur,Wheat,20.5,0
2016-2017,Rabi,Sangareddy,Manoor,Wheat,246.4,0
2016-2017,Rabi,Sangareddy,Nagalgidda,Wheat,105.6,0
2016-2017,Rabi,Sangareddy,Andole,Wheat,36,18
2016-2017,Rabi,Sangareddy,Hathnoora,Wheat,30,
2016-2017,Rabi,Sangareddy,Vatpally,Wheat,26.6,
2016-2017,Rabi,Sangareddy,Munipally,Wheat,51,
2016-2017,Rabi,Sangareddy,Pulkal,Wheat,25,
2016-2017,Rabi,Sangareddy,Raikode,Wheat,109,20
2016-2017,Rabi,Sangareddy,Sangareddy,Maize,17.6,
2016-2017,Rabi,Sangareddy,Kandi,Maize,26.4,
2016-2017,Rabi,Sangareddy,Sadasivpet,Maize,8,
2016-2017,Rabi,Sangareddy,Kondapur,Maize,51,35
2016-2017,Rabi,Sangareddy,Patancheru,Maize,80.75,6
2016-2017,Rabi,Sangareddy,Ameenpur,Maize,14.25,
2016-2017,Rabi,Sangareddy,Ramchandrapuram,Maize,17,
2016-2017,Rabi,Sangareddy,Jinnaram,Maize,18.4,75
2016-2017,Rabi,Sangareddy,Gummadidala,Maize,27.6,105
2016-2017,Rabi,Sangareddy,Zaheerabad,Maize,30.6,
2016-2017,Rabi,Sangareddy,Mogudampally,Maize,20.4,
2016-2017,Rabi,Sangareddy,Kohir,Maize,95,
2016-2017,Rabi,Sangareddy,Jarasangam,Maize,20,16
2016-2017,Rabi,Sangareddy,Nyalkal,Maize,6,
2016-2017,Rabi,Sangareddy,Narayankhed,Maize,465,190
2016-2017,Rabi,Sangareddy,Kangti,Maize,231,52
2016-2017,Rabi,Sangareddy,Kalher,Maize,174,125
2016-2017,Rabi,Sangareddy,Sirgapur,Maize,174,56
2016-2017,Rabi,Sangareddy,Manoor,Maize,0,0
2016-2017,Rabi,Sangareddy,Nagalgidda,Maize,0,0
2016-2017,Rabi,Sangareddy,Andole,Maize,114,423
2016-2017,Rabi,Sangareddy,Hathnoora,Maize,197,194
2016-2017,Rabi,Sangareddy,Vatpally,Maize,63.7,
2016-2017,Rabi,Sangareddy,Munipally,Maize,2,
2016-2017,Rabi,Sangareddy,Pulkal,Maize,52,
2016-2017,Rabi,Sangareddy,Raikode,Maize,4,
2016-2017,Rabi,Sangareddy,Sangareddy,Bengal Gram,74.4,96
2016-2017,Rabi,Sangareddy,Kandi,Bengal Gram,111.6,145
2016-2017,Rabi,Sangareddy,Sadasivpet,Bengal Gram,502,1050
2016-2017,Rabi,Sangareddy,Kondapur,Bengal Gram,218,73
2016-2017,Rabi,Sangareddy,Patancheru,Bengal Gram,179.35,180
2016-2017,Rabi,Sangareddy,Ameenpur,Bengal Gram,31.65,0
2016-2017,Rabi,Sangareddy,Ramchandrapuram,Bengal Gram,195,140
2016-2017,Rabi,Sangareddy,Jinnaram,Bengal Gram,34.4,4
2016-2017,Rabi,Sangareddy,Gummadidala,Bengal Gram,51.6,475
2016-2017,Rabi,Sangareddy,Zaheerabad,Bengal Gram,1016,913
2016-2017,Rabi,Sangareddy,Mogudampally,Bengal Gram,820,794
2016-2017,Rabi,Sangareddy,Kohir,Bengal Gram,1021,921
2016-2017,Rabi,Sangareddy,Jarasangam,Bengal Gram,1479,780
2016-2017,Rabi,Sangareddy,Nyalkal,Bengal Gram,2443,1980
2016-2017,Rabi,Sangareddy,Narayankhed,Bengal Gram,792,458
2016-2017,Rabi,Sangareddy,Kangti,Bengal Gram,1107,419
2016-2017,Rabi,Sangareddy,Kalher,Bengal Gram,217.5,15
2016-2017,Rabi,Sangareddy,Sirgapur,Bengal Gram,217.5,87
2016-2017,Rabi,Sangareddy,Manoor,Bengal Gram,2030,850
2016-2017,Rabi,Sangareddy,Nagalgidda,Bengal Gram,870,330
2016-2017,Rabi,Sangareddy,Andole,Bengal Gram,279,2159
2016-2017,Rabi,Sangareddy,Hathnoora,Bengal Gram,116,207.3
2016-2017,Rabi,Sangareddy,Vatpally,Bengal Gram,121.1,120
2016-2017,Rabi,Sangareddy,Munipally,Bengal Gram,788,560
2016-2017,Rabi,Sangareddy,Pulkal,Bengal Gram,192,160
2016-2017,Rabi,Sangareddy,Raikode,Bengal Gram,1728,1300
2016-2017,Rabi,Sangareddy,Sangareddy,Horse Gram,0.4,
2016-2017,Rabi,Sangareddy,Kandi,Horse Gram,0.6,
2016-2017,Rabi,Sangareddy,Sadasivpet,Horse Gram,0,
2016-2017,Rabi,Sangareddy,Kondapur,Horse Gram,0,
2016-2017,Rabi,Sangareddy,Patancheru,Horse Gram,5.1,
2016-2017,Rabi,Sangareddy,Ameenpur,Horse Gram,0.9,
2016-2017,Rabi,Sangareddy,Ramchandrapuram,Horse Gram,5,
2016-2017,Rabi,Sangareddy,Jinnaram,Horse Gram,0,
2016-2017,Rabi,Sangareddy,Gummadidala,Horse Gram,0,
2016-2017,Rabi,Sangareddy,Zaheerabad,Horse Gram,0,
2016-2017,Rabi,Sangareddy,Mogudampally,Horse Gram,0,
2016-2017,Rabi,Sangareddy,Kohir,Horse Gram,0,
2016-2017,Rabi,Sangareddy,Jarasangam,Horse Gram,7,5
2016-2017,Rabi,Sangareddy,Nyalkal,Horse Gram,0,
2016-2017,Rabi,Sangareddy,Narayankhed,Horse Gram,17,0
2016-2017,Rabi,Sangareddy,Kangti,Horse Gram,0,0
2016-2017,Rabi,Sangareddy,Kalher,Horse Gram,0,0
2016-2017,Rabi,Sangareddy,Sirgapur,Horse Gram,0,0
2016-2017,Rabi,Sangareddy,Manoor,Horse Gram,0,0
2016-2017,Rabi,Sangareddy,Nagalgidda,Horse Gram,0,0
2016-2017,Rabi,Sangareddy,Andole,Horse Gram,23,0
2016-2017,Rabi,Sangareddy,Hathnoora,Horse Gram,11,
2016-2017,Rabi,Sangareddy,Vatpally,Horse Gram,3.15,
2016-2017,Rabi,Sangareddy,Munipally,Horse Gram,0,
2016-2017,Rabi,Sangareddy,Pulkal,Horse Gram,3,
2016-2017,Rabi,Sangareddy,Raikode,Horse Gram,2,
2016-2017,Rabi,Sangareddy,Sangareddy,Green Gram,0,
2016-2017,Rabi,Sangareddy,Kandi,Green Gram,0,
2016-2017,Rabi,Sangareddy,Sadasivpet,Green Gram,0,
2016-2017,Rabi,Sangareddy,Kondapur,Green Gram,0,2
2016-2017,Rabi,Sangareddy,Patancheru,Green Gram,0,
2016-2017,Rabi,Sangareddy,Ameenpur,Green Gram,0,
2016-2017,Rabi,Sangareddy,Ramchandrapuram,Green Gram,0,
2016-2017,Rabi,Sangareddy,Jinnaram,Green Gram,0,
2016-2017,Rabi,Sangareddy,Gummadidala,Green Gram,0,
2016-2017,Rabi,Sangareddy,Zaheerabad,Green Gram,0,
2016-2017,Rabi,Sangareddy,Mogudampally,Green Gram,0,
2016-2017,Rabi,Sangareddy,Kohir,Green Gram,0,
2016-2017,Rabi,Sangareddy,Jarasangam,Green Gram,0,
2016-2017,Rabi,Sangareddy,Nyalkal,Green Gram,0,
2016-2017,Rabi,Sangareddy,Narayankhed,Green Gram,0,0
2016-2017,Rabi,Sangareddy,Kangti,Green Gram,0,0
2016-2017,Rabi,Sangareddy,Kalher,Green Gram,0,0
2016-2017,Rabi,Sangareddy,Sirgapur,Green Gram,0,0
2016-2017,Rabi,Sangareddy,Manoor,Green Gram,0,0
2016-2017,Rabi,Sangareddy,Nagalgidda,Green Gram,0,0
2016-2017,Rabi,Sangareddy,Andole,Green Gram,0,0
2016-2017,Rabi,Sangareddy,Hathnoora,Green Gram,0,
2016-2017,Rabi,Sangareddy,Vatpally,Green Gram,0,
2016-2017,Rabi,Sangareddy,Munipally,Green Gram,0,
2016-2017,Rabi,Sangareddy,Pulkal,Green Gram,1,
2016-2017,Rabi,Sangareddy,Raikode,Green Gram,0,
2016-2017,Rabi,Sangareddy,Sangareddy,Red Gram,0,
2016-2017,Rabi,Sangareddy,Kandi,Red Gram,0,
2016-2017,Rabi,Sangareddy,Sadasivpet,Red Gram,0,
2016-2017,Rabi,Sangareddy,Kondapur,Red Gram,0,
2016-2017,Rabi,Sangareddy,Patancheru,Red Gram,0,
2016-2017,Rabi,Sangareddy,Ameenpur,Red Gram,0,
2016-2017,Rabi,Sangareddy,Ramchandrapuram,Red Gram,0,
2016-2017,Rabi,Sangareddy,Jinnaram,Red Gram,0,
2016-2017,Rabi,Sangareddy,Gummadidala,Red Gram,0,
2016-2017,Rabi,Sangareddy,Zaheerabad,Red Gram,0,
2016-2017,Rabi,Sangareddy,Mogudampally,Red Gram,0,
2016-2017,Rabi,Sangareddy,Kohir,Red Gram,0,
2016-2017,Rabi,Sangareddy,Jarasangam,Red Gram,0,
2016-2017,Rabi,Sangareddy,Nyalkal,Red Gram,0,
2016-2017,Rabi,Sangareddy,Narayankhed,Red Gram,0,0
2016-2017,Rabi,Sangareddy,Kangti,Red Gram,0,0
2016-2017,Rabi,Sangareddy,Kalher,Red Gram,0,0
2016-2017,Rabi,Sangareddy,Sirgapur,Red Gram,0,0
2016-2017,Rabi,Sangareddy,Manoor,Red Gram,0,0
2016-2017,Rabi,Sangareddy,Nagalgidda,Red Gram,0,0
2016-2017,Rabi,Sangareddy,Andole,Red Gram,0,0
2016-2017,Rabi,Sangareddy,Hathnoora,Red Gram,0,
2016-2017,Rabi,Sangareddy,Vatpally,Red Gram,0,
2016-2017,Rabi,Sangareddy,Munipally,Red Gram,0,
2016-2017,Rabi,Sangareddy,Pulkal,Red Gram,0,
2016-2017,Rabi,Sangareddy,Raikode,Red Gram,0,
2016-2017,Rabi,Sangareddy,Sangareddy,Cow Gram,0,
2016-2017,Rabi,Sangareddy,Kandi,Cow Gram,0,
2016-2017,Rabi,Sangareddy,Sadasivpet,Cow Gram,0,
2016-2017,Rabi,Sangareddy,Kondapur,Cow Gram,0,
2016-2017,Rabi,Sangareddy,Patancheru,Cow Gram,0,
2016-2017,Rabi,Sangareddy,Ameenpur,Cow Gram,0,
2016-2017,Rabi,Sangareddy,Ramchandrapuram,Cow Gram,0,
2016-2017,Rabi,Sangareddy,Jinnaram,Cow Gram,0,
2016-2017,Rabi,Sangareddy,Gummadidala,Cow Gram,0,
2016-2017,Rabi,Sangareddy,Zaheerabad,Cow Gram,0,
2016-2017,Rabi,Sangareddy,Mogudampally,Cow Gram,0,
2016-2017,Rabi,Sangareddy,Kohir,Cow Gram,0,
2016-2017,Rabi,Sangareddy,Jarasangam,Cow Gram,0,
2016-2017,Rabi,Sangareddy,Nyalkal,Cow Gram,0,
2016-2017,Rabi,Sangareddy,Narayankhed,Cow Gram,0,0
2016-2017,Rabi,Sangareddy,Kangti,Cow Gram,0,0
2016-2017,Rabi,Sangareddy,Kalher,Cow Gram,0,0
2016-2017,Rabi,Sangareddy,Sirgapur,Cow Gram,0,0
2016-2017,Rabi,Sangareddy,Manoor,Cow Gram,0,0
2016-2017,Rabi,Sangareddy,Nagalgidda,Cow Gram,0,0
2016-2017,Rabi,Sangareddy,Andole,Cow Gram,0,0
2016-2017,Rabi,Sangareddy,Hathnoora,Cow Gram,0,
2016-2017,Rabi,Sangareddy,Vatpally,Cow Gram,0,
2016-2017,Rabi,Sangareddy,Munipally,Cow Gram,0,
2016-2017,Rabi,Sangareddy,Pulkal,Cow Gram,0,
2016-2017,Rabi,Sangareddy,Raikode,Cow Gram,0,
2016-2017,Rabi,Sangareddy,Sangareddy,Other pulses,0,
2016-2017,Rabi,Sangareddy,Kandi,Other pulses,0,
2016-2017,Rabi,Sangareddy,Sadasivpet,Other pulses,0,
2016-2017,Rabi,Sangareddy,Kondapur,Other pulses,0,
2016-2017,Rabi,Sangareddy,Patancheru,Other pulses,0,
2016-2017,Rabi,Sangareddy,Ameenpur,Other pulses,0,
2016-2017,Rabi,Sangareddy,Ramchandrapuram,Other pulses,0,
2016-2017,Rabi,Sangareddy,Jinnaram,Other pulses,0,
2016-2017,Rabi,Sangareddy,Gummadidala,Other pulses,0,
2016-2017,Rabi,Sangareddy,Zaheerabad,Other pulses,20.4,
2016-2017,Rabi,Sangareddy,Mogudampally,Other pulses,13.6,
2016-2017,Rabi,Sangareddy,Kohir,Other pulses,5,
2016-2017,Rabi,Sangareddy,Jarasangam,Other pulses,1,
2016-2017,Rabi,Sangareddy,Nyalkal,Other pulses,36,
2016-2017,Rabi,Sangareddy,Narayankhed,Other pulses,0,0
2016-2017,Rabi,Sangareddy,Kangti,Other pulses,0,0
2016-2017,Rabi,Sangareddy,Kalher,Other pulses,0,4
2016-2017,Rabi,Sangareddy,Sirgapur,Other pulses,0,2
2016-2017,Rabi,Sangareddy,Manoor,Other pulses,84.7,0
2016-2017,Rabi,Sangareddy,Nagalgidda,Other pulses,36.3,0
2016-2017,Rabi,Sangareddy,Andole,Other pulses,0,6
2016-2017,Rabi,Sangareddy,Hathnoora,Other pulses,0,
2016-2017,Rabi,Sangareddy,Vatpally,Other pulses,0,
2016-2017,Rabi,Sangareddy,Munipally,Other pulses,0,
2016-2017,Rabi,Sangareddy,Pulkal,Other pulses,0,
2016-2017,Rabi,Sangareddy,Raikode,Other pulses,4,
2016-2017,Rabi,Sangareddy,Sangareddy,Groundnut,1.2,
2016-2017,Rabi,Sangareddy,Kandi,Groundnut,1.8,
2016-2017,Rabi,Sangareddy,Sadasivpet,Groundnut,0,
2016-2017,Rabi,Sangareddy,Kondapur,Groundnut,1,
2016-2017,Rabi,Sangareddy,Patancheru,Groundnut,0.85,
2016-2017,Rabi,Sangareddy,Ameenpur,Groundnut,0.15,
2016-2017,Rabi,Sangareddy,Ramchandrapuram,Groundnut,2,
2016-2017,Rabi,Sangareddy,Jinnaram,Groundnut,0,
2016-2017,Rabi,Sangareddy,Gummadidala,Groundnut,0,
2016-2017,Rabi,Sangareddy,Zaheerabad,Groundnut,0,
2016-2017,Rabi,Sangareddy,Mogudampally,Groundnut,0,
2016-2017,Rabi,Sangareddy,Kohir,Groundnut,0,
2016-2017,Rabi,Sangareddy,Jarasangam,Groundnut,0,
2016-2017,Rabi,Sangareddy,Nyalkal,Groundnut,0,
2016-2017,Rabi,Sangareddy,Narayankhed,Groundnut,69,12
2016-2017,Rabi,Sangareddy,Kangti,Groundnut,0,0
2016-2017,Rabi,Sangareddy,Kalher,Groundnut,43,6
2016-2017,Rabi,Sangareddy,Sirgapur,Groundnut,44,4
2016-2017,Rabi,Sangareddy,Manoor,Groundnut,0,0
2016-2017,Rabi,Sangareddy,Nagalgidda,Groundnut,0,0
2016-2017,Rabi,Sangareddy,Andole,Groundnut,64,22
2016-2017,Rabi,Sangareddy,Hathnoora,Groundnut,43,45
2016-2017,Rabi,Sangareddy,Vatpally,Groundnut,12.6,
2016-2017,Rabi,Sangareddy,Munipally,Groundnut,5,5
2016-2017,Rabi,Sangareddy,Pulkal,Groundnut,20,5
2016-2017,Rabi,Sangareddy,Raikode,Groundnut,53,32
2016-2017,Rabi,Sangareddy,Sangareddy,Sunflower,5.2,
2016-2017,Rabi,Sangareddy,Kandi,Sunflower,7.8,
2016-2017,Rabi,Sangareddy,Sadasivpet,Sunflower,4,
2016-2017,Rabi,Sangareddy,Kondapur,Sunflower,15,6
2016-2017,Rabi,Sangareddy,Patancheru,Sunflower,9.35,
2016-2017,Rabi,Sangareddy,Ameenpur,Sunflower,1.65,
2016-2017,Rabi,Sangareddy,Ramchandrapuram,Sunflower,1,
2016-2017,Rabi,Sangareddy,Jinnaram,Sunflower,4.8,
2016-2017,Rabi,Sangareddy,Gummadidala,Sunflower,7.2,
2016-2017,Rabi,Sangareddy,Zaheerabad,Sunflower,39.6,
2016-2017,Rabi,Sangareddy,Mogudampally,Sunflower,26.4,
2016-2017,Rabi,Sangareddy,Kohir,Sunflower,32,
2016-2017,Rabi,Sangareddy,Jarasangam,Sunflower,72,
2016-2017,Rabi,Sangareddy,Nyalkal,Sunflower,89,
2016-2017,Rabi,Sangareddy,Narayankhed,Sunflower,81,5
2016-2017,Rabi,Sangareddy,Kangti,Sunflower,55,0
2016-2017,Rabi,Sangareddy,Kalher,Sunflower,121,0
2016-2017,Rabi,Sangareddy,Sirgapur,Sunflower,121,2
2016-2017,Rabi,Sangareddy,Manoor,Sunflower,44.8,2
2016-2017,Rabi,Sangareddy,Nagalgidda,Sunflower,19.2,0
2016-2017,Rabi,Sangareddy,Andole,Sunflower,66,9
2016-2017,Rabi,Sangareddy,Hathnoora,Sunflower,25,
2016-2017,Rabi,Sangareddy,Vatpally,Sunflower,6.3,
2016-2017,Rabi,Sangareddy,Munipally,Sunflower,11,
2016-2017,Rabi,Sangareddy,Pulkal,Sunflower,41,
2016-2017,Rabi,Sangareddy,Raikode,Sunflower,14,
2016-2017,Rabi,Sangareddy,Sangareddy,Safflower,12.8,
2016-2017,Rabi,Sangareddy,Kandi,Safflower,19.2,
2016-2017,Rabi,Sangareddy,Sadasivpet,Safflower,57,
2016-2017,Rabi,Sangareddy,Kondapur,Safflower,44,12
2016-2017,Rabi,Sangareddy,Patancheru,Safflower,32.3,12
2016-2017,Rabi,Sangareddy,Ameenpur,Safflower,5.7,
2016-2017,Rabi,Sangareddy,Ramchandrapuram,Safflower,29,4
2016-2017,Rabi,Sangareddy,Jinnaram,Safflower,0.8,
2016-2017,Rabi,Sangareddy,Gummadidala,Safflower,1.2,
2016-2017,Rabi,Sangareddy,Zaheerabad,Safflower,225.6,188
2016-2017,Rabi,Sangareddy,Mogudampally,Safflower,150.4,
2016-2017,Rabi,Sangareddy,Kohir,Safflower,180,129
2016-2017,Rabi,Sangareddy,Jarasangam,Safflower,181,83
2016-2017,Rabi,Sangareddy,Nyalkal,Safflower,276,140
2016-2017,Rabi,Sangareddy,Narayankhed,Safflower,205,70
2016-2017,Rabi,Sangareddy,Kangti,Safflower,644,10
2016-2017,Rabi,Sangareddy,Kalher,Safflower,17,4
2016-2017,Rabi,Sangareddy,Sirgapur,Safflower,17,21
2016-2017,Rabi,Sangareddy,Manoor,Safflower,700,250
2016-2017,Rabi,Sangareddy,Nagalgidda,Safflower,300,95
2016-2017,Rabi,Sangareddy,Andole,Safflower,69,450
2016-2017,Rabi,Sangareddy,Hathnoora,Safflower,29,
2016-2017,Rabi,Sangareddy,Vatpally,Safflower,47.95,
2016-2017,Rabi,Sangareddy,Munipally,Safflower,129,
2016-2017,Rabi,Sangareddy,Pulkal,Safflower,61,
2016-2017,Rabi,Sangareddy,Raikode,Safflower,236,
2016-2017,Rabi,Sangareddy,Sangareddy,Other oil seeds,0,
2016-2017,Rabi,Sangareddy,Kandi,Other oil seeds,0,
2016-2017,Rabi,Sangareddy,Sadasivpet,Other oil seeds,5,
2016-2017,Rabi,Sangareddy,Kondapur,Other oil seeds,0,
2016-2017,Rabi,Sangareddy,Patancheru,Other oil seeds,0,
2016-2017,Rabi,Sangareddy,Ameenpur,Other oil seeds,0,
2016-2017,Rabi,Sangareddy,Ramchandrapuram,Other oil seeds,1,
2016-2017,Rabi,Sangareddy,Jinnaram,Other oil seeds,2.8,
2016-2017,Rabi,Sangareddy,Gummadidala,Other oil seeds,4.2,
2016-2017,Rabi,Sangareddy,Zaheerabad,Other oil seeds,23.4,
2016-2017,Rabi,Sangareddy,Mogudampally,Other oil seeds,15.6,
2016-2017,Rabi,Sangareddy,Kohir,Other oil seeds,24,
2016-2017,Rabi,Sangareddy,Jarasangam,Other oil seeds,31,
2016-2017,Rabi,Sangareddy,Nyalkal,Other oil seeds,9,
2016-2017,Rabi,Sangareddy,Narayankhed,Other oil seeds,4,0
2016-2017,Rabi,Sangareddy,Kangti,Other oil seeds,1,0
2016-2017,Rabi,Sangareddy,Kalher,Other oil seeds,0,0
2016-2017,Rabi,Sangareddy,Sirgapur,Other oil seeds,0,0
2016-2017,Rabi,Sangareddy,Manoor,Other oil seeds,6.3,0
2016-2017,Rabi,Sangareddy,Nagalgidda,Other oil seeds,2.7,0
2016-2017,Rabi,Sangareddy,Andole,Other oil seeds,0,0
2016-2017,Rabi,Sangareddy,Hathnoora,Other oil seeds,0,
2016-2017,Rabi,Sangareddy,Vatpally,Other oil seeds,0,
2016-2017,Rabi,Sangareddy,Munipally,Other oil seeds,0,
2016-2017,Rabi,Sangareddy,Pulkal,Other oil seeds,7,
2016-2017,Rabi,Sangareddy,Raikode,Other oil seeds,10,
2016-2017,Rabi,Sangareddy,Sangareddy,Sesamum,0,
2016-2017,Rabi,Sangareddy,Kandi,Sesamum,0,
2016-2017,Rabi,Sangareddy,Sadasivpet,Sesamum,0,
2016-2017,Rabi,Sangareddy,Kondapur,Sesamum,0,
2016-2017,Rabi,Sangareddy,Patancheru,Sesamum,0,
2016-2017,Rabi,Sangareddy,Ameenpur,Sesamum,0,
2016-2017,Rabi,Sangareddy,Ramchandrapuram,Sesamum,0,
2016-2017,Rabi,Sangareddy,Jinnaram,Sesamum,0,
2016-2017,Rabi,Sangareddy,Gummadidala,Sesamum,0,
2016-2017,Rabi,Sangareddy,Zaheerabad,Sesamum,0,
2016-2017,Rabi,Sangareddy,Mogudampally,Sesamum,0,
2016-2017,Rabi,Sangareddy,Kohir,Sesamum,0,
2016-2017,Rabi,Sangareddy,Jarasangam,Sesamum,0,
2016-2017,Rabi,Sangareddy,Nyalkal,Sesamum,0,
2016-2017,Rabi,Sangareddy,Narayankhed,Sesamum,13,0
2016-2017,Rabi,Sangareddy,Kangti,Sesamum,0,0
2016-2017,Rabi,Sangareddy,Kalher,Sesamum,17,0
2016-2017,Rabi,Sangareddy,Sirgapur,Sesamum,18,0
2016-2017,Rabi,Sangareddy,Manoor,Sesamum,0,0
2016-2017,Rabi,Sangareddy,Nagalgidda,Sesamum,0,0
2016-2017,Rabi,Sangareddy,Andole,Sesamum,0,0
2016-2017,Rabi,Sangareddy,Hathnoora,Sesamum,0,
2016-2017,Rabi,Sangareddy,Vatpally,Sesamum,0,
2016-2017,Rabi,Sangareddy,Munipally,Sesamum,0,
2016-2017,Rabi,Sangareddy,Pulkal,Sesamum,0,
2016-2017,Rabi,Sangareddy,Raikode,Sesamum,0,
2016-2017,Rabi,Sangareddy,Sangareddy,Other food crops,344.4,
2016-2017,Rabi,Sangareddy,Kandi,Other food crops,516.6,
2016-2017,Rabi,Sangareddy,Sadasivpet,Other food crops,427,
2016-2017,Rabi,Sangareddy,Kondapur,Other food crops,694,340
2016-2017,Rabi,Sangareddy,Patancheru,Other food crops,135,
2016-2017,Rabi,Sangareddy,Ameenpur,Other food crops,23,
2016-2017,Rabi,Sangareddy,Ramchandrapuram,Other food crops,64,
2016-2017,Rabi,Sangareddy,Jinnaram,Other food crops,190.4,
2016-2017,Rabi,Sangareddy,Gummadidala,Other food crops,285.6,
2016-2017,Rabi,Sangareddy,Zaheerabad,Other food crops,2574,
2016-2017,Rabi,Sangareddy,Mogudampally,Other food crops,1716,
2016-2017,Rabi,Sangareddy,Kohir,Other food crops,819,
2016-2017,Rabi,Sangareddy,Jarasangam,Other food crops,1135,
2016-2017,Rabi,Sangareddy,Nyalkal,Other food crops,1869,
2016-2017,Rabi,Sangareddy,Narayankhed,Other food crops,331,0
2016-2017,Rabi,Sangareddy,Kangti,Other food crops,234,0
2016-2017,Rabi,Sangareddy,Kalher,Other food crops,176,0
2016-2017,Rabi,Sangareddy,Sirgapur,Other food crops,176,0
2016-2017,Rabi,Sangareddy,Manoor,Other food crops,1432.2,0
2016-2017,Rabi,Sangareddy,Nagalgidda,Other food crops,613.8,0
2016-2017,Rabi,Sangareddy,Andole,Other food crops,690,0
2016-2017,Rabi,Sangareddy,Hathnoora,Other food crops,587,
2016-2017,Rabi,Sangareddy,Vatpally,Other food crops,33.95,
2016-2017,Rabi,Sangareddy,Munipally,Other food crops,342,
2016-2017,Rabi,Sangareddy,Pulkal,Other food crops,1670,
2016-2017,Rabi,Sangareddy,Raikode,Other food crops,575,
2016-2017,Rabi,Sangareddy,Sangareddy,Sugarcane,0,
2016-2017,Rabi,Sangareddy,Kandi,Sugarcane,0,
2016-2017,Rabi,Sangareddy,Sadasivpet,Sugarcane,28,
2016-2017,Rabi,Sangareddy,Kondapur,Sugarcane,0,
2016-2017,Rabi,Sangareddy,Patancheru,Sugarcane,0,
2016-2017,Rabi,Sangareddy,Ameenpur,Sugarcane,0,
2016-2017,Rabi,Sangareddy,Ramchandrapuram,Sugarcane,22,
2016-2017,Rabi,Sangareddy,Jinnaram,Sugarcane,1.2,
2016-2017,Rabi,Sangareddy,Gummadidala,Sugarcane,1.8,
2016-2017,Rabi,Sangareddy,Zaheerabad,Sugarcane,955.8,738
2016-2017,Rabi,Sangareddy,Mogudampally,Sugarcane,637.2,
2016-2017,Rabi,Sangareddy,Kohir,Sugarcane,393,
2016-2017,Rabi,Sangareddy,Jarasangam,Sugarcane,330,
2016-2017,Rabi,Sangareddy,Nyalkal,Sugarcane,471,
2016-2017,Rabi,Sangareddy,Narayankhed,Sugarcane,48,4
2016-2017,Rabi,Sangareddy,Kangti,Sugarcane,266,18
2016-2017,Rabi,Sangareddy,Kalher,Sugarcane,296,2
2016-2017,Rabi,Sangareddy,Sirgapur,Sugarcane,296,2
2016-2017,Rabi,Sangareddy,Manoor,Sugarcane,634.2,35
2016-2017,Rabi,Sangareddy,Nagalgidda,Sugarcane,271.8,0
2016-2017,Rabi,Sangareddy,Andole,Sugarcane,579,61
2016-2017,Rabi,Sangareddy,Hathnoora,Sugarcane,2,
2016-2017,Rabi,Sangareddy,Vatpally,Sugarcane,153.65,
2016-2017,Rabi,Sangareddy,Munipally,Sugarcane,2256,
2016-2017,Rabi,Sangareddy,Pulkal,Sugarcane,82,
2016-2017,Rabi,Sangareddy,Raikode,Sugarcane,795,
2016-2017,Rabi,Sangareddy,Sangareddy,Total,710.8,171
2016-2017,Rabi,Sangareddy,Kandi,Total,1066.2,255
2016-2017,Rabi,Sangareddy,Sadasivpet,Total,1506,1210
2016-2017,Rabi,Sangareddy,Kondapur,Total,1388,1157
2016-2017,Rabi,Sangareddy,Patancheru,Total,891.5,393
2016-2017,Rabi,Sangareddy,Ameenpur,Total,156.5,37
2016-2017,Rabi,Sangareddy,Ramchandrapuram,Total,514,249
2016-2017,Rabi,Sangareddy,Jinnaram,Total,492.4,2150
2016-2017,Rabi,Sangareddy,Gummadidala,Total,738.6,1430
2016-2017,Rabi,Sangareddy,Zaheerabad,Total,5737.4,2258
2016-2017,Rabi,Sangareddy,Mogudampally,Total,3967.6,1215
2016-2017,Rabi,Sangareddy,Kohir,Total,2983,1376
2016-2017,Rabi,Sangareddy,Jarasangam,Total,3690,1009
2016-2017,Rabi,Sangareddy,Nyalkal,Total,6293,2731
2016-2017,Rabi,Sangareddy,Narayankhed,Total,3263,1084
2016-2017,Rabi,Sangareddy,Kangti,Total,3319,540
2016-2017,Rabi,Sangareddy,Kalher,Total,1646.5,341
2016-2017,Rabi,Sangareddy,Sirgapur,Total,1649,321
2016-2017,Rabi,Sangareddy,Manoor,Total,6036.8,1387
2016-2017,Rabi,Sangareddy,Nagalgidda,Total,2587.2,545
2016-2017,Rabi,Sangareddy,Andole,Total,2612,3446
2016-2017,Rabi,Sangareddy,Hathnoora,Total,2260,1191.3
2016-2017,Rabi,Sangareddy,Vatpally,Total,690.2,375
2016-2017,Rabi,Sangareddy,Munipally,Total,3727,679
2016-2017,Rabi,Sangareddy,Pulkal,Total,3239,724
2016-2017,Rabi,Sangareddy,Raikode,Total,3952,1652
