year,season,districtName,mandalName,crop,normalAreaSown,actualAreaSown
2018-2019,Rabi,Sangareddy,Sangareddy,Paddy,240,10
2018-2019,Rabi,Sangareddy,Kandi ,Paddy,445,161.6
2018-2019,Rabi,Sangareddy,Sadasivpet,Paddy,199,20
2018-2019,Rabi,Sangareddy,Kondapoor,Paddy,254,10
2018-2019,Rabi,Sangareddy,Patancheru,Paddy,450,42
2018-2019,Rabi,Sangareddy,Ameenpur ,Paddy,56,24
2018-2019,Rabi,Sangareddy,R.C.Puram,Paddy,162,52.8
2018-2019,Rabi,Sangareddy,Jinnaram,Paddy,605,49.2
2018-2019,Rabi,Sangareddy,Gummadidala ,Paddy,347,44
2018-2019,Rabi,Sangareddy,Zaheerabad,Paddy,0,0
2018-2019,Rabi,Sangareddy,Mogudampally ,Paddy,0,0
2018-2019,Rabi,Sangareddy,Kohir,Paddy,0,0
2018-2019,Rabi,Sangareddy,Jharasangam,Paddy,0,0
2018-2019,Rabi,Sangareddy,Nyalkal,Paddy,7,0
2018-2019,Rabi,Sangareddy,Narayankhed,Paddy,555,105
2018-2019,Rabi,Sangareddy,Kangti,Paddy,41,5
2018-2019,Rabi,Sangareddy,Kalher,Paddy,498,240
2018-2019,Rabi,Sangareddy,Sirgapur,Paddy,176,51.2
2018-2019,Rabi,Sangareddy,Manoor,Paddy,4,0
2018-2019,Rabi,Sangareddy,Nagalgidda ,Paddy,0,0
2018-2019,Rabi,Sangareddy,Andole,Paddy,1253,233
2018-2019,Rabi,Sangareddy,Pulkal,Paddy,1632,20
2018-2019,Rabi,Sangareddy,Hathnoora,Paddy,1314,20
2018-2019,Rabi,Sangareddy,Raikode,Paddy,9,0
2018-2019,Rabi,Sangareddy,Munipally,Paddy,11,10
2018-2019,Rabi,Sangareddy,Vatpally ,Paddy,95,0
2018-2019,Rabi,Sangareddy,Sangareddy,Jowar,45,10
2018-2019,Rabi,Sangareddy,Kandi ,Jowar,93,138
2018-2019,Rabi,Sangareddy,Sadasivpet,Jowar,141,30
2018-2019,Rabi,Sangareddy,Kondapoor,Jowar,141,15
2018-2019,Rabi,Sangareddy,Patancheru,Jowar,39,0
2018-2019,Rabi,Sangareddy,Ameenpur ,Jowar,1,0
2018-2019,Rabi,Sangareddy,R.C.Puram,Jowar,8,0
2018-2019,Rabi,Sangareddy,Jinnaram,Jowar,4,0
2018-2019,Rabi,Sangareddy,Gummadidala ,Jowar,3,0
2018-2019,Rabi,Sangareddy,Zaheerabad,Jowar,438,182
2018-2019,Rabi,Sangareddy,Mogudampally ,Jowar,250,98
2018-2019,Rabi,Sangareddy,Kohir,Jowar,251,50
2018-2019,Rabi,Sangareddy,Jharasangam,Jowar,187,24
2018-2019,Rabi,Sangareddy,Nyalkal,Jowar,662,22
2018-2019,Rabi,Sangareddy,Narayankhed,Jowar,387,223
2018-2019,Rabi,Sangareddy,Kangti,Jowar,349,45
2018-2019,Rabi,Sangareddy,Kalher,Jowar,423,91.4
2018-2019,Rabi,Sangareddy,Sirgapur,Jowar,346,39.6
2018-2019,Rabi,Sangareddy,Manoor,Jowar,315,4
2018-2019,Rabi,Sangareddy,Nagalgidda ,Jowar,436,92
2018-2019,Rabi,Sangareddy,Andole,Jowar,108,6
2018-2019,Rabi,Sangareddy,Pulkal,Jowar,98,2
2018-2019,Rabi,Sangareddy,Hathnoora,Jowar,71,20
2018-2019,Rabi,Sangareddy,Raikode,Jowar,275,37.2
2018-2019,Rabi,Sangareddy,Munipally,Jowar,130,113
2018-2019,Rabi,Sangareddy,Vatpally ,Jowar,197,59
2018-2019,Rabi,Sangareddy,Sangareddy,Wheat,16,2
2018-2019,Rabi,Sangareddy,Kandi ,Wheat,9,
2018-2019,Rabi,Sangareddy,Sadasivpet,Wheat,23,10
2018-2019,Rabi,Sangareddy,Kondapoor,Wheat,54,2
2018-2019,Rabi,Sangareddy,Patancheru,Wheat,8,
2018-2019,Rabi,Sangareddy,Ameenpur ,Wheat,0,
2018-2019,Rabi,Sangareddy,R.C.Puram,Wheat,6,
2018-2019,Rabi,Sangareddy,Jinnaram,Wheat,0,
2018-2019,Rabi,Sangareddy,Gummadidala ,Wheat,0,
2018-2019,Rabi,Sangareddy,Zaheerabad,Wheat,56,
2018-2019,Rabi,Sangareddy,Mogudampally ,Wheat,74,
2018-2019,Rabi,Sangareddy,Kohir,Wheat,116,
2018-2019,Rabi,Sangareddy,Jharasangam,Wheat,56,
2018-2019,Rabi,Sangareddy,Nyalkal,Wheat,114,
2018-2019,Rabi,Sangareddy,Narayankhed,Wheat,50,4.8
2018-2019,Rabi,Sangareddy,Kangti,Wheat,95,
2018-2019,Rabi,Sangareddy,Kalher,Wheat,22,6.4
2018-2019,Rabi,Sangareddy,Sirgapur,Wheat,36,
2018-2019,Rabi,Sangareddy,Manoor,Wheat,70,
2018-2019,Rabi,Sangareddy,Nagalgidda ,Wheat,151,2
2018-2019,Rabi,Sangareddy,Andole,Wheat,23,
2018-2019,Rabi,Sangareddy,Pulkal,Wheat,20,
2018-2019,Rabi,Sangareddy,Hathnoora,Wheat,28,
2018-2019,Rabi,Sangareddy,Raikode,Wheat,77,
2018-2019,Rabi,Sangareddy,Munipally,Wheat,42,36
2018-2019,Rabi,Sangareddy,Vatpally ,Wheat,35,
2018-2019,Rabi,Sangareddy,Sangareddy,Maize,5,0
2018-2019,Rabi,Sangareddy,Kandi ,Maize,36,157.6
2018-2019,Rabi,Sangareddy,Sadasivpet,Maize,21,0
2018-2019,Rabi,Sangareddy,Kondapoor,Maize,64,35
2018-2019,Rabi,Sangareddy,Patancheru,Maize,73,0
2018-2019,Rabi,Sangareddy,Ameenpur ,Maize,1,0
2018-2019,Rabi,Sangareddy,R.C.Puram,Maize,11,20.8
2018-2019,Rabi,Sangareddy,Jinnaram,Maize,7,0
2018-2019,Rabi,Sangareddy,Gummadidala ,Maize,31,0
2018-2019,Rabi,Sangareddy,Zaheerabad,Maize,29,18
2018-2019,Rabi,Sangareddy,Mogudampally ,Maize,12,8
2018-2019,Rabi,Sangareddy,Kohir,Maize,121,26
2018-2019,Rabi,Sangareddy,Jharasangam,Maize,33,20
2018-2019,Rabi,Sangareddy,Nyalkal,Maize,5,3
2018-2019,Rabi,Sangareddy,Narayankhed,Maize,326,15
2018-2019,Rabi,Sangareddy,Kangti,Maize,187,0
2018-2019,Rabi,Sangareddy,Kalher,Maize,284,245.7
2018-2019,Rabi,Sangareddy,Sirgapur,Maize,159,41.92
2018-2019,Rabi,Sangareddy,Manoor,Maize,0,0
2018-2019,Rabi,Sangareddy,Nagalgidda ,Maize,0,0
2018-2019,Rabi,Sangareddy,Andole,Maize,106,13
2018-2019,Rabi,Sangareddy,Pulkal,Maize,49,0
2018-2019,Rabi,Sangareddy,Hathnoora,Maize,176,45
2018-2019,Rabi,Sangareddy,Raikode,Maize,2,0
2018-2019,Rabi,Sangareddy,Munipally,Maize,0,0
2018-2019,Rabi,Sangareddy,Vatpally ,Maize,45,0
2018-2019,Rabi,Sangareddy,Sangareddy,Bengal Gram,53,27.6
2018-2019,Rabi,Sangareddy,Kandi ,Bengal Gram,129,100.4
2018-2019,Rabi,Sangareddy,Sadasivpet,Bengal Gram,246,216.8
2018-2019,Rabi,Sangareddy,Kondapoor,Bengal Gram,184,290
2018-2019,Rabi,Sangareddy,Patancheru,Bengal Gram,208,128.8
2018-2019,Rabi,Sangareddy,Ameenpur ,Bengal Gram,0,0
2018-2019,Rabi,Sangareddy,R.C.Puram,Bengal Gram,162,128
2018-2019,Rabi,Sangareddy,Jinnaram,Bengal Gram,1,0
2018-2019,Rabi,Sangareddy,Gummadidala ,Bengal Gram,154,124.8
2018-2019,Rabi,Sangareddy,Zaheerabad,Bengal Gram,568,243
2018-2019,Rabi,Sangareddy,Mogudampally ,Bengal Gram,427,198
2018-2019,Rabi,Sangareddy,Kohir,Bengal Gram,921,336
2018-2019,Rabi,Sangareddy,Jharasangam,Bengal Gram,924,239
2018-2019,Rabi,Sangareddy,Nyalkal,Bengal Gram,1560,562
2018-2019,Rabi,Sangareddy,Narayankhed,Bengal Gram,428,158
2018-2019,Rabi,Sangareddy,Kangti,Bengal Gram,686,510
2018-2019,Rabi,Sangareddy,Kalher,Bengal Gram,219,236.8
2018-2019,Rabi,Sangareddy,Sirgapur,Bengal Gram,314,64.6
2018-2019,Rabi,Sangareddy,Manoor,Bengal Gram,781,320
2018-2019,Rabi,Sangareddy,Nagalgidda ,Bengal Gram,937,254
2018-2019,Rabi,Sangareddy,Andole,Bengal Gram,101,6
2018-2019,Rabi,Sangareddy,Pulkal,Bengal Gram,77,18
2018-2019,Rabi,Sangareddy,Hathnoora,Bengal Gram,132,70
2018-2019,Rabi,Sangareddy,Raikode,Bengal Gram,1207,975.6
2018-2019,Rabi,Sangareddy,Munipally,Bengal Gram,704,389
2018-2019,Rabi,Sangareddy,Vatpally ,Bengal Gram,274,350
2018-2019,Rabi,Sangareddy,Sangareddy,Horse Gram,0,
2018-2019,Rabi,Sangareddy,Kandi ,Horse Gram,0,
2018-2019,Rabi,Sangareddy,Sadasivpet,Horse Gram,0,
2018-2019,Rabi,Sangareddy,Kondapoor,Horse Gram,0,
2018-2019,Rabi,Sangareddy,Patancheru,Horse Gram,5,
2018-2019,Rabi,Sangareddy,Ameenpur ,Horse Gram,0,
2018-2019,Rabi,Sangareddy,R.C.Puram,Horse Gram,1,
2018-2019,Rabi,Sangareddy,Jinnaram,Horse Gram,0,
2018-2019,Rabi,Sangareddy,Gummadidala ,Horse Gram,0,
2018-2019,Rabi,Sangareddy,Zaheerabad,Horse Gram,0,
2018-2019,Rabi,Sangareddy,Mogudampally ,Horse Gram,0,
2018-2019,Rabi,Sangareddy,Kohir,Horse Gram,0,
2018-2019,Rabi,Sangareddy,Jharasangam,Horse Gram,9,
2018-2019,Rabi,Sangareddy,Nyalkal,Horse Gram,0,
2018-2019,Rabi,Sangareddy,Narayankhed,Horse Gram,1,
2018-2019,Rabi,Sangareddy,Kangti,Horse Gram,0,
2018-2019,Rabi,Sangareddy,Kalher,Horse Gram,0,
2018-2019,Rabi,Sangareddy,Sirgapur,Horse Gram,0,
2018-2019,Rabi,Sangareddy,Manoor,Horse Gram,0,
2018-2019,Rabi,Sangareddy,Nagalgidda ,Horse Gram,0,
2018-2019,Rabi,Sangareddy,Andole,Horse Gram,14,0
2018-2019,Rabi,Sangareddy,Pulkal,Horse Gram,2,
2018-2019,Rabi,Sangareddy,Hathnoora,Horse Gram,10,
2018-2019,Rabi,Sangareddy,Raikode,Horse Gram,0,
2018-2019,Rabi,Sangareddy,Munipally,Horse Gram,0,
2018-2019,Rabi,Sangareddy,Vatpally ,Horse Gram,4,
2018-2019,Rabi,Sangareddy,Sangareddy,Other food crops,0,
2018-2019,Rabi,Sangareddy,Kandi ,Other food crops,0,
2018-2019,Rabi,Sangareddy,Sadasivpet,Other food crops,0,
2018-2019,Rabi,Sangareddy,Kondapoor,Other food crops,0,
2018-2019,Rabi,Sangareddy,Patancheru,Other food crops,0,
2018-2019,Rabi,Sangareddy,Ameenpur ,Other food crops,0,
2018-2019,Rabi,Sangareddy,R.C.Puram,Other food crops,0,
2018-2019,Rabi,Sangareddy,Jinnaram,Other food crops,0,
2018-2019,Rabi,Sangareddy,Gummadidala ,Other food crops,0,
2018-2019,Rabi,Sangareddy,Zaheerabad,Other food crops,3,
2018-2019,Rabi,Sangareddy,Mogudampally ,Other food crops,6,
2018-2019,Rabi,Sangareddy,Kohir,Other food crops,6,113
2018-2019,Rabi,Sangareddy,Jharasangam,Other food crops,1,18
2018-2019,Rabi,Sangareddy,Nyalkal,Other food crops,12,
2018-2019,Rabi,Sangareddy,Narayankhed,Other food crops,0,25
2018-2019,Rabi,Sangareddy,Kangti,Other food crops,0,
2018-2019,Rabi,Sangareddy,Kalher,Other food crops,0,
2018-2019,Rabi,Sangareddy,Sirgapur,Other food crops,0,
2018-2019,Rabi,Sangareddy,Manoor,Other food crops,12,
2018-2019,Rabi,Sangareddy,Nagalgidda ,Other food crops,13,7
2018-2019,Rabi,Sangareddy,Andole,Other food crops,0,
2018-2019,Rabi,Sangareddy,Pulkal,Other food crops,0,
2018-2019,Rabi,Sangareddy,Hathnoora,Other food crops,0,
2018-2019,Rabi,Sangareddy,Raikode,Other food crops,3,
2018-2019,Rabi,Sangareddy,Munipally,Other food crops,0,
2018-2019,Rabi,Sangareddy,Vatpally ,Other food crops,0,
2018-2019,Rabi,Sangareddy,Sangareddy,Sesamum,0,
2018-2019,Rabi,Sangareddy,Kandi ,Sesamum,0,
2018-2019,Rabi,Sangareddy,Sadasivpet,Sesamum,0,
2018-2019,Rabi,Sangareddy,Kondapoor,Sesamum,0,
2018-2019,Rabi,Sangareddy,Patancheru,Sesamum,0,
2018-2019,Rabi,Sangareddy,Ameenpur ,Sesamum,0,
2018-2019,Rabi,Sangareddy,R.C.Puram,Sesamum,0,
2018-2019,Rabi,Sangareddy,Jinnaram,Sesamum,0,
2018-2019,Rabi,Sangareddy,Gummadidala ,Sesamum,0,
2018-2019,Rabi,Sangareddy,Zaheerabad,Sesamum,0,7.2
2018-2019,Rabi,Sangareddy,Mogudampally ,Sesamum,0,8.4
2018-2019,Rabi,Sangareddy,Kohir,Sesamum,0,0
2018-2019,Rabi,Sangareddy,Jharasangam,Sesamum,0,0
2018-2019,Rabi,Sangareddy,Nyalkal,Sesamum,0,9.6
2018-2019,Rabi,Sangareddy,Narayankhed,Sesamum,1,
2018-2019,Rabi,Sangareddy,Kangti,Sesamum,0,
2018-2019,Rabi,Sangareddy,Kalher,Sesamum,31,
2018-2019,Rabi,Sangareddy,Sirgapur,Sesamum,12,
2018-2019,Rabi,Sangareddy,Manoor,Sesamum,0,
2018-2019,Rabi,Sangareddy,Nagalgidda ,Sesamum,0,
2018-2019,Rabi,Sangareddy,Andole,Sesamum,0,
2018-2019,Rabi,Sangareddy,Pulkal,Sesamum,0,
2018-2019,Rabi,Sangareddy,Hathnoora,Sesamum,0,
2018-2019,Rabi,Sangareddy,Raikode,Sesamum,0,
2018-2019,Rabi,Sangareddy,Munipally,Sesamum,0,
2018-2019,Rabi,Sangareddy,Vatpally ,Sesamum,0,
2018-2019,Rabi,Sangareddy,Sangareddy,Sunflower,2,
2018-2019,Rabi,Sangareddy,Kandi ,Sunflower,4,
2018-2019,Rabi,Sangareddy,Sadasivpet,Sunflower,1,5
2018-2019,Rabi,Sangareddy,Kondapoor,Sunflower,10,
2018-2019,Rabi,Sangareddy,Patancheru,Sunflower,6,
2018-2019,Rabi,Sangareddy,Ameenpur ,Sunflower,1,
2018-2019,Rabi,Sangareddy,R.C.Puram,Sunflower,0,
2018-2019,Rabi,Sangareddy,Jinnaram,Sunflower,0,
2018-2019,Rabi,Sangareddy,Gummadidala ,Sunflower,5,
2018-2019,Rabi,Sangareddy,Zaheerabad,Sunflower,17,
2018-2019,Rabi,Sangareddy,Mogudampally ,Sunflower,3,
2018-2019,Rabi,Sangareddy,Kohir,Sunflower,13,
2018-2019,Rabi,Sangareddy,Jharasangam,Sunflower,14,
2018-2019,Rabi,Sangareddy,Nyalkal,Sunflower,54,
2018-2019,Rabi,Sangareddy,Narayankhed,Sunflower,36,
2018-2019,Rabi,Sangareddy,Kangti,Sunflower,30,
2018-2019,Rabi,Sangareddy,Kalher,Sunflower,163,
2018-2019,Rabi,Sangareddy,Sirgapur,Sunflower,53,
2018-2019,Rabi,Sangareddy,Manoor,Sunflower,0,
2018-2019,Rabi,Sangareddy,Nagalgidda ,Sunflower,0,
2018-2019,Rabi,Sangareddy,Andole,Sunflower,29,10
2018-2019,Rabi,Sangareddy,Pulkal,Sunflower,26,
2018-2019,Rabi,Sangareddy,Hathnoora,Sunflower,22,
2018-2019,Rabi,Sangareddy,Raikode,Sunflower,6,
2018-2019,Rabi,Sangareddy,Munipally,Sunflower,6,
2018-2019,Rabi,Sangareddy,Vatpally ,Sunflower,10,
2018-2019,Rabi,Sangareddy,Sangareddy,Safflower,5,0
2018-2019,Rabi,Sangareddy,Kandi ,Safflower,9,0
2018-2019,Rabi,Sangareddy,Sadasivpet,Safflower,38,0
2018-2019,Rabi,Sangareddy,Kondapoor,Safflower,26,0
2018-2019,Rabi,Sangareddy,Patancheru,Safflower,45,0
2018-2019,Rabi,Sangareddy,Ameenpur ,Safflower,0,0
2018-2019,Rabi,Sangareddy,R.C.Puram,Safflower,23,3.2
2018-2019,Rabi,Sangareddy,Jinnaram,Safflower,0,0
2018-2019,Rabi,Sangareddy,Gummadidala ,Safflower,1,0
2018-2019,Rabi,Sangareddy,Zaheerabad,Safflower,89,17
2018-2019,Rabi,Sangareddy,Mogudampally ,Safflower,109,21
2018-2019,Rabi,Sangareddy,Kohir,Safflower,151,47
2018-2019,Rabi,Sangareddy,Jharasangam,Safflower,118,0
2018-2019,Rabi,Sangareddy,Nyalkal,Safflower,260,124
2018-2019,Rabi,Sangareddy,Narayankhed,Safflower,111,80
2018-2019,Rabi,Sangareddy,Kangti,Safflower,395,35
2018-2019,Rabi,Sangareddy,Kalher,Safflower,12,22.2
2018-2019,Rabi,Sangareddy,Sirgapur,Safflower,135,0
2018-2019,Rabi,Sangareddy,Manoor,Safflower,211,8
2018-2019,Rabi,Sangareddy,Nagalgidda ,Safflower,459,59
2018-2019,Rabi,Sangareddy,Andole,Safflower,25,1
2018-2019,Rabi,Sangareddy,Pulkal,Safflower,16,0
2018-2019,Rabi,Sangareddy,Hathnoora,Safflower,25,0
2018-2019,Rabi,Sangareddy,Raikode,Safflower,169,16.8
2018-2019,Rabi,Sangareddy,Munipally,Safflower,87,58
2018-2019,Rabi,Sangareddy,Vatpally ,Safflower,50,58
2018-2019,Rabi,Sangareddy,Sangareddy,Chilles,2,
2018-2019,Rabi,Sangareddy,Kandi ,Chilles,14,
2018-2019,Rabi,Sangareddy,Sadasivpet,Chilles,1,
2018-2019,Rabi,Sangareddy,Kondapoor,Chilles,2,
2018-2019,Rabi,Sangareddy,Patancheru,Chilles,6,
2018-2019,Rabi,Sangareddy,Ameenpur ,Chilles,0,
2018-2019,Rabi,Sangareddy,R.C.Puram,Chilles,0,
2018-2019,Rabi,Sangareddy,Jinnaram,Chilles,4,
2018-2019,Rabi,Sangareddy,Gummadidala ,Chilles,12,
2018-2019,Rabi,Sangareddy,Zaheerabad,Chilles,22,
2018-2019,Rabi,Sangareddy,Mogudampally ,Chilles,10,
2018-2019,Rabi,Sangareddy,Kohir,Chilles,3,
2018-2019,Rabi,Sangareddy,Jharasangam,Chilles,4,
2018-2019,Rabi,Sangareddy,Nyalkal,Chilles,6,
2018-2019,Rabi,Sangareddy,Narayankhed,Chilles,2,
2018-2019,Rabi,Sangareddy,Kangti,Chilles,1,
2018-2019,Rabi,Sangareddy,Kalher,Chilles,4,
2018-2019,Rabi,Sangareddy,Sirgapur,Chilles,5,
2018-2019,Rabi,Sangareddy,Manoor,Chilles,17,
2018-2019,Rabi,Sangareddy,Nagalgidda ,Chilles,8,
2018-2019,Rabi,Sangareddy,Andole,Chilles,1,1
2018-2019,Rabi,Sangareddy,Pulkal,Chilles,2,
2018-2019,Rabi,Sangareddy,Hathnoora,Chilles,5,
2018-2019,Rabi,Sangareddy,Raikode,Chilles,0,
2018-2019,Rabi,Sangareddy,Munipally,Chilles,2,
2018-2019,Rabi,Sangareddy,Vatpally ,Chilles,5,
2018-2019,Rabi,Sangareddy,Sangareddy,Onion,45,0
2018-2019,Rabi,Sangareddy,Kandi ,Onion,219,0
2018-2019,Rabi,Sangareddy,Sadasivpet,Onion,101,0
2018-2019,Rabi,Sangareddy,Kondapoor,Onion,425,0
2018-2019,Rabi,Sangareddy,Patancheru,Onion,49,0
2018-2019,Rabi,Sangareddy,Ameenpur ,Onion,6,0
2018-2019,Rabi,Sangareddy,R.C.Puram,Onion,43,0
2018-2019,Rabi,Sangareddy,Jinnaram,Onion,15,0
2018-2019,Rabi,Sangareddy,Gummadidala ,Onion,12,0
2018-2019,Rabi,Sangareddy,Zaheerabad,Onion,24,0
2018-2019,Rabi,Sangareddy,Mogudampally ,Onion,16,0
2018-2019,Rabi,Sangareddy,Kohir,Onion,238,0
2018-2019,Rabi,Sangareddy,Jharasangam,Onion,63,0
2018-2019,Rabi,Sangareddy,Nyalkal,Onion,82,0
2018-2019,Rabi,Sangareddy,Narayankhed,Onion,311,0
2018-2019,Rabi,Sangareddy,Kangti,Onion,2,0
2018-2019,Rabi,Sangareddy,Kalher,Onion,21,28.34
2018-2019,Rabi,Sangareddy,Sirgapur,Onion,13,0
2018-2019,Rabi,Sangareddy,Manoor,Onion,371,0
2018-2019,Rabi,Sangareddy,Nagalgidda ,Onion,164,0
2018-2019,Rabi,Sangareddy,Andole,Onion,60,9
2018-2019,Rabi,Sangareddy,Pulkal,Onion,57,0
2018-2019,Rabi,Sangareddy,Hathnoora,Onion,78,0
2018-2019,Rabi,Sangareddy,Raikode,Onion,70,6
2018-2019,Rabi,Sangareddy,Munipally,Onion,52,38
2018-2019,Rabi,Sangareddy,Vatpally ,Onion,161,24
2018-2019,Rabi,Sangareddy,Sangareddy,Groundnut,1,0
2018-2019,Rabi,Sangareddy,Kandi ,Groundnut,4,0
2018-2019,Rabi,Sangareddy,Sadasivpet,Groundnut,0,0
2018-2019,Rabi,Sangareddy,Kondapoor,Groundnut,1,0
2018-2019,Rabi,Sangareddy,Patancheru,Groundnut,0,0
2018-2019,Rabi,Sangareddy,Ameenpur ,Groundnut,0,0
2018-2019,Rabi,Sangareddy,R.C.Puram,Groundnut,3,0
2018-2019,Rabi,Sangareddy,Jinnaram,Groundnut,0,0
2018-2019,Rabi,Sangareddy,Gummadidala ,Groundnut,0,0
2018-2019,Rabi,Sangareddy,Zaheerabad,Groundnut,1,0
2018-2019,Rabi,Sangareddy,Mogudampally ,Groundnut,0,0
2018-2019,Rabi,Sangareddy,Kohir,Groundnut,0,0
2018-2019,Rabi,Sangareddy,Jharasangam,Groundnut,0,0
2018-2019,Rabi,Sangareddy,Nyalkal,Groundnut,0,0
2018-2019,Rabi,Sangareddy,Narayankhed,Groundnut,27,0
2018-2019,Rabi,Sangareddy,Kangti,Groundnut,15,0
2018-2019,Rabi,Sangareddy,Kalher,Groundnut,61,15.3
2018-2019,Rabi,Sangareddy,Sirgapur,Groundnut,14,0
2018-2019,Rabi,Sangareddy,Manoor,Groundnut,0,0
2018-2019,Rabi,Sangareddy,Nagalgidda ,Groundnut,0,0
2018-2019,Rabi,Sangareddy,Andole,Groundnut,41,2
2018-2019,Rabi,Sangareddy,Pulkal,Groundnut,13,0
2018-2019,Rabi,Sangareddy,Hathnoora,Groundnut,47,0
2018-2019,Rabi,Sangareddy,Raikode,Groundnut,35,0
2018-2019,Rabi,Sangareddy,Munipally,Groundnut,3,0
2018-2019,Rabi,Sangareddy,Vatpally ,Groundnut,7,0
2018-2019,Rabi,Sangareddy,Sangareddy,Total,414,49.6
2018-2019,Rabi,Sangareddy,Kandi ,Total,962,557.6
2018-2019,Rabi,Sangareddy,Sadasivpet,Total,771,281.8
2018-2019,Rabi,Sangareddy,Kondapoor,Total,1161,352
2018-2019,Rabi,Sangareddy,Patancheru,Total,889,170.8
2018-2019,Rabi,Sangareddy,Ameenpur ,Total,65,24
2018-2019,Rabi,Sangareddy,R.C.Puram,Total,419,204.8
2018-2019,Rabi,Sangareddy,Jinnaram,Total,636,49.2
2018-2019,Rabi,Sangareddy,Gummadidala ,Total,565,168.8
2018-2019,Rabi,Sangareddy,Zaheerabad,Total,1247,467.2
2018-2019,Rabi,Sangareddy,Mogudampally ,Total,907,333.4
2018-2019,Rabi,Sangareddy,Kohir,Total,1820,572
2018-2019,Rabi,Sangareddy,Jharasangam,Total,1409,301
2018-2019,Rabi,Sangareddy,Nyalkal,Total,2762,720.6
2018-2019,Rabi,Sangareddy,Narayankhed,Total,2235,610.8
2018-2019,Rabi,Sangareddy,Kangti,Total,1801,595
2018-2019,Rabi,Sangareddy,Kalher,Total,1738,886.14
2018-2019,Rabi,Sangareddy,Sirgapur,Total,1263,197.32
2018-2019,Rabi,Sangareddy,Manoor,Total,1781,332
2018-2019,Rabi,Sangareddy,Nagalgidda ,Total,2168,414
2018-2019,Rabi,Sangareddy,Andole,Total,1761,281
2018-2019,Rabi,Sangareddy,Pulkal,Total,1992,40
2018-2019,Rabi,Sangareddy,Hathnoora,Total,1908,155
2018-2019,Rabi,Sangareddy,Raikode,Total,1853,1035.6
2018-2019,Rabi,Sangareddy,Munipally,Total,1037,644
2018-2019,Rabi,Sangareddy,Vatpally ,Total,883,491
