year,season,districtName,mandalName,crop,normalAreaSown,actualAreaSown
2016-2017,Kharif,Sangareddy,Sangareddy,Paddy,1768,800
2016-2017,Kharif,Sangareddy,Sadasivpet,Paddy,406,150
2016-2017,Kharif,Sangareddy,Kondapur,Paddy,650,520
2016-2017,Kharif,Sangareddy,Patancheru,Paddy,1424,695
2016-2017,Kharif,Sangareddy,Ramchandrapuram,Paddy,419,146
2016-2017,Kharif,Sangareddy,Jinnaram,Paddy,1651,820
2016-2017,Kharif,Sangareddy,Zaheerabad,Paddy,28,8
2016-2017,Kharif,Sangareddy,Jarasangam,Paddy,55,
2016-2017,Kharif,Sangareddy,Kohir,Paddy,10,
2016-2017,Kharif,Sangareddy,Nyalkal,Paddy,59,
2016-2017,Kharif,Sangareddy,Narayankhed,Paddy,1404,75
2016-2017,Kharif,Sangareddy,Kalher,Paddy,2540,1045
2016-2017,Kharif,Sangareddy,Manoor,Paddy,208,50
2016-2017,Kharif,Sangareddy,Kangti,Paddy,491,34
2016-2017,Kharif,Sangareddy,Shankarampet-A,Paddy,1370,518
2016-2017,Kharif,Sangareddy,Jogipet,Paddy,1351,1100
2016-2017,Kharif,Sangareddy,Pulkal,Paddy,2156,800
2016-2017,Kharif,Sangareddy,Alladurg,Paddy,819,500
2016-2017,Kharif,Sangareddy,Tekmal,Paddy,2163,1550
2016-2017,Kharif,Sangareddy,Raikode,Paddy,153,20
2016-2017,Kharif,Sangareddy,Regode,Paddy,475,241
2016-2017,Kharif,Sangareddy,Munipally,Paddy,81,2
2016-2017,Kharif,Sangareddy,Narsapur,Paddy,2681,1112
2016-2017,Kharif,Sangareddy,Hathnoora,Paddy,3244,650
2016-2017,Kharif,Sangareddy,Shivampet,Paddy,3261,1550
2016-2017,Kharif,Sangareddy,Kowdipally,Paddy,4414,3444
2016-2017,Kharif,Sangareddy,Kulcharam,Paddy,3916,1540
2016-2017,Kharif,Sangareddy,Yeldurthy,Paddy,2026,1510
2016-2017,Kharif,Sangareddy,Medak,Paddy,5155,2980
2016-2017,Kharif,Sangareddy,Papannapet,Paddy,4906,2700
2016-2017,Kharif,Sangareddy,Ramayampet,Paddy,2639,1415
2016-2017,Kharif,Sangareddy,Shankarampet-R,Paddy,2485,1011
2016-2017,Kharif,Sangareddy,Dubbak,Paddy,550,850
2016-2017,Kharif,Sangareddy,Doulthabad,Paddy,1179,450
2016-2017,Kharif,Sangareddy,Mirdoddi,Paddy,2409,830
2016-2017,Kharif,Sangareddy,Chegunta,Paddy,2116,634
2016-2017,Kharif,Sangareddy,Toguta,Paddy,2139,730
2016-2017,Kharif,Sangareddy,Siddipet,Paddy,2862,1292
2016-2017,Kharif,Sangareddy,Nangnoor,Paddy,2315,483
2016-2017,Kharif,Sangareddy,Chinnakodur,Paddy,2406,1310
2016-2017,Kharif,Sangareddy,Gajwel,Paddy,1337,845
2016-2017,Kharif,Sangareddy,Toopran,Paddy,1679,350
2016-2017,Kharif,Sangareddy,Kondapak,Paddy,961,1435
2016-2017,Kharif,Sangareddy,Mulugu,Paddy,1650,980
2016-2017,Kharif,Sangareddy,Jagadevpur,Paddy,1349,959
2016-2017,Kharif,Sangareddy,Wargal,Paddy,1371,795
2016-2017,Kharif,Sangareddy,Sangareddy,Sugarcane,805,306
2016-2017,Kharif,Sangareddy,Sadasivpet,Sugarcane,435,10
2016-2017,Kharif,Sangareddy,Kondapur,Sugarcane,435,171
2016-2017,Kharif,Sangareddy,Patancheru,Sugarcane,71,20
2016-2017,Kharif,Sangareddy,Ramchandrapuram,Sugarcane,0,0
2016-2017,Kharif,Sangareddy,Jinnaram,Sugarcane,3,0
2016-2017,Kharif,Sangareddy,Zaheerabad,Sugarcane,4365,3363
2016-2017,Kharif,Sangareddy,Jarasangam,Sugarcane,1100,0
2016-2017,Kharif,Sangareddy,Kohir,Sugarcane,678,0
2016-2017,Kharif,Sangareddy,Nyalkal,Sugarcane,2021,0
2016-2017,Kharif,Sangareddy,Narayankhed,Sugarcane,273,0
2016-2017,Kharif,Sangareddy,Kalher,Sugarcane,375,0
2016-2017,Kharif,Sangareddy,Manoor,Sugarcane,1932,0
2016-2017,Kharif,Sangareddy,Kangti,Sugarcane,231,68
2016-2017,Kharif,Sangareddy,Shankarampet-A,Sugarcane,74,6
2016-2017,Kharif,Sangareddy,Jogipet,Sugarcane,780,514
2016-2017,Kharif,Sangareddy,Pulkal,Sugarcane,1866,385
2016-2017,Kharif,Sangareddy,Alladurg,Sugarcane,187,64
2016-2017,Kharif,Sangareddy,Tekmal,Sugarcane,336,195
2016-2017,Kharif,Sangareddy,Raikode,Sugarcane,518,0
2016-2017,Kharif,Sangareddy,Regode,Sugarcane,82,0
2016-2017,Kharif,Sangareddy,Munipally,Sugarcane,375,0
2016-2017,Kharif,Sangareddy,Narsapur,Sugarcane,195,261
2016-2017,Kharif,Sangareddy,Hathnoora,Sugarcane,602,0
2016-2017,Kharif,Sangareddy,Shivampet,Sugarcane,28,21
2016-2017,Kharif,Sangareddy,Kowdipally,Sugarcane,1209,779
2016-2017,Kharif,Sangareddy,Kulcharam,Sugarcane,293,10
2016-2017,Kharif,Sangareddy,Yeldurthy,Sugarcane,120,32
2016-2017,Kharif,Sangareddy,Medak,Sugarcane,701,196
2016-2017,Kharif,Sangareddy,Papannapet,Sugarcane,550,0
2016-2017,Kharif,Sangareddy,Ramayampet,Sugarcane,309,160
2016-2017,Kharif,Sangareddy,Shankarampet-R,Sugarcane,172,65
2016-2017,Kharif,Sangareddy,Dubbak,Sugarcane,197,174
2016-2017,Kharif,Sangareddy,Doulthabad,Sugarcane,0,0
2016-2017,Kharif,Sangareddy,Mirdoddi,Sugarcane,21,3
2016-2017,Kharif,Sangareddy,Chegunta,Sugarcane,33,11
2016-2017,Kharif,Sangareddy,Toguta,Sugarcane,0,0
2016-2017,Kharif,Sangareddy,Siddipet,Sugarcane,2,0
2016-2017,Kharif,Sangareddy,Nangnoor,Sugarcane,0,0
2016-2017,Kharif,Sangareddy,Chinnakodur,Sugarcane,0,0
2016-2017,Kharif,Sangareddy,Gajwel,Sugarcane,0,0
2016-2017,Kharif,Sangareddy,Toopran,Sugarcane,17,0
2016-2017,Kharif,Sangareddy,Kondapak,Sugarcane,2,0
2016-2017,Kharif,Sangareddy,Mulugu,Sugarcane,0,0
2016-2017,Kharif,Sangareddy,Jagadevpur,Sugarcane,0,0
2016-2017,Kharif,Sangareddy,Wargal,Sugarcane,0,0
2016-2017,Kharif,Sangareddy,Sangareddy,Jowar,265,175
2016-2017,Kharif,Sangareddy,Sadasivpet,Jowar,66,48
2016-2017,Kharif,Sangareddy,Kondapur,Jowar,538,410
2016-2017,Kharif,Sangareddy,Patancheru,Jowar,117,156
2016-2017,Kharif,Sangareddy,Ramchandrapuram,Jowar,79,42
2016-2017,Kharif,Sangareddy,Jinnaram,Jowar,30,10
2016-2017,Kharif,Sangareddy,Zaheerabad,Jowar,1832,1821
2016-2017,Kharif,Sangareddy,Jarasangam,Jowar,649,521
2016-2017,Kharif,Sangareddy,Kohir,Jowar,453,410
2016-2017,Kharif,Sangareddy,Nyalkal,Jowar,821,382
2016-2017,Kharif,Sangareddy,Narayankhed,Jowar,1234,526
2016-2017,Kharif,Sangareddy,Kalher,Jowar,230,196
2016-2017,Kharif,Sangareddy,Manoor,Jowar,1203,1250
2016-2017,Kharif,Sangareddy,Kangti,Jowar,1408,1566
2016-2017,Kharif,Sangareddy,Shankarampet-A,Jowar,324,174
2016-2017,Kharif,Sangareddy,Jogipet,Jowar,15,8
2016-2017,Kharif,Sangareddy,Pulkal,Jowar,18,10
2016-2017,Kharif,Sangareddy,Alladurg,Jowar,113,50
2016-2017,Kharif,Sangareddy,Tekmal,Jowar,261,47
2016-2017,Kharif,Sangareddy,Raikode,Jowar,291,220
2016-2017,Kharif,Sangareddy,Regode,Jowar,77,35
2016-2017,Kharif,Sangareddy,Munipally,Jowar,214,110
2016-2017,Kharif,Sangareddy,Narsapur,Jowar,65,10
2016-2017,Kharif,Sangareddy,Hathnoora,Jowar,144,451
2016-2017,Kharif,Sangareddy,Shivampet,Jowar,18,15
2016-2017,Kharif,Sangareddy,Kowdipally,Jowar,100,69
2016-2017,Kharif,Sangareddy,Kulcharam,Jowar,40,32
2016-2017,Kharif,Sangareddy,Yeldurthy,Jowar,0,5
2016-2017,Kharif,Sangareddy,Medak,Jowar,6,5
2016-2017,Kharif,Sangareddy,Papannapet,Jowar,70,90
2016-2017,Kharif,Sangareddy,Ramayampet,Jowar,0,
2016-2017,Kharif,Sangareddy,Shankarampet-R,Jowar,0,
2016-2017,Kharif,Sangareddy,Dubbak,Jowar,0,
2016-2017,Kharif,Sangareddy,Doulthabad,Jowar,0,
2016-2017,Kharif,Sangareddy,Mirdoddi,Jowar,0,
2016-2017,Kharif,Sangareddy,Chegunta,Jowar,0,
2016-2017,Kharif,Sangareddy,Toguta,Jowar,0,
2016-2017,Kharif,Sangareddy,Siddipet,Jowar,17,18
2016-2017,Kharif,Sangareddy,Nangnoor,Jowar,0,15
2016-2017,Kharif,Sangareddy,Chinnakodur,Jowar,8,10
2016-2017,Kharif,Sangareddy,Gajwel,Jowar,0,
2016-2017,Kharif,Sangareddy,Toopran,Jowar,6,
2016-2017,Kharif,Sangareddy,Kondapak,Jowar,21,
2016-2017,Kharif,Sangareddy,Mulugu,Jowar,1,
2016-2017,Kharif,Sangareddy,Jagadevpur,Jowar,19,8
2016-2017,Kharif,Sangareddy,Wargal,Jowar,0,
2016-2017,Kharif,Sangareddy,Sangareddy,Bajra,0,
2016-2017,Kharif,Sangareddy,Sadasivpet,Bajra,0,
2016-2017,Kharif,Sangareddy,Kondapur,Bajra,0,
2016-2017,Kharif,Sangareddy,Patancheru,Bajra,2,
2016-2017,Kharif,Sangareddy,Ramchandrapuram,Bajra,0,
2016-2017,Kharif,Sangareddy,Jinnaram,Bajra,0,
2016-2017,Kharif,Sangareddy,Zaheerabad,Bajra,159,168
2016-2017,Kharif,Sangareddy,Jarasangam,Bajra,43,
2016-2017,Kharif,Sangareddy,Kohir,Bajra,39,
2016-2017,Kharif,Sangareddy,Nyalkal,Bajra,43,
2016-2017,Kharif,Sangareddy,Narayankhed,Bajra,0,
2016-2017,Kharif,Sangareddy,Kalher,Bajra,0,
2016-2017,Kharif,Sangareddy,Manoor,Bajra,0,
2016-2017,Kharif,Sangareddy,Kangti,Bajra,0,
2016-2017,Kharif,Sangareddy,Shankarampet-A,Bajra,0,
2016-2017,Kharif,Sangareddy,Jogipet,Bajra,0,
2016-2017,Kharif,Sangareddy,Pulkal,Bajra,0,
2016-2017,Kharif,Sangareddy,Alladurg,Bajra,0,
2016-2017,Kharif,Sangareddy,Tekmal,Bajra,0,
2016-2017,Kharif,Sangareddy,Raikode,Bajra,0,
2016-2017,Kharif,Sangareddy,Regode,Bajra,0,
2016-2017,Kharif,Sangareddy,Munipally,Bajra,0,
2016-2017,Kharif,Sangareddy,Narsapur,Bajra,0,
2016-2017,Kharif,Sangareddy,Hathnoora,Bajra,0,
2016-2017,Kharif,Sangareddy,Shivampet,Bajra,0,
2016-2017,Kharif,Sangareddy,Kowdipally,Bajra,0,
2016-2017,Kharif,Sangareddy,Kulcharam,Bajra,0,
2016-2017,Kharif,Sangareddy,Yeldurthy,Bajra,0,
2016-2017,Kharif,Sangareddy,Medak,Bajra,0,
2016-2017,Kharif,Sangareddy,Papannapet,Bajra,0,
2016-2017,Kharif,Sangareddy,Ramayampet,Bajra,0,
2016-2017,Kharif,Sangareddy,Shankarampet-R,Bajra,0,
2016-2017,Kharif,Sangareddy,Dubbak,Bajra,0,
2016-2017,Kharif,Sangareddy,Doulthabad,Bajra,0,
2016-2017,Kharif,Sangareddy,Mirdoddi,Bajra,0,
2016-2017,Kharif,Sangareddy,Chegunta,Bajra,0,
2016-2017,Kharif,Sangareddy,Toguta,Bajra,0,
2016-2017,Kharif,Sangareddy,Siddipet,Bajra,0,
2016-2017,Kharif,Sangareddy,Nangnoor,Bajra,0,
2016-2017,Kharif,Sangareddy,Chinnakodur,Bajra,0,
2016-2017,Kharif,Sangareddy,Gajwel,Bajra,0,
2016-2017,Kharif,Sangareddy,Toopran,Bajra,6,
2016-2017,Kharif,Sangareddy,Kondapak,Bajra,0,
2016-2017,Kharif,Sangareddy,Mulugu,Bajra,0,
2016-2017,Kharif,Sangareddy,Jagadevpur,Bajra,0,
2016-2017,Kharif,Sangareddy,Wargal,Bajra,0,
2016-2017,Kharif,Sangareddy,Sangareddy,Maize,1097,1650
2016-2017,Kharif,Sangareddy,Sadasivpet,Maize,183,254
2016-2017,Kharif,Sangareddy,Kondapur,Maize,1063,1230
2016-2017,Kharif,Sangareddy,Patancheru,Maize,511,656
2016-2017,Kharif,Sangareddy,Ramchandrapuram,Maize,166,118
2016-2017,Kharif,Sangareddy,Jinnaram,Maize,1066,1587
2016-2017,Kharif,Sangareddy,Zaheerabad,Maize,2013,1811
2016-2017,Kharif,Sangareddy,Jarasangam,Maize,1722,1069
2016-2017,Kharif,Sangareddy,Kohir,Maize,3886,3845
2016-2017,Kharif,Sangareddy,Nyalkal,Maize,212,
2016-2017,Kharif,Sangareddy,Narayankhed,Maize,1223,920
2016-2017,Kharif,Sangareddy,Kalher,Maize,2044,1201
2016-2017,Kharif,Sangareddy,Manoor,Maize,132,12
2016-2017,Kharif,Sangareddy,Kangti,Maize,1472,876
2016-2017,Kharif,Sangareddy,Shankarampet-A,Maize,1667,673
2016-2017,Kharif,Sangareddy,Jogipet,Maize,801,675
2016-2017,Kharif,Sangareddy,Pulkal,Maize,145,50
2016-2017,Kharif,Sangareddy,Alladurg,Maize,482,250
2016-2017,Kharif,Sangareddy,Tekmal,Maize,2500,2400
2016-2017,Kharif,Sangareddy,Raikode,Maize,145,
2016-2017,Kharif,Sangareddy,Regode,Maize,193,130
2016-2017,Kharif,Sangareddy,Munipally,Maize,228,297
2016-2017,Kharif,Sangareddy,Narsapur,Maize,989,1290
2016-2017,Kharif,Sangareddy,Hathnoora,Maize,626,1066
2016-2017,Kharif,Sangareddy,Shivampet,Maize,3014,2983
2016-2017,Kharif,Sangareddy,Kowdipally,Maize,2470,3276
2016-2017,Kharif,Sangareddy,Kulcharam,Maize,1248,824
2016-2017,Kharif,Sangareddy,Yeldurthy,Maize,768,810
2016-2017,Kharif,Sangareddy,Medak,Maize,584,650
2016-2017,Kharif,Sangareddy,Papannapet,Maize,488,488
2016-2017,Kharif,Sangareddy,Ramayampet,Maize,3790,3805
2016-2017,Kharif,Sangareddy,Shankarampet-R,Maize,2084,1565
2016-2017,Kharif,Sangareddy,Dubbak,Maize,8613,9150
2016-2017,Kharif,Sangareddy,Doulthabad,Maize,8752,9810
2016-2017,Kharif,Sangareddy,Mirdoddi,Maize,8065,8620
2016-2017,Kharif,Sangareddy,Chegunta,Maize,5149,5200
2016-2017,Kharif,Sangareddy,Toguta,Maize,4412,5600
2016-2017,Kharif,Sangareddy,Siddipet,Maize,6439,8920
2016-2017,Kharif,Sangareddy,Nangnoor,Maize,5157,6670
2016-2017,Kharif,Sangareddy,Chinnakodur,Maize,6716,8801
2016-2017,Kharif,Sangareddy,Gajwel,Maize,4873,6723
2016-2017,Kharif,Sangareddy,Toopran,Maize,1687,1850
2016-2017,Kharif,Sangareddy,Kondapak,Maize,3424,4390
2016-2017,Kharif,Sangareddy,Mulugu,Maize,2726,3324
2016-2017,Kharif,Sangareddy,Jagadevpur,Maize,5919,8185
2016-2017,Kharif,Sangareddy,Wargal,Maize,2546,2852
2016-2017,Kharif,Sangareddy,Sangareddy,Green Gram,39,90
2016-2017,Kharif,Sangareddy,Sadasivpet,Green Gram,110,170
2016-2017,Kharif,Sangareddy,Kondapur,Green Gram,130,76
2016-2017,Kharif,Sangareddy,Patancheru,Green Gram,9,7
2016-2017,Kharif,Sangareddy,Ramchandrapuram,Green Gram,0,
2016-2017,Kharif,Sangareddy,Jinnaram,Green Gram,8,28
2016-2017,Kharif,Sangareddy,Zaheerabad,Green Gram,1726,1922
2016-2017,Kharif,Sangareddy,Jarasangam,Green Gram,1398,1172
2016-2017,Kharif,Sangareddy,Kohir,Green Gram,609,610
2016-2017,Kharif,Sangareddy,Nyalkal,Green Gram,3087,1600
2016-2017,Kharif,Sangareddy,Narayankhed,Green Gram,3410,2890
2016-2017,Kharif,Sangareddy,Kalher,Green Gram,919,3516
2016-2017,Kharif,Sangareddy,Manoor,Green Gram,4443,4450
2016-2017,Kharif,Sangareddy,Kangti,Green Gram,1980,3087
2016-2017,Kharif,Sangareddy,Shankarampet-A,Green Gram,676,835
2016-2017,Kharif,Sangareddy,Jogipet,Green Gram,466,395
2016-2017,Kharif,Sangareddy,Pulkal,Green Gram,175,150
2016-2017,Kharif,Sangareddy,Alladurg,Green Gram,848,890
2016-2017,Kharif,Sangareddy,Tekmal,Green Gram,528,560
2016-2017,Kharif,Sangareddy,Raikode,Green Gram,1773,615
2016-2017,Kharif,Sangareddy,Regode,Green Gram,1681,1405
2016-2017,Kharif,Sangareddy,Munipally,Green Gram,336,295
2016-2017,Kharif,Sangareddy,Narsapur,Green Gram,12,7
2016-2017,Kharif,Sangareddy,Hathnoora,Green Gram,17,59
2016-2017,Kharif,Sangareddy,Shivampet,Green Gram,2,14
2016-2017,Kharif,Sangareddy,Kowdipally,Green Gram,73,259
2016-2017,Kharif,Sangareddy,Kulcharam,Green Gram,18,117
2016-2017,Kharif,Sangareddy,Yeldurthy,Green Gram,0,2
2016-2017,Kharif,Sangareddy,Medak,Green Gram,4,47
2016-2017,Kharif,Sangareddy,Papannapet,Green Gram,84,84
2016-2017,Kharif,Sangareddy,Ramayampet,Green Gram,1,25
2016-2017,Kharif,Sangareddy,Shankarampet-R,Green Gram,1,20
2016-2017,Kharif,Sangareddy,Dubbak,Green Gram,26,205
2016-2017,Kharif,Sangareddy,Doulthabad,Green Gram,0,136
2016-2017,Kharif,Sangareddy,Mirdoddi,Green Gram,24,150
2016-2017,Kharif,Sangareddy,Chegunta,Green Gram,1,48
2016-2017,Kharif,Sangareddy,Toguta,Green Gram,26,18
2016-2017,Kharif,Sangareddy,Siddipet,Green Gram,153,450
2016-2017,Kharif,Sangareddy,Nangnoor,Green Gram,64,315
2016-2017,Kharif,Sangareddy,Chinnakodur,Green Gram,83,315
2016-2017,Kharif,Sangareddy,Gajwel,Green Gram,0,
2016-2017,Kharif,Sangareddy,Toopran,Green Gram,0,
2016-2017,Kharif,Sangareddy,Kondapak,Green Gram,48,90
2016-2017,Kharif,Sangareddy,Mulugu,Green Gram,3,112
2016-2017,Kharif,Sangareddy,Jagadevpur,Green Gram,3,50
2016-2017,Kharif,Sangareddy,Wargal,Green Gram,0,75
2016-2017,Kharif,Sangareddy,Sangareddy,Black Gram,42,95
2016-2017,Kharif,Sangareddy,Sadasivpet,Black Gram,80,120
2016-2017,Kharif,Sangareddy,Kondapur,Black Gram,57,54
2016-2017,Kharif,Sangareddy,Patancheru,Black Gram,9,17
2016-2017,Kharif,Sangareddy,Ramchandrapuram,Black Gram,0,
2016-2017,Kharif,Sangareddy,Jinnaram,Black Gram,0,
2016-2017,Kharif,Sangareddy,Zaheerabad,Black Gram,1664,1894
2016-2017,Kharif,Sangareddy,Jarasangam,Black Gram,529,380
2016-2017,Kharif,Sangareddy,Kohir,Black Gram,620,595
2016-2017,Kharif,Sangareddy,Nyalkal,Black Gram,1294,1480
2016-2017,Kharif,Sangareddy,Narayankhed,Black Gram,1667,1320
2016-2017,Kharif,Sangareddy,Kalher,Black Gram,530,1796
2016-2017,Kharif,Sangareddy,Manoor,Black Gram,2939,2850
2016-2017,Kharif,Sangareddy,Kangti,Black Gram,1401,1530
2016-2017,Kharif,Sangareddy,Shankarampet-A,Black Gram,211,257
2016-2017,Kharif,Sangareddy,Jogipet,Black Gram,299,280
2016-2017,Kharif,Sangareddy,Pulkal,Black Gram,158,250
2016-2017,Kharif,Sangareddy,Alladurg,Black Gram,472,440
2016-2017,Kharif,Sangareddy,Tekmal,Black Gram,228,280
2016-2017,Kharif,Sangareddy,Raikode,Black Gram,544,812
2016-2017,Kharif,Sangareddy,Regode,Black Gram,610,1150
2016-2017,Kharif,Sangareddy,Munipally,Black Gram,186,138
2016-2017,Kharif,Sangareddy,Narsapur,Black Gram,6,
2016-2017,Kharif,Sangareddy,Hathnoora,Black Gram,19,72
2016-2017,Kharif,Sangareddy,Shivampet,Black Gram,0,
2016-2017,Kharif,Sangareddy,Kowdipally,Black Gram,68,51
2016-2017,Kharif,Sangareddy,Kulcharam,Black Gram,17,86
2016-2017,Kharif,Sangareddy,Yeldurthy,Black Gram,0,6
2016-2017,Kharif,Sangareddy,Medak,Black Gram,4,49
2016-2017,Kharif,Sangareddy,Papannapet,Black Gram,57,57
2016-2017,Kharif,Sangareddy,Ramayampet,Black Gram,0,20
2016-2017,Kharif,Sangareddy,Shankarampet-R,Black Gram,1,3
2016-2017,Kharif,Sangareddy,Dubbak,Black Gram,0,
2016-2017,Kharif,Sangareddy,Doulthabad,Black Gram,0,
2016-2017,Kharif,Sangareddy,Mirdoddi,Black Gram,0,
2016-2017,Kharif,Sangareddy,Chegunta,Black Gram,0,
2016-2017,Kharif,Sangareddy,Toguta,Black Gram,0,
2016-2017,Kharif,Sangareddy,Siddipet,Black Gram,0,
2016-2017,Kharif,Sangareddy,Nangnoor,Black Gram,0,
2016-2017,Kharif,Sangareddy,Chinnakodur,Black Gram,8,
2016-2017,Kharif,Sangareddy,Gajwel,Black Gram,0,
2016-2017,Kharif,Sangareddy,Toopran,Black Gram,0,
2016-2017,Kharif,Sangareddy,Kondapak,Black Gram,0,
2016-2017,Kharif,Sangareddy,Mulugu,Black Gram,0,190
2016-2017,Kharif,Sangareddy,Jagadevpur,Black Gram,0,15
2016-2017,Kharif,Sangareddy,Wargal,Black Gram,0,0
2016-2017,Kharif,Sangareddy,Sangareddy,Red Gram,402,650
2016-2017,Kharif,Sangareddy,Sadasivpet,Red Gram,379,496
2016-2017,Kharif,Sangareddy,Kondapur,Red Gram,542,645
2016-2017,Kharif,Sangareddy,Patancheru,Red Gram,120,180
2016-2017,Kharif,Sangareddy,Ramchandrapuram,Red Gram,42,39
2016-2017,Kharif,Sangareddy,Jinnaram,Red Gram,39,155
2016-2017,Kharif,Sangareddy,Zaheerabad,Red Gram,3913,4076
2016-2017,Kharif,Sangareddy,Jarasangam,Red Gram,990,593
2016-2017,Kharif,Sangareddy,Kohir,Red Gram,1697,1695
2016-2017,Kharif,Sangareddy,Nyalkal,Red Gram,2243,2405
2016-2017,Kharif,Sangareddy,Narayankhed,Red Gram,1795,1450
2016-2017,Kharif,Sangareddy,Kalher,Red Gram,524,1985
2016-2017,Kharif,Sangareddy,Manoor,Red Gram,3021,2900
2016-2017,Kharif,Sangareddy,Kangti,Red Gram,1588,2344
2016-2017,Kharif,Sangareddy,Shankarampet-A,Red Gram,267,750
2016-2017,Kharif,Sangareddy,Jogipet,Red Gram,524,295
2016-2017,Kharif,Sangareddy,Pulkal,Red Gram,398,260
2016-2017,Kharif,Sangareddy,Alladurg,Red Gram,770,920
2016-2017,Kharif,Sangareddy,Tekmal,Red Gram,550,650
2016-2017,Kharif,Sangareddy,Raikode,Red Gram,1021,1256
2016-2017,Kharif,Sangareddy,Regode,Red Gram,640,1425
2016-2017,Kharif,Sangareddy,Munipally,Red Gram,692,390
2016-2017,Kharif,Sangareddy,Narsapur,Red Gram,107,48
2016-2017,Kharif,Sangareddy,Hathnoora,Red Gram,253,256
2016-2017,Kharif,Sangareddy,Shivampet,Red Gram,187,225
2016-2017,Kharif,Sangareddy,Kowdipally,Red Gram,344,575
2016-2017,Kharif,Sangareddy,Kulcharam,Red Gram,58,86
2016-2017,Kharif,Sangareddy,Yeldurthy,Red Gram,24,24
2016-2017,Kharif,Sangareddy,Medak,Red Gram,4,57
2016-2017,Kharif,Sangareddy,Papannapet,Red Gram,73,73
2016-2017,Kharif,Sangareddy,Ramayampet,Red Gram,61,415
2016-2017,Kharif,Sangareddy,Shankarampet-R,Red Gram,50,180
2016-2017,Kharif,Sangareddy,Dubbak,Red Gram,421,680
2016-2017,Kharif,Sangareddy,Doulthabad,Red Gram,128,460
2016-2017,Kharif,Sangareddy,Mirdoddi,Red Gram,149,372
2016-2017,Kharif,Sangareddy,Chegunta,Red Gram,75,180
2016-2017,Kharif,Sangareddy,Toguta,Red Gram,219,385
2016-2017,Kharif,Sangareddy,Siddipet,Red Gram,685,2492
2016-2017,Kharif,Sangareddy,Nangnoor,Red Gram,467,1180
2016-2017,Kharif,Sangareddy,Chinnakodur,Red Gram,352,2600
2016-2017,Kharif,Sangareddy,Gajwel,Red Gram,121,1110
2016-2017,Kharif,Sangareddy,Toopran,Red Gram,146,450
2016-2017,Kharif,Sangareddy,Kondapak,Red Gram,346,1266
2016-2017,Kharif,Sangareddy,Mulugu,Red Gram,68,620
2016-2017,Kharif,Sangareddy,Jagadevpur,Red Gram,128,801
2016-2017,Kharif,Sangareddy,Wargal,Red Gram,55,650
2016-2017,Kharif,Sangareddy,Sangareddy,Cow Gram,0,
2016-2017,Kharif,Sangareddy,Sadasivpet,Cow Gram,0,
2016-2017,Kharif,Sangareddy,Kondapur,Cow Gram,0,
2016-2017,Kharif,Sangareddy,Patancheru,Cow Gram,0,
2016-2017,Kharif,Sangareddy,Ramchandrapuram,Cow Gram,0,
2016-2017,Kharif,Sangareddy,Jinnaram,Cow Gram,0,
2016-2017,Kharif,Sangareddy,Zaheerabad,Cow Gram,61,
2016-2017,Kharif,Sangareddy,Jarasangam,Cow Gram,0,
2016-2017,Kharif,Sangareddy,Kohir,Cow Gram,0,
2016-2017,Kharif,Sangareddy,Nyalkal,Cow Gram,0,
2016-2017,Kharif,Sangareddy,Narayankhed,Cow Gram,0,
2016-2017,Kharif,Sangareddy,Kalher,Cow Gram,0,
2016-2017,Kharif,Sangareddy,Manoor,Cow Gram,29,
2016-2017,Kharif,Sangareddy,Kangti,Cow Gram,46,
2016-2017,Kharif,Sangareddy,Shankarampet-A,Cow Gram,0,
2016-2017,Kharif,Sangareddy,Jogipet,Cow Gram,0,
2016-2017,Kharif,Sangareddy,Pulkal,Cow Gram,4,
2016-2017,Kharif,Sangareddy,Alladurg,Cow Gram,0,
2016-2017,Kharif,Sangareddy,Tekmal,Cow Gram,0,
2016-2017,Kharif,Sangareddy,Raikode,Cow Gram,0,
2016-2017,Kharif,Sangareddy,Regode,Cow Gram,19,
2016-2017,Kharif,Sangareddy,Munipally,Cow Gram,0,
2016-2017,Kharif,Sangareddy,Narsapur,Cow Gram,0,
2016-2017,Kharif,Sangareddy,Hathnoora,Cow Gram,3,
2016-2017,Kharif,Sangareddy,Shivampet,Cow Gram,1,
2016-2017,Kharif,Sangareddy,Kowdipally,Cow Gram,1,
2016-2017,Kharif,Sangareddy,Kulcharam,Cow Gram,0,
2016-2017,Kharif,Sangareddy,Yeldurthy,Cow Gram,0,
2016-2017,Kharif,Sangareddy,Medak,Cow Gram,0,
2016-2017,Kharif,Sangareddy,Papannapet,Cow Gram,0,
2016-2017,Kharif,Sangareddy,Ramayampet,Cow Gram,8,10
2016-2017,Kharif,Sangareddy,Shankarampet-R,Cow Gram,13,
2016-2017,Kharif,Sangareddy,Dubbak,Cow Gram,38,60
2016-2017,Kharif,Sangareddy,Doulthabad,Cow Gram,0,32
2016-2017,Kharif,Sangareddy,Mirdoddi,Cow Gram,27,32
2016-2017,Kharif,Sangareddy,Chegunta,Cow Gram,2,
2016-2017,Kharif,Sangareddy,Toguta,Cow Gram,37,12
2016-2017,Kharif,Sangareddy,Siddipet,Cow Gram,190,
2016-2017,Kharif,Sangareddy,Nangnoor,Cow Gram,95,
2016-2017,Kharif,Sangareddy,Chinnakodur,Cow Gram,75,
2016-2017,Kharif,Sangareddy,Gajwel,Cow Gram,0,
2016-2017,Kharif,Sangareddy,Toopran,Cow Gram,0,
2016-2017,Kharif,Sangareddy,Kondapak,Cow Gram,84,
2016-2017,Kharif,Sangareddy,Mulugu,Cow Gram,0,
2016-2017,Kharif,Sangareddy,Jagadevpur,Cow Gram,4,9
2016-2017,Kharif,Sangareddy,Wargal,Cow Gram,0,
2016-2017,Kharif,Sangareddy,Sangareddy,Onion,14,
2016-2017,Kharif,Sangareddy,Sadasivpet,Onion,13,
2016-2017,Kharif,Sangareddy,Kondapur,Onion,44,
2016-2017,Kharif,Sangareddy,Patancheru,Onion,9,
2016-2017,Kharif,Sangareddy,Ramchandrapuram,Onion,2,
2016-2017,Kharif,Sangareddy,Jinnaram,Onion,0,
2016-2017,Kharif,Sangareddy,Zaheerabad,Onion,5,
2016-2017,Kharif,Sangareddy,Jarasangam,Onion,7,
2016-2017,Kharif,Sangareddy,Kohir,Onion,4,
2016-2017,Kharif,Sangareddy,Nyalkal,Onion,4,
2016-2017,Kharif,Sangareddy,Narayankhed,Onion,6,
2016-2017,Kharif,Sangareddy,Kalher,Onion,0,
2016-2017,Kharif,Sangareddy,Manoor,Onion,32,
2016-2017,Kharif,Sangareddy,Kangti,Onion,0,
2016-2017,Kharif,Sangareddy,Shankarampet-A,Onion,0,
2016-2017,Kharif,Sangareddy,Jogipet,Onion,1,
2016-2017,Kharif,Sangareddy,Pulkal,Onion,14,
2016-2017,Kharif,Sangareddy,Alladurg,Onion,20,
2016-2017,Kharif,Sangareddy,Tekmal,Onion,14,
2016-2017,Kharif,Sangareddy,Raikode,Onion,0,
2016-2017,Kharif,Sangareddy,Regode,Onion,4,4
2016-2017,Kharif,Sangareddy,Munipally,Onion,35,
2016-2017,Kharif,Sangareddy,Narsapur,Onion,0,
2016-2017,Kharif,Sangareddy,Hathnoora,Onion,1,
2016-2017,Kharif,Sangareddy,Shivampet,Onion,5,
2016-2017,Kharif,Sangareddy,Kowdipally,Onion,0,
2016-2017,Kharif,Sangareddy,Kulcharam,Onion,0,
2016-2017,Kharif,Sangareddy,Yeldurthy,Onion,0,
2016-2017,Kharif,Sangareddy,Medak,Onion,0,
2016-2017,Kharif,Sangareddy,Papannapet,Onion,0,
2016-2017,Kharif,Sangareddy,Ramayampet,Onion,0,
2016-2017,Kharif,Sangareddy,Shankarampet-R,Onion,0,
2016-2017,Kharif,Sangareddy,Dubbak,Onion,0,
2016-2017,Kharif,Sangareddy,Doulthabad,Onion,3,
2016-2017,Kharif,Sangareddy,Mirdoddi,Onion,0,
2016-2017,Kharif,Sangareddy,Chegunta,Onion,0,
2016-2017,Kharif,Sangareddy,Toguta,Onion,21,
2016-2017,Kharif,Sangareddy,Siddipet,Onion,6,
2016-2017,Kharif,Sangareddy,Nangnoor,Onion,0,
2016-2017,Kharif,Sangareddy,Chinnakodur,Onion,0,
2016-2017,Kharif,Sangareddy,Gajwel,Onion,0,
2016-2017,Kharif,Sangareddy,Toopran,Onion,0,
2016-2017,Kharif,Sangareddy,Kondapak,Onion,5,
2016-2017,Kharif,Sangareddy,Mulugu,Onion,0,
2016-2017,Kharif,Sangareddy,Jagadevpur,Onion,0,
2016-2017,Kharif,Sangareddy,Wargal,Onion,0,
2016-2017,Kharif,Sangareddy,Sangareddy,Chillies,19,
2016-2017,Kharif,Sangareddy,Sadasivpet,Chillies,3,
2016-2017,Kharif,Sangareddy,Kondapur,Chillies,17,4
2016-2017,Kharif,Sangareddy,Patancheru,Chillies,34,
2016-2017,Kharif,Sangareddy,Ramchandrapuram,Chillies,9,
2016-2017,Kharif,Sangareddy,Jinnaram,Chillies,3,
2016-2017,Kharif,Sangareddy,Zaheerabad,Chillies,1,
2016-2017,Kharif,Sangareddy,Jarasangam,Chillies,28,
2016-2017,Kharif,Sangareddy,Kohir,Chillies,11,
2016-2017,Kharif,Sangareddy,Nyalkal,Chillies,32,
2016-2017,Kharif,Sangareddy,Narayankhed,Chillies,1,
2016-2017,Kharif,Sangareddy,Kalher,Chillies,0,
2016-2017,Kharif,Sangareddy,Manoor,Chillies,51,
2016-2017,Kharif,Sangareddy,Kangti,Chillies,8,
2016-2017,Kharif,Sangareddy,Shankarampet-A,Chillies,0,
2016-2017,Kharif,Sangareddy,Jogipet,Chillies,53,
2016-2017,Kharif,Sangareddy,Pulkal,Chillies,71,
2016-2017,Kharif,Sangareddy,Alladurg,Chillies,26,
2016-2017,Kharif,Sangareddy,Tekmal,Chillies,19,
2016-2017,Kharif,Sangareddy,Raikode,Chillies,37,
2016-2017,Kharif,Sangareddy,Regode,Chillies,1,
2016-2017,Kharif,Sangareddy,Munipally,Chillies,41,
2016-2017,Kharif,Sangareddy,Narsapur,Chillies,1,
2016-2017,Kharif,Sangareddy,Hathnoora,Chillies,21,
2016-2017,Kharif,Sangareddy,Shivampet,Chillies,8,
2016-2017,Kharif,Sangareddy,Kowdipally,Chillies,9,
2016-2017,Kharif,Sangareddy,Kulcharam,Chillies,0,
2016-2017,Kharif,Sangareddy,Yeldurthy,Chillies,1,
2016-2017,Kharif,Sangareddy,Medak,Chillies,2,
2016-2017,Kharif,Sangareddy,Papannapet,Chillies,0,
2016-2017,Kharif,Sangareddy,Ramayampet,Chillies,0,
2016-2017,Kharif,Sangareddy,Shankarampet-R,Chillies,0,
2016-2017,Kharif,Sangareddy,Dubbak,Chillies,0,
2016-2017,Kharif,Sangareddy,Doulthabad,Chillies,55,
2016-2017,Kharif,Sangareddy,Mirdoddi,Chillies,2,
2016-2017,Kharif,Sangareddy,Chegunta,Chillies,0,
2016-2017,Kharif,Sangareddy,Toguta,Chillies,0,
2016-2017,Kharif,Sangareddy,Siddipet,Chillies,11,
2016-2017,Kharif,Sangareddy,Nangnoor,Chillies,1,
2016-2017,Kharif,Sangareddy,Chinnakodur,Chillies,38,
2016-2017,Kharif,Sangareddy,Gajwel,Chillies,6,
2016-2017,Kharif,Sangareddy,Toopran,Chillies,6,
2016-2017,Kharif,Sangareddy,Kondapak,Chillies,11,
2016-2017,Kharif,Sangareddy,Mulugu,Chillies,11,15
2016-2017,Kharif,Sangareddy,Jagadevpur,Chillies,4,
2016-2017,Kharif,Sangareddy,Wargal,Chillies,0,
2016-2017,Kharif,Sangareddy,Sangareddy,Cotton,1538,950
2016-2017,Kharif,Sangareddy,Sadasivpet,Cotton,10563,8980
2016-2017,Kharif,Sangareddy,Kondapur,Cotton,4604,4010
2016-2017,Kharif,Sangareddy,Patancheru,Cotton,508,230
2016-2017,Kharif,Sangareddy,Ramchandrapuram,Cotton,204,78
2016-2017,Kharif,Sangareddy,Jinnaram,Cotton,375,157
2016-2017,Kharif,Sangareddy,Zaheerabad,Cotton,342,178
2016-2017,Kharif,Sangareddy,Jarasangam,Cotton,4641,3860
2016-2017,Kharif,Sangareddy,Kohir,Cotton,1861,1950
2016-2017,Kharif,Sangareddy,Nyalkal,Cotton,3398,2930
2016-2017,Kharif,Sangareddy,Narayankhed,Cotton,2654,1110
2016-2017,Kharif,Sangareddy,Kalher,Cotton,466,260
2016-2017,Kharif,Sangareddy,Manoor,Cotton,5555,3660
2016-2017,Kharif,Sangareddy,Kangti,Cotton,4075,1945
2016-2017,Kharif,Sangareddy,Shankarampet-A,Cotton,142,87
2016-2017,Kharif,Sangareddy,Jogipet,Cotton,3970,3576
2016-2017,Kharif,Sangareddy,Pulkal,Cotton,6050,5500
2016-2017,Kharif,Sangareddy,Alladurg,Cotton,6842,5700
2016-2017,Kharif,Sangareddy,Tekmal,Cotton,922,560
2016-2017,Kharif,Sangareddy,Raikode,Cotton,8114,7740
2016-2017,Kharif,Sangareddy,Regode,Cotton,4635,2563
2016-2017,Kharif,Sangareddy,Munipally,Cotton,10142,7260
2016-2017,Kharif,Sangareddy,Narsapur,Cotton,127,30
2016-2017,Kharif,Sangareddy,Hathnoora,Cotton,2002,1865
2016-2017,Kharif,Sangareddy,Shivampet,Cotton,120,76
2016-2017,Kharif,Sangareddy,Kowdipally,Cotton,79,74
2016-2017,Kharif,Sangareddy,Kulcharam,Cotton,106,128
2016-2017,Kharif,Sangareddy,Yeldurthy,Cotton,7,
2016-2017,Kharif,Sangareddy,Medak,Cotton,0,1
2016-2017,Kharif,Sangareddy,Papannapet,Cotton,0,
2016-2017,Kharif,Sangareddy,Ramayampet,Cotton,156,80
2016-2017,Kharif,Sangareddy,Shankarampet-R,Cotton,59,
2016-2017,Kharif,Sangareddy,Dubbak,Cotton,721,370
2016-2017,Kharif,Sangareddy,Doulthabad,Cotton,3429,820
2016-2017,Kharif,Sangareddy,Mirdoddi,Cotton,1119,270
2016-2017,Kharif,Sangareddy,Chegunta,Cotton,459,148
2016-2017,Kharif,Sangareddy,Toguta,Cotton,2483,478
2016-2017,Kharif,Sangareddy,Siddipet,Cotton,1514,770
2016-2017,Kharif,Sangareddy,Nangnoor,Cotton,3514,1885
2016-2017,Kharif,Sangareddy,Chinnakodur,Cotton,3045,810
2016-2017,Kharif,Sangareddy,Gajwel,Cotton,6045,4125
2016-2017,Kharif,Sangareddy,Toopran,Cotton,164,30
2016-2017,Kharif,Sangareddy,Kondapak,Cotton,4284,2680
2016-2017,Kharif,Sangareddy,Mulugu,Cotton,2069,1225
2016-2017,Kharif,Sangareddy,Jagadevpur,Cotton,6863,3978
2016-2017,Kharif,Sangareddy,Wargal,Cotton,2470,1506
2016-2017,Kharif,Sangareddy,Sangareddy,Groundnut,0,
2016-2017,Kharif,Sangareddy,Sadasivpet,Groundnut,0,
2016-2017,Kharif,Sangareddy,Kondapur,Groundnut,0,
2016-2017,Kharif,Sangareddy,Patancheru,Groundnut,0,
2016-2017,Kharif,Sangareddy,Ramchandrapuram,Groundnut,0,
2016-2017,Kharif,Sangareddy,Jinnaram,Groundnut,0,
2016-2017,Kharif,Sangareddy,Zaheerabad,Groundnut,0,
2016-2017,Kharif,Sangareddy,Jarasangam,Groundnut,0,
2016-2017,Kharif,Sangareddy,Kohir,Groundnut,0,
2016-2017,Kharif,Sangareddy,Nyalkal,Groundnut,0,
2016-2017,Kharif,Sangareddy,Narayankhed,Groundnut,8,
2016-2017,Kharif,Sangareddy,Kalher,Groundnut,0,
2016-2017,Kharif,Sangareddy,Manoor,Groundnut,0,
2016-2017,Kharif,Sangareddy,Kangti,Groundnut,0,
2016-2017,Kharif,Sangareddy,Shankarampet-A,Groundnut,0,
2016-2017,Kharif,Sangareddy,Jogipet,Groundnut,0,
2016-2017,Kharif,Sangareddy,Pulkal,Groundnut,0,
2016-2017,Kharif,Sangareddy,Alladurg,Groundnut,0,
2016-2017,Kharif,Sangareddy,Tekmal,Groundnut,1,
2016-2017,Kharif,Sangareddy,Raikode,Groundnut,0,
2016-2017,Kharif,Sangareddy,Regode,Groundnut,0,
2016-2017,Kharif,Sangareddy,Munipally,Groundnut,0,
2016-2017,Kharif,Sangareddy,Narsapur,Groundnut,0,
2016-2017,Kharif,Sangareddy,Hathnoora,Groundnut,0,
2016-2017,Kharif,Sangareddy,Shivampet,Groundnut,0,
2016-2017,Kharif,Sangareddy,Kowdipally,Groundnut,0,
2016-2017,Kharif,Sangareddy,Kulcharam,Groundnut,0,
2016-2017,Kharif,Sangareddy,Yeldurthy,Groundnut,0,
2016-2017,Kharif,Sangareddy,Medak,Groundnut,1,
2016-2017,Kharif,Sangareddy,Papannapet,Groundnut,0,
2016-2017,Kharif,Sangareddy,Ramayampet,Groundnut,0,
2016-2017,Kharif,Sangareddy,Shankarampet-R,Groundnut,0,
2016-2017,Kharif,Sangareddy,Dubbak,Groundnut,0,
2016-2017,Kharif,Sangareddy,Doulthabad,Groundnut,0,
2016-2017,Kharif,Sangareddy,Mirdoddi,Groundnut,0,
2016-2017,Kharif,Sangareddy,Chegunta,Groundnut,0,
2016-2017,Kharif,Sangareddy,Toguta,Groundnut,0,
2016-2017,Kharif,Sangareddy,Siddipet,Groundnut,18,
2016-2017,Kharif,Sangareddy,Nangnoor,Groundnut,3,
2016-2017,Kharif,Sangareddy,Chinnakodur,Groundnut,7,
2016-2017,Kharif,Sangareddy,Gajwel,Groundnut,0,
2016-2017,Kharif,Sangareddy,Toopran,Groundnut,0,
2016-2017,Kharif,Sangareddy,Kondapak,Groundnut,0,
2016-2017,Kharif,Sangareddy,Mulugu,Groundnut,0,
2016-2017,Kharif,Sangareddy,Jagadevpur,Groundnut,0,
2016-2017,Kharif,Sangareddy,Wargal,Groundnut,0,
2016-2017,Kharif,Sangareddy,Sangareddy,Sesamum,0,
2016-2017,Kharif,Sangareddy,Sadasivpet,Sesamum,0,
2016-2017,Kharif,Sangareddy,Kondapur,Sesamum,1,
2016-2017,Kharif,Sangareddy,Patancheru,Sesamum,1,
2016-2017,Kharif,Sangareddy,Ramchandrapuram,Sesamum,0,
2016-2017,Kharif,Sangareddy,Jinnaram,Sesamum,0,
2016-2017,Kharif,Sangareddy,Zaheerabad,Sesamum,94,104
2016-2017,Kharif,Sangareddy,Jarasangam,Sesamum,25,
2016-2017,Kharif,Sangareddy,Kohir,Sesamum,87,
2016-2017,Kharif,Sangareddy,Nyalkal,Sesamum,4,
2016-2017,Kharif,Sangareddy,Narayankhed,Sesamum,15,
2016-2017,Kharif,Sangareddy,Kalher,Sesamum,0,
2016-2017,Kharif,Sangareddy,Manoor,Sesamum,3,
2016-2017,Kharif,Sangareddy,Kangti,Sesamum,29,47
2016-2017,Kharif,Sangareddy,Shankarampet-A,Sesamum,0,
2016-2017,Kharif,Sangareddy,Jogipet,Sesamum,0,
2016-2017,Kharif,Sangareddy,Pulkal,Sesamum,0,
2016-2017,Kharif,Sangareddy,Alladurg,Sesamum,0,
2016-2017,Kharif,Sangareddy,Tekmal,Sesamum,0,
2016-2017,Kharif,Sangareddy,Raikode,Sesamum,15,
2016-2017,Kharif,Sangareddy,Regode,Sesamum,0,
2016-2017,Kharif,Sangareddy,Munipally,Sesamum,0,
2016-2017,Kharif,Sangareddy,Narsapur,Sesamum,0,
2016-2017,Kharif,Sangareddy,Hathnoora,Sesamum,0,
2016-2017,Kharif,Sangareddy,Shivampet,Sesamum,0,
2016-2017,Kharif,Sangareddy,Kowdipally,Sesamum,0,
2016-2017,Kharif,Sangareddy,Kulcharam,Sesamum,0,
2016-2017,Kharif,Sangareddy,Yeldurthy,Sesamum,0,
2016-2017,Kharif,Sangareddy,Medak,Sesamum,0,
2016-2017,Kharif,Sangareddy,Papannapet,Sesamum,0,
2016-2017,Kharif,Sangareddy,Ramayampet,Sesamum,0,
2016-2017,Kharif,Sangareddy,Shankarampet-R,Sesamum,0,
2016-2017,Kharif,Sangareddy,Dubbak,Sesamum,0,
2016-2017,Kharif,Sangareddy,Doulthabad,Sesamum,0,
2016-2017,Kharif,Sangareddy,Mirdoddi,Sesamum,0,
2016-2017,Kharif,Sangareddy,Chegunta,Sesamum,0,
2016-2017,Kharif,Sangareddy,Toguta,Sesamum,0,
2016-2017,Kharif,Sangareddy,Siddipet,Sesamum,23,
2016-2017,Kharif,Sangareddy,Nangnoor,Sesamum,2,
2016-2017,Kharif,Sangareddy,Chinnakodur,Sesamum,5,
2016-2017,Kharif,Sangareddy,Gajwel,Sesamum,0,
2016-2017,Kharif,Sangareddy,Toopran,Sesamum,0,
2016-2017,Kharif,Sangareddy,Kondapak,Sesamum,2,
2016-2017,Kharif,Sangareddy,Mulugu,Sesamum,0,
2016-2017,Kharif,Sangareddy,Jagadevpur,Sesamum,0,
2016-2017,Kharif,Sangareddy,Wargal,Sesamum,0,
2016-2017,Kharif,Sangareddy,Sangareddy,Sunflower,3,
2016-2017,Kharif,Sangareddy,Sadasivpet,Sunflower,0,
2016-2017,Kharif,Sangareddy,Kondapur,Sunflower,0,
2016-2017,Kharif,Sangareddy,Patancheru,Sunflower,0,
2016-2017,Kharif,Sangareddy,Ramchandrapuram,Sunflower,0,
2016-2017,Kharif,Sangareddy,Jinnaram,Sunflower,0,
2016-2017,Kharif,Sangareddy,Zaheerabad,Sunflower,21,
2016-2017,Kharif,Sangareddy,Jarasangam,Sunflower,19,
2016-2017,Kharif,Sangareddy,Kohir,Sunflower,16,
2016-2017,Kharif,Sangareddy,Nyalkal,Sunflower,42,
2016-2017,Kharif,Sangareddy,Narayankhed,Sunflower,0,
2016-2017,Kharif,Sangareddy,Kalher,Sunflower,2,
2016-2017,Kharif,Sangareddy,Manoor,Sunflower,30,
2016-2017,Kharif,Sangareddy,Kangti,Sunflower,8,
2016-2017,Kharif,Sangareddy,Shankarampet-A,Sunflower,0,
2016-2017,Kharif,Sangareddy,Jogipet,Sunflower,2,
2016-2017,Kharif,Sangareddy,Pulkal,Sunflower,2,
2016-2017,Kharif,Sangareddy,Alladurg,Sunflower,28,
2016-2017,Kharif,Sangareddy,Tekmal,Sunflower,11,
2016-2017,Kharif,Sangareddy,Raikode,Sunflower,12,
2016-2017,Kharif,Sangareddy,Regode,Sunflower,0,
2016-2017,Kharif,Sangareddy,Munipally,Sunflower,0,
2016-2017,Kharif,Sangareddy,Narsapur,Sunflower,0,
2016-2017,Kharif,Sangareddy,Hathnoora,Sunflower,1,
2016-2017,Kharif,Sangareddy,Shivampet,Sunflower,6,
2016-2017,Kharif,Sangareddy,Kowdipally,Sunflower,0,
2016-2017,Kharif,Sangareddy,Kulcharam,Sunflower,0,
2016-2017,Kharif,Sangareddy,Yeldurthy,Sunflower,0,
2016-2017,Kharif,Sangareddy,Medak,Sunflower,0,
2016-2017,Kharif,Sangareddy,Papannapet,Sunflower,0,
2016-2017,Kharif,Sangareddy,Ramayampet,Sunflower,0,
2016-2017,Kharif,Sangareddy,Shankarampet-R,Sunflower,0,
2016-2017,Kharif,Sangareddy,Dubbak,Sunflower,0,
2016-2017,Kharif,Sangareddy,Doulthabad,Sunflower,0,
2016-2017,Kharif,Sangareddy,Mirdoddi,Sunflower,0,
2016-2017,Kharif,Sangareddy,Chegunta,Sunflower,0,
2016-2017,Kharif,Sangareddy,Toguta,Sunflower,0,
2016-2017,Kharif,Sangareddy,Siddipet,Sunflower,0,
2016-2017,Kharif,Sangareddy,Nangnoor,Sunflower,0,
2016-2017,Kharif,Sangareddy,Chinnakodur,Sunflower,0,
2016-2017,Kharif,Sangareddy,Gajwel,Sunflower,0,
2016-2017,Kharif,Sangareddy,Toopran,Sunflower,8,
2016-2017,Kharif,Sangareddy,Kondapak,Sunflower,0,
2016-2017,Kharif,Sangareddy,Mulugu,Sunflower,0,
2016-2017,Kharif,Sangareddy,Jagadevpur,Sunflower,0,
2016-2017,Kharif,Sangareddy,Wargal,Sunflower,0,
2016-2017,Kharif,Sangareddy,Sangareddy,Castor,2,
2016-2017,Kharif,Sangareddy,Sadasivpet,Castor,0,
2016-2017,Kharif,Sangareddy,Kondapur,Castor,1,
2016-2017,Kharif,Sangareddy,Patancheru,Castor,1,
2016-2017,Kharif,Sangareddy,Ramchandrapuram,Castor,0,
2016-2017,Kharif,Sangareddy,Jinnaram,Castor,2,
2016-2017,Kharif,Sangareddy,Zaheerabad,Castor,4,
2016-2017,Kharif,Sangareddy,Jarasangam,Castor,0,
2016-2017,Kharif,Sangareddy,Kohir,Castor,2,
2016-2017,Kharif,Sangareddy,Nyalkal,Castor,1,
2016-2017,Kharif,Sangareddy,Narayankhed,Castor,0,
2016-2017,Kharif,Sangareddy,Kalher,Castor,0,
2016-2017,Kharif,Sangareddy,Manoor,Castor,0,
2016-2017,Kharif,Sangareddy,Kangti,Castor,0,
2016-2017,Kharif,Sangareddy,Shankarampet-A,Castor,0,
2016-2017,Kharif,Sangareddy,Jogipet,Castor,0,
2016-2017,Kharif,Sangareddy,Pulkal,Castor,0,
2016-2017,Kharif,Sangareddy,Alladurg,Castor,0,
2016-2017,Kharif,Sangareddy,Tekmal,Castor,0,
2016-2017,Kharif,Sangareddy,Raikode,Castor,0,
2016-2017,Kharif,Sangareddy,Regode,Castor,0,
2016-2017,Kharif,Sangareddy,Munipally,Castor,0,
2016-2017,Kharif,Sangareddy,Narsapur,Castor,0,
2016-2017,Kharif,Sangareddy,Hathnoora,Castor,0,
2016-2017,Kharif,Sangareddy,Shivampet,Castor,6,
2016-2017,Kharif,Sangareddy,Kowdipally,Castor,0,
2016-2017,Kharif,Sangareddy,Kulcharam,Castor,0,
2016-2017,Kharif,Sangareddy,Yeldurthy,Castor,0,
2016-2017,Kharif,Sangareddy,Medak,Castor,0,
2016-2017,Kharif,Sangareddy,Papannapet,Castor,0,
2016-2017,Kharif,Sangareddy,Ramayampet,Castor,5,
2016-2017,Kharif,Sangareddy,Shankarampet-R,Castor,5,
2016-2017,Kharif,Sangareddy,Dubbak,Castor,0,
2016-2017,Kharif,Sangareddy,Doulthabad,Castor,3,
2016-2017,Kharif,Sangareddy,Mirdoddi,Castor,1,
2016-2017,Kharif,Sangareddy,Chegunta,Castor,0,
2016-2017,Kharif,Sangareddy,Toguta,Castor,130,
2016-2017,Kharif,Sangareddy,Siddipet,Castor,36,
2016-2017,Kharif,Sangareddy,Nangnoor,Castor,55,
2016-2017,Kharif,Sangareddy,Chinnakodur,Castor,21,
2016-2017,Kharif,Sangareddy,Gajwel,Castor,1,
2016-2017,Kharif,Sangareddy,Toopran,Castor,5,
2016-2017,Kharif,Sangareddy,Kondapak,Castor,7,
2016-2017,Kharif,Sangareddy,Mulugu,Castor,7,4
2016-2017,Kharif,Sangareddy,Jagadevpur,Castor,8,11
2016-2017,Kharif,Sangareddy,Wargal,Castor,0,
2016-2017,Kharif,Sangareddy,Sangareddy,Soyabean,36,390
2016-2017,Kharif,Sangareddy,Sadasivpet,Soyabean,47,370
2016-2017,Kharif,Sangareddy,Kondapur,Soyabean,16,95
2016-2017,Kharif,Sangareddy,Patancheru,Soyabean,1,26
2016-2017,Kharif,Sangareddy,Ramchandrapuram,Soyabean,11,25
2016-2017,Kharif,Sangareddy,Jinnaram,Soyabean,0,35
2016-2017,Kharif,Sangareddy,Zaheerabad,Soyabean,2615,4287
2016-2017,Kharif,Sangareddy,Jarasangam,Soyabean,1154,2794
2016-2017,Kharif,Sangareddy,Kohir,Soyabean,880,1890
2016-2017,Kharif,Sangareddy,Nyalkal,Soyabean,1469,2800
2016-2017,Kharif,Sangareddy,Narayankhed,Soyabean,1562,1850
2016-2017,Kharif,Sangareddy,Kalher,Soyabean,752,1702
2016-2017,Kharif,Sangareddy,Manoor,Soyabean,2390,3550
2016-2017,Kharif,Sangareddy,Kangti,Soyabean,2862,5078
2016-2017,Kharif,Sangareddy,Shankarampet-A,Soyabean,293,334
2016-2017,Kharif,Sangareddy,Jogipet,Soyabean,4,50
2016-2017,Kharif,Sangareddy,Pulkal,Soyabean,5,45
2016-2017,Kharif,Sangareddy,Alladurg,Soyabean,246,600
2016-2017,Kharif,Sangareddy,Tekmal,Soyabean,37,126
2016-2017,Kharif,Sangareddy,Raikode,Soyabean,533,1014
2016-2017,Kharif,Sangareddy,Regode,Soyabean,125,385
2016-2017,Kharif,Sangareddy,Munipally,Soyabean,107,498
2016-2017,Kharif,Sangareddy,Narsapur,Soyabean,7,76
2016-2017,Kharif,Sangareddy,Hathnoora,Soyabean,67,120
2016-2017,Kharif,Sangareddy,Shivampet,Soyabean,0,35
2016-2017,Kharif,Sangareddy,Kowdipally,Soyabean,37,94
2016-2017,Kharif,Sangareddy,Kulcharam,Soyabean,10,21
2016-2017,Kharif,Sangareddy,Yeldurthy,Soyabean,20,27
2016-2017,Kharif,Sangareddy,Medak,Soyabean,37,320
2016-2017,Kharif,Sangareddy,Papannapet,Soyabean,5,38
2016-2017,Kharif,Sangareddy,Ramayampet,Soyabean,48,185
2016-2017,Kharif,Sangareddy,Shankarampet-R,Soyabean,27,80
2016-2017,Kharif,Sangareddy,Dubbak,Soyabean,8,128
2016-2017,Kharif,Sangareddy,Doulthabad,Soyabean,0,112
2016-2017,Kharif,Sangareddy,Mirdoddi,Soyabean,0,42
2016-2017,Kharif,Sangareddy,Chegunta,Soyabean,0,40
2016-2017,Kharif,Sangareddy,Toguta,Soyabean,0,
2016-2017,Kharif,Sangareddy,Siddipet,Soyabean,0,
2016-2017,Kharif,Sangareddy,Nangnoor,Soyabean,0,
2016-2017,Kharif,Sangareddy,Chinnakodur,Soyabean,0,
2016-2017,Kharif,Sangareddy,Gajwel,Soyabean,7,26
2016-2017,Kharif,Sangareddy,Toopran,Soyabean,0,2
2016-2017,Kharif,Sangareddy,Kondapak,Soyabean,0,23
2016-2017,Kharif,Sangareddy,Mulugu,Soyabean,3,26
2016-2017,Kharif,Sangareddy,Jagadevpur,Soyabean,0,5
2016-2017,Kharif,Sangareddy,Wargal,Soyabean,0,52
2016-2017,Kharif,Sangareddy,Sangareddy,Total,6030,5106
2016-2017,Kharif,Sangareddy,Sadasivpet,Total,12285,10598
2016-2017,Kharif,Sangareddy,Kondapur,Total,8098,7215
2016-2017,Kharif,Sangareddy,Patancheru,Total,2817,1987
2016-2017,Kharif,Sangareddy,Ramchandrapuram,Total,932,448
2016-2017,Kharif,Sangareddy,Jinnaram,Total,3177,2792
2016-2017,Kharif,Sangareddy,Zaheerabad,Total,18843,19632
2016-2017,Kharif,Sangareddy,Jarasangam,Total,12360,10389
2016-2017,Kharif,Sangareddy,Kohir,Total,10853,10995
2016-2017,Kharif,Sangareddy,Nyalkal,Total,14730,11597
2016-2017,Kharif,Sangareddy,Narayankhed,Total,15252,10141
2016-2017,Kharif,Sangareddy,Kalher,Total,8382,11701
2016-2017,Kharif,Sangareddy,Manoor,Total,21968,18722
2016-2017,Kharif,Sangareddy,Kangti,Total,15599,16575
2016-2017,Kharif,Sangareddy,Shankarampet-A,Total,5024,3634
2016-2017,Kharif,Sangareddy,Jogipet,Total,8266,6893
2016-2017,Kharif,Sangareddy,Pulkal,Total,11062,7450
2016-2017,Kharif,Sangareddy,Alladurg,Total,10853,9414
2016-2017,Kharif,Sangareddy,Tekmal,Total,7570,6368
2016-2017,Kharif,Sangareddy,Raikode,Total,13156,11677
2016-2017,Kharif,Sangareddy,Regode,Total,8542,7338
2016-2017,Kharif,Sangareddy,Munipally,Total,12437,8990
2016-2017,Kharif,Sangareddy,Narsapur,Total,4190,2834
2016-2017,Kharif,Sangareddy,Hathnoora,Total,7000,4539
2016-2017,Kharif,Sangareddy,Shivampet,Total,6656,4919
2016-2017,Kharif,Sangareddy,Kowdipally,Total,8804,8621
2016-2017,Kharif,Sangareddy,Kulcharam,Total,5706,2844
2016-2017,Kharif,Sangareddy,Yeldurthy,Total,2966,2416
2016-2017,Kharif,Sangareddy,Medak,Total,6498,4305
2016-2017,Kharif,Sangareddy,Papannapet,Total,6233,3530
2016-2017,Kharif,Sangareddy,Ramayampet,Total,7017,6115
2016-2017,Kharif,Sangareddy,Shankarampet-R,Total,4897,2924
2016-2017,Kharif,Sangareddy,Dubbak,Total,10574,11617
2016-2017,Kharif,Sangareddy,Doulthabad,Total,13549,11820
2016-2017,Kharif,Sangareddy,Mirdoddi,Total,11817,10319
2016-2017,Kharif,Sangareddy,Chegunta,Total,7835,6261
2016-2017,Kharif,Sangareddy,Toguta,Total,9467,7223
2016-2017,Kharif,Sangareddy,Siddipet,Total,11956,13942
2016-2017,Kharif,Sangareddy,Nangnoor,Total,11673,10548
2016-2017,Kharif,Sangareddy,Chinnakodur,Total,12764,13846
2016-2017,Kharif,Sangareddy,Gajwel,Total,12390,12829
2016-2017,Kharif,Sangareddy,Toopran,Total,3724,2682
2016-2017,Kharif,Sangareddy,Kondapak,Total,9195,9884
2016-2017,Kharif,Sangareddy,Mulugu,Total,6538,6496
2016-2017,Kharif,Sangareddy,Jagadevpur,Total,14297,14021
2016-2017,Kharif,Sangareddy,Wargal,Total,6442,5930
