year,season,districtName,mandalName,crop,normalAreaSown,actualAreaSown
2018-2019,Rabi,Siddipet,Dubbak,Paddy,2442,171
2018-2019,Rabi,Siddipet,Siddipet Rural,Paddy,3407,547
2018-2019,Rabi,Siddipet,Chinnakodur,Paddy,2675,121
2018-2019,Rabi,Siddipet,Bejjanki,Paddy,1051,95
2018-2019,Rabi,Siddipet,Koheda,Paddy,2750,301
2018-2019,Rabi,Siddipet,Husnabad,Paddy,1278,264
2018-2019,Rabi,Siddipet,Akkannapet,Paddy,1694,74
2018-2019,Rabi,Siddipet,Nanganoor,Paddy,2261,58
2018-2019,Rabi,Siddipet,Siddipet Urban,Paddy,1213,356
2018-2019,Rabi,Siddipet,Thoguta,Paddy,1754,289
2018-2019,Rabi,Siddipet,Mirdoddi,Paddy,2681,43
2018-2019,Rabi,Siddipet,Doulthabad,Paddy,1521,23
2018-2019,Rabi,Siddipet,Raypole,Paddy,695,125
2018-2019,Rabi,Siddipet,Wargal,Paddy,677,19
2018-2019,Rabi,Siddipet,Mulugu,Paddy,507,26
2018-2019,Rabi,Siddipet,Markook,Paddy,405,14
2018-2019,Rabi,Siddipet,Jagdevpur,Paddy,895,23
2018-2019,Rabi,Siddipet,Gajwel,Paddy,816,78
2018-2019,Rabi,Siddipet,Kondapak,Paddy,1882,612
2018-2019,Rabi,Siddipet,Komaravelly,Paddy,1244,91
2018-2019,Rabi,Siddipet,Cherial,Paddy,3061,36
2018-2019,Rabi,Siddipet,Maddur,Paddy,2372,124
2018-2019,Rabi,Siddipet,Dubbak,Maize,830,71
2018-2019,Rabi,Siddipet,Siddipet Rural,Maize,477,517
2018-2019,Rabi,Siddipet,Chinnakodur,Maize,495,160
2018-2019,Rabi,Siddipet,Bejjanki,Maize,355,185
2018-2019,Rabi,Siddipet,Koheda,Maize,787,72
2018-2019,Rabi,Siddipet,Husnabad,Maize,916,102
2018-2019,Rabi,Siddipet,Akkannapet,Maize,1379,210
2018-2019,Rabi,Siddipet,Nanganoor,Maize,1391,389
2018-2019,Rabi,Siddipet,Siddipet Urban,Maize,196,260
2018-2019,Rabi,Siddipet,Thoguta,Maize,404,62
2018-2019,Rabi,Siddipet,Mirdoddi,Maize,484,485
2018-2019,Rabi,Siddipet,Doulthabad,Maize,577,378
2018-2019,Rabi,Siddipet,Raypole,Maize,311,143
2018-2019,Rabi,Siddipet,Wargal,Maize,195,528
2018-2019,Rabi,Siddipet,Mulugu,Maize,176,27
2018-2019,Rabi,Siddipet,Markook,Maize,103,95
2018-2019,Rabi,Siddipet,Jagdevpur,Maize,224,74
2018-2019,Rabi,Siddipet,Gajwel,Maize,524,260
2018-2019,Rabi,Siddipet,Kondapak,Maize,336,301
2018-2019,Rabi,Siddipet,Komaravelly,Maize,156,115
2018-2019,Rabi,Siddipet,Cherial,Maize,360,168
2018-2019,Rabi,Siddipet,Maddur,Maize,609,95
2018-2019,Rabi,Siddipet,Dubbak,Horse Gram,5,61
2018-2019,Rabi,Siddipet,Siddipet Rural,Horse Gram,39,52.8
2018-2019,Rabi,Siddipet,Chinnakodur,Horse Gram,0,0
2018-2019,Rabi,Siddipet,Bejjanki,Horse Gram,0,5.5
2018-2019,Rabi,Siddipet,Koheda,Horse Gram,0,0
2018-2019,Rabi,Siddipet,Husnabad,Horse Gram,0,0
2018-2019,Rabi,Siddipet,Akkannapet,Horse Gram,0,0
2018-2019,Rabi,Siddipet,Nanganoor,Horse Gram,25,4
2018-2019,Rabi,Siddipet,Siddipet Urban,Horse Gram,29,6.6
2018-2019,Rabi,Siddipet,Thoguta,Horse Gram,32,9.9
2018-2019,Rabi,Siddipet,Mirdoddi,Horse Gram,17,8.8
2018-2019,Rabi,Siddipet,Doulthabad,Horse Gram,0,0
2018-2019,Rabi,Siddipet,Raypole,Horse Gram,0,0
2018-2019,Rabi,Siddipet,Wargal,Horse Gram,0,0
2018-2019,Rabi,Siddipet,Mulugu,Horse Gram,0,0
2018-2019,Rabi,Siddipet,Markook,Horse Gram,0,0
2018-2019,Rabi,Siddipet,Jagdevpur,Horse Gram,7,3.3
2018-2019,Rabi,Siddipet,Gajwel,Horse Gram,0,0
2018-2019,Rabi,Siddipet,Kondapak,Horse Gram,8,0
2018-2019,Rabi,Siddipet,Komaravelly,Horse Gram,0,0
2018-2019,Rabi,Siddipet,Cherial,Horse Gram,1,0
2018-2019,Rabi,Siddipet,Maddur,Horse Gram,0,0
2018-2019,Rabi,Siddipet,Dubbak,Green Gram,0,0
2018-2019,Rabi,Siddipet,Siddipet Rural,Green Gram,0,0
2018-2019,Rabi,Siddipet,Chinnakodur,Green Gram,4,0
2018-2019,Rabi,Siddipet,Bejjanki,Green Gram,19,5.5
2018-2019,Rabi,Siddipet,Koheda,Green Gram,120,39.6
2018-2019,Rabi,Siddipet,Husnabad,Green Gram,11,12.1
2018-2019,Rabi,Siddipet,Akkannapet,Green Gram,11,7.7
2018-2019,Rabi,Siddipet,Nanganoor,Green Gram,13,0
2018-2019,Rabi,Siddipet,Siddipet Urban,Green Gram,0,0
2018-2019,Rabi,Siddipet,Thoguta,Green Gram,0,0
2018-2019,Rabi,Siddipet,Mirdoddi,Green Gram,0,0
2018-2019,Rabi,Siddipet,Doulthabad,Green Gram,0,0
2018-2019,Rabi,Siddipet,Raypole,Green Gram,0,0
2018-2019,Rabi,Siddipet,Wargal,Green Gram,0,0
2018-2019,Rabi,Siddipet,Mulugu,Green Gram,0,0
2018-2019,Rabi,Siddipet,Markook,Green Gram,0,0
2018-2019,Rabi,Siddipet,Jagdevpur,Green Gram,0,0
2018-2019,Rabi,Siddipet,Gajwel,Green Gram,0,0
2018-2019,Rabi,Siddipet,Kondapak,Green Gram,0,0
2018-2019,Rabi,Siddipet,Komaravelly,Green Gram,0,0
2018-2019,Rabi,Siddipet,Cherial,Green Gram,0,0
2018-2019,Rabi,Siddipet,Maddur,Green Gram,0,0
2018-2019,Rabi,Siddipet,Dubbak,Black Gram,0,0
2018-2019,Rabi,Siddipet,Siddipet Rural,Black Gram,0,0
2018-2019,Rabi,Siddipet,Chinnakodur,Black Gram,0,0
2018-2019,Rabi,Siddipet,Bejjanki,Black Gram,0,0
2018-2019,Rabi,Siddipet,Koheda,Black Gram,16,0
2018-2019,Rabi,Siddipet,Husnabad,Black Gram,7,9
2018-2019,Rabi,Siddipet,Akkannapet,Black Gram,13,9
2018-2019,Rabi,Siddipet,Nanganoor,Black Gram,0,0
2018-2019,Rabi,Siddipet,Siddipet Urban,Black Gram,0,0
2018-2019,Rabi,Siddipet,Thoguta,Black Gram,0,0
2018-2019,Rabi,Siddipet,Mirdoddi,Black Gram,0,0
2018-2019,Rabi,Siddipet,Doulthabad,Black Gram,0,0
2018-2019,Rabi,Siddipet,Raypole,Black Gram,0,0
2018-2019,Rabi,Siddipet,Wargal,Black Gram,0,0
2018-2019,Rabi,Siddipet,Mulugu,Black Gram,0,0
2018-2019,Rabi,Siddipet,Markook,Black Gram,0,0
2018-2019,Rabi,Siddipet,Jagdevpur,Black Gram,0,0
2018-2019,Rabi,Siddipet,Gajwel,Black Gram,0,0
2018-2019,Rabi,Siddipet,Kondapak,Black Gram,0,0
2018-2019,Rabi,Siddipet,Komaravelly,Black Gram,0,0
2018-2019,Rabi,Siddipet,Cherial,Black Gram,0,0
2018-2019,Rabi,Siddipet,Maddur,Black Gram,0,0
2018-2019,Rabi,Siddipet,Dubbak,Cow Gram,61,72
2018-2019,Rabi,Siddipet,Siddipet Rural,Cow Gram,65,122
2018-2019,Rabi,Siddipet,Chinnakodur,Cow Gram,27,80
2018-2019,Rabi,Siddipet,Bejjanki,Cow Gram,23,6
2018-2019,Rabi,Siddipet,Koheda,Cow Gram,41,0
2018-2019,Rabi,Siddipet,Husnabad,Cow Gram,56,2
2018-2019,Rabi,Siddipet,Akkannapet,Cow Gram,82,33
2018-2019,Rabi,Siddipet,Nanganoor,Cow Gram,93,0
2018-2019,Rabi,Siddipet,Siddipet Urban,Cow Gram,40,16
2018-2019,Rabi,Siddipet,Thoguta,Cow Gram,52,50
2018-2019,Rabi,Siddipet,Mirdoddi,Cow Gram,26,5
2018-2019,Rabi,Siddipet,Doulthabad,Cow Gram,0,0
2018-2019,Rabi,Siddipet,Raypole,Cow Gram,0,0
2018-2019,Rabi,Siddipet,Wargal,Cow Gram,0,0
2018-2019,Rabi,Siddipet,Mulugu,Cow Gram,0,0
2018-2019,Rabi,Siddipet,Markook,Cow Gram,0,0
2018-2019,Rabi,Siddipet,Jagdevpur,Cow Gram,28,5
2018-2019,Rabi,Siddipet,Gajwel,Cow Gram,0,0
2018-2019,Rabi,Siddipet,Kondapak,Cow Gram,31,14
2018-2019,Rabi,Siddipet,Komaravelly,Cow Gram,15,0
2018-2019,Rabi,Siddipet,Cherial,Cow Gram,44,37
2018-2019,Rabi,Siddipet,Maddur,Cow Gram,144,29
2018-2019,Rabi,Siddipet,Dubbak,Bengal Gram,222,81
2018-2019,Rabi,Siddipet,Siddipet Rural,Bengal Gram,21,28.6
2018-2019,Rabi,Siddipet,Chinnakodur,Bengal Gram,39,55
2018-2019,Rabi,Siddipet,Bejjanki,Bengal Gram,26,40
2018-2019,Rabi,Siddipet,Koheda,Bengal Gram,9,512
2018-2019,Rabi,Siddipet,Husnabad,Bengal Gram,25,92
2018-2019,Rabi,Siddipet,Akkannapet,Bengal Gram,30,5.5
2018-2019,Rabi,Siddipet,Nanganoor,Bengal Gram,43,46
2018-2019,Rabi,Siddipet,Siddipet Urban,Bengal Gram,17,17.6
2018-2019,Rabi,Siddipet,Thoguta,Bengal Gram,164,221
2018-2019,Rabi,Siddipet,Mirdoddi,Bengal Gram,17,75
2018-2019,Rabi,Siddipet,Doulthabad,Bengal Gram,201,254
2018-2019,Rabi,Siddipet,Raypole,Bengal Gram,125,157.3
2018-2019,Rabi,Siddipet,Wargal,Bengal Gram,24,325
2018-2019,Rabi,Siddipet,Mulugu,Bengal Gram,26,18
2018-2019,Rabi,Siddipet,Markook,Bengal Gram,205,305
2018-2019,Rabi,Siddipet,Jagdevpur,Bengal Gram,717,360
2018-2019,Rabi,Siddipet,Gajwel,Bengal Gram,753,1657
2018-2019,Rabi,Siddipet,Kondapak,Bengal Gram,86,151
2018-2019,Rabi,Siddipet,Komaravelly,Bengal Gram,21,81
2018-2019,Rabi,Siddipet,Cherial,Bengal Gram,175,716
2018-2019,Rabi,Siddipet,Maddur,Bengal Gram,5,5.5
2018-2019,Rabi,Siddipet,Dubbak,Sugarcane,162,138.6
2018-2019,Rabi,Siddipet,Siddipet Rural,Sugarcane,0,0
2018-2019,Rabi,Siddipet,Chinnakodur,Sugarcane,0,0
2018-2019,Rabi,Siddipet,Bejjanki,Sugarcane,0,0
2018-2019,Rabi,Siddipet,Koheda,Sugarcane,0,0
2018-2019,Rabi,Siddipet,Husnabad,Sugarcane,0,0
2018-2019,Rabi,Siddipet,Akkannapet,Sugarcane,0,0
2018-2019,Rabi,Siddipet,Nanganoor,Sugarcane,0,0
2018-2019,Rabi,Siddipet,Siddipet Urban,Sugarcane,0,0
2018-2019,Rabi,Siddipet,Thoguta,Sugarcane,0,0
2018-2019,Rabi,Siddipet,Mirdoddi,Sugarcane,8,0
2018-2019,Rabi,Siddipet,Doulthabad,Sugarcane,0,0
2018-2019,Rabi,Siddipet,Raypole,Sugarcane,0,0
2018-2019,Rabi,Siddipet,Wargal,Sugarcane,0,0
2018-2019,Rabi,Siddipet,Mulugu,Sugarcane,0,0
2018-2019,Rabi,Siddipet,Markook,Sugarcane,0,0
2018-2019,Rabi,Siddipet,Jagdevpur,Sugarcane,0,0
2018-2019,Rabi,Siddipet,Gajwel,Sugarcane,0,0
2018-2019,Rabi,Siddipet,Kondapak,Sugarcane,0,0
2018-2019,Rabi,Siddipet,Komaravelly,Sugarcane,0,0
2018-2019,Rabi,Siddipet,Cherial,Sugarcane,0,0
2018-2019,Rabi,Siddipet,Maddur,Sugarcane,0,0
2018-2019,Rabi,Siddipet,Dubbak,Groundnut,0,7
2018-2019,Rabi,Siddipet,Siddipet Rural,Groundnut,19,16.5
2018-2019,Rabi,Siddipet,Chinnakodur,Groundnut,34,12.1
2018-2019,Rabi,Siddipet,Bejjanki,Groundnut,127,107.8
2018-2019,Rabi,Siddipet,Koheda,Groundnut,470,453
2018-2019,Rabi,Siddipet,Husnabad,Groundnut,356,825
2018-2019,Rabi,Siddipet,Akkannapet,Groundnut,362,210
2018-2019,Rabi,Siddipet,Nanganoor,Groundnut,150,57
2018-2019,Rabi,Siddipet,Siddipet Urban,Groundnut,10,9.9
2018-2019,Rabi,Siddipet,Thoguta,Groundnut,2,0
2018-2019,Rabi,Siddipet,Mirdoddi,Groundnut,0,0
2018-2019,Rabi,Siddipet,Doulthabad,Groundnut,0,0
2018-2019,Rabi,Siddipet,Raypole,Groundnut,0,0
2018-2019,Rabi,Siddipet,Wargal,Groundnut,30,0
2018-2019,Rabi,Siddipet,Mulugu,Groundnut,3,2.2
2018-2019,Rabi,Siddipet,Markook,Groundnut,2,2.2
2018-2019,Rabi,Siddipet,Jagdevpur,Groundnut,0,0
2018-2019,Rabi,Siddipet,Gajwel,Groundnut,3,4
2018-2019,Rabi,Siddipet,Kondapak,Groundnut,3,1
2018-2019,Rabi,Siddipet,Komaravelly,Groundnut,1,0
2018-2019,Rabi,Siddipet,Cherial,Groundnut,12,0
2018-2019,Rabi,Siddipet,Maddur,Groundnut,39,0
2018-2019,Rabi,Siddipet,Dubbak,Castor,21,5
2018-2019,Rabi,Siddipet,Siddipet Rural,Castor,0,4.4
2018-2019,Rabi,Siddipet,Chinnakodur,Castor,0,0
2018-2019,Rabi,Siddipet,Bejjanki,Castor,0,0
2018-2019,Rabi,Siddipet,Koheda,Castor,0,0
2018-2019,Rabi,Siddipet,Husnabad,Castor,0,0
2018-2019,Rabi,Siddipet,Akkannapet,Castor,,0
2018-2019,Rabi,Siddipet,Nanganoor,Castor,0,0
2018-2019,Rabi,Siddipet,Siddipet Urban,Castor,0,0
2018-2019,Rabi,Siddipet,Thoguta,Castor,0,6.6
2018-2019,Rabi,Siddipet,Mirdoddi,Castor,13,5.5
2018-2019,Rabi,Siddipet,Doulthabad,Castor,0,0
2018-2019,Rabi,Siddipet,Raypole,Castor,0,0
2018-2019,Rabi,Siddipet,Wargal,Castor,9,12
2018-2019,Rabi,Siddipet,Mulugu,Castor,0,0
2018-2019,Rabi,Siddipet,Markook,Castor,0,0
2018-2019,Rabi,Siddipet,Jagdevpur,Castor,51,4.4
2018-2019,Rabi,Siddipet,Gajwel,Castor,0,5
2018-2019,Rabi,Siddipet,Kondapak,Castor,0,0
2018-2019,Rabi,Siddipet,Komaravelly,Castor,0,4
2018-2019,Rabi,Siddipet,Cherial,Castor,0,0
2018-2019,Rabi,Siddipet,Maddur,Castor,0,0
2018-2019,Rabi,Siddipet,Dubbak,Sesamum,0,6
2018-2019,Rabi,Siddipet,Siddipet Rural,Sesamum,10,2
2018-2019,Rabi,Siddipet,Chinnakodur,Sesamum,1,0
2018-2019,Rabi,Siddipet,Bejjanki,Sesamum,0,0
2018-2019,Rabi,Siddipet,Koheda,Sesamum,6,0
2018-2019,Rabi,Siddipet,Husnabad,Sesamum,8,0
2018-2019,Rabi,Siddipet,Akkannapet,Sesamum,9,0
2018-2019,Rabi,Siddipet,Nanganoor,Sesamum,19,0
2018-2019,Rabi,Siddipet,Siddipet Urban,Sesamum,10,5
2018-2019,Rabi,Siddipet,Thoguta,Sesamum,15,32
2018-2019,Rabi,Siddipet,Mirdoddi,Sesamum,0,0
2018-2019,Rabi,Siddipet,Doulthabad,Sesamum,0,0
2018-2019,Rabi,Siddipet,Raypole,Sesamum,0,0
2018-2019,Rabi,Siddipet,Wargal,Sesamum,0,0
2018-2019,Rabi,Siddipet,Mulugu,Sesamum,0,0
2018-2019,Rabi,Siddipet,Markook,Sesamum,0,0
2018-2019,Rabi,Siddipet,Jagdevpur,Sesamum,0,0
2018-2019,Rabi,Siddipet,Gajwel,Sesamum,0,0
2018-2019,Rabi,Siddipet,Kondapak,Sesamum,0,0
2018-2019,Rabi,Siddipet,Komaravelly,Sesamum,0,0
2018-2019,Rabi,Siddipet,Cherial,Sesamum,0,0
2018-2019,Rabi,Siddipet,Maddur,Sesamum,3,0
2018-2019,Rabi,Siddipet,Dubbak,Sunflower,626,152
2018-2019,Rabi,Siddipet,Siddipet Rural,Sunflower,871,262
2018-2019,Rabi,Siddipet,Chinnakodur,Sunflower,771,252
2018-2019,Rabi,Siddipet,Bejjanki,Sunflower,0,0
2018-2019,Rabi,Siddipet,Koheda,Sunflower,0,0
2018-2019,Rabi,Siddipet,Husnabad,Sunflower,0,0
2018-2019,Rabi,Siddipet,Akkannapet,Sunflower,19,0
2018-2019,Rabi,Siddipet,Nanganoor,Sunflower,102,100
2018-2019,Rabi,Siddipet,Siddipet Urban,Sunflower,317,63
2018-2019,Rabi,Siddipet,Thoguta,Sunflower,513,0
2018-2019,Rabi,Siddipet,Mirdoddi,Sunflower,218,130
2018-2019,Rabi,Siddipet,Doulthabad,Sunflower,362,118
2018-2019,Rabi,Siddipet,Raypole,Sunflower,143,80
2018-2019,Rabi,Siddipet,Wargal,Sunflower,37,37
2018-2019,Rabi,Siddipet,Mulugu,Sunflower,24,6
2018-2019,Rabi,Siddipet,Markook,Sunflower,11,7
2018-2019,Rabi,Siddipet,Jagdevpur,Sunflower,12,3
2018-2019,Rabi,Siddipet,Gajwel,Sunflower,126,7
2018-2019,Rabi,Siddipet,Kondapak,Sunflower,121,9
2018-2019,Rabi,Siddipet,Komaravelly,Sunflower,0,0
2018-2019,Rabi,Siddipet,Cherial,Sunflower,5,0
2018-2019,Rabi,Siddipet,Maddur,Sunflower,0,0
2018-2019,Rabi,Siddipet,Dubbak,Total,4369,2691.6
2018-2019,Rabi,Siddipet,Siddipet Rural,Total,4909,3054.3
2018-2019,Rabi,Siddipet,Chinnakodur,Total,4046,2051.1
2018-2019,Rabi,Siddipet,Bejjanki,Total,1601,994.8
2018-2019,Rabi,Siddipet,Koheda,Total,4199,2826.6
2018-2019,Rabi,Siddipet,Husnabad,Total,2657,2685.1
2018-2019,Rabi,Siddipet,Akkannapet,Total,3599,2454.2
2018-2019,Rabi,Siddipet,Nanganoor,Total,4097,2490
2018-2019,Rabi,Siddipet,Siddipet Urban,Total,1832,1353.1
2018-2019,Rabi,Siddipet,Thoguta,Total,2936,1852.5
2018-2019,Rabi,Siddipet,Mirdoddi,Total,3464,1535.3
2018-2019,Rabi,Siddipet,Doulthabad,Total,2661,1913
2018-2019,Rabi,Siddipet,Raypole,Total,1274,1084.3
2018-2019,Rabi,Siddipet,Wargal,Total,972,1216
2018-2019,Rabi,Siddipet,Mulugu,Total,736,308.2
2018-2019,Rabi,Siddipet,Markook,Total,726,744.2
2018-2019,Rabi,Siddipet,Jagdevpur,Total,1934,1511.7
2018-2019,Rabi,Siddipet,Gajwel,Total,2222,3417
2018-2019,Rabi,Siddipet,Kondapak,Total,2467,1673
2018-2019,Rabi,Siddipet,Komaravelly,Total,1437,484
2018-2019,Rabi,Siddipet,Cherial,Total,3658,1554
2018-2019,Rabi,Siddipet,Maddur,Total,3172,1053.5
