year,season,districtName,mandalName,crop,normalAreaSown,actualAreaSown
2016-2017,Rabi,Siddipet,Siddipet Urban,Paddy,4850,3045
2016-2017,Rabi,Siddipet,Siddipet Rural,Paddy,8500,7630
2016-2017,Rabi,Siddipet,Chinnakoduru.,Paddy,7250,5817
2016-2017,Rabi,Siddipet,Nangunuru,Paddy,4375,6375
2016-2017,Rabi,Siddipet,Dubbaka,Paddy,3303,7412
2016-2017,Rabi,Siddipet,Mirdoodi,Paddy,2800,7025
2016-2017,Rabi,Siddipet,Doultabad.,Paddy,1360,5250
2016-2017,Rabi,Siddipet,Thoguta,Paddy,4293,6550
2016-2017,Rabi,Siddipet,Gajwel.,Paddy,2355,2895
2016-2017,Rabi,Siddipet,Rayapole,Paddy,1350,1620
2016-2017,Rabi,Siddipet,Kondapak,Paddy,6705,5795
2016-2017,Rabi,Siddipet,Cheriyal,Paddy,6188,7375
2016-2017,Rabi,Siddipet,Komuravelli,Paddy,2253,4260
2016-2017,Rabi,Siddipet,Mulugu.,Paddy,1578,1132
2016-2017,Rabi,Siddipet,Markook,Paddy,810,1692
2016-2017,Rabi,Siddipet,Jagadevapur,Paddy,3285,3205
2016-2017,Rabi,Siddipet,Wargal.,Paddy,1540,1960
2016-2017,Rabi,Siddipet,Husnabad,Paddy,2273,4365
2016-2017,Rabi,Siddipet,Akkannapet,Paddy,3423,5057
2016-2017,Rabi,Siddipet,Koheda,Paddy,4565,12552
2016-2017,Rabi,Siddipet,Bejjanki,Paddy,2100,3102
2016-2017,Rabi,Siddipet,Maddur,Paddy,4795,7722
2016-2017,Rabi,Siddipet,Siddipet Urban,Bengal Gram,130,100
2016-2017,Rabi,Siddipet,Siddipet Rural,Bengal Gram,172,140
2016-2017,Rabi,Siddipet,Chinnakoduru.,Bengal Gram,475,80
2016-2017,Rabi,Siddipet,Nangunuru,Bengal Gram,38,100
2016-2017,Rabi,Siddipet,Dubbaka,Bengal Gram,317,1275
2016-2017,Rabi,Siddipet,Mirdoodi,Bengal Gram,550,15
2016-2017,Rabi,Siddipet,Doultabad.,Bengal Gram,300,425
2016-2017,Rabi,Siddipet,Thoguta,Bengal Gram,607,732
2016-2017,Rabi,Siddipet,Gajwel.,Bengal Gram,1240,2655
2016-2017,Rabi,Siddipet,Rayapole,Bengal Gram,305,463
2016-2017,Rabi,Siddipet,Kondapak,Bengal Gram,132,173
2016-2017,Rabi,Siddipet,Cheriyal,Bengal Gram,422,425
2016-2017,Rabi,Siddipet,Komuravelli,Bengal Gram,25,78
2016-2017,Rabi,Siddipet,Mulugu.,Bengal Gram,155,50
2016-2017,Rabi,Siddipet,Markook,Bengal Gram,505,1002
2016-2017,Rabi,Siddipet,Jagadevapur,Bengal Gram,3127,3957
2016-2017,Rabi,Siddipet,Wargal.,Bengal Gram,75,70
2016-2017,Rabi,Siddipet,Husnabad,Bengal Gram,107,55
2016-2017,Rabi,Siddipet,Akkannapet,Bengal Gram,147,83
2016-2017,Rabi,Siddipet,Koheda,Bengal Gram,65,90
2016-2017,Rabi,Siddipet,Bejjanki,Bengal Gram,28,90
2016-2017,Rabi,Siddipet,Maddur,Bengal Gram,75,13
2016-2017,Rabi,Siddipet,Siddipet Urban,Groundnut,0,10
2016-2017,Rabi,Siddipet,Siddipet Rural,Groundnut,0,15
2016-2017,Rabi,Siddipet,Chinnakoduru.,Groundnut,275,30
2016-2017,Rabi,Siddipet,Nangunuru,Groundnut,387,150
2016-2017,Rabi,Siddipet,Dubbaka,Groundnut,0,12
2016-2017,Rabi,Siddipet,Mirdoodi,Groundnut,0,5
2016-2017,Rabi,Siddipet,Doultabad.,Groundnut,0,13
2016-2017,Rabi,Siddipet,Thoguta,Groundnut,0,5
2016-2017,Rabi,Siddipet,Gajwel.,Groundnut,75,23
2016-2017,Rabi,Siddipet,Rayapole,Groundnut,0,15
2016-2017,Rabi,Siddipet,Kondapak,Groundnut,0,15
2016-2017,Rabi,Siddipet,Cheriyal,Groundnut,0,10
2016-2017,Rabi,Siddipet,Komuravelli,Groundnut,0,18
2016-2017,Rabi,Siddipet,Mulugu.,Groundnut,0,15
2016-2017,Rabi,Siddipet,Markook,Groundnut,0,13
2016-2017,Rabi,Siddipet,Jagadevapur,Groundnut,0,18
2016-2017,Rabi,Siddipet,Wargal.,Groundnut,0,15
2016-2017,Rabi,Siddipet,Husnabad,Groundnut,997,570
2016-2017,Rabi,Siddipet,Akkannapet,Groundnut,1175,622
2016-2017,Rabi,Siddipet,Koheda,Groundnut,165,1640
2016-2017,Rabi,Siddipet,Bejjanki,Groundnut,60,337
2016-2017,Rabi,Siddipet,Maddur,Groundnut,130,30
2016-2017,Rabi,Siddipet,Siddipet Urban,Maize,3200,200
2016-2017,Rabi,Siddipet,Siddipet Rural,Maize,3475,255
2016-2017,Rabi,Siddipet,Chinnakoduru.,Maize,3300,390
2016-2017,Rabi,Siddipet,Nangunuru,Maize,5375,3125
2016-2017,Rabi,Siddipet,Dubbaka,Maize,1542,3062
2016-2017,Rabi,Siddipet,Mirdoodi,Maize,1425,1232
2016-2017,Rabi,Siddipet,Doultabad.,Maize,350,2125
2016-2017,Rabi,Siddipet,Thoguta,Maize,917,1275
2016-2017,Rabi,Siddipet,Gajwel.,Maize,867,2950
2016-2017,Rabi,Siddipet,Rayapole,Maize,347,1685
2016-2017,Rabi,Siddipet,Kondapak,Maize,1017,752
2016-2017,Rabi,Siddipet,Cheriyal,Maize,990,982
2016-2017,Rabi,Siddipet,Komuravelli,Maize,502,437
2016-2017,Rabi,Siddipet,Mulugu.,Maize,137,547
2016-2017,Rabi,Siddipet,Markook,Maize,812,440
2016-2017,Rabi,Siddipet,Jagadevapur,Maize,602,1130
2016-2017,Rabi,Siddipet,Wargal.,Maize,372,780
2016-2017,Rabi,Siddipet,Husnabad,Maize,2600,2255
2016-2017,Rabi,Siddipet,Akkannapet,Maize,4435,3237
2016-2017,Rabi,Siddipet,Koheda,Maize,3390,1087
2016-2017,Rabi,Siddipet,Bejjanki,Maize,775,785
2016-2017,Rabi,Siddipet,Maddur,Maize,1677,1775
2016-2017,Rabi,Siddipet,Siddipet Urban,Sunflower,3500,30
2016-2017,Rabi,Siddipet,Siddipet Rural,Sunflower,4550,27
2016-2017,Rabi,Siddipet,Chinnakoduru.,Sunflower,4875,1200
2016-2017,Rabi,Siddipet,Nangunuru,Sunflower,87,125
2016-2017,Rabi,Siddipet,Dubbaka,Sunflower,1607,1650
2016-2017,Rabi,Siddipet,Mirdoodi,Sunflower,775,162
2016-2017,Rabi,Siddipet,Doultabad.,Sunflower,325,1625
2016-2017,Rabi,Siddipet,Thoguta,Sunflower,1910,1762
2016-2017,Rabi,Siddipet,Gajwel.,Sunflower,432,282
2016-2017,Rabi,Siddipet,Rayapole,Sunflower,360,330
2016-2017,Rabi,Siddipet,Kondapak,Sunflower,752,45
2016-2017,Rabi,Siddipet,Cheriyal,Sunflower,10,28
2016-2017,Rabi,Siddipet,Komuravelli,Sunflower,62,20
2016-2017,Rabi,Siddipet,Mulugu.,Sunflower,190,20
2016-2017,Rabi,Siddipet,Markook,Sunflower,45,10
2016-2017,Rabi,Siddipet,Jagadevapur,Sunflower,95,33
2016-2017,Rabi,Siddipet,Wargal.,Sunflower,115,37
2016-2017,Rabi,Siddipet,Husnabad,Sunflower,0,15
2016-2017,Rabi,Siddipet,Akkannapet,Sunflower,0,10
2016-2017,Rabi,Siddipet,Koheda,Sunflower,0,28
2016-2017,Rabi,Siddipet,Bejjanki,Sunflower,0,2.5
2016-2017,Rabi,Siddipet,Maddur,Sunflower,0,15
2016-2017,Rabi,Siddipet,Siddipet Urban,Castor,0,8
2016-2017,Rabi,Siddipet,Siddipet Rural,Castor,0,5
2016-2017,Rabi,Siddipet,Chinnakoduru.,Castor,0,10
2016-2017,Rabi,Siddipet,Nangunuru,Castor,0,37
2016-2017,Rabi,Siddipet,Dubbaka,Castor,0,13
2016-2017,Rabi,Siddipet,Mirdoodi,Castor,0,10
2016-2017,Rabi,Siddipet,Doultabad.,Castor,0,15
2016-2017,Rabi,Siddipet,Thoguta,Castor,0,600
2016-2017,Rabi,Siddipet,Gajwel.,Castor,0,18
2016-2017,Rabi,Siddipet,Rayapole,Castor,0,15
2016-2017,Rabi,Siddipet,Kondapak,Castor,0,10
2016-2017,Rabi,Siddipet,Cheriyal,Castor,0,10
2016-2017,Rabi,Siddipet,Komuravelli,Castor,0,8
2016-2017,Rabi,Siddipet,Mulugu.,Castor,5,5
2016-2017,Rabi,Siddipet,Markook,Castor,30,13
2016-2017,Rabi,Siddipet,Jagadevapur,Castor,135,10
2016-2017,Rabi,Siddipet,Wargal.,Castor,0,7
2016-2017,Rabi,Siddipet,Husnabad,Castor,0,15
2016-2017,Rabi,Siddipet,Akkannapet,Castor,0,10
2016-2017,Rabi,Siddipet,Koheda,Castor,0,12
2016-2017,Rabi,Siddipet,Bejjanki,Castor,0,17
2016-2017,Rabi,Siddipet,Maddur,Castor,125,13
2016-2017,Rabi,Siddipet,Siddipet Urban,Total,11680,3393
2016-2017,Rabi,Siddipet,Siddipet Rural,Total,16697,8072
2016-2017,Rabi,Siddipet,Chinnakoduru.,Total,16175,7527
2016-2017,Rabi,Siddipet,Nangunuru,Total,10262,9912
2016-2017,Rabi,Siddipet,Dubbaka,Total,6769,13424
2016-2017,Rabi,Siddipet,Mirdoodi,Total,5550,8449
2016-2017,Rabi,Siddipet,Doultabad.,Total,2335,9453
2016-2017,Rabi,Siddipet,Thoguta,Total,7727,10924
2016-2017,Rabi,Siddipet,Gajwel.,Total,4969,8823
2016-2017,Rabi,Siddipet,Rayapole,Total,2362,4128
2016-2017,Rabi,Siddipet,Kondapak,Total,8606,6790
2016-2017,Rabi,Siddipet,Cheriyal,Total,7610,8830
2016-2017,Rabi,Siddipet,Komuravelli,Total,2842,4821
2016-2017,Rabi,Siddipet,Mulugu.,Total,2065,1769
2016-2017,Rabi,Siddipet,Markook,Total,2202,3170
2016-2017,Rabi,Siddipet,Jagadevapur,Total,7244,8353
2016-2017,Rabi,Siddipet,Wargal.,Total,2102,2869
2016-2017,Rabi,Siddipet,Husnabad,Total,5977,7275
2016-2017,Rabi,Siddipet,Akkannapet,Total,9180,9019
2016-2017,Rabi,Siddipet,Koheda,Total,8185,15409
2016-2017,Rabi,Siddipet,Bejjanki,Total,2963,4333.5
2016-2017,Rabi,Siddipet,Maddur,Total,6802,9568
