year,season,districtName,mandalName,crop,normalAreaSown,actualAreaSown
2016-2017,Kharif,Siddipet,Siddipet Urban,Paddy,,2565
2016-2017,Kharif,Siddipet,Siddipet Rural,Paddy,,2200
2016-2017,Kharif,Siddipet,Chinnakodur,Paddy,,2677
2016-2017,Kharif,Siddipet,Nangnoor,Paddy,,2532
2016-2017,Kharif,Siddipet,Dubbak,Paddy,,3480
2016-2017,Kharif,Siddipet,Mirdoddi,Paddy,,2542
2016-2017,Kharif,Siddipet,Doultabad,Paddy,,1702
2016-2017,Kharif,Siddipet,Thoguta,Paddy,,3670
2016-2017,Kharif,Siddipet,Gajwel,Paddy,,2255
2016-2017,Kharif,Siddipet,Rayapole,Paddy,,1547
2016-2017,Kharif,Siddipet,Kondapak,Paddy,,3537
2016-2017,Kharif,Siddipet,Cherial,Paddy,,4262
2016-2017,Kharif,Siddipet,Komuravelli,Paddy,,2070
2016-2017,Kharif,Siddipet,Mulugu,Paddy,,1995
2016-2017,Kharif,Siddipet,Markook,Paddy,,855
2016-2017,Kharif,Siddipet,Jagadevpur,Paddy,,1902
2016-2017,Kharif,Siddipet,Wargal,Paddy,,780
2016-2017,Kharif,Siddipet,Husnabad,Paddy,,2695
2016-2017,Kharif,Siddipet,Akkannapet,Paddy,,3470
2016-2017,Kharif,Siddipet,Koheda,Paddy,,3622
2016-2017,Kharif,Siddipet,Bejjanki,Paddy,,2525
2016-2017,Kharif,Siddipet,Maddur,Paddy,,4042
2016-2017,Kharif,Siddipet,Siddipet Urban,Maize,,7267
2016-2017,Kharif,Siddipet,Siddipet Rural,Maize,,18165
2016-2017,Kharif,Siddipet,Chinnakodur,Maize,,16435
2016-2017,Kharif,Siddipet,Nangnoor,Maize,,13120
2016-2017,Kharif,Siddipet,Dubbak,Maize,,23067
2016-2017,Kharif,Siddipet,Mirdoddi,Maize,,22722
2016-2017,Kharif,Siddipet,Doultabad,Maize,,15282
2016-2017,Kharif,Siddipet,Thoguta,Maize,,12070
2016-2017,Kharif,Siddipet,Gajwel,Maize,,17372
2016-2017,Kharif,Siddipet,Rayapole,Maize,,11605
2016-2017,Kharif,Siddipet,Kondapak,Maize,,10975
2016-2017,Kharif,Siddipet,Cherial,Maize,,12795
2016-2017,Kharif,Siddipet,Komuravelli,Maize,,3372
2016-2017,Kharif,Siddipet,Mulugu,Maize,,5212
2016-2017,Kharif,Siddipet,Markook,Maize,,7660
2016-2017,Kharif,Siddipet,Jagadevpur,Maize,,17762
2016-2017,Kharif,Siddipet,Wargal,Maize,,8252
2016-2017,Kharif,Siddipet,Husnabad,Maize,,3885
2016-2017,Kharif,Siddipet,Akkannapet,Maize,,9755
2016-2017,Kharif,Siddipet,Koheda,Maize,,6785
2016-2017,Kharif,Siddipet,Bejjanki,Maize,,937
2016-2017,Kharif,Siddipet,Maddur,Maize,,8952
2016-2017,Kharif,Siddipet,Siddipet Urban,Cotton,,1340
2016-2017,Kharif,Siddipet,Siddipet Rural,Cotton,,1417
2016-2017,Kharif,Siddipet,Chinnakodur,Cotton,,1955
2016-2017,Kharif,Siddipet,Nangnoor,Cotton,,4412
2016-2017,Kharif,Siddipet,Dubbak,Cotton,,905
2016-2017,Kharif,Siddipet,Mirdoddi,Cotton,,567
2016-2017,Kharif,Siddipet,Doultabad,Cotton,,1745
2016-2017,Kharif,Siddipet,Thoguta,Cotton,,5287
2016-2017,Kharif,Siddipet,Gajwel,Cotton,,9527
2016-2017,Kharif,Siddipet,Rayapole,Cotton,,2152
2016-2017,Kharif,Siddipet,Kondapak,Cotton,,6950
2016-2017,Kharif,Siddipet,Cherial,Cotton,,13482
2016-2017,Kharif,Siddipet,Komuravelli,Cotton,,4242
2016-2017,Kharif,Siddipet,Mulugu,Cotton,,2357
2016-2017,Kharif,Siddipet,Markook,Cotton,,3542
2016-2017,Kharif,Siddipet,Jagadevpur,Cotton,,6927
2016-2017,Kharif,Siddipet,Wargal,Cotton,,2935
2016-2017,Kharif,Siddipet,Husnabad,Cotton,,7047
2016-2017,Kharif,Siddipet,Akkannapet,Cotton,,12280
2016-2017,Kharif,Siddipet,Koheda,Cotton,,14425
2016-2017,Kharif,Siddipet,Bejjanki,Cotton,,18972
2016-2017,Kharif,Siddipet,Maddur,Cotton,,6480
2016-2017,Kharif,Siddipet,Siddipet Urban,Red Gram,,967
2016-2017,Kharif,Siddipet,Siddipet Rural,Red Gram,,2437
2016-2017,Kharif,Siddipet,Chinnakodur,Red Gram,,2585
2016-2017,Kharif,Siddipet,Nangnoor,Red Gram,,2512
2016-2017,Kharif,Siddipet,Dubbak,Red Gram,,1440
2016-2017,Kharif,Siddipet,Mirdoddi,Red Gram,,100
2016-2017,Kharif,Siddipet,Doultabad,Red Gram,,277
2016-2017,Kharif,Siddipet,Thoguta,Red Gram,,405
2016-2017,Kharif,Siddipet,Gajwel,Red Gram,,1755
2016-2017,Kharif,Siddipet,Rayapole,Red Gram,,212
2016-2017,Kharif,Siddipet,Kondapak,Red Gram,,2412
2016-2017,Kharif,Siddipet,Cherial,Red Gram,,2007
2016-2017,Kharif,Siddipet,Komuravelli,Red Gram,,567
2016-2017,Kharif,Siddipet,Mulugu,Red Gram,,417
2016-2017,Kharif,Siddipet,Markook,Red Gram,,400
2016-2017,Kharif,Siddipet,Jagadevpur,Red Gram,,1262
2016-2017,Kharif,Siddipet,Wargal,Red Gram,,530
2016-2017,Kharif,Siddipet,Husnabad,Red Gram,,175
2016-2017,Kharif,Siddipet,Akkannapet,Red Gram,,360
2016-2017,Kharif,Siddipet,Koheda,Red Gram,,295
2016-2017,Kharif,Siddipet,Bejjanki,Red Gram,,127
2016-2017,Kharif,Siddipet,Maddur,Red Gram,,1072
2016-2017,Kharif,Siddipet,Siddipet Urban,Soyabean,,0
2016-2017,Kharif,Siddipet,Siddipet Rural,Soyabean,,0
2016-2017,Kharif,Siddipet,Chinnakodur,Soyabean,,50
2016-2017,Kharif,Siddipet,Nangnoor,Soyabean,,0
2016-2017,Kharif,Siddipet,Dubbak,Soyabean,,180
2016-2017,Kharif,Siddipet,Mirdoddi,Soyabean,,0
2016-2017,Kharif,Siddipet,Doultabad,Soyabean,,25
2016-2017,Kharif,Siddipet,Thoguta,Soyabean,,0
2016-2017,Kharif,Siddipet,Gajwel,Soyabean,,220
2016-2017,Kharif,Siddipet,Rayapole,Soyabean,,30
2016-2017,Kharif,Siddipet,Kondapak,Soyabean,,0
2016-2017,Kharif,Siddipet,Cherial,Soyabean,,0
2016-2017,Kharif,Siddipet,Komuravelli,Soyabean,,0
2016-2017,Kharif,Siddipet,Mulugu,Soyabean,,27
2016-2017,Kharif,Siddipet,Markook,Soyabean,,955
2016-2017,Kharif,Siddipet,Jagadevpur,Soyabean,,0
2016-2017,Kharif,Siddipet,Wargal,Soyabean,,0
2016-2017,Kharif,Siddipet,Husnabad,Soyabean,,0
2016-2017,Kharif,Siddipet,Akkannapet,Soyabean,,22
2016-2017,Kharif,Siddipet,Koheda,Soyabean,,117
2016-2017,Kharif,Siddipet,Bejjanki,Soyabean,,90
2016-2017,Kharif,Siddipet,Maddur,Soyabean,,10
2016-2017,Kharif,Siddipet,Siddipet Urban,Green Gram,,212
2016-2017,Kharif,Siddipet,Siddipet Rural,Green Gram,,752
2016-2017,Kharif,Siddipet,Chinnakodur,Green Gram,,170
2016-2017,Kharif,Siddipet,Nangnoor,Green Gram,,250
2016-2017,Kharif,Siddipet,Dubbak,Green Gram,,220
2016-2017,Kharif,Siddipet,Mirdoddi,Green Gram,,12
2016-2017,Kharif,Siddipet,Doultabad,Green Gram,,0
2016-2017,Kharif,Siddipet,Thoguta,Green Gram,,0
2016-2017,Kharif,Siddipet,Gajwel,Green Gram,,0
2016-2017,Kharif,Siddipet,Rayapole,Green Gram,,0
2016-2017,Kharif,Siddipet,Kondapak,Green Gram,,132
2016-2017,Kharif,Siddipet,Cherial,Green Gram,,0
2016-2017,Kharif,Siddipet,Komuravelli,Green Gram,,0
2016-2017,Kharif,Siddipet,Mulugu,Green Gram,,20
2016-2017,Kharif,Siddipet,Markook,Green Gram,,22
2016-2017,Kharif,Siddipet,Jagadevpur,Green Gram,,187
2016-2017,Kharif,Siddipet,Wargal,Green Gram,,5
2016-2017,Kharif,Siddipet,Husnabad,Green Gram,,70
2016-2017,Kharif,Siddipet,Akkannapet,Green Gram,,65
2016-2017,Kharif,Siddipet,Koheda,Green Gram,,207
2016-2017,Kharif,Siddipet,Bejjanki,Green Gram,,70
2016-2017,Kharif,Siddipet,Maddur,Green Gram,,0
2016-2017,Kharif,Siddipet,Siddipet Urban,Black Gram,,0
2016-2017,Kharif,Siddipet,Siddipet Rural,Black Gram,,0
2016-2017,Kharif,Siddipet,Chinnakodur,Black Gram,,0
2016-2017,Kharif,Siddipet,Nangnoor,Black Gram,,0
2016-2017,Kharif,Siddipet,Dubbak,Black Gram,,0
2016-2017,Kharif,Siddipet,Mirdoddi,Black Gram,,0
2016-2017,Kharif,Siddipet,Doultabad,Black Gram,,0
2016-2017,Kharif,Siddipet,Thoguta,Black Gram,,0
2016-2017,Kharif,Siddipet,Gajwel,Black Gram,,0
2016-2017,Kharif,Siddipet,Rayapole,Black Gram,,0
2016-2017,Kharif,Siddipet,Kondapak,Black Gram,,112
2016-2017,Kharif,Siddipet,Cherial,Black Gram,,0
2016-2017,Kharif,Siddipet,Komuravelli,Black Gram,,0
2016-2017,Kharif,Siddipet,Mulugu,Black Gram,,0
2016-2017,Kharif,Siddipet,Markook,Black Gram,,2
2016-2017,Kharif,Siddipet,Jagadevpur,Black Gram,,2
2016-2017,Kharif,Siddipet,Wargal,Black Gram,,7
2016-2017,Kharif,Siddipet,Husnabad,Black Gram,,0
2016-2017,Kharif,Siddipet,Akkannapet,Black Gram,,0
2016-2017,Kharif,Siddipet,Koheda,Black Gram,,0
2016-2017,Kharif,Siddipet,Bejjanki,Black Gram,,17
2016-2017,Kharif,Siddipet,Maddur,Black Gram,,0
2016-2017,Kharif,Siddipet,Siddipet Urban,Groundnut,,0
2016-2017,Kharif,Siddipet,Siddipet Rural,Groundnut,,7
2016-2017,Kharif,Siddipet,Chinnakodur,Groundnut,,8
2016-2017,Kharif,Siddipet,Nangnoor,Groundnut,,0
2016-2017,Kharif,Siddipet,Dubbak,Groundnut,,0
2016-2017,Kharif,Siddipet,Mirdoddi,Groundnut,,0
2016-2017,Kharif,Siddipet,Doultabad,Groundnut,,0
2016-2017,Kharif,Siddipet,Thoguta,Groundnut,,0
2016-2017,Kharif,Siddipet,Gajwel,Groundnut,,0
2016-2017,Kharif,Siddipet,Rayapole,Groundnut,,0
2016-2017,Kharif,Siddipet,Kondapak,Groundnut,,0
2016-2017,Kharif,Siddipet,Cherial,Groundnut,,0
2016-2017,Kharif,Siddipet,Komuravelli,Groundnut,,0
2016-2017,Kharif,Siddipet,Mulugu,Groundnut,,2
2016-2017,Kharif,Siddipet,Markook,Groundnut,,0
2016-2017,Kharif,Siddipet,Jagadevpur,Groundnut,,0
2016-2017,Kharif,Siddipet,Wargal,Groundnut,,27
2016-2017,Kharif,Siddipet,Husnabad,Groundnut,,0
2016-2017,Kharif,Siddipet,Akkannapet,Groundnut,,0
2016-2017,Kharif,Siddipet,Koheda,Groundnut,,0
2016-2017,Kharif,Siddipet,Bejjanki,Groundnut,,0
2016-2017,Kharif,Siddipet,Maddur,Groundnut,,0
2016-2017,Kharif,Siddipet,Siddipet Urban,Castor,,22
2016-2017,Kharif,Siddipet,Siddipet Rural,Castor,,27
2016-2017,Kharif,Siddipet,Chinnakodur,Castor,,5
2016-2017,Kharif,Siddipet,Nangnoor,Castor,,70
2016-2017,Kharif,Siddipet,Dubbak,Castor,,0
2016-2017,Kharif,Siddipet,Mirdoddi,Castor,,5
2016-2017,Kharif,Siddipet,Doultabad,Castor,,0
2016-2017,Kharif,Siddipet,Thoguta,Castor,,162
2016-2017,Kharif,Siddipet,Gajwel,Castor,,0
2016-2017,Kharif,Siddipet,Rayapole,Castor,,0
2016-2017,Kharif,Siddipet,Kondapak,Castor,,62
2016-2017,Kharif,Siddipet,Cherial,Castor,,0
2016-2017,Kharif,Siddipet,Komuravelli,Castor,,5
2016-2017,Kharif,Siddipet,Mulugu,Castor,,17
2016-2017,Kharif,Siddipet,Markook,Castor,,5
2016-2017,Kharif,Siddipet,Jagadevpur,Castor,,5
2016-2017,Kharif,Siddipet,Wargal,Castor,,15
2016-2017,Kharif,Siddipet,Husnabad,Castor,,0
2016-2017,Kharif,Siddipet,Akkannapet,Castor,,0
2016-2017,Kharif,Siddipet,Koheda,Castor,,0
2016-2017,Kharif,Siddipet,Bejjanki,Castor,,0
2016-2017,Kharif,Siddipet,Maddur,Castor,,0
2016-2017,Kharif,Siddipet,Siddipet Urban,Cow Gram,,40
2016-2017,Kharif,Siddipet,Siddipet Rural,Cow Gram,,202
2016-2017,Kharif,Siddipet,Chinnakodur,Cow Gram,,20
2016-2017,Kharif,Siddipet,Nangnoor,Cow Gram,,12
2016-2017,Kharif,Siddipet,Dubbak,Cow Gram,,205
2016-2017,Kharif,Siddipet,Mirdoddi,Cow Gram,,15
2016-2017,Kharif,Siddipet,Doultabad,Cow Gram,,0
2016-2017,Kharif,Siddipet,Thoguta,Cow Gram,,227
2016-2017,Kharif,Siddipet,Gajwel,Cow Gram,,0
2016-2017,Kharif,Siddipet,Rayapole,Cow Gram,,0
2016-2017,Kharif,Siddipet,Kondapak,Cow Gram,,117
2016-2017,Kharif,Siddipet,Cherial,Cow Gram,,0
2016-2017,Kharif,Siddipet,Komuravelli,Cow Gram,,0
2016-2017,Kharif,Siddipet,Mulugu,Cow Gram,,0
2016-2017,Kharif,Siddipet,Markook,Cow Gram,,0
2016-2017,Kharif,Siddipet,Jagadevpur,Cow Gram,,10
2016-2017,Kharif,Siddipet,Wargal,Cow Gram,,0
2016-2017,Kharif,Siddipet,Husnabad,Cow Gram,,0
2016-2017,Kharif,Siddipet,Akkannapet,Cow Gram,,0
2016-2017,Kharif,Siddipet,Koheda,Cow Gram,,0
2016-2017,Kharif,Siddipet,Bejjanki,Cow Gram,,2
2016-2017,Kharif,Siddipet,Maddur,Cow Gram,,0
2016-2017,Kharif,Siddipet,Siddipet Urban,Jowar,,0
2016-2017,Kharif,Siddipet,Siddipet Rural,Jowar,,0
2016-2017,Kharif,Siddipet,Chinnakodur,Jowar,,0
2016-2017,Kharif,Siddipet,Nangnoor,Jowar,,0
2016-2017,Kharif,Siddipet,Dubbak,Jowar,,0
2016-2017,Kharif,Siddipet,Mirdoddi,Jowar,,0
2016-2017,Kharif,Siddipet,Doultabad,Jowar,,0
2016-2017,Kharif,Siddipet,Thoguta,Jowar,,0
2016-2017,Kharif,Siddipet,Gajwel,Jowar,,0
2016-2017,Kharif,Siddipet,Rayapole,Jowar,,0
2016-2017,Kharif,Siddipet,Kondapak,Jowar,,312
2016-2017,Kharif,Siddipet,Cherial,Jowar,,0
2016-2017,Kharif,Siddipet,Komuravelli,Jowar,,0
2016-2017,Kharif,Siddipet,Mulugu,Jowar,,0
2016-2017,Kharif,Siddipet,Markook,Jowar,,7
2016-2017,Kharif,Siddipet,Jagadevpur,Jowar,,20
2016-2017,Kharif,Siddipet,Wargal,Jowar,,0
2016-2017,Kharif,Siddipet,Husnabad,Jowar,,0
2016-2017,Kharif,Siddipet,Akkannapet,Jowar,,20
2016-2017,Kharif,Siddipet,Koheda,Jowar,,0
2016-2017,Kharif,Siddipet,Bejjanki,Jowar,,0
2016-2017,Kharif,Siddipet,Maddur,Jowar,,10
2016-2017,Kharif,Siddipet,Siddipet Urban,Sugarcane,,0
2016-2017,Kharif,Siddipet,Siddipet Rural,Sugarcane,,0
2016-2017,Kharif,Siddipet,Chinnakodur,Sugarcane,,0
2016-2017,Kharif,Siddipet,Nangnoor,Sugarcane,,0
2016-2017,Kharif,Siddipet,Dubbak,Sugarcane,,432
2016-2017,Kharif,Siddipet,Mirdoddi,Sugarcane,,0
2016-2017,Kharif,Siddipet,Doultabad,Sugarcane,,0
2016-2017,Kharif,Siddipet,Thoguta,Sugarcane,,0
2016-2017,Kharif,Siddipet,Gajwel,Sugarcane,,0
2016-2017,Kharif,Siddipet,Rayapole,Sugarcane,,0
2016-2017,Kharif,Siddipet,Kondapak,Sugarcane,,0
2016-2017,Kharif,Siddipet,Cherial,Sugarcane,,0
2016-2017,Kharif,Siddipet,Komuravelli,Sugarcane,,0
2016-2017,Kharif,Siddipet,Mulugu,Sugarcane,,0
2016-2017,Kharif,Siddipet,Markook,Sugarcane,,0
2016-2017,Kharif,Siddipet,Jagadevpur,Sugarcane,,0
2016-2017,Kharif,Siddipet,Wargal,Sugarcane,,0
2016-2017,Kharif,Siddipet,Husnabad,Sugarcane,,0
2016-2017,Kharif,Siddipet,Akkannapet,Sugarcane,,0
2016-2017,Kharif,Siddipet,Koheda,Sugarcane,,0
2016-2017,Kharif,Siddipet,Bejjanki,Sugarcane,,0
2016-2017,Kharif,Siddipet,Maddur,Sugarcane,,0
2016-2017,Kharif,Siddipet,Siddipet Urban,Total,,12413
2016-2017,Kharif,Siddipet,Siddipet Rural,Total,,25207
2016-2017,Kharif,Siddipet,Chinnakodur,Total,,23905
2016-2017,Kharif,Siddipet,Nangnoor,Total,,22908
2016-2017,Kharif,Siddipet,Dubbak,Total,,29929
2016-2017,Kharif,Siddipet,Mirdoddi,Total,,25963
2016-2017,Kharif,Siddipet,Doultabad,Total,,19031
2016-2017,Kharif,Siddipet,Thoguta,Total,,21821
2016-2017,Kharif,Siddipet,Gajwel,Total,,31129
2016-2017,Kharif,Siddipet,Rayapole,Total,,15546
2016-2017,Kharif,Siddipet,Kondapak,Total,,24609
2016-2017,Kharif,Siddipet,Cherial,Total,,32546
2016-2017,Kharif,Siddipet,Komuravelli,Total,,10256
2016-2017,Kharif,Siddipet,Mulugu,Total,,10047
2016-2017,Kharif,Siddipet,Markook,Total,,13448
2016-2017,Kharif,Siddipet,Jagadevpur,Total,,28077
2016-2017,Kharif,Siddipet,Wargal,Total,,12551
2016-2017,Kharif,Siddipet,Husnabad,Total,,13872
2016-2017,Kharif,Siddipet,Akkannapet,Total,,25972
2016-2017,Kharif,Siddipet,Koheda,Total,,25451
2016-2017,Kharif,Siddipet,Bejjanki,Total,,22740
2016-2017,Kharif,Siddipet,Maddur,Total,,20566
