year,season,districtName,mandalName,crop,normalAreaSown,actualAreaSown
2017-2018,Kharif,Siddipet,Dubbak,Paddy,2373,1212
2017-2018,Kharif,Siddipet,Siddipet Rural,Paddy,2452,1240
2017-2018,Kharif,Siddipet,Chinnakodur,Paddy,2134,1052
2017-2018,Kharif,Siddipet,Bejjanki,Paddy,1572,634
2017-2018,Kharif,Siddipet,Koheda,Paddy,2268,1633
2017-2018,Kharif,Siddipet,Husnabad,Paddy,2483,1328
2017-2018,Kharif,Siddipet,Akkannapet,Paddy,278,1035
2017-2018,Kharif,Siddipet,Nanganoor,Paddy,1985,1350
2017-2018,Kharif,Siddipet,Siddipet Urban,Paddy,205,900
2017-2018,Kharif,Siddipet,Thoguta,Paddy,1805,1530
2017-2018,Kharif,Siddipet,Mirdoddi,Paddy,1966,642
2017-2018,Kharif,Siddipet,Doulthabad,Paddy,1072,1232
2017-2018,Kharif,Siddipet,Raypole,Paddy,124,1011
2017-2018,Kharif,Siddipet,Wargal,Paddy,1197,624
2017-2018,Kharif,Siddipet,Mulugu,Paddy,1600,582
2017-2018,Kharif,Siddipet,Markook,Paddy,68,534
2017-2018,Kharif,Siddipet,Jagdevpur,Paddy,1173,819
2017-2018,Kharif,Siddipet,Gajwel,Paddy,1214,448
2017-2018,Kharif,Siddipet,Kondapak,Paddy,1771,484
2017-2018,Kharif,Siddipet,Komuravelly,Paddy,166,1088
2017-2018,Kharif,Siddipet,Cherial,Paddy,1993,1161
2017-2018,Kharif,Siddipet,Maddur,Paddy,1823,2150
2017-2018,Kharif,Siddipet,Dubbak,Maize,8885,4080
2017-2018,Kharif,Siddipet,Siddipet Rural,Maize,6770,3966
2017-2018,Kharif,Siddipet,Chinnakodur,Maize,7115,3324
2017-2018,Kharif,Siddipet,Bejjanki,Maize,1628,1640
2017-2018,Kharif,Siddipet,Koheda,Maize,1936,1870
2017-2018,Kharif,Siddipet,Husnabad,Maize,5104,2160
2017-2018,Kharif,Siddipet,Akkannapet,Maize,780,3788
2017-2018,Kharif,Siddipet,Nanganoor,Maize,5340,2450
2017-2018,Kharif,Siddipet,Siddipet Urban,Maize,581,2900
2017-2018,Kharif,Siddipet,Thoguta,Maize,4606,2426
2017-2018,Kharif,Siddipet,Mirdoddi,Maize,8420,4664
2017-2018,Kharif,Siddipet,Doulthabad,Maize,8164,5844
2017-2018,Kharif,Siddipet,Raypole,Maize,928,3726
2017-2018,Kharif,Siddipet,Wargal,Maize,2701,3098
2017-2018,Kharif,Siddipet,Mulugu,Maize,2725,1724
2017-2018,Kharif,Siddipet,Markook,Maize,613,1894
2017-2018,Kharif,Siddipet,Jagdevpur,Maize,6057,4694
2017-2018,Kharif,Siddipet,Gajwel,Maize,5389,5240
2017-2018,Kharif,Siddipet,Kondapak,Maize,3741,3027
2017-2018,Kharif,Siddipet,Komuravelly,Maize,270,1970
2017-2018,Kharif,Siddipet,Cherial,Maize,4639,1285
2017-2018,Kharif,Siddipet,Maddur,Maize,2642,3172
2017-2018,Kharif,Siddipet,Dubbak,Cotton,658,2449
2017-2018,Kharif,Siddipet,Siddipet Rural,Cotton,1306,2191
2017-2018,Kharif,Siddipet,Chinnakodur,Cotton,2694,2684
2017-2018,Kharif,Siddipet,Bejjanki,Cotton,9751,8426
2017-2018,Kharif,Siddipet,Koheda,Cotton,6353,7426
2017-2018,Kharif,Siddipet,Husnabad,Cotton,5691,5017
2017-2018,Kharif,Siddipet,Akkannapet,Cotton,982,5787
2017-2018,Kharif,Siddipet,Nanganoor,Cotton,3079,3462
2017-2018,Kharif,Siddipet,Siddipet Urban,Cotton,107,2050
2017-2018,Kharif,Siddipet,Thoguta,Cotton,2474,1418
2017-2018,Kharif,Siddipet,Mirdoddi,Cotton,1045,2394
2017-2018,Kharif,Siddipet,Doulthabad,Cotton,2888,1072
2017-2018,Kharif,Siddipet,Raypole,Cotton,172,3467
2017-2018,Kharif,Siddipet,Wargal,Cotton,2190,3039
2017-2018,Kharif,Siddipet,Mulugu,Cotton,1889,2248
2017-2018,Kharif,Siddipet,Markook,Cotton,283,2081
2017-2018,Kharif,Siddipet,Jagdevpur,Cotton,6167,7242
2017-2018,Kharif,Siddipet,Gajwel,Cotton,5717,5035
2017-2018,Kharif,Siddipet,Kondapak,Cotton,3943,3827
2017-2018,Kharif,Siddipet,Komuravelly,Cotton,339,1486
2017-2018,Kharif,Siddipet,Cherial,Cotton,6844,8854
2017-2018,Kharif,Siddipet,Maddur,Cotton,2910,4624
2017-2018,Kharif,Siddipet,Dubbak,Red Gram,430,624
2017-2018,Kharif,Siddipet,Siddipet Rural,Red Gram,757,502
2017-2018,Kharif,Siddipet,Chinnakodur,Red Gram,462,1430
2017-2018,Kharif,Siddipet,Bejjanki,Red Gram,69,159
2017-2018,Kharif,Siddipet,Koheda,Red Gram,137,182
2017-2018,Kharif,Siddipet,Husnabad,Red Gram,166,306
2017-2018,Kharif,Siddipet,Akkannapet,Red Gram,29,361
2017-2018,Kharif,Siddipet,Nanganoor,Red Gram,623,301
2017-2018,Kharif,Siddipet,Siddipet Urban,Red Gram,77,254
2017-2018,Kharif,Siddipet,Thoguta,Red Gram,190,195
2017-2018,Kharif,Siddipet,Mirdoddi,Red Gram,102,345
2017-2018,Kharif,Siddipet,Doulthabad,Red Gram,120,334
2017-2018,Kharif,Siddipet,Raypole,Red Gram,17,170
2017-2018,Kharif,Siddipet,Wargal,Red Gram,87,358
2017-2018,Kharif,Siddipet,Mulugu,Red Gram,95,216
2017-2018,Kharif,Siddipet,Markook,Red Gram,32,117
2017-2018,Kharif,Siddipet,Jagdevpur,Red Gram,194,502
2017-2018,Kharif,Siddipet,Gajwel,Red Gram,239,426
2017-2018,Kharif,Siddipet,Kondapak,Red Gram,436,570
2017-2018,Kharif,Siddipet,Komuravelly,Red Gram,45,502
2017-2018,Kharif,Siddipet,Cherial,Red Gram,892,340
2017-2018,Kharif,Siddipet,Maddur,Red Gram,379,515
2017-2018,Kharif,Siddipet,Dubbak,Green Gram,40,156
2017-2018,Kharif,Siddipet,Siddipet Rural,Green Gram,184,34
2017-2018,Kharif,Siddipet,Chinnakodur,Green Gram,58,18
2017-2018,Kharif,Siddipet,Bejjanki,Green Gram,97,20
2017-2018,Kharif,Siddipet,Koheda,Green Gram,156,40
2017-2018,Kharif,Siddipet,Husnabad,Green Gram,58,3
2017-2018,Kharif,Siddipet,Akkannapet,Green Gram,5,27
2017-2018,Kharif,Siddipet,Nanganoor,Green Gram,71,75
2017-2018,Kharif,Siddipet,Siddipet Urban,Green Gram,17,20
2017-2018,Kharif,Siddipet,Thoguta,Green Gram,23,10
2017-2018,Kharif,Siddipet,Mirdoddi,Green Gram,17,0
2017-2018,Kharif,Siddipet,Doulthabad,Green Gram,0,8
2017-2018,Kharif,Siddipet,Raypole,Green Gram,0,0
2017-2018,Kharif,Siddipet,Wargal,Green Gram,0,2
2017-2018,Kharif,Siddipet,Mulugu,Green Gram,4,4
2017-2018,Kharif,Siddipet,Markook,Green Gram,2,2
2017-2018,Kharif,Siddipet,Jagdevpur,Green Gram,18,36
2017-2018,Kharif,Siddipet,Gajwel,Green Gram,0,3
2017-2018,Kharif,Siddipet,Kondapak,Green Gram,49,14
2017-2018,Kharif,Siddipet,Komuravelly,Green Gram,0,0
2017-2018,Kharif,Siddipet,Cherial,Green Gram,0,53
2017-2018,Kharif,Siddipet,Maddur,Green Gram,2,0
2017-2018,Kharif,Siddipet,Dubbak,Black Gram,0,0
2017-2018,Kharif,Siddipet,Siddipet Rural,Black Gram,0,0
2017-2018,Kharif,Siddipet,Chinnakodur,Black Gram,8,0
2017-2018,Kharif,Siddipet,Bejjanki,Black Gram,2,6
2017-2018,Kharif,Siddipet,Koheda,Black Gram,0,35
2017-2018,Kharif,Siddipet,Husnabad,Black Gram,20,2
2017-2018,Kharif,Siddipet,Akkannapet,Black Gram,0,23
2017-2018,Kharif,Siddipet,Nanganoor,Black Gram,0,0
2017-2018,Kharif,Siddipet,Siddipet Urban,Black Gram,0,0
2017-2018,Kharif,Siddipet,Thoguta,Black Gram,0,0
2017-2018,Kharif,Siddipet,Mirdoddi,Black Gram,0,0
2017-2018,Kharif,Siddipet,Doulthabad,Black Gram,0,0
2017-2018,Kharif,Siddipet,Raypole,Black Gram,0,0
2017-2018,Kharif,Siddipet,Wargal,Black Gram,1,8
2017-2018,Kharif,Siddipet,Mulugu,Black Gram,0,0
2017-2018,Kharif,Siddipet,Markook,Black Gram,0,0
2017-2018,Kharif,Siddipet,Jagdevpur,Black Gram,0,0
2017-2018,Kharif,Siddipet,Gajwel,Black Gram,0,1
2017-2018,Kharif,Siddipet,Kondapak,Black Gram,9,16
2017-2018,Kharif,Siddipet,Komuravelly,Black Gram,0,0
2017-2018,Kharif,Siddipet,Cherial,Black Gram,0,24
2017-2018,Kharif,Siddipet,Maddur,Black Gram,0,0
2017-2018,Kharif,Siddipet,Dubbak,Soyabean,23,0
2017-2018,Kharif,Siddipet,Siddipet Rural,Soyabean,0,0
2017-2018,Kharif,Siddipet,Chinnakodur,Soyabean,4,0
2017-2018,Kharif,Siddipet,Bejjanki,Soyabean,7,0
2017-2018,Kharif,Siddipet,Koheda,Soyabean,9,0
2017-2018,Kharif,Siddipet,Husnabad,Soyabean,0,0
2017-2018,Kharif,Siddipet,Akkannapet,Soyabean,2,0
2017-2018,Kharif,Siddipet,Nanganoor,Soyabean,0,0
2017-2018,Kharif,Siddipet,Siddipet Urban,Soyabean,0,0
2017-2018,Kharif,Siddipet,Thoguta,Soyabean,0,0
2017-2018,Kharif,Siddipet,Mirdoddi,Soyabean,0,0
2017-2018,Kharif,Siddipet,Doulthabad,Soyabean,2,0
2017-2018,Kharif,Siddipet,Raypole,Soyabean,2,0
2017-2018,Kharif,Siddipet,Wargal,Soyabean,0,22
2017-2018,Kharif,Siddipet,Mulugu,Soyabean,5,1
2017-2018,Kharif,Siddipet,Markook,Soyabean,76,36
2017-2018,Kharif,Siddipet,Jagdevpur,Soyabean,0,0
2017-2018,Kharif,Siddipet,Gajwel,Soyabean,24,2
2017-2018,Kharif,Siddipet,Kondapak,Soyabean,0,0
2017-2018,Kharif,Siddipet,Komuravelly,Soyabean,0,0
2017-2018,Kharif,Siddipet,Cherial,Soyabean,24,0
2017-2018,Kharif,Siddipet,Maddur,Soyabean,1,0
2017-2018,Kharif,Siddipet,Dubbak,Jowar,0,0
2017-2018,Kharif,Siddipet,Siddipet Rural,Jowar,11,0
2017-2018,Kharif,Siddipet,Chinnakodur,Jowar,1,0
2017-2018,Kharif,Siddipet,Bejjanki,Jowar,0,0
2017-2018,Kharif,Siddipet,Koheda,Jowar,0,0
2017-2018,Kharif,Siddipet,Husnabad,Jowar,1,0
2017-2018,Kharif,Siddipet,Akkannapet,Jowar,2,20
2017-2018,Kharif,Siddipet,Nanganoor,Jowar,0,0
2017-2018,Kharif,Siddipet,Siddipet Urban,Jowar,0,0
2017-2018,Kharif,Siddipet,Thoguta,Jowar,0,0
2017-2018,Kharif,Siddipet,Mirdoddi,Jowar,0,0
2017-2018,Kharif,Siddipet,Doulthabad,Jowar,0,0
2017-2018,Kharif,Siddipet,Raypole,Jowar,0,0
2017-2018,Kharif,Siddipet,Wargal,Jowar,0,0
2017-2018,Kharif,Siddipet,Mulugu,Jowar,0,0
2017-2018,Kharif,Siddipet,Markook,Jowar,1,3
2017-2018,Kharif,Siddipet,Jagdevpur,Jowar,11,8
2017-2018,Kharif,Siddipet,Gajwel,Jowar,0,0
2017-2018,Kharif,Siddipet,Kondapak,Jowar,45,88
2017-2018,Kharif,Siddipet,Komuravelly,Jowar,0,0
2017-2018,Kharif,Siddipet,Cherial,Jowar,0,0
2017-2018,Kharif,Siddipet,Maddur,Jowar,8,4
2017-2018,Kharif,Siddipet,Dubbak,Total,12409,8521
2017-2018,Kharif,Siddipet,Siddipet Rural,Total,11480,7933
2017-2018,Kharif,Siddipet,Chinnakodur,Total,12476,8508
2017-2018,Kharif,Siddipet,Bejjanki,Total,13126,10885
2017-2018,Kharif,Siddipet,Koheda,Total,10859,11186
2017-2018,Kharif,Siddipet,Husnabad,Total,13523,8816
2017-2018,Kharif,Siddipet,Akkannapet,Total,2078,11041
2017-2018,Kharif,Siddipet,Nanganoor,Total,11098,7638
2017-2018,Kharif,Siddipet,Siddipet Urban,Total,987,6124
2017-2018,Kharif,Siddipet,Thoguta,Total,9098,5579
2017-2018,Kharif,Siddipet,Mirdoddi,Total,11550,8045
2017-2018,Kharif,Siddipet,Doulthabad,Total,12246,8490
2017-2018,Kharif,Siddipet,Raypole,Total,1243,8374
2017-2018,Kharif,Siddipet,Wargal,Total,6176,7151
2017-2018,Kharif,Siddipet,Mulugu,Total,6318,4775
2017-2018,Kharif,Siddipet,Markook,Total,1075,4667
2017-2018,Kharif,Siddipet,Jagdevpur,Total,13620,13301
2017-2018,Kharif,Siddipet,Gajwel,Total,12583,11155
2017-2018,Kharif,Siddipet,Kondapak,Total,9994,8026
2017-2018,Kharif,Siddipet,Komuravelly,Total,820,5046
2017-2018,Kharif,Siddipet,Cherial,Total,14392,11717
2017-2018,Kharif,Siddipet,Maddur,Total,7765,10465
