year,season,districtName,mandalName,crop,normalAreaSown,actualAreaSown
2017,Kharif,Vikarabad,Marpalle,Paddy,58,8
2017,Kharif,Vikarabad,Mominpet,Paddy,79,70
2017,Kharif,Vikarabad,Nawabpet,Paddy,104,82
2017,Kharif,Vikarabad,Vikarabad,Paddy,122,85
2017,Kharif,Vikarabad,Pudur,Paddy,368,130
2017,Kharif,Vikarabad,Pargi,Paddy,697,804
2017,Kharif,Vikarabad,Kulkacharla,Paddy,1320,153
2017,Kharif,Vikarabad,Doma,Paddy,1106,471
2017,Kharif,Vikarabad,Dharur,Paddy,600,263
2017,Kharif,Vikarabad,Kotepally,Paddy,7,60
2017,Kharif,Vikarabad,Bantwaram,Paddy,35,25
2017,Kharif,Vikarabad,Bomraspeta,Paddy,1878,1177
2017,Kharif,Vikarabad,Peddemul,Paddy,403,418
2017,Kharif,Vikarabad,Tandur,Paddy,1098,953
2017,Kharif,Vikarabad,Basheerabad,Paddy,664,520
2017,Kharif,Vikarabad,Yelal,Paddy,2195,1662
2017,Kharif,Vikarabad,Kodangal,Paddy,788,792
2017,Kharif,Vikarabad,Doulatabad,Paddy,1712,1172
2017,Kharif,Vikarabad,Marpalle,Jowar,497,308
2017,Kharif,Vikarabad,Mominpet,Jowar,762,500
2017,Kharif,Vikarabad,Nawabpet,Jowar,374,160
2017,Kharif,Vikarabad,Vikarabad,Jowar,412,200
2017,Kharif,Vikarabad,Pudur,Jowar,83,11
2017,Kharif,Vikarabad,Pargi,Jowar,102,27
2017,Kharif,Vikarabad,Kulkacharla,Jowar,516,350
2017,Kharif,Vikarabad,Doma,Jowar,272,325
2017,Kharif,Vikarabad,Dharur,Jowar,308,145
2017,Kharif,Vikarabad,Kotepally,Jowar,30,300
2017,Kharif,Vikarabad,Bantwaram,Jowar,533,291
2017,Kharif,Vikarabad,Bomraspeta,Jowar,564,398
2017,Kharif,Vikarabad,Peddemul,Jowar,337,260
2017,Kharif,Vikarabad,Tandur,Jowar,3,0
2017,Kharif,Vikarabad,Basheerabad,Jowar,9,10
2017,Kharif,Vikarabad,Yelal,Jowar,36,23
2017,Kharif,Vikarabad,Kodangal,Jowar,185,68
2017,Kharif,Vikarabad,Doulatabad,Jowar,552,535
2017,Kharif,Vikarabad,Marpalle,Bajra,0,0
2017,Kharif,Vikarabad,Mominpet,Bajra,0,0
2017,Kharif,Vikarabad,Nawabpet,Bajra,0,0
2017,Kharif,Vikarabad,Vikarabad,Bajra,0,0
2017,Kharif,Vikarabad,Pudur,Bajra,0,0
2017,Kharif,Vikarabad,Pargi,Bajra,0,0
2017,Kharif,Vikarabad,Kulkacharla,Bajra,0,0
2017,Kharif,Vikarabad,Doma,Bajra,0,0
2017,Kharif,Vikarabad,Dharur,Bajra,0,0
2017,Kharif,Vikarabad,Kotepally,Bajra,1,3
2017,Kharif,Vikarabad,Bantwaram,Bajra,2,0
2017,Kharif,Vikarabad,Bomraspeta,Bajra,0,0
2017,Kharif,Vikarabad,Peddemul,Bajra,1,0
2017,Kharif,Vikarabad,Tandur,Bajra,0,0
2017,Kharif,Vikarabad,Basheerabad,Bajra,0,0
2017,Kharif,Vikarabad,Yelal,Bajra,0,0
2017,Kharif,Vikarabad,Kodangal,Bajra,0,0
2017,Kharif,Vikarabad,Doulatabad,Bajra,0,0
2017,Kharif,Vikarabad,Marpalle,Maize,2937,2426
2017,Kharif,Vikarabad,Mominpet,Maize,2020,1900
2017,Kharif,Vikarabad,Nawabpet,Maize,2934,1826
2017,Kharif,Vikarabad,Vikarabad,Maize,2607,2750
2017,Kharif,Vikarabad,Pudur,Maize,3324,3200
2017,Kharif,Vikarabad,Pargi,Maize,6273,5809
2017,Kharif,Vikarabad,Kulkacharla,Maize,3371,2924
2017,Kharif,Vikarabad,Doma,Maize,2725,2950
2017,Kharif,Vikarabad,Dharur,Maize,1917,1902
2017,Kharif,Vikarabad,Kotepally,Maize,114,548
2017,Kharif,Vikarabad,Bantwaram,Maize,448,274
2017,Kharif,Vikarabad,Bomraspeta,Maize,779,718
2017,Kharif,Vikarabad,Peddemul,Maize,568,291
2017,Kharif,Vikarabad,Tandur,Maize,79,19
2017,Kharif,Vikarabad,Basheerabad,Maize,14,21
2017,Kharif,Vikarabad,Yelal,Maize,226,250
2017,Kharif,Vikarabad,Kodangal,Maize,55,149
2017,Kharif,Vikarabad,Doulatabad,Maize,61,64
2017,Kharif,Vikarabad,Marpalle,Ragi,0,0
2017,Kharif,Vikarabad,Mominpet,Ragi,0,0
2017,Kharif,Vikarabad,Nawabpet,Ragi,0,0
2017,Kharif,Vikarabad,Vikarabad,Ragi,0,0
2017,Kharif,Vikarabad,Pudur,Ragi,0,0
2017,Kharif,Vikarabad,Pargi,Ragi,0,0
2017,Kharif,Vikarabad,Kulkacharla,Ragi,105,6
2017,Kharif,Vikarabad,Doma,Ragi,38,44
2017,Kharif,Vikarabad,Dharur,Ragi,0,0
2017,Kharif,Vikarabad,Kotepally,Ragi,0,0
2017,Kharif,Vikarabad,Bantwaram,Ragi,0,0
2017,Kharif,Vikarabad,Bomraspeta,Ragi,9,0
2017,Kharif,Vikarabad,Peddemul,Ragi,2,0
2017,Kharif,Vikarabad,Tandur,Ragi,0,0
2017,Kharif,Vikarabad,Basheerabad,Ragi,0,0
2017,Kharif,Vikarabad,Yelal,Ragi,0,0
2017,Kharif,Vikarabad,Kodangal,Ragi,0,0
2017,Kharif,Vikarabad,Doulatabad,Ragi,15,0
2017,Kharif,Vikarabad,Marpalle,Green Gram,236,202
2017,Kharif,Vikarabad,Mominpet,Green Gram,275,100
2017,Kharif,Vikarabad,Nawabpet,Green Gram,51,15
2017,Kharif,Vikarabad,Vikarabad,Green Gram,96,34
2017,Kharif,Vikarabad,Pudur,Green Gram,12,10
2017,Kharif,Vikarabad,Pargi,Green Gram,66,26
2017,Kharif,Vikarabad,Kulkacharla,Green Gram,0,24
2017,Kharif,Vikarabad,Doma,Green Gram,50,135
2017,Kharif,Vikarabad,Dharur,Green Gram,526,410
2017,Kharif,Vikarabad,Kotepally,Green Gram,54,363
2017,Kharif,Vikarabad,Bantwaram,Green Gram,475,284
2017,Kharif,Vikarabad,Bomraspeta,Green Gram,1888,1674
2017,Kharif,Vikarabad,Peddemul,Green Gram,909,909
2017,Kharif,Vikarabad,Tandur,Green Gram,1127,1379
2017,Kharif,Vikarabad,Basheerabad,Green Gram,734,749
2017,Kharif,Vikarabad,Yelal,Green Gram,758,737
2017,Kharif,Vikarabad,Kodangal,Green Gram,832,870
2017,Kharif,Vikarabad,Doulatabad,Green Gram,509,439
2017,Kharif,Vikarabad,Marpalle,Black Gram,165,131
2017,Kharif,Vikarabad,Mominpet,Black Gram,204,60
2017,Kharif,Vikarabad,Nawabpet,Black Gram,39,12
2017,Kharif,Vikarabad,Vikarabad,Black Gram,53,30
2017,Kharif,Vikarabad,Pudur,Black Gram,6,4
2017,Kharif,Vikarabad,Pargi,Black Gram,20,11
2017,Kharif,Vikarabad,Kulkacharla,Black Gram,0,0
2017,Kharif,Vikarabad,Doma,Black Gram,0,22
2017,Kharif,Vikarabad,Dharur,Black Gram,219,205
2017,Kharif,Vikarabad,Kotepally,Black Gram,51,357
2017,Kharif,Vikarabad,Bantwaram,Black Gram,336,197
2017,Kharif,Vikarabad,Bomraspeta,Black Gram,72,212
2017,Kharif,Vikarabad,Peddemul,Black Gram,908,914
2017,Kharif,Vikarabad,Tandur,Black Gram,1265,1423
2017,Kharif,Vikarabad,Basheerabad,Black Gram,747,754
2017,Kharif,Vikarabad,Yelal,Black Gram,255,262
2017,Kharif,Vikarabad,Kodangal,Black Gram,838,949
2017,Kharif,Vikarabad,Doulatabad,Black Gram,51,84
2017,Kharif,Vikarabad,Marpalle,Red Gram,1220,1051
2017,Kharif,Vikarabad,Mominpet,Red Gram,994,1050
2017,Kharif,Vikarabad,Nawabpet,Red Gram,715,354
2017,Kharif,Vikarabad,Vikarabad,Red Gram,1940,1855
2017,Kharif,Vikarabad,Pudur,Red Gram,830,567
2017,Kharif,Vikarabad,Pargi,Red Gram,1015,1115
2017,Kharif,Vikarabad,Kulkacharla,Red Gram,611,645
2017,Kharif,Vikarabad,Doma,Red Gram,440,1017
2017,Kharif,Vikarabad,Dharur,Red Gram,1814,1711
2017,Kharif,Vikarabad,Kotepally,Red Gram,253,1158
2017,Kharif,Vikarabad,Bantwaram,Red Gram,1313,1148
2017,Kharif,Vikarabad,Bomraspeta,Red Gram,6759,6670
2017,Kharif,Vikarabad,Peddemul,Red Gram,3933,2423
2017,Kharif,Vikarabad,Tandur,Red Gram,7231,7630
2017,Kharif,Vikarabad,Basheerabad,Red Gram,5346,5040
2017,Kharif,Vikarabad,Yelal,Red Gram,3390,3588
2017,Kharif,Vikarabad,Kodangal,Red Gram,9168,8109
2017,Kharif,Vikarabad,Doulatabad,Red Gram,10315,10033
2017,Kharif,Vikarabad,Marpalle,Cow Gram,0,0
2017,Kharif,Vikarabad,Mominpet,Cow Gram,0,0
2017,Kharif,Vikarabad,Nawabpet,Cow Gram,0,0
2017,Kharif,Vikarabad,Vikarabad,Cow Gram,0,0
2017,Kharif,Vikarabad,Pudur,Cow Gram,0,0
2017,Kharif,Vikarabad,Pargi,Cow Gram,2,0
2017,Kharif,Vikarabad,Kulkacharla,Cow Gram,16,0
2017,Kharif,Vikarabad,Doma,Cow Gram,106,221
2017,Kharif,Vikarabad,Dharur,Cow Gram,0,0
2017,Kharif,Vikarabad,Kotepally,Cow Gram,0,0
2017,Kharif,Vikarabad,Bantwaram,Cow Gram,0,0
2017,Kharif,Vikarabad,Bomraspeta,Cow Gram,259,364
2017,Kharif,Vikarabad,Peddemul,Cow Gram,0,0
2017,Kharif,Vikarabad,Tandur,Cow Gram,0,0
2017,Kharif,Vikarabad,Basheerabad,Cow Gram,0,0
2017,Kharif,Vikarabad,Yelal,Cow Gram,0,0
2017,Kharif,Vikarabad,Kodangal,Cow Gram,0,0
2017,Kharif,Vikarabad,Doulatabad,Cow Gram,0,0
2017,Kharif,Vikarabad,Marpalle,Red chillies,0,0
2017,Kharif,Vikarabad,Mominpet,Red chillies,30,0
2017,Kharif,Vikarabad,Nawabpet,Red chillies,3,9
2017,Kharif,Vikarabad,Vikarabad,Red chillies,16,0
2017,Kharif,Vikarabad,Pudur,Red chillies,50,20
2017,Kharif,Vikarabad,Pargi,Red chillies,116,70
2017,Kharif,Vikarabad,Kulkacharla,Red chillies,0,0
2017,Kharif,Vikarabad,Doma,Red chillies,12,0
2017,Kharif,Vikarabad,Dharur,Red chillies,18,8
2017,Kharif,Vikarabad,Kotepally,Red chillies,0,27
2017,Kharif,Vikarabad,Bantwaram,Red chillies,3,0
2017,Kharif,Vikarabad,Bomraspeta,Red chillies,0,0
2017,Kharif,Vikarabad,Peddemul,Red chillies,2,0
2017,Kharif,Vikarabad,Tandur,Red chillies,2,0
2017,Kharif,Vikarabad,Basheerabad,Red chillies,19,0
2017,Kharif,Vikarabad,Yelal,Red chillies,1,0
2017,Kharif,Vikarabad,Kodangal,Red chillies,0,0
2017,Kharif,Vikarabad,Doulatabad,Red chillies,0,0
2017,Kharif,Vikarabad,Marpalle,Turmeric,223,202
2017,Kharif,Vikarabad,Mominpet,Turmeric,478,350
2017,Kharif,Vikarabad,Nawabpet,Turmeric,215,56
2017,Kharif,Vikarabad,Vikarabad,Turmeric,266,150
2017,Kharif,Vikarabad,Pudur,Turmeric,67,15
2017,Kharif,Vikarabad,Pargi,Turmeric,380,290
2017,Kharif,Vikarabad,Kulkacharla,Turmeric,4,10
2017,Kharif,Vikarabad,Doma,Turmeric,19,23
2017,Kharif,Vikarabad,Dharur,Turmeric,434,393
2017,Kharif,Vikarabad,Kotepally,Turmeric,44,603
2017,Kharif,Vikarabad,Bantwaram,Turmeric,608,139
2017,Kharif,Vikarabad,Bomraspeta,Turmeric,0,0
2017,Kharif,Vikarabad,Peddemul,Turmeric,199,69
2017,Kharif,Vikarabad,Tandur,Turmeric,55,136
2017,Kharif,Vikarabad,Basheerabad,Turmeric,1,0
2017,Kharif,Vikarabad,Yelal,Turmeric,5,0
2017,Kharif,Vikarabad,Kodangal,Turmeric,0,0
2017,Kharif,Vikarabad,Doulatabad,Turmeric,0,0
2017,Kharif,Vikarabad,Marpalle,Ajwain,31,8
2017,Kharif,Vikarabad,Mominpet,Ajwain,50,10
2017,Kharif,Vikarabad,Nawabpet,Ajwain,76,21
2017,Kharif,Vikarabad,Vikarabad,Ajwain,164,92
2017,Kharif,Vikarabad,Pudur,Ajwain,54,42
2017,Kharif,Vikarabad,Pargi,Ajwain,148,146
2017,Kharif,Vikarabad,Kulkacharla,Ajwain,47,35
2017,Kharif,Vikarabad,Doma,Ajwain,0,0
2017,Kharif,Vikarabad,Dharur,Ajwain,56,24
2017,Kharif,Vikarabad,Kotepally,Ajwain,0,68
2017,Kharif,Vikarabad,Bantwaram,Ajwain,47,0
2017,Kharif,Vikarabad,Bomraspeta,Ajwain,0,0
2017,Kharif,Vikarabad,Peddemul,Ajwain,117,25
2017,Kharif,Vikarabad,Tandur,Ajwain,48,50
2017,Kharif,Vikarabad,Basheerabad,Ajwain,5,0
2017,Kharif,Vikarabad,Yelal,Ajwain,10,0
2017,Kharif,Vikarabad,Kodangal,Ajwain,0,0
2017,Kharif,Vikarabad,Doulatabad,Ajwain,0,0
2017,Kharif,Vikarabad,Marpalle,Sugarcane,68,30
2017,Kharif,Vikarabad,Mominpet,Sugarcane,8,3
2017,Kharif,Vikarabad,Nawabpet,Sugarcane,3,0
2017,Kharif,Vikarabad,Vikarabad,Sugarcane,15,5
2017,Kharif,Vikarabad,Pudur,Sugarcane,5,0
2017,Kharif,Vikarabad,Pargi,Sugarcane,0,0
2017,Kharif,Vikarabad,Kulkacharla,Sugarcane,2,0
2017,Kharif,Vikarabad,Doma,Sugarcane,0,0
2017,Kharif,Vikarabad,Dharur,Sugarcane,26,0
2017,Kharif,Vikarabad,Kotepally,Sugarcane,26,38
2017,Kharif,Vikarabad,Bantwaram,Sugarcane,301,12
2017,Kharif,Vikarabad,Bomraspeta,Sugarcane,0,0
2017,Kharif,Vikarabad,Peddemul,Sugarcane,592,1733
2017,Kharif,Vikarabad,Tandur,Sugarcane,5,3
2017,Kharif,Vikarabad,Basheerabad,Sugarcane,0,0
2017,Kharif,Vikarabad,Yelal,Sugarcane,0,0
2017,Kharif,Vikarabad,Kodangal,Sugarcane,0,0
2017,Kharif,Vikarabad,Doulatabad,Sugarcane,3,0
2017,Kharif,Vikarabad,Marpalle,Onion,47,10
2017,Kharif,Vikarabad,Mominpet,Onion,15,10
2017,Kharif,Vikarabad,Nawabpet,Onion,32,6
2017,Kharif,Vikarabad,Vikarabad,Onion,0,0
2017,Kharif,Vikarabad,Pudur,Onion,1,0
2017,Kharif,Vikarabad,Pargi,Onion,56,12
2017,Kharif,Vikarabad,Kulkacharla,Onion,0,0
2017,Kharif,Vikarabad,Doma,Onion,0,0
2017,Kharif,Vikarabad,Dharur,Onion,6,0
2017,Kharif,Vikarabad,Kotepally,Onion,0,0
2017,Kharif,Vikarabad,Bantwaram,Onion,5,0
2017,Kharif,Vikarabad,Bomraspeta,Onion,7,0
2017,Kharif,Vikarabad,Peddemul,Onion,0,0
2017,Kharif,Vikarabad,Tandur,Onion,0,0
2017,Kharif,Vikarabad,Basheerabad,Onion,0,0
2017,Kharif,Vikarabad,Yelal,Onion,2,0
2017,Kharif,Vikarabad,Kodangal,Onion,12,4
2017,Kharif,Vikarabad,Doulatabad,Onion,1,0
2017,Kharif,Vikarabad,Marpalle,Groundnut,0,0
2017,Kharif,Vikarabad,Mominpet,Groundnut,0,0
2017,Kharif,Vikarabad,Nawabpet,Groundnut,0,0
2017,Kharif,Vikarabad,Vikarabad,Groundnut,0,0
2017,Kharif,Vikarabad,Pudur,Groundnut,0,0
2017,Kharif,Vikarabad,Pargi,Groundnut,27,0
2017,Kharif,Vikarabad,Kulkacharla,Groundnut,0,0
2017,Kharif,Vikarabad,Doma,Groundnut,4,27
2017,Kharif,Vikarabad,Dharur,Groundnut,6,0
2017,Kharif,Vikarabad,Kotepally,Groundnut,0,0
2017,Kharif,Vikarabad,Bantwaram,Groundnut,0,0
2017,Kharif,Vikarabad,Bomraspeta,Groundnut,130,28
2017,Kharif,Vikarabad,Peddemul,Groundnut,0,0
2017,Kharif,Vikarabad,Tandur,Groundnut,2,0
2017,Kharif,Vikarabad,Basheerabad,Groundnut,0,0
2017,Kharif,Vikarabad,Yelal,Groundnut,6,0
2017,Kharif,Vikarabad,Kodangal,Groundnut,8,0
2017,Kharif,Vikarabad,Doulatabad,Groundnut,55,0
2017,Kharif,Vikarabad,Marpalle,Cotton,3306,3405
2017,Kharif,Vikarabad,Mominpet,Cotton,2824,3800
2017,Kharif,Vikarabad,Nawabpet,Cotton,2615,3097
2017,Kharif,Vikarabad,Vikarabad,Cotton,1438,1585
2017,Kharif,Vikarabad,Pudur,Cotton,6116,6402
2017,Kharif,Vikarabad,Pargi,Cotton,5508,6302
2017,Kharif,Vikarabad,Kulkacharla,Cotton,381,637
2017,Kharif,Vikarabad,Doma,Cotton,380,578
2017,Kharif,Vikarabad,Dharur,Cotton,2866,3243
2017,Kharif,Vikarabad,Kotepally,Cotton,288,2208
2017,Kharif,Vikarabad,Bantwaram,Cotton,1961,1680
2017,Kharif,Vikarabad,Bomraspeta,Cotton,322,1015
2017,Kharif,Vikarabad,Peddemul,Cotton,3160,2709
2017,Kharif,Vikarabad,Tandur,Cotton,1428,1428
2017,Kharif,Vikarabad,Basheerabad,Cotton,2325,2634
2017,Kharif,Vikarabad,Yelal,Cotton,1005,1297
2017,Kharif,Vikarabad,Kodangal,Cotton,2885,6634
2017,Kharif,Vikarabad,Doulatabad,Cotton,2037,2943
2017,Kharif,Vikarabad,Marpalle,Sesamum,18,3
2017,Kharif,Vikarabad,Mominpet,Sesamum,7,0
2017,Kharif,Vikarabad,Nawabpet,Sesamum,1,0
2017,Kharif,Vikarabad,Vikarabad,Sesamum,13,4
2017,Kharif,Vikarabad,Pudur,Sesamum,1,0
2017,Kharif,Vikarabad,Pargi,Sesamum,8,0
2017,Kharif,Vikarabad,Kulkacharla,Sesamum,2,2
2017,Kharif,Vikarabad,Doma,Sesamum,17,66
2017,Kharif,Vikarabad,Dharur,Sesamum,5,3
2017,Kharif,Vikarabad,Kotepally,Sesamum,0,0
2017,Kharif,Vikarabad,Bantwaram,Sesamum,2,0
2017,Kharif,Vikarabad,Bomraspeta,Sesamum,44,0
2017,Kharif,Vikarabad,Peddemul,Sesamum,38,0
2017,Kharif,Vikarabad,Tandur,Sesamum,0,0
2017,Kharif,Vikarabad,Basheerabad,Sesamum,0,0
2017,Kharif,Vikarabad,Yelal,Sesamum,0,0
2017,Kharif,Vikarabad,Kodangal,Sesamum,0,0
2017,Kharif,Vikarabad,Doulatabad,Sesamum,1,0
2017,Kharif,Vikarabad,Marpalle,Soyabean,180,161
2017,Kharif,Vikarabad,Mominpet,Soyabean,49,10
2017,Kharif,Vikarabad,Nawabpet,Soyabean,14,8
2017,Kharif,Vikarabad,Vikarabad,Soyabean,58,45
2017,Kharif,Vikarabad,Pudur,Soyabean,18,0
2017,Kharif,Vikarabad,Pargi,Soyabean,0,0
2017,Kharif,Vikarabad,Kulkacharla,Soyabean,0,0
2017,Kharif,Vikarabad,Doma,Soyabean,0,0
2017,Kharif,Vikarabad,Dharur,Soyabean,190,235
2017,Kharif,Vikarabad,Kotepally,Soyabean,85,264
2017,Kharif,Vikarabad,Bantwaram,Soyabean,133,9
2017,Kharif,Vikarabad,Bomraspeta,Soyabean,0,0
2017,Kharif,Vikarabad,Peddemul,Soyabean,120,76
2017,Kharif,Vikarabad,Tandur,Soyabean,276,268
2017,Kharif,Vikarabad,Basheerabad,Soyabean,90,62
2017,Kharif,Vikarabad,Yelal,Soyabean,6,13
2017,Kharif,Vikarabad,Kodangal,Soyabean,9,11
2017,Kharif,Vikarabad,Doulatabad,Soyabean,0,0
2017,Kharif,Vikarabad,Marpalle,Other food crops,524,413
2017,Kharif,Vikarabad,Mominpet,Other food crops,853,776
2017,Kharif,Vikarabad,Nawabpet,Other food crops,884,582
2017,Kharif,Vikarabad,Vikarabad,Other food crops,401,240
2017,Kharif,Vikarabad,Pudur,Other food crops,683,805
2017,Kharif,Vikarabad,Pargi,Other food crops,298,165
2017,Kharif,Vikarabad,Kulkacharla,Other food crops,441,429
2017,Kharif,Vikarabad,Doma,Other food crops,301,477
2017,Kharif,Vikarabad,Dharur,Other food crops,104,159
2017,Kharif,Vikarabad,Kotepally,Other food crops,153,161
2017,Kharif,Vikarabad,Bantwaram,Other food crops,56,124
2017,Kharif,Vikarabad,Bomraspeta,Other food crops,359,235
2017,Kharif,Vikarabad,Peddemul,Other food crops,135,197
2017,Kharif,Vikarabad,Tandur,Other food crops,114,97
2017,Kharif,Vikarabad,Basheerabad,Other food crops,38,8
2017,Kharif,Vikarabad,Yelal,Other food crops,77,91
2017,Kharif,Vikarabad,Kodangal,Other food crops,360,387
2017,Kharif,Vikarabad,Doulatabad,Other food crops,129,77
2017,Kharif,Vikarabad,Marpalle,Total,9510,8358
2017,Kharif,Vikarabad,Mominpet,Total,8648,8639
2017,Kharif,Vikarabad,Nawabpet,Total,8060,6228
2017,Kharif,Vikarabad,Vikarabad,Total,7601,7075
2017,Kharif,Vikarabad,Pudur,Total,11618,11206
2017,Kharif,Vikarabad,Pargi,Total,14716,14777
2017,Kharif,Vikarabad,Kulkacharla,Total,6816,5215
2017,Kharif,Vikarabad,Doma,Total,5470,6356
2017,Kharif,Vikarabad,Dharur,Total,9095,8701
2017,Kharif,Vikarabad,Kotepally,Total,1106,6158
2017,Kharif,Vikarabad,Bantwaram,Total,6258,4183
2017,Kharif,Vikarabad,Bomraspeta,Total,13070,12491
2017,Kharif,Vikarabad,Peddemul,Total,11424,10024
2017,Kharif,Vikarabad,Tandur,Total,12733,13386
2017,Kharif,Vikarabad,Basheerabad,Total,9992,9798
2017,Kharif,Vikarabad,Yelal,Total,7972,7923
2017,Kharif,Vikarabad,Kodangal,Total,15140,17973
2017,Kharif,Vikarabad,Doulatabad,Total,15441,15347
