year,season,districtName,mandalName,crop,normalAreaSown,actualAreaSown
2016-2017,Rabi,Vikarabad,Marpalle,Paddy,12,6
2016-2017,Rabi,Vikarabad,Mominpet,Paddy,69,5
2016-2017,Rabi,Vikarabad,Nawabpet,Paddy,28,15
2016-2017,Rabi,Vikarabad,Vikarabad,Paddy,46,41
2016-2017,Rabi,Vikarabad,Pudur,Paddy,103,98
2016-2017,Rabi,Vikarabad,Pargi,Paddy,167,546
2016-2017,Rabi,Vikarabad,Kulkacharla,Paddy,937,816
2016-2017,Rabi,Vikarabad,Doma,Paddy,796,650
2016-2017,Rabi,Vikarabad,Bomraspet,Paddy,1121,1353
2016-2017,Rabi,Vikarabad,Dharur,Paddy,351,238
2016-2017,Rabi,Vikarabad,Kotpalle,Paddy,15,13
2016-2017,Rabi,Vikarabad,Bantaram,Paddy,12,4
2016-2017,Rabi,Vikarabad,Peddemul,Paddy,270,326
2016-2017,Rabi,Vikarabad,Tandur,Paddy,584,535
2016-2017,Rabi,Vikarabad,Basheerabad,Paddy,335,162
2016-2017,Rabi,Vikarabad,Yelal,Paddy,1012,1123
2016-2017,Rabi,Vikarabad,Kodangal,Paddy,544,442
2016-2017,Rabi,Vikarabad,Doultabad,Paddy,919,941
2016-2017,Rabi,Vikarabad,Marpalle,Wheat,58,40
2016-2017,Rabi,Vikarabad,Mominpet,Wheat,54,10
2016-2017,Rabi,Vikarabad,Nawabpet,Wheat,44,18
2016-2017,Rabi,Vikarabad,Vikarabad,Wheat,48,15
2016-2017,Rabi,Vikarabad,Pudur,Wheat,18,2
2016-2017,Rabi,Vikarabad,Pargi,Wheat,26,14
2016-2017,Rabi,Vikarabad,Kulkacharla,Wheat,0,0
2016-2017,Rabi,Vikarabad,Doma,Wheat,10,0
2016-2017,Rabi,Vikarabad,Bomraspet,Wheat,0,0
2016-2017,Rabi,Vikarabad,Dharur,Wheat,28,49
2016-2017,Rabi,Vikarabad,Kotpalle,Wheat,19,11
2016-2017,Rabi,Vikarabad,Bantaram,Wheat,17,5
2016-2017,Rabi,Vikarabad,Peddemul,Wheat,2,0
2016-2017,Rabi,Vikarabad,Tandur,Wheat,15,0
2016-2017,Rabi,Vikarabad,Basheerabad,Wheat,0,0
2016-2017,Rabi,Vikarabad,Yelal,Wheat,2,0
2016-2017,Rabi,Vikarabad,Kodangal,Wheat,0,
2016-2017,Rabi,Vikarabad,Doultabad,Wheat,0,0
2016-2017,Rabi,Vikarabad,Marpalle,Jowar,97,50
2016-2017,Rabi,Vikarabad,Mominpet,Jowar,80,20
2016-2017,Rabi,Vikarabad,Nawabpet,Jowar,72,31
2016-2017,Rabi,Vikarabad,Vikarabad,Jowar,63,25
2016-2017,Rabi,Vikarabad,Pudur,Jowar,128,121
2016-2017,Rabi,Vikarabad,Pargi,Jowar,52,31
2016-2017,Rabi,Vikarabad,Kulkacharla,Jowar,0,12
2016-2017,Rabi,Vikarabad,Doma,Jowar,110,63
2016-2017,Rabi,Vikarabad,Bomraspet,Jowar,24,10
2016-2017,Rabi,Vikarabad,Dharur,Jowar,195,80
2016-2017,Rabi,Vikarabad,Kotpalle,Jowar,212,121
2016-2017,Rabi,Vikarabad,Bantaram,Jowar,132,49
2016-2017,Rabi,Vikarabad,Peddemul,Jowar,190,155
2016-2017,Rabi,Vikarabad,Tandur,Jowar,744,351
2016-2017,Rabi,Vikarabad,Basheerabad,Jowar,619,306
2016-2017,Rabi,Vikarabad,Yelal,Jowar,534,245
2016-2017,Rabi,Vikarabad,Kodangal,Jowar,654,494
2016-2017,Rabi,Vikarabad,Doultabad,Jowar,273,218
2016-2017,Rabi,Vikarabad,Marpalle,Bajra,0,0
2016-2017,Rabi,Vikarabad,Mominpet,Bajra,0,0
2016-2017,Rabi,Vikarabad,Nawabpet,Bajra,0,0
2016-2017,Rabi,Vikarabad,Vikarabad,Bajra,0,0
2016-2017,Rabi,Vikarabad,Pudur,Bajra,0,0
2016-2017,Rabi,Vikarabad,Pargi,Bajra,0,0
2016-2017,Rabi,Vikarabad,Kulkacharla,Bajra,0,0
2016-2017,Rabi,Vikarabad,Doma,Bajra,0,0
2016-2017,Rabi,Vikarabad,Bomraspet,Bajra,0,0
2016-2017,Rabi,Vikarabad,Dharur,Bajra,0,0
2016-2017,Rabi,Vikarabad,Kotpalle,Bajra,,
2016-2017,Rabi,Vikarabad,Bantaram,Bajra,0,0
2016-2017,Rabi,Vikarabad,Peddemul,Bajra,0,0
2016-2017,Rabi,Vikarabad,Tandur,Bajra,0,0
2016-2017,Rabi,Vikarabad,Basheerabad,Bajra,0,0
2016-2017,Rabi,Vikarabad,Yelal,Bajra,0,0
2016-2017,Rabi,Vikarabad,Kodangal,Bajra,0,
2016-2017,Rabi,Vikarabad,Doultabad,Bajra,0,0
2016-2017,Rabi,Vikarabad,Marpalle,Maize,23,23
2016-2017,Rabi,Vikarabad,Mominpet,Maize,42,9
2016-2017,Rabi,Vikarabad,Nawabpet,Maize,73,32
2016-2017,Rabi,Vikarabad,Vikarabad,Maize,89,150
2016-2017,Rabi,Vikarabad,Pudur,Maize,88,91
2016-2017,Rabi,Vikarabad,Pargi,Maize,71,150
2016-2017,Rabi,Vikarabad,Kulkacharla,Maize,33,14
2016-2017,Rabi,Vikarabad,Doma,Maize,224,69
2016-2017,Rabi,Vikarabad,Bomraspet,Maize,0,0
2016-2017,Rabi,Vikarabad,Dharur,Maize,112,98
2016-2017,Rabi,Vikarabad,Kotpalle,Maize,71,69
2016-2017,Rabi,Vikarabad,Bantaram,Maize,31,19
2016-2017,Rabi,Vikarabad,Peddemul,Maize,6,10
2016-2017,Rabi,Vikarabad,Tandur,Maize,2,5
2016-2017,Rabi,Vikarabad,Basheerabad,Maize,0,0
2016-2017,Rabi,Vikarabad,Yelal,Maize,8,2
2016-2017,Rabi,Vikarabad,Kodangal,Maize,0,
2016-2017,Rabi,Vikarabad,Doultabad,Maize,0,0
2016-2017,Rabi,Vikarabad,Marpalle,Ragi,0,0
2016-2017,Rabi,Vikarabad,Mominpet,Ragi,0,0
2016-2017,Rabi,Vikarabad,Nawabpet,Ragi,0,0
2016-2017,Rabi,Vikarabad,Vikarabad,Ragi,0,0
2016-2017,Rabi,Vikarabad,Pudur,Ragi,0,0
2016-2017,Rabi,Vikarabad,Pargi,Ragi,0,
2016-2017,Rabi,Vikarabad,Kulkacharla,Ragi,16,0
2016-2017,Rabi,Vikarabad,Doma,Ragi,84,24
2016-2017,Rabi,Vikarabad,Bomraspet,Ragi,0,0
2016-2017,Rabi,Vikarabad,Dharur,Ragi,0,0
2016-2017,Rabi,Vikarabad,Kotpalle,Ragi,,
2016-2017,Rabi,Vikarabad,Bantaram,Ragi,0,0
2016-2017,Rabi,Vikarabad,Peddemul,Ragi,0,0
2016-2017,Rabi,Vikarabad,Tandur,Ragi,0,0
2016-2017,Rabi,Vikarabad,Basheerabad,Ragi,0,0
2016-2017,Rabi,Vikarabad,Yelal,Ragi,0,0
2016-2017,Rabi,Vikarabad,Kodangal,Ragi,0,
2016-2017,Rabi,Vikarabad,Doultabad,Ragi,11,0
2016-2017,Rabi,Vikarabad,Marpalle,Horse Gram,0,
2016-2017,Rabi,Vikarabad,Mominpet,Horse Gram,0,0
2016-2017,Rabi,Vikarabad,Nawabpet,Horse Gram,0,0
2016-2017,Rabi,Vikarabad,Vikarabad,Horse Gram,0,0
2016-2017,Rabi,Vikarabad,Pudur,Horse Gram,0,0
2016-2017,Rabi,Vikarabad,Pargi,Horse Gram,0,0
2016-2017,Rabi,Vikarabad,Kulkacharla,Horse Gram,0,0
2016-2017,Rabi,Vikarabad,Doma,Horse Gram,6,0
2016-2017,Rabi,Vikarabad,Bomraspet,Horse Gram,0,0
2016-2017,Rabi,Vikarabad,Dharur,Horse Gram,0,0
2016-2017,Rabi,Vikarabad,Kotpalle,Horse Gram,,
2016-2017,Rabi,Vikarabad,Bantaram,Horse Gram,3,0
2016-2017,Rabi,Vikarabad,Peddemul,Horse Gram,0,0
2016-2017,Rabi,Vikarabad,Tandur,Horse Gram,2,0
2016-2017,Rabi,Vikarabad,Basheerabad,Horse Gram,0,0
2016-2017,Rabi,Vikarabad,Yelal,Horse Gram,2,0
2016-2017,Rabi,Vikarabad,Kodangal,Horse Gram,0,
2016-2017,Rabi,Vikarabad,Doultabad,Horse Gram,0,0
2016-2017,Rabi,Vikarabad,Marpalle,Green Gram,0,0
2016-2017,Rabi,Vikarabad,Mominpet,Green Gram,0,0
2016-2017,Rabi,Vikarabad,Nawabpet,Green Gram,0,0
2016-2017,Rabi,Vikarabad,Vikarabad,Green Gram,0,0
2016-2017,Rabi,Vikarabad,Pudur,Green Gram,0,0
2016-2017,Rabi,Vikarabad,Pargi,Green Gram,0,0
2016-2017,Rabi,Vikarabad,Kulkacharla,Green Gram,0,0
2016-2017,Rabi,Vikarabad,Doma,Green Gram,0,0
2016-2017,Rabi,Vikarabad,Bomraspet,Green Gram,0,0
2016-2017,Rabi,Vikarabad,Dharur,Green Gram,0,0
2016-2017,Rabi,Vikarabad,Kotpalle,Green Gram,,
2016-2017,Rabi,Vikarabad,Bantaram,Green Gram,0,0
2016-2017,Rabi,Vikarabad,Peddemul,Green Gram,0,0
2016-2017,Rabi,Vikarabad,Tandur,Green Gram,0,0
2016-2017,Rabi,Vikarabad,Basheerabad,Green Gram,0,0
2016-2017,Rabi,Vikarabad,Yelal,Green Gram,0,0
2016-2017,Rabi,Vikarabad,Kodangal,Green Gram,0,
2016-2017,Rabi,Vikarabad,Doultabad,Green Gram,0,0
2016-2017,Rabi,Vikarabad,Marpalle,Black Gram,0,0
2016-2017,Rabi,Vikarabad,Mominpet,Black Gram,0,0
2016-2017,Rabi,Vikarabad,Nawabpet,Black Gram,0,0
2016-2017,Rabi,Vikarabad,Vikarabad,Black Gram,0,0
2016-2017,Rabi,Vikarabad,Pudur,Black Gram,0,0
2016-2017,Rabi,Vikarabad,Pargi,Black Gram,0,0
2016-2017,Rabi,Vikarabad,Kulkacharla,Black Gram,0,0
2016-2017,Rabi,Vikarabad,Doma,Black Gram,0,0
2016-2017,Rabi,Vikarabad,Bomraspet,Black Gram,0,0
2016-2017,Rabi,Vikarabad,Dharur,Black Gram,0,0
2016-2017,Rabi,Vikarabad,Kotpalle,Black Gram,,
2016-2017,Rabi,Vikarabad,Bantaram,Black Gram,0,0
2016-2017,Rabi,Vikarabad,Peddemul,Black Gram,1,0
2016-2017,Rabi,Vikarabad,Tandur,Black Gram,0,0
2016-2017,Rabi,Vikarabad,Basheerabad,Black Gram,0,3
2016-2017,Rabi,Vikarabad,Yelal,Black Gram,0,0
2016-2017,Rabi,Vikarabad,Kodangal,Black Gram,0,
2016-2017,Rabi,Vikarabad,Doultabad,Black Gram,0,0
2016-2017,Rabi,Vikarabad,Marpalle,Red Gram,0,0
2016-2017,Rabi,Vikarabad,Mominpet,Red Gram,0,0
2016-2017,Rabi,Vikarabad,Nawabpet,Red Gram,0,0
2016-2017,Rabi,Vikarabad,Vikarabad,Red Gram,0,0
2016-2017,Rabi,Vikarabad,Pudur,Red Gram,0,0
2016-2017,Rabi,Vikarabad,Pargi,Red Gram,0,0
2016-2017,Rabi,Vikarabad,Kulkacharla,Red Gram,0,0
2016-2017,Rabi,Vikarabad,Doma,Red Gram,0,0
2016-2017,Rabi,Vikarabad,Bomraspet,Red Gram,0,0
2016-2017,Rabi,Vikarabad,Dharur,Red Gram,0,0
2016-2017,Rabi,Vikarabad,Kotpalle,Red Gram,,
2016-2017,Rabi,Vikarabad,Bantaram,Red Gram,0,0
2016-2017,Rabi,Vikarabad,Peddemul,Red Gram,1,0
2016-2017,Rabi,Vikarabad,Tandur,Red Gram,13,81
2016-2017,Rabi,Vikarabad,Basheerabad,Red Gram,1,0
2016-2017,Rabi,Vikarabad,Yelal,Red Gram,0,0
2016-2017,Rabi,Vikarabad,Kodangal,Red Gram,0,
2016-2017,Rabi,Vikarabad,Doultabad,Red Gram,0,0
2016-2017,Rabi,Vikarabad,Marpalle,Bengal Gram,214,244
2016-2017,Rabi,Vikarabad,Mominpet,Bengal Gram,279,160
2016-2017,Rabi,Vikarabad,Nawabpet,Bengal Gram,409,411
2016-2017,Rabi,Vikarabad,Vikarabad,Bengal Gram,157,273
2016-2017,Rabi,Vikarabad,Pudur,Bengal Gram,287,512
2016-2017,Rabi,Vikarabad,Pargi,Bengal Gram,234,465
2016-2017,Rabi,Vikarabad,Kulkacharla,Bengal Gram,0,29
2016-2017,Rabi,Vikarabad,Doma,Bengal Gram,93,88
2016-2017,Rabi,Vikarabad,Bomraspet,Bengal Gram,0,1
2016-2017,Rabi,Vikarabad,Dharur,Bengal Gram,163,140
2016-2017,Rabi,Vikarabad,Kotpalle,Bengal Gram,260,252
2016-2017,Rabi,Vikarabad,Bantaram,Bengal Gram,175,281
2016-2017,Rabi,Vikarabad,Peddemul,Bengal Gram,108,160
2016-2017,Rabi,Vikarabad,Tandur,Bengal Gram,325,498
2016-2017,Rabi,Vikarabad,Basheerabad,Bengal Gram,273,298
2016-2017,Rabi,Vikarabad,Yelal,Bengal Gram,292,250
2016-2017,Rabi,Vikarabad,Kodangal,Bengal Gram,300,425
2016-2017,Rabi,Vikarabad,Doultabad,Bengal Gram,7,46
2016-2017,Rabi,Vikarabad,Marpalle,Cow Gram,0,0
2016-2017,Rabi,Vikarabad,Mominpet,Cow Gram,0,0
2016-2017,Rabi,Vikarabad,Nawabpet,Cow Gram,0,0
2016-2017,Rabi,Vikarabad,Vikarabad,Cow Gram,0,0
2016-2017,Rabi,Vikarabad,Pudur,Cow Gram,0,0
2016-2017,Rabi,Vikarabad,Pargi,Cow Gram,0,0
2016-2017,Rabi,Vikarabad,Kulkacharla,Cow Gram,41,12
2016-2017,Rabi,Vikarabad,Doma,Cow Gram,58,23
2016-2017,Rabi,Vikarabad,Bomraspet,Cow Gram,0,0
2016-2017,Rabi,Vikarabad,Dharur,Cow Gram,0,0
2016-2017,Rabi,Vikarabad,Kotpalle,Cow Gram,,
2016-2017,Rabi,Vikarabad,Bantaram,Cow Gram,3,0
2016-2017,Rabi,Vikarabad,Peddemul,Cow Gram,0,0
2016-2017,Rabi,Vikarabad,Tandur,Cow Gram,0,0
2016-2017,Rabi,Vikarabad,Basheerabad,Cow Gram,0,0
2016-2017,Rabi,Vikarabad,Yelal,Cow Gram,0,0
2016-2017,Rabi,Vikarabad,Kodangal,Cow Gram,0,
2016-2017,Rabi,Vikarabad,Doultabad,Cow Gram,0,0
2016-2017,Rabi,Vikarabad,Marpalle,Red chillies,1,0
2016-2017,Rabi,Vikarabad,Mominpet,Red chillies,19,0
2016-2017,Rabi,Vikarabad,Nawabpet,Red chillies,9,2
2016-2017,Rabi,Vikarabad,Vikarabad,Red chillies,4,2
2016-2017,Rabi,Vikarabad,Pudur,Red chillies,4,34
2016-2017,Rabi,Vikarabad,Pargi,Red chillies,27,40
2016-2017,Rabi,Vikarabad,Kulkacharla,Red chillies,0,0
2016-2017,Rabi,Vikarabad,Doma,Red chillies,0,0
2016-2017,Rabi,Vikarabad,Bomraspet,Red chillies,0,0
2016-2017,Rabi,Vikarabad,Dharur,Red chillies,21,21
2016-2017,Rabi,Vikarabad,Kotpalle,Red chillies,,
2016-2017,Rabi,Vikarabad,Bantaram,Red chillies,22,5
2016-2017,Rabi,Vikarabad,Peddemul,Red chillies,2,3
2016-2017,Rabi,Vikarabad,Tandur,Red chillies,4,0
2016-2017,Rabi,Vikarabad,Basheerabad,Red chillies,9,5
2016-2017,Rabi,Vikarabad,Yelal,Red chillies,14,4
2016-2017,Rabi,Vikarabad,Kodangal,Red chillies,0,
2016-2017,Rabi,Vikarabad,Doultabad,Red chillies,0,0
2016-2017,Rabi,Vikarabad,Marpalle,Coriander,0,0
2016-2017,Rabi,Vikarabad,Mominpet,Coriander,0,0
2016-2017,Rabi,Vikarabad,Nawabpet,Coriander,0,0
2016-2017,Rabi,Vikarabad,Vikarabad,Coriander,0,0
2016-2017,Rabi,Vikarabad,Pudur,Coriander,0,0
2016-2017,Rabi,Vikarabad,Pargi,Coriander,0,0
2016-2017,Rabi,Vikarabad,Kulkacharla,Coriander,0,0
2016-2017,Rabi,Vikarabad,Doma,Coriander,0,0
2016-2017,Rabi,Vikarabad,Bomraspet,Coriander,0,0
2016-2017,Rabi,Vikarabad,Dharur,Coriander,0,0
2016-2017,Rabi,Vikarabad,Kotpalle,Coriander,,
2016-2017,Rabi,Vikarabad,Bantaram,Coriander,0,0
2016-2017,Rabi,Vikarabad,Peddemul,Coriander,0,0
2016-2017,Rabi,Vikarabad,Tandur,Coriander,0,0
2016-2017,Rabi,Vikarabad,Basheerabad,Coriander,0,0
2016-2017,Rabi,Vikarabad,Yelal,Coriander,0,0
2016-2017,Rabi,Vikarabad,Kodangal,Coriander,0,
2016-2017,Rabi,Vikarabad,Doultabad,Coriander,0,0
2016-2017,Rabi,Vikarabad,Marpalle,Potato,236,220
2016-2017,Rabi,Vikarabad,Mominpet,Potato,214,160
2016-2017,Rabi,Vikarabad,Nawabpet,Potato,17,5
2016-2017,Rabi,Vikarabad,Vikarabad,Potato,3,10
2016-2017,Rabi,Vikarabad,Pudur,Potato,0,0
2016-2017,Rabi,Vikarabad,Pargi,Potato,0,0
2016-2017,Rabi,Vikarabad,Kulkacharla,Potato,0,0
2016-2017,Rabi,Vikarabad,Doma,Potato,0,0
2016-2017,Rabi,Vikarabad,Bomraspet,Potato,0,0
2016-2017,Rabi,Vikarabad,Dharur,Potato,0,0
2016-2017,Rabi,Vikarabad,Kotpalle,Potato,16,9
2016-2017,Rabi,Vikarabad,Bantaram,Potato,16,7
2016-2017,Rabi,Vikarabad,Peddemul,Potato,0,0
2016-2017,Rabi,Vikarabad,Tandur,Potato,0,0
2016-2017,Rabi,Vikarabad,Basheerabad,Potato,0,0
2016-2017,Rabi,Vikarabad,Yelal,Potato,0,0
2016-2017,Rabi,Vikarabad,Kodangal,Potato,0,
2016-2017,Rabi,Vikarabad,Doultabad,Potato,0,0
2016-2017,Rabi,Vikarabad,Marpalle,Onion,224,182
2016-2017,Rabi,Vikarabad,Mominpet,Onion,322,230
2016-2017,Rabi,Vikarabad,Nawabpet,Onion,72,22
2016-2017,Rabi,Vikarabad,Vikarabad,Onion,80,150
2016-2017,Rabi,Vikarabad,Pudur,Onion,28,39
2016-2017,Rabi,Vikarabad,Pargi,Onion,37,36
2016-2017,Rabi,Vikarabad,Kulkacharla,Onion,31,3
2016-2017,Rabi,Vikarabad,Doma,Onion,34,41
2016-2017,Rabi,Vikarabad,Bomraspet,Onion,32,0
2016-2017,Rabi,Vikarabad,Dharur,Onion,87,118
2016-2017,Rabi,Vikarabad,Kotpalle,Onion,25,19
2016-2017,Rabi,Vikarabad,Bantaram,Onion,172,65
2016-2017,Rabi,Vikarabad,Peddemul,Onion,23,20
2016-2017,Rabi,Vikarabad,Tandur,Onion,347,332
2016-2017,Rabi,Vikarabad,Basheerabad,Onion,4,3
2016-2017,Rabi,Vikarabad,Yelal,Onion,24,10
2016-2017,Rabi,Vikarabad,Kodangal,Onion,21,
2016-2017,Rabi,Vikarabad,Doultabad,Onion,0,0
2016-2017,Rabi,Vikarabad,Marpalle,Other food crops,460,180
2016-2017,Rabi,Vikarabad,Mominpet,Other food crops,710,670
2016-2017,Rabi,Vikarabad,Nawabpet,Other food crops,295,147
2016-2017,Rabi,Vikarabad,Vikarabad,Other food crops,267,152
2016-2017,Rabi,Vikarabad,Pudur,Other food crops,258,79
2016-2017,Rabi,Vikarabad,Pargi,Other food crops,129,35
2016-2017,Rabi,Vikarabad,Kulkacharla,Other food crops,92,36
2016-2017,Rabi,Vikarabad,Doma,Other food crops,105,65
2016-2017,Rabi,Vikarabad,Bomraspet,Other food crops,121,12
2016-2017,Rabi,Vikarabad,Dharur,Other food crops,224,85
2016-2017,Rabi,Vikarabad,Kotpalle,Other food crops,,
2016-2017,Rabi,Vikarabad,Bantaram,Other food crops,300,155
2016-2017,Rabi,Vikarabad,Peddemul,Other food crops,58,24
2016-2017,Rabi,Vikarabad,Tandur,Other food crops,439,25
2016-2017,Rabi,Vikarabad,Basheerabad,Other food crops,34,6
2016-2017,Rabi,Vikarabad,Yelal,Other food crops,81,12
2016-2017,Rabi,Vikarabad,Kodangal,Other food crops,83,0
2016-2017,Rabi,Vikarabad,Doultabad,Other food crops,27,0
2016-2017,Rabi,Vikarabad,Marpalle,Sugarcane,0,0
2016-2017,Rabi,Vikarabad,Mominpet,Sugarcane,0,4
2016-2017,Rabi,Vikarabad,Nawabpet,Sugarcane,0,
2016-2017,Rabi,Vikarabad,Vikarabad,Sugarcane,0,
2016-2017,Rabi,Vikarabad,Pudur,Sugarcane,0,0
2016-2017,Rabi,Vikarabad,Pargi,Sugarcane,0,0
2016-2017,Rabi,Vikarabad,Kulkacharla,Sugarcane,0,0
2016-2017,Rabi,Vikarabad,Doma,Sugarcane,0,0
2016-2017,Rabi,Vikarabad,Bomraspet,Sugarcane,0,0
2016-2017,Rabi,Vikarabad,Dharur,Sugarcane,0,0
2016-2017,Rabi,Vikarabad,Kotpalle,Sugarcane,82,71
2016-2017,Rabi,Vikarabad,Bantaram,Sugarcane,0,0
2016-2017,Rabi,Vikarabad,Peddemul,Sugarcane,0,32
2016-2017,Rabi,Vikarabad,Tandur,Sugarcane,0,0
2016-2017,Rabi,Vikarabad,Basheerabad,Sugarcane,0,0
2016-2017,Rabi,Vikarabad,Yelal,Sugarcane,0,0
2016-2017,Rabi,Vikarabad,Kodangal,Sugarcane,0,0
2016-2017,Rabi,Vikarabad,Doultabad,Sugarcane,0,0
2016-2017,Rabi,Vikarabad,Marpalle,Groundnut,0,0
2016-2017,Rabi,Vikarabad,Mominpet,Groundnut,0,0
2016-2017,Rabi,Vikarabad,Nawabpet,Groundnut,0,0
2016-2017,Rabi,Vikarabad,Vikarabad,Groundnut,11,0
2016-2017,Rabi,Vikarabad,Pudur,Groundnut,0,0
2016-2017,Rabi,Vikarabad,Pargi,Groundnut,419,386
2016-2017,Rabi,Vikarabad,Kulkacharla,Groundnut,958,850
2016-2017,Rabi,Vikarabad,Doma,Groundnut,1026,1064
2016-2017,Rabi,Vikarabad,Bomraspet,Groundnut,1319,823
2016-2017,Rabi,Vikarabad,Dharur,Groundnut,428,321
2016-2017,Rabi,Vikarabad,Kotpalle,Groundnut,,
2016-2017,Rabi,Vikarabad,Bantaram,Groundnut,10,0
2016-2017,Rabi,Vikarabad,Peddemul,Groundnut,544,501
2016-2017,Rabi,Vikarabad,Tandur,Groundnut,467,137
2016-2017,Rabi,Vikarabad,Basheerabad,Groundnut,527,162
2016-2017,Rabi,Vikarabad,Yelal,Groundnut,1304,1498
2016-2017,Rabi,Vikarabad,Kodangal,Groundnut,375,363
2016-2017,Rabi,Vikarabad,Doultabad,Groundnut,957,575
2016-2017,Rabi,Vikarabad,Marpalle,Sesamum,0,0
2016-2017,Rabi,Vikarabad,Mominpet,Sesamum,0,0
2016-2017,Rabi,Vikarabad,Nawabpet,Sesamum,0,0
2016-2017,Rabi,Vikarabad,Vikarabad,Sesamum,0,0
2016-2017,Rabi,Vikarabad,Pudur,Sesamum,0,0
2016-2017,Rabi,Vikarabad,Pargi,Sesamum,0,0
2016-2017,Rabi,Vikarabad,Kulkacharla,Sesamum,0,0
2016-2017,Rabi,Vikarabad,Doma,Sesamum,1,2
2016-2017,Rabi,Vikarabad,Bomraspet,Sesamum,0,0
2016-2017,Rabi,Vikarabad,Dharur,Sesamum,0,0
2016-2017,Rabi,Vikarabad,Kotpalle,Sesamum,,
2016-2017,Rabi,Vikarabad,Bantaram,Sesamum,0,0
2016-2017,Rabi,Vikarabad,Peddemul,Sesamum,0,0
2016-2017,Rabi,Vikarabad,Tandur,Sesamum,0,0
2016-2017,Rabi,Vikarabad,Basheerabad,Sesamum,0,0
2016-2017,Rabi,Vikarabad,Yelal,Sesamum,0,0
2016-2017,Rabi,Vikarabad,Kodangal,Sesamum,0,
2016-2017,Rabi,Vikarabad,Doultabad,Sesamum,0,0
2016-2017,Rabi,Vikarabad,Marpalle,Safflower,94,74
2016-2017,Rabi,Vikarabad,Mominpet,Safflower,41,15
2016-2017,Rabi,Vikarabad,Nawabpet,Safflower,82,7
2016-2017,Rabi,Vikarabad,Vikarabad,Safflower,34,22
2016-2017,Rabi,Vikarabad,Pudur,Safflower,22,2
2016-2017,Rabi,Vikarabad,Pargi,Safflower,0,0
2016-2017,Rabi,Vikarabad,Kulkacharla,Safflower,0,0
2016-2017,Rabi,Vikarabad,Doma,Safflower,2,6
2016-2017,Rabi,Vikarabad,Bomraspet,Safflower,9,5
2016-2017,Rabi,Vikarabad,Dharur,Safflower,15,70
2016-2017,Rabi,Vikarabad,Kotpalle,Safflower,75,28
2016-2017,Rabi,Vikarabad,Bantaram,Safflower,122,12
2016-2017,Rabi,Vikarabad,Peddemul,Safflower,42,11
2016-2017,Rabi,Vikarabad,Tandur,Safflower,204,47
2016-2017,Rabi,Vikarabad,Basheerabad,Safflower,132,52
2016-2017,Rabi,Vikarabad,Yelal,Safflower,167,135
2016-2017,Rabi,Vikarabad,Kodangal,Safflower,75,22
2016-2017,Rabi,Vikarabad,Doultabad,Safflower,1,0
2016-2017,Rabi,Vikarabad,Marpalle,Sunflower,8,4
2016-2017,Rabi,Vikarabad,Mominpet,Sunflower,8,0
2016-2017,Rabi,Vikarabad,Nawabpet,Sunflower,4,1
2016-2017,Rabi,Vikarabad,Vikarabad,Sunflower,4,2
2016-2017,Rabi,Vikarabad,Pudur,Sunflower,0,0
2016-2017,Rabi,Vikarabad,Pargi,Sunflower,0,0
2016-2017,Rabi,Vikarabad,Kulkacharla,Sunflower,0,0
2016-2017,Rabi,Vikarabad,Doma,Sunflower,6,6
2016-2017,Rabi,Vikarabad,Bomraspet,Sunflower,0,0
2016-2017,Rabi,Vikarabad,Dharur,Sunflower,21,2
2016-2017,Rabi,Vikarabad,Kotpalle,Sunflower,15,13
2016-2017,Rabi,Vikarabad,Bantaram,Sunflower,11,5
2016-2017,Rabi,Vikarabad,Peddemul,Sunflower,1,0
2016-2017,Rabi,Vikarabad,Tandur,Sunflower,0,0
2016-2017,Rabi,Vikarabad,Basheerabad,Sunflower,5,2
2016-2017,Rabi,Vikarabad,Yelal,Sunflower,1,0
2016-2017,Rabi,Vikarabad,Kodangal,Sunflower,0,
2016-2017,Rabi,Vikarabad,Doultabad,Sunflower,27,0
2016-2017,Rabi,Vikarabad,Marpalle,Other oil seeds,0,0
2016-2017,Rabi,Vikarabad,Mominpet,Other oil seeds,0,0
2016-2017,Rabi,Vikarabad,Nawabpet,Other oil seeds,0,0
2016-2017,Rabi,Vikarabad,Vikarabad,Other oil seeds,0,0
2016-2017,Rabi,Vikarabad,Pudur,Other oil seeds,0,0
2016-2017,Rabi,Vikarabad,Pargi,Other oil seeds,0,0
2016-2017,Rabi,Vikarabad,Kulkacharla,Other oil seeds,0,0
2016-2017,Rabi,Vikarabad,Doma,Other oil seeds,0,0
2016-2017,Rabi,Vikarabad,Bomraspet,Other oil seeds,0,0
2016-2017,Rabi,Vikarabad,Dharur,Other oil seeds,0,0
2016-2017,Rabi,Vikarabad,Kotpalle,Other oil seeds,,
2016-2017,Rabi,Vikarabad,Bantaram,Other oil seeds,0,0
2016-2017,Rabi,Vikarabad,Peddemul,Other oil seeds,0,0
2016-2017,Rabi,Vikarabad,Tandur,Other oil seeds,0,0
2016-2017,Rabi,Vikarabad,Basheerabad,Other oil seeds,0,0
2016-2017,Rabi,Vikarabad,Yelal,Other oil seeds,0,0
2016-2017,Rabi,Vikarabad,Kodangal,Other oil seeds,0,
2016-2017,Rabi,Vikarabad,Doultabad,Other oil seeds,1,0
2016-2017,Rabi,Vikarabad,Marpalle,Tobacco,0,0
2016-2017,Rabi,Vikarabad,Mominpet,Tobacco,0,0
2016-2017,Rabi,Vikarabad,Nawabpet,Tobacco,0,0
2016-2017,Rabi,Vikarabad,Vikarabad,Tobacco,0,0
2016-2017,Rabi,Vikarabad,Pudur,Tobacco,0,0
2016-2017,Rabi,Vikarabad,Pargi,Tobacco,0,0
2016-2017,Rabi,Vikarabad,Kulkacharla,Tobacco,0,0
2016-2017,Rabi,Vikarabad,Doma,Tobacco,0,0
2016-2017,Rabi,Vikarabad,Bomraspet,Tobacco,0,0
2016-2017,Rabi,Vikarabad,Dharur,Tobacco,0,0
2016-2017,Rabi,Vikarabad,Kotpalle,Tobacco,,
2016-2017,Rabi,Vikarabad,Bantaram,Tobacco,0,0
2016-2017,Rabi,Vikarabad,Peddemul,Tobacco,0,0
2016-2017,Rabi,Vikarabad,Tandur,Tobacco,0,0
2016-2017,Rabi,Vikarabad,Basheerabad,Tobacco,0,0
2016-2017,Rabi,Vikarabad,Yelal,Tobacco,0,0
2016-2017,Rabi,Vikarabad,Kodangal,Tobacco,0,
2016-2017,Rabi,Vikarabad,Doultabad,Tobacco,0,0
2016-2017,Rabi,Vikarabad,Marpalle,Other non-food crops,9,0
2016-2017,Rabi,Vikarabad,Mominpet,Other non-food crops,29,0
2016-2017,Rabi,Vikarabad,Nawabpet,Other non-food crops,17,12
2016-2017,Rabi,Vikarabad,Vikarabad,Other non-food crops,38,0
2016-2017,Rabi,Vikarabad,Pudur,Other non-food crops,26,15
2016-2017,Rabi,Vikarabad,Pargi,Other non-food crops,2,0
2016-2017,Rabi,Vikarabad,Kulkacharla,Other non-food crops,41,0
2016-2017,Rabi,Vikarabad,Doma,Other non-food crops,20,13
2016-2017,Rabi,Vikarabad,Bomraspet,Other non-food crops,0,0
2016-2017,Rabi,Vikarabad,Dharur,Other non-food crops,47,85
2016-2017,Rabi,Vikarabad,Kotpalle,Other non-food crops,26,11
2016-2017,Rabi,Vikarabad,Bantaram,Other non-food crops,27,18
2016-2017,Rabi,Vikarabad,Peddemul,Other non-food crops,8,5
2016-2017,Rabi,Vikarabad,Tandur,Other non-food crops,3,0
2016-2017,Rabi,Vikarabad,Basheerabad,Other non-food crops,5,1
2016-2017,Rabi,Vikarabad,Yelal,Other non-food crops,7,0
2016-2017,Rabi,Vikarabad,Kodangal,Other non-food crops,3,
2016-2017,Rabi,Vikarabad,Doultabad,Other non-food crops,0,0
2016-2017,Rabi,Vikarabad,Marpalle,Total,1285,1023
2016-2017,Rabi,Vikarabad,Mominpet,Total,1501,1279
2016-2017,Rabi,Vikarabad,Nawabpet,Total,1086,703
2016-2017,Rabi,Vikarabad,Vikarabad,Total,776,842
2016-2017,Rabi,Vikarabad,Pudur,Total,925,993
2016-2017,Rabi,Vikarabad,Pargi,Total,1115,1703
2016-2017,Rabi,Vikarabad,Kulkacharla,Total,2143,1772
2016-2017,Rabi,Vikarabad,Doma,Total,2540,2114
2016-2017,Rabi,Vikarabad,Bomraspet,Total,2629,2204
2016-2017,Rabi,Vikarabad,Dharur,Total,1686,1307
2016-2017,Rabi,Vikarabad,Kotpalle,Total,1686,546
2016-2017,Rabi,Vikarabad,Bantaram,Total,1204,625
2016-2017,Rabi,Vikarabad,Peddemul,Total,1861,1215
2016-2017,Rabi,Vikarabad,Tandur,Total,2787,2011
2016-2017,Rabi,Vikarabad,Basheerabad,Total,1935,1000
2016-2017,Rabi,Vikarabad,Yelal,Total,3417,3279
2016-2017,Rabi,Vikarabad,Kodangal,Total,2055,1746
2016-2017,Rabi,Vikarabad,Doultabad,Total,2202,1780
