year,season,districtName,mandalName,crop,normalAreaSown,actualAreaSown
2017-2018,Rabi,Vikarabad,Marpalle,Paddy,10,5
2017-2018,Rabi,Vikarabad,Mominpet,Paddy,64,30
2017-2018,Rabi,Vikarabad,Nawabpet,Paddy,23,12
2017-2018,Rabi,Vikarabad,Vikarabad,Paddy,52,45
2017-2018,Rabi,Vikarabad,Pudur,Paddy,115,110
2017-2018,Rabi,Vikarabad,Pargi,Paddy,248,584
2017-2018,Rabi,Vikarabad,Kulkacharla,Paddy,772,1316
2017-2018,Rabi,Vikarabad,Doma,Paddy,887,2046
2017-2018,Rabi,Vikarabad,Bomraspeta,Paddy,1149,1262
2017-2018,Rabi,Vikarabad,Dharur,Paddy,305,251
2017-2018,Rabi,Vikarabad,Kotepally,Paddy,5,41
2017-2018,Rabi,Vikarabad,Bantwaram,Paddy,11,4
2017-2018,Rabi,Vikarabad,Peddemul,Paddy,313,282
2017-2018,Rabi,Vikarabad,Tandur,Paddy,569,762
2017-2018,Rabi,Vikarabad,Basheerabad,Paddy,309,461
2017-2018,Rabi,Vikarabad,Yelal,Paddy,1155,1976
2017-2018,Rabi,Vikarabad,Kodangal,Paddy,484,713
2017-2018,Rabi,Vikarabad,Doulatabad,Paddy,876,741
2017-2018,Rabi,Vikarabad,Marpalle,Wheat,50,13
2017-2018,Rabi,Vikarabad,Mominpet,Wheat,44,7
2017-2018,Rabi,Vikarabad,Nawabpet,Wheat,35,18
2017-2018,Rabi,Vikarabad,Vikarabad,Wheat,33,15
2017-2018,Rabi,Vikarabad,Pudur,Wheat,15,0
2017-2018,Rabi,Vikarabad,Pargi,Wheat,23,5
2017-2018,Rabi,Vikarabad,Kulkacharla,Wheat,0,0
2017-2018,Rabi,Vikarabad,Doma,Wheat,3,0
2017-2018,Rabi,Vikarabad,Bomraspeta,Wheat,0,0
2017-2018,Rabi,Vikarabad,Dharur,Wheat,27,4
2017-2018,Rabi,Vikarabad,Kotepally,Wheat,0,19
2017-2018,Rabi,Vikarabad,Bantwaram,Wheat,15,15
2017-2018,Rabi,Vikarabad,Peddemul,Wheat,3,0
2017-2018,Rabi,Vikarabad,Tandur,Wheat,11,0
2017-2018,Rabi,Vikarabad,Basheerabad,Wheat,0,0
2017-2018,Rabi,Vikarabad,Yelal,Wheat,2,0
2017-2018,Rabi,Vikarabad,Kodangal,Wheat,0,0
2017-2018,Rabi,Vikarabad,Doulatabad,Wheat,0,0
2017-2018,Rabi,Vikarabad,Marpalle,Jowar,81,23
2017-2018,Rabi,Vikarabad,Mominpet,Jowar,77,20
2017-2018,Rabi,Vikarabad,Nawabpet,Jowar,58,32
2017-2018,Rabi,Vikarabad,Vikarabad,Jowar,49,39
2017-2018,Rabi,Vikarabad,Pudur,Jowar,105,98
2017-2018,Rabi,Vikarabad,Pargi,Jowar,39,17
2017-2018,Rabi,Vikarabad,Kulkacharla,Jowar,28,117
2017-2018,Rabi,Vikarabad,Doma,Jowar,114,45
2017-2018,Rabi,Vikarabad,Bomraspeta,Jowar,22,12
2017-2018,Rabi,Vikarabad,Dharur,Jowar,133,62
2017-2018,Rabi,Vikarabad,Kotepally,Jowar,23,58
2017-2018,Rabi,Vikarabad,Bantwaram,Jowar,119,50
2017-2018,Rabi,Vikarabad,Peddemul,Jowar,168,62
2017-2018,Rabi,Vikarabad,Tandur,Jowar,620,272
2017-2018,Rabi,Vikarabad,Basheerabad,Jowar,463,349
2017-2018,Rabi,Vikarabad,Yelal,Jowar,384,23
2017-2018,Rabi,Vikarabad,Kodangal,Jowar,593,523
2017-2018,Rabi,Vikarabad,Doulatabad,Jowar,227,117
2017-2018,Rabi,Vikarabad,Marpalle,Maize,25,11
2017-2018,Rabi,Vikarabad,Mominpet,Maize,65,22
2017-2018,Rabi,Vikarabad,Nawabpet,Maize,59,39
2017-2018,Rabi,Vikarabad,Vikarabad,Maize,114,55
2017-2018,Rabi,Vikarabad,Pudur,Maize,84,72
2017-2018,Rabi,Vikarabad,Pargi,Maize,84,55
2017-2018,Rabi,Vikarabad,Kulkacharla,Maize,35,118
2017-2018,Rabi,Vikarabad,Doma,Maize,166,89
2017-2018,Rabi,Vikarabad,Bomraspeta,Maize,0,0
2017-2018,Rabi,Vikarabad,Dharur,Maize,92,30
2017-2018,Rabi,Vikarabad,Kotepally,Maize,22,49
2017-2018,Rabi,Vikarabad,Bantwaram,Maize,31,22
2017-2018,Rabi,Vikarabad,Peddemul,Maize,11,11
2017-2018,Rabi,Vikarabad,Tandur,Maize,2,0
2017-2018,Rabi,Vikarabad,Basheerabad,Maize,0,0
2017-2018,Rabi,Vikarabad,Yelal,Maize,8,0
2017-2018,Rabi,Vikarabad,Kodangal,Maize,0,0
2017-2018,Rabi,Vikarabad,Doulatabad,Maize,0,0
2017-2018,Rabi,Vikarabad,Marpalle,Ragi,0,0
2017-2018,Rabi,Vikarabad,Mominpet,Ragi,0,0
2017-2018,Rabi,Vikarabad,Nawabpet,Ragi,0,0
2017-2018,Rabi,Vikarabad,Vikarabad,Ragi,0,0
2017-2018,Rabi,Vikarabad,Pudur,Ragi,0,0
2017-2018,Rabi,Vikarabad,Pargi,Ragi,0,0
2017-2018,Rabi,Vikarabad,Kulkacharla,Ragi,17,27
2017-2018,Rabi,Vikarabad,Doma,Ragi,82,0
2017-2018,Rabi,Vikarabad,Bomraspeta,Ragi,0,0
2017-2018,Rabi,Vikarabad,Dharur,Ragi,0,0
2017-2018,Rabi,Vikarabad,Kotepally,Ragi,0,0
2017-2018,Rabi,Vikarabad,Bantwaram,Ragi,0,0
2017-2018,Rabi,Vikarabad,Peddemul,Ragi,0,0
2017-2018,Rabi,Vikarabad,Tandur,Ragi,0,0
2017-2018,Rabi,Vikarabad,Basheerabad,Ragi,0,0
2017-2018,Rabi,Vikarabad,Yelal,Ragi,0,0
2017-2018,Rabi,Vikarabad,Kodangal,Ragi,0,0
2017-2018,Rabi,Vikarabad,Doulatabad,Ragi,11,0
2017-2018,Rabi,Vikarabad,Marpalle,Horse Gram,0,0
2017-2018,Rabi,Vikarabad,Mominpet,Horse Gram,0,0
2017-2018,Rabi,Vikarabad,Nawabpet,Horse Gram,0,0
2017-2018,Rabi,Vikarabad,Vikarabad,Horse Gram,0,0
2017-2018,Rabi,Vikarabad,Pudur,Horse Gram,0,0
2017-2018,Rabi,Vikarabad,Pargi,Horse Gram,0,0
2017-2018,Rabi,Vikarabad,Kulkacharla,Horse Gram,0,0
2017-2018,Rabi,Vikarabad,Doma,Horse Gram,8,0
2017-2018,Rabi,Vikarabad,Bomraspeta,Horse Gram,0,0
2017-2018,Rabi,Vikarabad,Dharur,Horse Gram,0,0
2017-2018,Rabi,Vikarabad,Kotepally,Horse Gram,0,0
2017-2018,Rabi,Vikarabad,Bantwaram,Horse Gram,3,0
2017-2018,Rabi,Vikarabad,Peddemul,Horse Gram,0,0
2017-2018,Rabi,Vikarabad,Tandur,Horse Gram,0,0
2017-2018,Rabi,Vikarabad,Basheerabad,Horse Gram,0,0
2017-2018,Rabi,Vikarabad,Yelal,Horse Gram,0,0
2017-2018,Rabi,Vikarabad,Kodangal,Horse Gram,0,0
2017-2018,Rabi,Vikarabad,Doulatabad,Horse Gram,0,0
2017-2018,Rabi,Vikarabad,Marpalle,Red Gram,0,0
2017-2018,Rabi,Vikarabad,Mominpet,Red Gram,0,0
2017-2018,Rabi,Vikarabad,Nawabpet,Red Gram,0,0
2017-2018,Rabi,Vikarabad,Vikarabad,Red Gram,0,0
2017-2018,Rabi,Vikarabad,Pudur,Red Gram,0,0
2017-2018,Rabi,Vikarabad,Pargi,Red Gram,0,0
2017-2018,Rabi,Vikarabad,Kulkacharla,Red Gram,0,0
2017-2018,Rabi,Vikarabad,Doma,Red Gram,0,0
2017-2018,Rabi,Vikarabad,Bomraspeta,Red Gram,0,0
2017-2018,Rabi,Vikarabad,Dharur,Red Gram,0,0
2017-2018,Rabi,Vikarabad,Kotepally,Red Gram,0,0
2017-2018,Rabi,Vikarabad,Bantwaram,Red Gram,0,0
2017-2018,Rabi,Vikarabad,Peddemul,Red Gram,1,0
2017-2018,Rabi,Vikarabad,Tandur,Red Gram,29,8
2017-2018,Rabi,Vikarabad,Basheerabad,Red Gram,42,68
2017-2018,Rabi,Vikarabad,Yelal,Red Gram,0,0
2017-2018,Rabi,Vikarabad,Kodangal,Red Gram,0,0
2017-2018,Rabi,Vikarabad,Doulatabad,Red Gram,0,0
2017-2018,Rabi,Vikarabad,Marpalle,Bengal Gram,254,85
2017-2018,Rabi,Vikarabad,Mominpet,Bengal Gram,245,82
2017-2018,Rabi,Vikarabad,Nawabpet,Bengal Gram,406,248
2017-2018,Rabi,Vikarabad,Vikarabad,Bengal Gram,187,180
2017-2018,Rabi,Vikarabad,Pudur,Bengal Gram,346,516
2017-2018,Rabi,Vikarabad,Pargi,Bengal Gram,298,748
2017-2018,Rabi,Vikarabad,Kulkacharla,Bengal Gram,2,0
2017-2018,Rabi,Vikarabad,Doma,Bengal Gram,79,38
2017-2018,Rabi,Vikarabad,Bomraspeta,Bengal Gram,3,16
2017-2018,Rabi,Vikarabad,Dharur,Bengal Gram,148,109
2017-2018,Rabi,Vikarabad,Kotepally,Bengal Gram,6,28
2017-2018,Rabi,Vikarabad,Bantwaram,Bengal Gram,146,120
2017-2018,Rabi,Vikarabad,Peddemul,Bengal Gram,69,65
2017-2018,Rabi,Vikarabad,Tandur,Bengal Gram,278,180
2017-2018,Rabi,Vikarabad,Basheerabad,Bengal Gram,260,342
2017-2018,Rabi,Vikarabad,Yelal,Bengal Gram,233,89
2017-2018,Rabi,Vikarabad,Kodangal,Bengal Gram,317,348
2017-2018,Rabi,Vikarabad,Doulatabad,Bengal Gram,14,47
2017-2018,Rabi,Vikarabad,Marpalle,Cow Gram,0,0
2017-2018,Rabi,Vikarabad,Mominpet,Cow Gram,0,0
2017-2018,Rabi,Vikarabad,Nawabpet,Cow Gram,0,0
2017-2018,Rabi,Vikarabad,Vikarabad,Cow Gram,0,0
2017-2018,Rabi,Vikarabad,Pudur,Cow Gram,0,0
2017-2018,Rabi,Vikarabad,Pargi,Cow Gram,0,0
2017-2018,Rabi,Vikarabad,Kulkacharla,Cow Gram,33,0
2017-2018,Rabi,Vikarabad,Doma,Cow Gram,52,61
2017-2018,Rabi,Vikarabad,Bomraspeta,Cow Gram,0,0
2017-2018,Rabi,Vikarabad,Dharur,Cow Gram,0,0
2017-2018,Rabi,Vikarabad,Kotepally,Cow Gram,0,0
2017-2018,Rabi,Vikarabad,Bantwaram,Cow Gram,3,0
2017-2018,Rabi,Vikarabad,Peddemul,Cow Gram,0,0
2017-2018,Rabi,Vikarabad,Tandur,Cow Gram,0,0
2017-2018,Rabi,Vikarabad,Basheerabad,Cow Gram,0,0
2017-2018,Rabi,Vikarabad,Yelal,Cow Gram,0,0
2017-2018,Rabi,Vikarabad,Kodangal,Cow Gram,0,0
2017-2018,Rabi,Vikarabad,Doulatabad,Cow Gram,0,0
2017-2018,Rabi,Vikarabad,Marpalle,Chillies,1,13
2017-2018,Rabi,Vikarabad,Mominpet,Chillies,20,6
2017-2018,Rabi,Vikarabad,Nawabpet,Chillies,4,2
2017-2018,Rabi,Vikarabad,Vikarabad,Chillies,4,0
2017-2018,Rabi,Vikarabad,Pudur,Chillies,7,1
2017-2018,Rabi,Vikarabad,Pargi,Chillies,34,5
2017-2018,Rabi,Vikarabad,Kulkacharla,Chillies,0,0
2017-2018,Rabi,Vikarabad,Doma,Chillies,0,0
2017-2018,Rabi,Vikarabad,Bomraspeta,Chillies,0,0
2017-2018,Rabi,Vikarabad,Dharur,Chillies,12,5
2017-2018,Rabi,Vikarabad,Kotepally,Chillies,0,28
2017-2018,Rabi,Vikarabad,Bantwaram,Chillies,22,14
2017-2018,Rabi,Vikarabad,Peddemul,Chillies,1,0
2017-2018,Rabi,Vikarabad,Tandur,Chillies,0,0
2017-2018,Rabi,Vikarabad,Basheerabad,Chillies,6,5
2017-2018,Rabi,Vikarabad,Yelal,Chillies,9,0
2017-2018,Rabi,Vikarabad,Kodangal,Chillies,0,0
2017-2018,Rabi,Vikarabad,Doulatabad,Chillies,0,0
2017-2018,Rabi,Vikarabad,Marpalle,Sugarcane (Planted and Ratoon),53,47
2017-2018,Rabi,Vikarabad,Mominpet,Sugarcane (Planted and Ratoon),5,4
2017-2018,Rabi,Vikarabad,Nawabpet,Sugarcane (Planted and Ratoon),4,0
2017-2018,Rabi,Vikarabad,Vikarabad,Sugarcane (Planted and Ratoon),10,26
2017-2018,Rabi,Vikarabad,Pudur,Sugarcane (Planted and Ratoon),2,0
2017-2018,Rabi,Vikarabad,Pargi,Sugarcane (Planted and Ratoon),0,0
2017-2018,Rabi,Vikarabad,Kulkacharla,Sugarcane (Planted and Ratoon),2,0
2017-2018,Rabi,Vikarabad,Doma,Sugarcane (Planted and Ratoon),0,0
2017-2018,Rabi,Vikarabad,Bomraspeta,Sugarcane (Planted and Ratoon),0,0
2017-2018,Rabi,Vikarabad,Dharur,Sugarcane (Planted and Ratoon),17,8
2017-2018,Rabi,Vikarabad,Kotepally,Sugarcane (Planted and Ratoon),8,6
2017-2018,Rabi,Vikarabad,Bantwaram,Sugarcane (Planted and Ratoon),252,186
2017-2018,Rabi,Vikarabad,Peddemul,Sugarcane (Planted and Ratoon),810,1775
2017-2018,Rabi,Vikarabad,Tandur,Sugarcane (Planted and Ratoon),4,1
2017-2018,Rabi,Vikarabad,Basheerabad,Sugarcane (Planted and Ratoon),0,0
2017-2018,Rabi,Vikarabad,Yelal,Sugarcane (Planted and Ratoon),0,0
2017-2018,Rabi,Vikarabad,Kodangal,Sugarcane (Planted and Ratoon),0,0
2017-2018,Rabi,Vikarabad,Doulatabad,Sugarcane (Planted and Ratoon),3,0
2017-2018,Rabi,Vikarabad,Marpalle,Onion,213,358
2017-2018,Rabi,Vikarabad,Mominpet,Onion,315,480
2017-2018,Rabi,Vikarabad,Nawabpet,Onion,55,29
2017-2018,Rabi,Vikarabad,Vikarabad,Onion,87,140
2017-2018,Rabi,Vikarabad,Pudur,Onion,29,34
2017-2018,Rabi,Vikarabad,Pargi,Onion,38,8
2017-2018,Rabi,Vikarabad,Kulkacharla,Onion,28,24
2017-2018,Rabi,Vikarabad,Doma,Onion,38,29
2017-2018,Rabi,Vikarabad,Bomraspeta,Onion,23,21
2017-2018,Rabi,Vikarabad,Dharur,Onion,55,40
2017-2018,Rabi,Vikarabad,Kotepally,Onion,13,12
2017-2018,Rabi,Vikarabad,Bantwaram,Onion,166,111
2017-2018,Rabi,Vikarabad,Peddemul,Onion,27,25
2017-2018,Rabi,Vikarabad,Tandur,Onion,351,422
2017-2018,Rabi,Vikarabad,Basheerabad,Onion,2,0
2017-2018,Rabi,Vikarabad,Yelal,Onion,20,12
2017-2018,Rabi,Vikarabad,Kodangal,Onion,10,0
2017-2018,Rabi,Vikarabad,Doulatabad,Onion,0,10
2017-2018,Rabi,Vikarabad,Marpalle,Groundnut,0,0
2017-2018,Rabi,Vikarabad,Mominpet,Groundnut,0,0
2017-2018,Rabi,Vikarabad,Nawabpet,Groundnut,0,0
2017-2018,Rabi,Vikarabad,Vikarabad,Groundnut,6,0
2017-2018,Rabi,Vikarabad,Pudur,Groundnut,0,0
2017-2018,Rabi,Vikarabad,Pargi,Groundnut,452,281
2017-2018,Rabi,Vikarabad,Kulkacharla,Groundnut,788,263
2017-2018,Rabi,Vikarabad,Doma,Groundnut,1079,653
2017-2018,Rabi,Vikarabad,Bomraspeta,Groundnut,1253,1121
2017-2018,Rabi,Vikarabad,Dharur,Groundnut,345,284
2017-2018,Rabi,Vikarabad,Kotepally,Groundnut,2,37
2017-2018,Rabi,Vikarabad,Bantwaram,Groundnut,7,0
2017-2018,Rabi,Vikarabad,Peddemul,Groundnut,391,336
2017-2018,Rabi,Vikarabad,Tandur,Groundnut,415,190
2017-2018,Rabi,Vikarabad,Basheerabad,Groundnut,504,599
2017-2018,Rabi,Vikarabad,Yelal,Groundnut,1130,681
2017-2018,Rabi,Vikarabad,Kodangal,Groundnut,373,313
2017-2018,Rabi,Vikarabad,Doulatabad,Groundnut,940,347
2017-2018,Rabi,Vikarabad,Marpalle,Safflower,70,5
2017-2018,Rabi,Vikarabad,Mominpet,Safflower,32,8
2017-2018,Rabi,Vikarabad,Nawabpet,Safflower,58,18
2017-2018,Rabi,Vikarabad,Vikarabad,Safflower,30,28
2017-2018,Rabi,Vikarabad,Pudur,Safflower,17,12
2017-2018,Rabi,Vikarabad,Pargi,Safflower,0,0
2017-2018,Rabi,Vikarabad,Kulkacharla,Safflower,0,0
2017-2018,Rabi,Vikarabad,Doma,Safflower,0,0
2017-2018,Rabi,Vikarabad,Bomraspeta,Safflower,9,4
2017-2018,Rabi,Vikarabad,Dharur,Safflower,28,28
2017-2018,Rabi,Vikarabad,Kotepally,Safflower,0,19
2017-2018,Rabi,Vikarabad,Bantwaram,Safflower,100,40
2017-2018,Rabi,Vikarabad,Peddemul,Safflower,38,43
2017-2018,Rabi,Vikarabad,Tandur,Safflower,154,22
2017-2018,Rabi,Vikarabad,Basheerabad,Safflower,73,36
2017-2018,Rabi,Vikarabad,Yelal,Safflower,116,31
2017-2018,Rabi,Vikarabad,Kodangal,Safflower,51,23
2017-2018,Rabi,Vikarabad,Doulatabad,Safflower,1,0
2017-2018,Rabi,Vikarabad,Marpalle,Sunflower,8,0
2017-2018,Rabi,Vikarabad,Mominpet,Sunflower,6,0
2017-2018,Rabi,Vikarabad,Nawabpet,Sunflower,4,1
2017-2018,Rabi,Vikarabad,Vikarabad,Sunflower,2,0
2017-2018,Rabi,Vikarabad,Pudur,Sunflower,0,0
2017-2018,Rabi,Vikarabad,Pargi,Sunflower,0,0
2017-2018,Rabi,Vikarabad,Kulkacharla,Sunflower,0,0
2017-2018,Rabi,Vikarabad,Doma,Sunflower,6,0
2017-2018,Rabi,Vikarabad,Bomraspeta,Sunflower,3,0
2017-2018,Rabi,Vikarabad,Dharur,Sunflower,19,19
2017-2018,Rabi,Vikarabad,Kotepally,Sunflower,0,10
2017-2018,Rabi,Vikarabad,Bantwaram,Sunflower,11,0
2017-2018,Rabi,Vikarabad,Peddemul,Sunflower,0,0
2017-2018,Rabi,Vikarabad,Tandur,Sunflower,0,0
2017-2018,Rabi,Vikarabad,Basheerabad,Sunflower,5,0
2017-2018,Rabi,Vikarabad,Yelal,Sunflower,1,0
2017-2018,Rabi,Vikarabad,Kodangal,Sunflower,0,0
2017-2018,Rabi,Vikarabad,Doulatabad,Sunflower,5,2
2017-2018,Rabi,Vikarabad,Marpalle,Other food crops,476,456
2017-2018,Rabi,Vikarabad,Mominpet,Other food crops,572,565
2017-2018,Rabi,Vikarabad,Nawabpet,Other food crops,243,241
2017-2018,Rabi,Vikarabad,Vikarabad,Other food crops,200,196
2017-2018,Rabi,Vikarabad,Pudur,Other food crops,244,223
2017-2018,Rabi,Vikarabad,Pargi,Other food crops,85,48
2017-2018,Rabi,Vikarabad,Kulkacharla,Other food crops,63,51
2017-2018,Rabi,Vikarabad,Doma,Other food crops,86,75
2017-2018,Rabi,Vikarabad,Bomraspeta,Other food crops,90,82
2017-2018,Rabi,Vikarabad,Dharur,Other food crops,150,135
2017-2018,Rabi,Vikarabad,Kotepally,Other food crops,24,93
2017-2018,Rabi,Vikarabad,Bantwaram,Other food crops,142,145
2017-2018,Rabi,Vikarabad,Peddemul,Other food crops,62,58
2017-2018,Rabi,Vikarabad,Tandur,Other food crops,77,63
2017-2018,Rabi,Vikarabad,Basheerabad,Other food crops,30,30
2017-2018,Rabi,Vikarabad,Yelal,Other food crops,58,52
2017-2018,Rabi,Vikarabad,Kodangal,Other food crops,58,51
2017-2018,Rabi,Vikarabad,Doulatabad,Other food crops,29,21
2017-2018,Rabi,Vikarabad,Marpalle,Other non-food crops,12,6
2017-2018,Rabi,Vikarabad,Mominpet,Other non-food crops,34,3
2017-2018,Rabi,Vikarabad,Nawabpet,Other non-food crops,18,18
2017-2018,Rabi,Vikarabad,Vikarabad,Other non-food crops,48,38
2017-2018,Rabi,Vikarabad,Pudur,Other non-food crops,26,30
2017-2018,Rabi,Vikarabad,Pargi,Other non-food crops,0,0
2017-2018,Rabi,Vikarabad,Kulkacharla,Other non-food crops,41,6
2017-2018,Rabi,Vikarabad,Doma,Other non-food crops,21,0
2017-2018,Rabi,Vikarabad,Bomraspeta,Other non-food crops,0,0
2017-2018,Rabi,Vikarabad,Dharur,Other non-food crops,17,8
2017-2018,Rabi,Vikarabad,Kotepally,Other non-food crops,2,25
2017-2018,Rabi,Vikarabad,Bantwaram,Other non-food crops,29,15
2017-2018,Rabi,Vikarabad,Peddemul,Other non-food crops,14,0
2017-2018,Rabi,Vikarabad,Tandur,Other non-food crops,1,0
2017-2018,Rabi,Vikarabad,Basheerabad,Other non-food crops,3,0
2017-2018,Rabi,Vikarabad,Yelal,Other non-food crops,4,0
2017-2018,Rabi,Vikarabad,Kodangal,Other non-food crops,0,0
2017-2018,Rabi,Vikarabad,Doulatabad,Other non-food crops,1,0
2017-2018,Rabi,Vikarabad,Marpalle,Total,1253,1022
2017-2018,Rabi,Vikarabad,Mominpet,Total,1479,1227
2017-2018,Rabi,Vikarabad,Nawabpet,Total,967,658
2017-2018,Rabi,Vikarabad,Vikarabad,Total,822,762
2017-2018,Rabi,Vikarabad,Pudur,Total,990,1096
2017-2018,Rabi,Vikarabad,Pargi,Total,1301,1751
2017-2018,Rabi,Vikarabad,Kulkacharla,Total,1809,1922
2017-2018,Rabi,Vikarabad,Doma,Total,2621,3036
2017-2018,Rabi,Vikarabad,Bomraspeta,Total,2552,2518
2017-2018,Rabi,Vikarabad,Dharur,Total,1348,983
2017-2018,Rabi,Vikarabad,Kotepally,Total,105,425
2017-2018,Rabi,Vikarabad,Bantwaram,Total,1057,722
2017-2018,Rabi,Vikarabad,Peddemul,Total,1908,2657
2017-2018,Rabi,Vikarabad,Tandur,Total,2511,1920
2017-2018,Rabi,Vikarabad,Basheerabad,Total,1697,1890
2017-2018,Rabi,Vikarabad,Yelal,Total,3120,2864
2017-2018,Rabi,Vikarabad,Kodangal,Total,1886,1971
2017-2018,Rabi,Vikarabad,Doulatabad,Total,2107,1285
