year,season,districtName,mandalName,crop,normalAreaSown,actualAreaSown
2016-2017,Rabi,Wanaparthy,Amarachintha,Paddy,554.4,1120
2016-2017,Rabi,Wanaparthy,Madanapur,Paddy,1769,1902
2016-2017,Rabi,Wanaparthy,Peddamandadi,Paddy,401.8,446
2016-2017,Rabi,Wanaparthy,Ghanpur,Paddy,565.4,403
2016-2017,Rabi,Wanaparthy,Gopalpet,Paddy,358.8,873
2016-2017,Rabi,Wanaparthy,Revally,Paddy,295,622
2016-2017,Rabi,Wanaparthy,Pangal,Paddy,352.8,889
2016-2017,Rabi,Wanaparthy,Wanaparthy,Paddy,285,735
2016-2017,Rabi,Wanaparthy,Kothakota,Paddy,1324.6,2579
2016-2017,Rabi,Wanaparthy,Atmakur,Paddy,893.6,963
2016-2017,Rabi,Wanaparthy,Pebbair,Paddy,644.6,1459
2016-2017,Rabi,Wanaparthy,Srirangapur,Paddy,287.2,606
2016-2017,Rabi,Wanaparthy,Weepangandla,Paddy,482.8,1180
2016-2017,Rabi,Wanaparthy,Chinnambavi,Paddy,117,287
2016-2017,Rabi,Wanaparthy,Amarachintha,Jowar,3.2,0
2016-2017,Rabi,Wanaparthy,Madanapur,Jowar,0,0
2016-2017,Rabi,Wanaparthy,Peddamandadi,Jowar,0,0
2016-2017,Rabi,Wanaparthy,Ghanpur,Jowar,0,0
2016-2017,Rabi,Wanaparthy,Gopalpet,Jowar,0,0
2016-2017,Rabi,Wanaparthy,Revally,Jowar,0,0
2016-2017,Rabi,Wanaparthy,Pangal,Jowar,122,56
2016-2017,Rabi,Wanaparthy,Wanaparthy,Jowar,0.8,0
2016-2017,Rabi,Wanaparthy,Kothakota,Jowar,0,0
2016-2017,Rabi,Wanaparthy,Atmakur,Jowar,0,0
2016-2017,Rabi,Wanaparthy,Pebbair,Jowar,3.6,0
2016-2017,Rabi,Wanaparthy,Srirangapur,Jowar,0.4,0
2016-2017,Rabi,Wanaparthy,Weepangandla,Jowar,114,0
2016-2017,Rabi,Wanaparthy,Chinnambavi,Jowar,122,119
2016-2017,Rabi,Wanaparthy,Amarachintha,Maize,0,0
2016-2017,Rabi,Wanaparthy,Madanapur,Maize,1.6,32
2016-2017,Rabi,Wanaparthy,Peddamandadi,Maize,1.8,0
2016-2017,Rabi,Wanaparthy,Ghanpur,Maize,0,0
2016-2017,Rabi,Wanaparthy,Gopalpet,Maize,0,0
2016-2017,Rabi,Wanaparthy,Revally,Maize,1.6,0
2016-2017,Rabi,Wanaparthy,Pangal,Maize,1,15
2016-2017,Rabi,Wanaparthy,Wanaparthy,Maize,0,6
2016-2017,Rabi,Wanaparthy,Kothakota,Maize,5,6
2016-2017,Rabi,Wanaparthy,Atmakur,Maize,0,0
2016-2017,Rabi,Wanaparthy,Pebbair,Maize,132.2,64
2016-2017,Rabi,Wanaparthy,Srirangapur,Maize,0,0
2016-2017,Rabi,Wanaparthy,Weepangandla,Maize,0.8,0
2016-2017,Rabi,Wanaparthy,Chinnambavi,Maize,314,171
2016-2017,Rabi,Wanaparthy,Amarachintha,Red Gram,0,0
2016-2017,Rabi,Wanaparthy,Madanapur,Red Gram,0,0
2016-2017,Rabi,Wanaparthy,Peddamandadi,Red Gram,0,0
2016-2017,Rabi,Wanaparthy,Ghanpur,Red Gram,0,0
2016-2017,Rabi,Wanaparthy,Gopalpet,Red Gram,0,0
2016-2017,Rabi,Wanaparthy,Revally,Red Gram,0,0
2016-2017,Rabi,Wanaparthy,Pangal,Red Gram,0,0
2016-2017,Rabi,Wanaparthy,Wanaparthy,Red Gram,0,0
2016-2017,Rabi,Wanaparthy,Kothakota,Red Gram,0,0
2016-2017,Rabi,Wanaparthy,Atmakur,Red Gram,0,0
2016-2017,Rabi,Wanaparthy,Pebbair,Red Gram,0,0
2016-2017,Rabi,Wanaparthy,Srirangapur,Red Gram,0,0
2016-2017,Rabi,Wanaparthy,Weepangandla,Red Gram,0,0
2016-2017,Rabi,Wanaparthy,Chinnambavi,Red Gram,0,38
2016-2017,Rabi,Wanaparthy,Amarachintha,Cotton,0,0
2016-2017,Rabi,Wanaparthy,Madanapur,Cotton,0,0
2016-2017,Rabi,Wanaparthy,Peddamandadi,Cotton,0,0
2016-2017,Rabi,Wanaparthy,Ghanpur,Cotton,0,0
2016-2017,Rabi,Wanaparthy,Gopalpet,Cotton,0,0
2016-2017,Rabi,Wanaparthy,Revally,Cotton,0,0
2016-2017,Rabi,Wanaparthy,Pangal,Cotton,0,0
2016-2017,Rabi,Wanaparthy,Wanaparthy,Cotton,0,0
2016-2017,Rabi,Wanaparthy,Kothakota,Cotton,0,0
2016-2017,Rabi,Wanaparthy,Atmakur,Cotton,0,0
2016-2017,Rabi,Wanaparthy,Pebbair,Cotton,0,0
2016-2017,Rabi,Wanaparthy,Srirangapur,Cotton,0,0
2016-2017,Rabi,Wanaparthy,Weepangandla,Cotton,0,0
2016-2017,Rabi,Wanaparthy,Chinnambavi,Cotton,0,0
2016-2017,Rabi,Wanaparthy,Amarachintha,Groundnut,1002.8,100
2016-2017,Rabi,Wanaparthy,Madanapur,Groundnut,1111.2,469
2016-2017,Rabi,Wanaparthy,Peddamandadi,Groundnut,1617.4,1346
2016-2017,Rabi,Wanaparthy,Ghanpur,Groundnut,1615.8,977
2016-2017,Rabi,Wanaparthy,Gopalpet,Groundnut,2072,1620
2016-2017,Rabi,Wanaparthy,Revally,Groundnut,2089.8,1212
2016-2017,Rabi,Wanaparthy,Pangal,Groundnut,3216,3429
2016-2017,Rabi,Wanaparthy,Wanaparthy,Groundnut,1989.8,2240
2016-2017,Rabi,Wanaparthy,Kothakota,Groundnut,1640.8,1847
2016-2017,Rabi,Wanaparthy,Atmakur,Groundnut,869.2,482
2016-2017,Rabi,Wanaparthy,Pebbair,Groundnut,2597.4,2725
2016-2017,Rabi,Wanaparthy,Srirangapur,Groundnut,1150,881
2016-2017,Rabi,Wanaparthy,Weepangandla,Groundnut,2385,2717
2016-2017,Rabi,Wanaparthy,Chinnambavi,Groundnut,1833,1279
2016-2017,Rabi,Wanaparthy,Amarachintha,Castor,0,0
2016-2017,Rabi,Wanaparthy,Madanapur,Castor,5,0
2016-2017,Rabi,Wanaparthy,Peddamandadi,Castor,3.8,2
2016-2017,Rabi,Wanaparthy,Ghanpur,Castor,0,2
2016-2017,Rabi,Wanaparthy,Gopalpet,Castor,1,0
2016-2017,Rabi,Wanaparthy,Revally,Castor,16.8,6
2016-2017,Rabi,Wanaparthy,Pangal,Castor,6.4,0
2016-2017,Rabi,Wanaparthy,Wanaparthy,Castor,0.2,2
2016-2017,Rabi,Wanaparthy,Kothakota,Castor,9,0
2016-2017,Rabi,Wanaparthy,Atmakur,Castor,0,0
2016-2017,Rabi,Wanaparthy,Pebbair,Castor,0.8,0
2016-2017,Rabi,Wanaparthy,Srirangapur,Castor,0,0
2016-2017,Rabi,Wanaparthy,Weepangandla,Castor,0,0
2016-2017,Rabi,Wanaparthy,Chinnambavi,Castor,0,0
2016-2017,Rabi,Wanaparthy,Amarachintha,Ragi,0,0
2016-2017,Rabi,Wanaparthy,Madanapur,Ragi,0,0
2016-2017,Rabi,Wanaparthy,Peddamandadi,Ragi,0,0
2016-2017,Rabi,Wanaparthy,Ghanpur,Ragi,0,0
2016-2017,Rabi,Wanaparthy,Gopalpet,Ragi,7.8,0
2016-2017,Rabi,Wanaparthy,Revally,Ragi,0.8,0
2016-2017,Rabi,Wanaparthy,Pangal,Ragi,0,0
2016-2017,Rabi,Wanaparthy,Wanaparthy,Ragi,0,0
2016-2017,Rabi,Wanaparthy,Kothakota,Ragi,0,0
2016-2017,Rabi,Wanaparthy,Atmakur,Ragi,0,0
2016-2017,Rabi,Wanaparthy,Pebbair,Ragi,0,0
2016-2017,Rabi,Wanaparthy,Srirangapur,Ragi,0,0
2016-2017,Rabi,Wanaparthy,Weepangandla,Ragi,0,0
2016-2017,Rabi,Wanaparthy,Chinnambavi,Ragi,0,0
2016-2017,Rabi,Wanaparthy,Amarachintha,Korra,0,0
2016-2017,Rabi,Wanaparthy,Madanapur,Korra,0,0
2016-2017,Rabi,Wanaparthy,Peddamandadi,Korra,0,0
2016-2017,Rabi,Wanaparthy,Ghanpur,Korra,0,0
2016-2017,Rabi,Wanaparthy,Gopalpet,Korra,0,0
2016-2017,Rabi,Wanaparthy,Revally,Korra,0,0
2016-2017,Rabi,Wanaparthy,Pangal,Korra,0,0
2016-2017,Rabi,Wanaparthy,Wanaparthy,Korra,0,0
2016-2017,Rabi,Wanaparthy,Kothakota,Korra,0,0
2016-2017,Rabi,Wanaparthy,Atmakur,Korra,0,0
2016-2017,Rabi,Wanaparthy,Pebbair,Korra,0,0
2016-2017,Rabi,Wanaparthy,Srirangapur,Korra,0,0
2016-2017,Rabi,Wanaparthy,Weepangandla,Korra,0,0
2016-2017,Rabi,Wanaparthy,Chinnambavi,Korra,0,0
2016-2017,Rabi,Wanaparthy,Amarachintha,Horse Gram,0,0
2016-2017,Rabi,Wanaparthy,Madanapur,Horse Gram,0,0
2016-2017,Rabi,Wanaparthy,Peddamandadi,Horse Gram,0,0
2016-2017,Rabi,Wanaparthy,Ghanpur,Horse Gram,0,0
2016-2017,Rabi,Wanaparthy,Gopalpet,Horse Gram,0,0
2016-2017,Rabi,Wanaparthy,Revally,Horse Gram,0,0
2016-2017,Rabi,Wanaparthy,Pangal,Horse Gram,39,45
2016-2017,Rabi,Wanaparthy,Wanaparthy,Horse Gram,0,0
2016-2017,Rabi,Wanaparthy,Kothakota,Horse Gram,0,0
2016-2017,Rabi,Wanaparthy,Atmakur,Horse Gram,0,0
2016-2017,Rabi,Wanaparthy,Pebbair,Horse Gram,23,0
2016-2017,Rabi,Wanaparthy,Srirangapur,Horse Gram,2,0
2016-2017,Rabi,Wanaparthy,Weepangandla,Horse Gram,40,0
2016-2017,Rabi,Wanaparthy,Chinnambavi,Horse Gram,18,0
2016-2017,Rabi,Wanaparthy,Amarachintha,Green Gram,0,0
2016-2017,Rabi,Wanaparthy,Madanapur,Green Gram,0,4
2016-2017,Rabi,Wanaparthy,Peddamandadi,Green Gram,0,0
2016-2017,Rabi,Wanaparthy,Ghanpur,Green Gram,0,0
2016-2017,Rabi,Wanaparthy,Gopalpet,Green Gram,0.6,0
2016-2017,Rabi,Wanaparthy,Revally,Green Gram,0,0
2016-2017,Rabi,Wanaparthy,Pangal,Green Gram,1.2,0
2016-2017,Rabi,Wanaparthy,Wanaparthy,Green Gram,0,0
2016-2017,Rabi,Wanaparthy,Kothakota,Green Gram,0,6
2016-2017,Rabi,Wanaparthy,Atmakur,Green Gram,0,0
2016-2017,Rabi,Wanaparthy,Pebbair,Green Gram,64.2,29
2016-2017,Rabi,Wanaparthy,Srirangapur,Green Gram,8,0
2016-2017,Rabi,Wanaparthy,Weepangandla,Green Gram,2,0
2016-2017,Rabi,Wanaparthy,Chinnambavi,Green Gram,58,75
2016-2017,Rabi,Wanaparthy,Amarachintha,Black Gram,0,0
2016-2017,Rabi,Wanaparthy,Madanapur,Black Gram,0,6
2016-2017,Rabi,Wanaparthy,Peddamandadi,Black Gram,0,0
2016-2017,Rabi,Wanaparthy,Ghanpur,Black Gram,0,0
2016-2017,Rabi,Wanaparthy,Gopalpet,Black Gram,0.8,12
2016-2017,Rabi,Wanaparthy,Revally,Black Gram,0,8
2016-2017,Rabi,Wanaparthy,Pangal,Black Gram,0,45
2016-2017,Rabi,Wanaparthy,Wanaparthy,Black Gram,0,0
2016-2017,Rabi,Wanaparthy,Kothakota,Black Gram,0,12
2016-2017,Rabi,Wanaparthy,Atmakur,Black Gram,0,0
2016-2017,Rabi,Wanaparthy,Pebbair,Black Gram,9.8,304
2016-2017,Rabi,Wanaparthy,Srirangapur,Black Gram,0,14
2016-2017,Rabi,Wanaparthy,Weepangandla,Black Gram,23.4,508
2016-2017,Rabi,Wanaparthy,Chinnambavi,Black Gram,234,1119
2016-2017,Rabi,Wanaparthy,Amarachintha,Cow Gram,0,0
2016-2017,Rabi,Wanaparthy,Madanapur,Cow Gram,0,6
2016-2017,Rabi,Wanaparthy,Peddamandadi,Cow Gram,0,0
2016-2017,Rabi,Wanaparthy,Ghanpur,Cow Gram,0,2
2016-2017,Rabi,Wanaparthy,Gopalpet,Cow Gram,0,0
2016-2017,Rabi,Wanaparthy,Revally,Cow Gram,0,7
2016-2017,Rabi,Wanaparthy,Pangal,Cow Gram,1.8,0
2016-2017,Rabi,Wanaparthy,Wanaparthy,Cow Gram,0.4,0
2016-2017,Rabi,Wanaparthy,Kothakota,Cow Gram,0,10
2016-2017,Rabi,Wanaparthy,Atmakur,Cow Gram,0,0
2016-2017,Rabi,Wanaparthy,Pebbair,Cow Gram,5.6,0
2016-2017,Rabi,Wanaparthy,Srirangapur,Cow Gram,0,4
2016-2017,Rabi,Wanaparthy,Weepangandla,Cow Gram,0,0
2016-2017,Rabi,Wanaparthy,Chinnambavi,Cow Gram,0,0
2016-2017,Rabi,Wanaparthy,Amarachintha,Chillies,0,8
2016-2017,Rabi,Wanaparthy,Madanapur,Chillies,0,14
2016-2017,Rabi,Wanaparthy,Peddamandadi,Chillies,6.4,11
2016-2017,Rabi,Wanaparthy,Ghanpur,Chillies,6,0
2016-2017,Rabi,Wanaparthy,Gopalpet,Chillies,5.8,0
2016-2017,Rabi,Wanaparthy,Revally,Chillies,2,0
2016-2017,Rabi,Wanaparthy,Pangal,Chillies,0,0
2016-2017,Rabi,Wanaparthy,Wanaparthy,Chillies,0.4,0
2016-2017,Rabi,Wanaparthy,Kothakota,Chillies,0,0
2016-2017,Rabi,Wanaparthy,Atmakur,Chillies,0,0
2016-2017,Rabi,Wanaparthy,Pebbair,Chillies,2,0
2016-2017,Rabi,Wanaparthy,Srirangapur,Chillies,0.8,0
2016-2017,Rabi,Wanaparthy,Weepangandla,Chillies,0,0
2016-2017,Rabi,Wanaparthy,Chinnambavi,Chillies,3.8,0
2016-2017,Rabi,Wanaparthy,Amarachintha,Sugarcane,345.2,1025
2016-2017,Rabi,Wanaparthy,Madanapur,Sugarcane,65,0
2016-2017,Rabi,Wanaparthy,Peddamandadi,Sugarcane,4.6,6
2016-2017,Rabi,Wanaparthy,Ghanpur,Sugarcane,0,0
2016-2017,Rabi,Wanaparthy,Gopalpet,Sugarcane,0.8,0
2016-2017,Rabi,Wanaparthy,Revally,Sugarcane,0,0
2016-2017,Rabi,Wanaparthy,Pangal,Sugarcane,0,0
2016-2017,Rabi,Wanaparthy,Wanaparthy,Sugarcane,2.4,1
2016-2017,Rabi,Wanaparthy,Kothakota,Sugarcane,52.8,0
2016-2017,Rabi,Wanaparthy,Atmakur,Sugarcane,141,297
2016-2017,Rabi,Wanaparthy,Pebbair,Sugarcane,3.2,0
2016-2017,Rabi,Wanaparthy,Srirangapur,Sugarcane,1.2,0
2016-2017,Rabi,Wanaparthy,Weepangandla,Sugarcane,11,54
2016-2017,Rabi,Wanaparthy,Chinnambavi,Sugarcane,67,43
2016-2017,Rabi,Wanaparthy,Amarachintha,Onion,0,2
2016-2017,Rabi,Wanaparthy,Madanapur,Onion,0,0
2016-2017,Rabi,Wanaparthy,Peddamandadi,Onion,7.2,19
2016-2017,Rabi,Wanaparthy,Ghanpur,Onion,4.4,0
2016-2017,Rabi,Wanaparthy,Gopalpet,Onion,17.4,0
2016-2017,Rabi,Wanaparthy,Revally,Onion,11.6,0
2016-2017,Rabi,Wanaparthy,Pangal,Onion,0,0
2016-2017,Rabi,Wanaparthy,Wanaparthy,Onion,3,0
2016-2017,Rabi,Wanaparthy,Kothakota,Onion,0,0
2016-2017,Rabi,Wanaparthy,Atmakur,Onion,0,0
2016-2017,Rabi,Wanaparthy,Pebbair,Onion,4.8,0
2016-2017,Rabi,Wanaparthy,Srirangapur,Onion,2.2,0
2016-2017,Rabi,Wanaparthy,Weepangandla,Onion,0,0
2016-2017,Rabi,Wanaparthy,Chinnambavi,Onion,0,0
2016-2017,Rabi,Wanaparthy,Amarachintha,Vegetables,0,4
2016-2017,Rabi,Wanaparthy,Madanapur,Vegetables,0,13
2016-2017,Rabi,Wanaparthy,Peddamandadi,Vegetables,15.8,20
2016-2017,Rabi,Wanaparthy,Ghanpur,Vegetables,8.8,0
2016-2017,Rabi,Wanaparthy,Gopalpet,Vegetables,32.6,30
2016-2017,Rabi,Wanaparthy,Revally,Vegetables,19.6,31
2016-2017,Rabi,Wanaparthy,Pangal,Vegetables,37.4,36
2016-2017,Rabi,Wanaparthy,Wanaparthy,Vegetables,18.8,39
2016-2017,Rabi,Wanaparthy,Kothakota,Vegetables,0,11
2016-2017,Rabi,Wanaparthy,Atmakur,Vegetables,0,3
2016-2017,Rabi,Wanaparthy,Pebbair,Vegetables,4.2,0
2016-2017,Rabi,Wanaparthy,Srirangapur,Vegetables,3.2,21
2016-2017,Rabi,Wanaparthy,Weepangandla,Vegetables,6,0
2016-2017,Rabi,Wanaparthy,Chinnambavi,Vegetables,50,0
2016-2017,Rabi,Wanaparthy,Amarachintha,Horticulture Crops,0,0
2016-2017,Rabi,Wanaparthy,Madanapur,Horticulture Crops,0,0
2016-2017,Rabi,Wanaparthy,Peddamandadi,Horticulture Crops,0,0
2016-2017,Rabi,Wanaparthy,Ghanpur,Horticulture Crops,0,0
2016-2017,Rabi,Wanaparthy,Gopalpet,Horticulture Crops,0,0
2016-2017,Rabi,Wanaparthy,Revally,Horticulture Crops,0,0
2016-2017,Rabi,Wanaparthy,Pangal,Horticulture Crops,0,0
2016-2017,Rabi,Wanaparthy,Wanaparthy,Horticulture Crops,0,0
2016-2017,Rabi,Wanaparthy,Kothakota,Horticulture Crops,0,0
2016-2017,Rabi,Wanaparthy,Atmakur,Horticulture Crops,0,0
2016-2017,Rabi,Wanaparthy,Pebbair,Horticulture Crops,0,0
2016-2017,Rabi,Wanaparthy,Srirangapur,Horticulture Crops,0,0
2016-2017,Rabi,Wanaparthy,Weepangandla,Horticulture Crops,0,0
2016-2017,Rabi,Wanaparthy,Chinnambavi,Horticulture Crops,0,0
2016-2017,Rabi,Wanaparthy,Amarachintha,Bengal Gram,0,0
2016-2017,Rabi,Wanaparthy,Madanapur,Bengal Gram,0,0
2016-2017,Rabi,Wanaparthy,Peddamandadi,Bengal Gram,0,0
2016-2017,Rabi,Wanaparthy,Ghanpur,Bengal Gram,0,0
2016-2017,Rabi,Wanaparthy,Gopalpet,Bengal Gram,0,0
2016-2017,Rabi,Wanaparthy,Revally,Bengal Gram,0,0
2016-2017,Rabi,Wanaparthy,Pangal,Bengal Gram,0,0
2016-2017,Rabi,Wanaparthy,Wanaparthy,Bengal Gram,0,0
2016-2017,Rabi,Wanaparthy,Kothakota,Bengal Gram,0,0
2016-2017,Rabi,Wanaparthy,Atmakur,Bengal Gram,0,0
2016-2017,Rabi,Wanaparthy,Pebbair,Bengal Gram,60,891
2016-2017,Rabi,Wanaparthy,Srirangapur,Bengal Gram,2,0
2016-2017,Rabi,Wanaparthy,Weepangandla,Bengal Gram,0,10
2016-2017,Rabi,Wanaparthy,Chinnambavi,Bengal Gram,490,2420
2016-2017,Rabi,Wanaparthy,Amarachintha,Other Crops,0,0
2016-2017,Rabi,Wanaparthy,Madanapur,Other Crops,0,0
2016-2017,Rabi,Wanaparthy,Peddamandadi,Other Crops,0,0
2016-2017,Rabi,Wanaparthy,Ghanpur,Other Crops,41.6,2
2016-2017,Rabi,Wanaparthy,Gopalpet,Other Crops,0,1
2016-2017,Rabi,Wanaparthy,Revally,Other Crops,1.6,0
2016-2017,Rabi,Wanaparthy,Pangal,Other Crops,0,0
2016-2017,Rabi,Wanaparthy,Wanaparthy,Other Crops,0,0
2016-2017,Rabi,Wanaparthy,Kothakota,Other Crops,0,0
2016-2017,Rabi,Wanaparthy,Atmakur,Other Crops,0,0
2016-2017,Rabi,Wanaparthy,Pebbair,Other Crops,0,0
2016-2017,Rabi,Wanaparthy,Srirangapur,Other Crops,0,0
2016-2017,Rabi,Wanaparthy,Weepangandla,Other Crops,0,0
2016-2017,Rabi,Wanaparthy,Chinnambavi,Other Crops,32,0
2016-2017,Rabi,Wanaparthy,Amarachintha,Total,1905.6,2259
2016-2017,Rabi,Wanaparthy,Madanapur,Total,2951.8,2446
2016-2017,Rabi,Wanaparthy,Peddamandadi,Total,2058.8,1850
2016-2017,Rabi,Wanaparthy,Ghanpur,Total,2242,1386
2016-2017,Rabi,Wanaparthy,Gopalpet,Total,2497.6,2536
2016-2017,Rabi,Wanaparthy,Revally,Total,2438.8,1886
2016-2017,Rabi,Wanaparthy,Pangal,Total,3777.6,4515
2016-2017,Rabi,Wanaparthy,Wanaparthy,Total,2300.8,3023
2016-2017,Rabi,Wanaparthy,Kothakota,Total,3032.2,4471
2016-2017,Rabi,Wanaparthy,Atmakur,Total,1903.8,1745
2016-2017,Rabi,Wanaparthy,Pebbair,Total,3555.4,5472
2016-2017,Rabi,Wanaparthy,Srirangapur,Total,1457,1526
2016-2017,Rabi,Wanaparthy,Weepangandla,Total,3065,4469
2016-2017,Rabi,Wanaparthy,Chinnambavi,Total,3338.8,5551
