year,season,districtName,mandalName,crop,normalAreaSown,actualAreaSown
2017-2018,Kharif,Warangal (Rural),Parkal,Paddy,2695,2336
2017-2018,Kharif,Warangal (Rural),Shyampet,Paddy,1815,2329
2017-2018,Kharif,Warangal (Rural),Damera,Paddy,231,1219
2017-2018,Kharif,Warangal (Rural),Geesugonda,Paddy,1222,1225
2017-2018,Kharif,Warangal (Rural),Atmakur,Paddy,1916,2028
2017-2018,Kharif,Warangal (Rural),Dugondi,Paddy,1434,2034
2017-2018,Kharif,Warangal (Rural),Nallabelly,Paddy,1972,2029
2017-2018,Kharif,Warangal (Rural),Narsampet,Paddy,2386,3217
2017-2018,Kharif,Warangal (Rural),Khanapur,Paddy,4142,5155
2017-2018,Kharif,Warangal (Rural),Chennaraopet,Paddy,2739,2650
2017-2018,Kharif,Warangal (Rural),Sangem,Paddy,1669,1995
2017-2018,Kharif,Warangal (Rural),Wardhannapet,Paddy,2720,1944
2017-2018,Kharif,Warangal (Rural),Rayaparthy,Paddy,2664,3213
2017-2018,Kharif,Warangal (Rural),Parvathagiri,Paddy,1712,1816
2017-2018,Kharif,Warangal (Rural),Nekkonda,Paddy,2637,2907
2017-2018,Kharif,Warangal (Rural),Parkal,Maize,371,250
2017-2018,Kharif,Warangal (Rural),Shyampet,Maize,578,495
2017-2018,Kharif,Warangal (Rural),Damera,Maize,107,544
2017-2018,Kharif,Warangal (Rural),Geesugonda,Maize,2341,1946
2017-2018,Kharif,Warangal (Rural),Atmakur,Maize,1354,680
2017-2018,Kharif,Warangal (Rural),Dugondi,Maize,1531,1392
2017-2018,Kharif,Warangal (Rural),Nallabelly,Maize,976,1130
2017-2018,Kharif,Warangal (Rural),Narsampet,Maize,1085,1426
2017-2018,Kharif,Warangal (Rural),Khanapur,Maize,548,563
2017-2018,Kharif,Warangal (Rural),Chennaraopet,Maize,1738,1601
2017-2018,Kharif,Warangal (Rural),Sangem,Maize,2140,1918
2017-2018,Kharif,Warangal (Rural),Wardhannapet,Maize,1330,896
2017-2018,Kharif,Warangal (Rural),Rayaparthy,Maize,958,491
2017-2018,Kharif,Warangal (Rural),Parvathagiri,Maize,944,913
2017-2018,Kharif,Warangal (Rural),Nekkonda,Maize,1531,1558
2017-2018,Kharif,Warangal (Rural),Parkal,Jowar,0,0
2017-2018,Kharif,Warangal (Rural),Shyampet,Jowar,0,0
2017-2018,Kharif,Warangal (Rural),Damera,Jowar,0,0
2017-2018,Kharif,Warangal (Rural),Geesugonda,Jowar,0,0
2017-2018,Kharif,Warangal (Rural),Atmakur,Jowar,0,0
2017-2018,Kharif,Warangal (Rural),Dugondi,Jowar,0,0
2017-2018,Kharif,Warangal (Rural),Nallabelly,Jowar,0,0
2017-2018,Kharif,Warangal (Rural),Narsampet,Jowar,0,0
2017-2018,Kharif,Warangal (Rural),Khanapur,Jowar,0,0
2017-2018,Kharif,Warangal (Rural),Chennaraopet,Jowar,0,0
2017-2018,Kharif,Warangal (Rural),Sangem,Jowar,0,0
2017-2018,Kharif,Warangal (Rural),Wardhannapet,Jowar,0,0
2017-2018,Kharif,Warangal (Rural),Rayaparthy,Jowar,0,0
2017-2018,Kharif,Warangal (Rural),Parvathagiri,Jowar,0,0
2017-2018,Kharif,Warangal (Rural),Nekkonda,Jowar,0,0
2017-2018,Kharif,Warangal (Rural),Parkal,Green Gram,26,15
2017-2018,Kharif,Warangal (Rural),Shyampet,Green Gram,2,2
2017-2018,Kharif,Warangal (Rural),Damera,Green Gram,7,34
2017-2018,Kharif,Warangal (Rural),Geesugonda,Green Gram,3,0
2017-2018,Kharif,Warangal (Rural),Atmakur,Green Gram,10,0
2017-2018,Kharif,Warangal (Rural),Dugondi,Green Gram,0,8
2017-2018,Kharif,Warangal (Rural),Nallabelly,Green Gram,51,48
2017-2018,Kharif,Warangal (Rural),Narsampet,Green Gram,73,40
2017-2018,Kharif,Warangal (Rural),Khanapur,Green Gram,44,108
2017-2018,Kharif,Warangal (Rural),Chennaraopet,Green Gram,12,8
2017-2018,Kharif,Warangal (Rural),Sangem,Green Gram,6,7
2017-2018,Kharif,Warangal (Rural),Wardhannapet,Green Gram,109,33
2017-2018,Kharif,Warangal (Rural),Rayaparthy,Green Gram,145,121
2017-2018,Kharif,Warangal (Rural),Parvathagiri,Green Gram,35,28
2017-2018,Kharif,Warangal (Rural),Nekkonda,Green Gram,40,22
2017-2018,Kharif,Warangal (Rural),Parkal,Cow Gram,0,0
2017-2018,Kharif,Warangal (Rural),Shyampet,Cow Gram,0,0
2017-2018,Kharif,Warangal (Rural),Damera,Cow Gram,0,0
2017-2018,Kharif,Warangal (Rural),Geesugonda,Cow Gram,0,0
2017-2018,Kharif,Warangal (Rural),Atmakur,Cow Gram,0,0
2017-2018,Kharif,Warangal (Rural),Dugondi,Cow Gram,0,0
2017-2018,Kharif,Warangal (Rural),Nallabelly,Cow Gram,0,21
2017-2018,Kharif,Warangal (Rural),Narsampet,Cow Gram,0,16
2017-2018,Kharif,Warangal (Rural),Khanapur,Cow Gram,2,0
2017-2018,Kharif,Warangal (Rural),Chennaraopet,Cow Gram,0,0
2017-2018,Kharif,Warangal (Rural),Sangem,Cow Gram,0,0
2017-2018,Kharif,Warangal (Rural),Wardhannapet,Cow Gram,0,35
2017-2018,Kharif,Warangal (Rural),Rayaparthy,Cow Gram,0,0
2017-2018,Kharif,Warangal (Rural),Parvathagiri,Cow Gram,0,0
2017-2018,Kharif,Warangal (Rural),Nekkonda,Cow Gram,0,0
2017-2018,Kharif,Warangal (Rural),Parkal,Black Gram,0,0
2017-2018,Kharif,Warangal (Rural),Shyampet,Black Gram,0,0
2017-2018,Kharif,Warangal (Rural),Damera,Black Gram,0,0
2017-2018,Kharif,Warangal (Rural),Geesugonda,Black Gram,0,0
2017-2018,Kharif,Warangal (Rural),Atmakur,Black Gram,0,0
2017-2018,Kharif,Warangal (Rural),Dugondi,Black Gram,0,3
2017-2018,Kharif,Warangal (Rural),Nallabelly,Black Gram,1,14
2017-2018,Kharif,Warangal (Rural),Narsampet,Black Gram,1,6
2017-2018,Kharif,Warangal (Rural),Khanapur,Black Gram,0,62
2017-2018,Kharif,Warangal (Rural),Chennaraopet,Black Gram,13,22
2017-2018,Kharif,Warangal (Rural),Sangem,Black Gram,0,5
2017-2018,Kharif,Warangal (Rural),Wardhannapet,Black Gram,0,4
2017-2018,Kharif,Warangal (Rural),Rayaparthy,Black Gram,0,0
2017-2018,Kharif,Warangal (Rural),Parvathagiri,Black Gram,0,0
2017-2018,Kharif,Warangal (Rural),Nekkonda,Black Gram,2,0
2017-2018,Kharif,Warangal (Rural),Parkal,Red Gram,56,30
2017-2018,Kharif,Warangal (Rural),Shyampet,Red Gram,5,4
2017-2018,Kharif,Warangal (Rural),Damera,Red Gram,17,87
2017-2018,Kharif,Warangal (Rural),Geesugonda,Red Gram,61,56
2017-2018,Kharif,Warangal (Rural),Atmakur,Red Gram,31,12
2017-2018,Kharif,Warangal (Rural),Dugondi,Red Gram,13,6
2017-2018,Kharif,Warangal (Rural),Nallabelly,Red Gram,22,52
2017-2018,Kharif,Warangal (Rural),Narsampet,Red Gram,192,38
2017-2018,Kharif,Warangal (Rural),Khanapur,Red Gram,10,4
2017-2018,Kharif,Warangal (Rural),Chennaraopet,Red Gram,24,32
2017-2018,Kharif,Warangal (Rural),Sangem,Red Gram,55,70
2017-2018,Kharif,Warangal (Rural),Wardhannapet,Red Gram,136,74
2017-2018,Kharif,Warangal (Rural),Rayaparthy,Red Gram,48,102
2017-2018,Kharif,Warangal (Rural),Parvathagiri,Red Gram,38,12
2017-2018,Kharif,Warangal (Rural),Nekkonda,Red Gram,85,41
2017-2018,Kharif,Warangal (Rural),Parkal,Chillies,1041,731
2017-2018,Kharif,Warangal (Rural),Shyampet,Chillies,395,285
2017-2018,Kharif,Warangal (Rural),Damera,Chillies,41,201
2017-2018,Kharif,Warangal (Rural),Geesugonda,Chillies,36,57
2017-2018,Kharif,Warangal (Rural),Atmakur,Chillies,158,101
2017-2018,Kharif,Warangal (Rural),Dugondi,Chillies,359,459
2017-2018,Kharif,Warangal (Rural),Nallabelly,Chillies,385,1020
2017-2018,Kharif,Warangal (Rural),Narsampet,Chillies,157,832
2017-2018,Kharif,Warangal (Rural),Khanapur,Chillies,158,103
2017-2018,Kharif,Warangal (Rural),Chennaraopet,Chillies,233,287
2017-2018,Kharif,Warangal (Rural),Sangem,Chillies,87,150
2017-2018,Kharif,Warangal (Rural),Wardhannapet,Chillies,25,62
2017-2018,Kharif,Warangal (Rural),Rayaparthy,Chillies,127,69
2017-2018,Kharif,Warangal (Rural),Parvathagiri,Chillies,147,114
2017-2018,Kharif,Warangal (Rural),Nekkonda,Chillies,201,301
2017-2018,Kharif,Warangal (Rural),Parkal,Turmeric,367,467
2017-2018,Kharif,Warangal (Rural),Shyampet,Turmeric,366,478
2017-2018,Kharif,Warangal (Rural),Damera,Turmeric,51,260
2017-2018,Kharif,Warangal (Rural),Geesugonda,Turmeric,324,473
2017-2018,Kharif,Warangal (Rural),Atmakur,Turmeric,357,378
2017-2018,Kharif,Warangal (Rural),Dugondi,Turmeric,463,572
2017-2018,Kharif,Warangal (Rural),Nallabelly,Turmeric,96,63
2017-2018,Kharif,Warangal (Rural),Narsampet,Turmeric,208,234
2017-2018,Kharif,Warangal (Rural),Khanapur,Turmeric,90,79
2017-2018,Kharif,Warangal (Rural),Chennaraopet,Turmeric,868,596
2017-2018,Kharif,Warangal (Rural),Sangem,Turmeric,126,669
2017-2018,Kharif,Warangal (Rural),Wardhannapet,Turmeric,95,25
2017-2018,Kharif,Warangal (Rural),Rayaparthy,Turmeric,70,63
2017-2018,Kharif,Warangal (Rural),Parvathagiri,Turmeric,136,429
2017-2018,Kharif,Warangal (Rural),Nekkonda,Turmeric,914,1085
2017-2018,Kharif,Warangal (Rural),Parkal,Cotton,6971,7211
2017-2018,Kharif,Warangal (Rural),Shyampet,Cotton,3775,3913
2017-2018,Kharif,Warangal (Rural),Damera,Cotton,1072,5254
2017-2018,Kharif,Warangal (Rural),Geesugonda,Cotton,5467,5187
2017-2018,Kharif,Warangal (Rural),Atmakur,Cotton,8401,4354
2017-2018,Kharif,Warangal (Rural),Dugondi,Cotton,5034,5327
2017-2018,Kharif,Warangal (Rural),Nallabelly,Cotton,3416,3747
2017-2018,Kharif,Warangal (Rural),Narsampet,Cotton,2753,3131
2017-2018,Kharif,Warangal (Rural),Khanapur,Cotton,1617,817
2017-2018,Kharif,Warangal (Rural),Chennaraopet,Cotton,4155,3658
2017-2018,Kharif,Warangal (Rural),Sangem,Cotton,6863,7021
2017-2018,Kharif,Warangal (Rural),Wardhannapet,Cotton,6927,5325
2017-2018,Kharif,Warangal (Rural),Rayaparthy,Cotton,6284,7118
2017-2018,Kharif,Warangal (Rural),Parvathagiri,Cotton,5094,5409
2017-2018,Kharif,Warangal (Rural),Nekkonda,Cotton,4994,5668
2017-2018,Kharif,Warangal (Rural),Parkal,Groundnut,3,9
2017-2018,Kharif,Warangal (Rural),Shyampet,Groundnut,16,24
2017-2018,Kharif,Warangal (Rural),Damera,Groundnut,2,10
2017-2018,Kharif,Warangal (Rural),Geesugonda,Groundnut,21,38
2017-2018,Kharif,Warangal (Rural),Atmakur,Groundnut,10,0
2017-2018,Kharif,Warangal (Rural),Dugondi,Groundnut,318,549
2017-2018,Kharif,Warangal (Rural),Nallabelly,Groundnut,506,414
2017-2018,Kharif,Warangal (Rural),Narsampet,Groundnut,995,1139
2017-2018,Kharif,Warangal (Rural),Khanapur,Groundnut,43,40
2017-2018,Kharif,Warangal (Rural),Chennaraopet,Groundnut,180,500
2017-2018,Kharif,Warangal (Rural),Sangem,Groundnut,28,66
2017-2018,Kharif,Warangal (Rural),Wardhannapet,Groundnut,122,53
2017-2018,Kharif,Warangal (Rural),Rayaparthy,Groundnut,119,42
2017-2018,Kharif,Warangal (Rural),Parvathagiri,Groundnut,37,114
2017-2018,Kharif,Warangal (Rural),Nekkonda,Groundnut,25,154
2017-2018,Kharif,Warangal (Rural),Parkal,Soyabeen,0,0
2017-2018,Kharif,Warangal (Rural),Shyampet,Soyabeen,1,0
2017-2018,Kharif,Warangal (Rural),Damera,Soyabeen,0,2
2017-2018,Kharif,Warangal (Rural),Geesugonda,Soyabeen,31,0
2017-2018,Kharif,Warangal (Rural),Atmakur,Soyabeen,7,0
2017-2018,Kharif,Warangal (Rural),Dugondi,Soyabeen,0,0
2017-2018,Kharif,Warangal (Rural),Nallabelly,Soyabeen,10,6
2017-2018,Kharif,Warangal (Rural),Narsampet,Soyabeen,2,10
2017-2018,Kharif,Warangal (Rural),Khanapur,Soyabeen,58,4
2017-2018,Kharif,Warangal (Rural),Chennaraopet,Soyabeen,13,0
2017-2018,Kharif,Warangal (Rural),Sangem,Soyabeen,2,0
2017-2018,Kharif,Warangal (Rural),Wardhannapet,Soyabeen,0,0
2017-2018,Kharif,Warangal (Rural),Rayaparthy,Soyabeen,0,0
2017-2018,Kharif,Warangal (Rural),Parvathagiri,Soyabeen,0,0
2017-2018,Kharif,Warangal (Rural),Nekkonda,Soyabeen,7,0
2017-2018,Kharif,Warangal (Rural),Parkal,Sesamum,0,0
2017-2018,Kharif,Warangal (Rural),Shyampet,Sesamum,0,0
2017-2018,Kharif,Warangal (Rural),Damera,Sesamum,0,0
2017-2018,Kharif,Warangal (Rural),Geesugonda,Sesamum,0,0
2017-2018,Kharif,Warangal (Rural),Atmakur,Sesamum,0,0
2017-2018,Kharif,Warangal (Rural),Dugondi,Sesamum,0,0
2017-2018,Kharif,Warangal (Rural),Nallabelly,Sesamum,2,4
2017-2018,Kharif,Warangal (Rural),Narsampet,Sesamum,5,0
2017-2018,Kharif,Warangal (Rural),Khanapur,Sesamum,5,0
2017-2018,Kharif,Warangal (Rural),Chennaraopet,Sesamum,5,1
2017-2018,Kharif,Warangal (Rural),Sangem,Sesamum,9,0
2017-2018,Kharif,Warangal (Rural),Wardhannapet,Sesamum,15,0
2017-2018,Kharif,Warangal (Rural),Rayaparthy,Sesamum,5,0
2017-2018,Kharif,Warangal (Rural),Parvathagiri,Sesamum,1,0
2017-2018,Kharif,Warangal (Rural),Nekkonda,Sesamum,4,2
2017-2018,Kharif,Warangal (Rural),Parkal,Total,11530,11049
2017-2018,Kharif,Warangal (Rural),Shyampet,Total,6953,7530
2017-2018,Kharif,Warangal (Rural),Damera,Total,1528,7611
2017-2018,Kharif,Warangal (Rural),Geesugonda,Total,9506,8982
2017-2018,Kharif,Warangal (Rural),Atmakur,Total,12244,7553
2017-2018,Kharif,Warangal (Rural),Dugondi,Total,9152,10350
2017-2018,Kharif,Warangal (Rural),Nallabelly,Total,7437,8548
2017-2018,Kharif,Warangal (Rural),Narsampet,Total,7857,10089
2017-2018,Kharif,Warangal (Rural),Khanapur,Total,6717,6935
2017-2018,Kharif,Warangal (Rural),Chennaraopet,Total,9980,9355
2017-2018,Kharif,Warangal (Rural),Sangem,Total,10985,11901
2017-2018,Kharif,Warangal (Rural),Wardhannapet,Total,11479,8451
2017-2018,Kharif,Warangal (Rural),Rayaparthy,Total,10420,11219
2017-2018,Kharif,Warangal (Rural),Parvathagiri,Total,8144,8835
2017-2018,Kharif,Warangal (Rural),Nekkonda,Total,10440,11738