year,season,districtName,mandalName,crop,normalAreaSown,actualAreaSown
2017-2018,Rabi,Yadadri Bhuvanagiri,Bhongir,Paddy,2029,3574
2017-2018,Rabi,Yadadri Bhuvanagiri,Bibinagar,Paddy,6107,3580
2017-2018,Rabi,Yadadri Bhuvanagiri,Pochampally,Paddy,5971,6050
2017-2018,Rabi,Yadadri Bhuvanagiri,Valigonda,Paddy,4429,5582
2017-2018,Rabi,Yadadri Bhuvanagiri,Alair,Paddy,1571,1590
2017-2018,Rabi,Yadadri Bhuvanagiri,Athmakur,Paddy,1726,2625
2017-2018,Rabi,Yadadri Bhuvanagiri,Yadagirigutta,Paddy,662,950
2017-2018,Rabi,Yadadri Bhuvanagiri,Bommalaramaram,Paddy,679,428
2017-2018,Rabi,Yadadri Bhuvanagiri,Rajapet,Paddy,1118,1106
2017-2018,Rabi,Yadadri Bhuvanagiri,M.turkapally,Paddy,1024,1552
2017-2018,Rabi,Yadadri Bhuvanagiri,Motakondur,Paddy,416,1205
2017-2018,Rabi,Yadadri Bhuvanagiri,Narayanpur,Paddy,1083,87
2017-2018,Rabi,Yadadri Bhuvanagiri,Choutuppal,Paddy,1472,1528
2017-2018,Rabi,Yadadri Bhuvanagiri,Ramannapet,Paddy,3141,3460
2017-2018,Rabi,Yadadri Bhuvanagiri,Addagudur,Paddy,1026,2336
2017-2018,Rabi,Yadadri Bhuvanagiri,Mothkur,Paddy,915,2500
2017-2018,Rabi,Yadadri Bhuvanagiri,Bhongir,Wheat,0,
2017-2018,Rabi,Yadadri Bhuvanagiri,Bibinagar,Wheat,0,
2017-2018,Rabi,Yadadri Bhuvanagiri,Pochampally,Wheat,0,
2017-2018,Rabi,Yadadri Bhuvanagiri,Valigonda,Wheat,0,
2017-2018,Rabi,Yadadri Bhuvanagiri,Alair,Wheat,0,
2017-2018,Rabi,Yadadri Bhuvanagiri,Athmakur,Wheat,0,
2017-2018,Rabi,Yadadri Bhuvanagiri,Yadagirigutta,Wheat,0,
2017-2018,Rabi,Yadadri Bhuvanagiri,Bommalaramaram,Wheat,0,
2017-2018,Rabi,Yadadri Bhuvanagiri,Rajapet,Wheat,0,
2017-2018,Rabi,Yadadri Bhuvanagiri,M.turkapally,Wheat,0,
2017-2018,Rabi,Yadadri Bhuvanagiri,Motakondur,Wheat,0,
2017-2018,Rabi,Yadadri Bhuvanagiri,Narayanpur,Wheat,0,
2017-2018,Rabi,Yadadri Bhuvanagiri,Choutuppal,Wheat,0,
2017-2018,Rabi,Yadadri Bhuvanagiri,Ramannapet,Wheat,0,
2017-2018,Rabi,Yadadri Bhuvanagiri,Addagudur,Wheat,0,
2017-2018,Rabi,Yadadri Bhuvanagiri,Mothkur,Wheat,0,
2017-2018,Rabi,Yadadri Bhuvanagiri,Bhongir,Jowar,10,
2017-2018,Rabi,Yadadri Bhuvanagiri,Bibinagar,Jowar,0,
2017-2018,Rabi,Yadadri Bhuvanagiri,Pochampally,Jowar,0,
2017-2018,Rabi,Yadadri Bhuvanagiri,Valigonda,Jowar,0,
2017-2018,Rabi,Yadadri Bhuvanagiri,Alair,Jowar,5,
2017-2018,Rabi,Yadadri Bhuvanagiri,Athmakur,Jowar,0,
2017-2018,Rabi,Yadadri Bhuvanagiri,Yadagirigutta,Jowar,7,
2017-2018,Rabi,Yadadri Bhuvanagiri,Bommalaramaram,Jowar,21,
2017-2018,Rabi,Yadadri Bhuvanagiri,Rajapet,Jowar,9,
2017-2018,Rabi,Yadadri Bhuvanagiri,M.turkapally,Jowar,0,
2017-2018,Rabi,Yadadri Bhuvanagiri,Motakondur,Jowar,3,
2017-2018,Rabi,Yadadri Bhuvanagiri,Narayanpur,Jowar,4,
2017-2018,Rabi,Yadadri Bhuvanagiri,Choutuppal,Jowar,0,
2017-2018,Rabi,Yadadri Bhuvanagiri,Ramannapet,Jowar,2,
2017-2018,Rabi,Yadadri Bhuvanagiri,Addagudur,Jowar,0,
2017-2018,Rabi,Yadadri Bhuvanagiri,Mothkur,Jowar,1,
2017-2018,Rabi,Yadadri Bhuvanagiri,Bhongir,Bajra,0,
2017-2018,Rabi,Yadadri Bhuvanagiri,Bibinagar,Bajra,0,
2017-2018,Rabi,Yadadri Bhuvanagiri,Pochampally,Bajra,0,
2017-2018,Rabi,Yadadri Bhuvanagiri,Valigonda,Bajra,0,
2017-2018,Rabi,Yadadri Bhuvanagiri,Alair,Bajra,0,
2017-2018,Rabi,Yadadri Bhuvanagiri,Athmakur,Bajra,0,
2017-2018,Rabi,Yadadri Bhuvanagiri,Yadagirigutta,Bajra,0,
2017-2018,Rabi,Yadadri Bhuvanagiri,Bommalaramaram,Bajra,0,
2017-2018,Rabi,Yadadri Bhuvanagiri,Rajapet,Bajra,0,
2017-2018,Rabi,Yadadri Bhuvanagiri,M.turkapally,Bajra,0,
2017-2018,Rabi,Yadadri Bhuvanagiri,Motakondur,Bajra,0,
2017-2018,Rabi,Yadadri Bhuvanagiri,Narayanpur,Bajra,0,
2017-2018,Rabi,Yadadri Bhuvanagiri,Choutuppal,Bajra,0,
2017-2018,Rabi,Yadadri Bhuvanagiri,Ramannapet,Bajra,0,
2017-2018,Rabi,Yadadri Bhuvanagiri,Addagudur,Bajra,0,
2017-2018,Rabi,Yadadri Bhuvanagiri,Mothkur,Bajra,0,
2017-2018,Rabi,Yadadri Bhuvanagiri,Bhongir,Maize,13,
2017-2018,Rabi,Yadadri Bhuvanagiri,Bibinagar,Maize,0,
2017-2018,Rabi,Yadadri Bhuvanagiri,Pochampally,Maize,0,
2017-2018,Rabi,Yadadri Bhuvanagiri,Valigonda,Maize,5,
2017-2018,Rabi,Yadadri Bhuvanagiri,Alair,Maize,12,
2017-2018,Rabi,Yadadri Bhuvanagiri,Athmakur,Maize,5,
2017-2018,Rabi,Yadadri Bhuvanagiri,Yadagirigutta,Maize,7,2
2017-2018,Rabi,Yadadri Bhuvanagiri,Bommalaramaram,Maize,15,
2017-2018,Rabi,Yadadri Bhuvanagiri,Rajapet,Maize,4,2
2017-2018,Rabi,Yadadri Bhuvanagiri,M.turkapally,Maize,3,5
2017-2018,Rabi,Yadadri Bhuvanagiri,Motakondur,Maize,7,10
2017-2018,Rabi,Yadadri Bhuvanagiri,Narayanpur,Maize,3,
2017-2018,Rabi,Yadadri Bhuvanagiri,Choutuppal,Maize,0,
2017-2018,Rabi,Yadadri Bhuvanagiri,Ramannapet,Maize,3,
2017-2018,Rabi,Yadadri Bhuvanagiri,Addagudur,Maize,2,
2017-2018,Rabi,Yadadri Bhuvanagiri,Mothkur,Maize,4,
2017-2018,Rabi,Yadadri Bhuvanagiri,Bhongir,Ragi,0,
2017-2018,Rabi,Yadadri Bhuvanagiri,Bibinagar,Ragi,0,
2017-2018,Rabi,Yadadri Bhuvanagiri,Pochampally,Ragi,0,
2017-2018,Rabi,Yadadri Bhuvanagiri,Valigonda,Ragi,0,
2017-2018,Rabi,Yadadri Bhuvanagiri,Alair,Ragi,0,
2017-2018,Rabi,Yadadri Bhuvanagiri,Athmakur,Ragi,0,
2017-2018,Rabi,Yadadri Bhuvanagiri,Yadagirigutta,Ragi,0,
2017-2018,Rabi,Yadadri Bhuvanagiri,Bommalaramaram,Ragi,0,
2017-2018,Rabi,Yadadri Bhuvanagiri,Rajapet,Ragi,0,
2017-2018,Rabi,Yadadri Bhuvanagiri,M.turkapally,Ragi,0,
2017-2018,Rabi,Yadadri Bhuvanagiri,Motakondur,Ragi,0,
2017-2018,Rabi,Yadadri Bhuvanagiri,Narayanpur,Ragi,0,
2017-2018,Rabi,Yadadri Bhuvanagiri,Choutuppal,Ragi,0,
2017-2018,Rabi,Yadadri Bhuvanagiri,Ramannapet,Ragi,0,
2017-2018,Rabi,Yadadri Bhuvanagiri,Addagudur,Ragi,0,
2017-2018,Rabi,Yadadri Bhuvanagiri,Mothkur,Ragi,0,
2017-2018,Rabi,Yadadri Bhuvanagiri,Bhongir,Horse Gram,0,
2017-2018,Rabi,Yadadri Bhuvanagiri,Bibinagar,Horse Gram,8,
2017-2018,Rabi,Yadadri Bhuvanagiri,Pochampally,Horse Gram,0,
2017-2018,Rabi,Yadadri Bhuvanagiri,Valigonda,Horse Gram,13,
2017-2018,Rabi,Yadadri Bhuvanagiri,Alair,Horse Gram,13,
2017-2018,Rabi,Yadadri Bhuvanagiri,Athmakur,Horse Gram,0,2
2017-2018,Rabi,Yadadri Bhuvanagiri,Yadagirigutta,Horse Gram,9,
2017-2018,Rabi,Yadadri Bhuvanagiri,Bommalaramaram,Horse Gram,39,
2017-2018,Rabi,Yadadri Bhuvanagiri,Rajapet,Horse Gram,14,12
2017-2018,Rabi,Yadadri Bhuvanagiri,M.turkapally,Horse Gram,60,6
2017-2018,Rabi,Yadadri Bhuvanagiri,Motakondur,Horse Gram,0,
2017-2018,Rabi,Yadadri Bhuvanagiri,Narayanpur,Horse Gram,16,12
2017-2018,Rabi,Yadadri Bhuvanagiri,Choutuppal,Horse Gram,4,
2017-2018,Rabi,Yadadri Bhuvanagiri,Ramannapet,Horse Gram,7,6
2017-2018,Rabi,Yadadri Bhuvanagiri,Addagudur,Horse Gram,2,
2017-2018,Rabi,Yadadri Bhuvanagiri,Mothkur,Horse Gram,5,10
2017-2018,Rabi,Yadadri Bhuvanagiri,Bhongir,Green Gram,0,
2017-2018,Rabi,Yadadri Bhuvanagiri,Bibinagar,Green Gram,0,
2017-2018,Rabi,Yadadri Bhuvanagiri,Pochampally,Green Gram,0,
2017-2018,Rabi,Yadadri Bhuvanagiri,Valigonda,Green Gram,0,
2017-2018,Rabi,Yadadri Bhuvanagiri,Alair,Green Gram,0,
2017-2018,Rabi,Yadadri Bhuvanagiri,Athmakur,Green Gram,1,
2017-2018,Rabi,Yadadri Bhuvanagiri,Yadagirigutta,Green Gram,0,
2017-2018,Rabi,Yadadri Bhuvanagiri,Bommalaramaram,Green Gram,3,
2017-2018,Rabi,Yadadri Bhuvanagiri,Rajapet,Green Gram,0,
2017-2018,Rabi,Yadadri Bhuvanagiri,M.turkapally,Green Gram,0,
2017-2018,Rabi,Yadadri Bhuvanagiri,Motakondur,Green Gram,0,15
2017-2018,Rabi,Yadadri Bhuvanagiri,Narayanpur,Green Gram,1,
2017-2018,Rabi,Yadadri Bhuvanagiri,Choutuppal,Green Gram,0,
2017-2018,Rabi,Yadadri Bhuvanagiri,Ramannapet,Green Gram,0,
2017-2018,Rabi,Yadadri Bhuvanagiri,Addagudur,Green Gram,5,2
2017-2018,Rabi,Yadadri Bhuvanagiri,Mothkur,Green Gram,14,3
2017-2018,Rabi,Yadadri Bhuvanagiri,Bhongir,Black Gram,7,
2017-2018,Rabi,Yadadri Bhuvanagiri,Bibinagar,Black Gram,18,
2017-2018,Rabi,Yadadri Bhuvanagiri,Pochampally,Black Gram,0,
2017-2018,Rabi,Yadadri Bhuvanagiri,Valigonda,Black Gram,7,5
2017-2018,Rabi,Yadadri Bhuvanagiri,Alair,Black Gram,0,1
2017-2018,Rabi,Yadadri Bhuvanagiri,Athmakur,Black Gram,1,5
2017-2018,Rabi,Yadadri Bhuvanagiri,Yadagirigutta,Black Gram,0,
2017-2018,Rabi,Yadadri Bhuvanagiri,Bommalaramaram,Black Gram,19,
2017-2018,Rabi,Yadadri Bhuvanagiri,Rajapet,Black Gram,16,32
2017-2018,Rabi,Yadadri Bhuvanagiri,M.turkapally,Black Gram,0,
2017-2018,Rabi,Yadadri Bhuvanagiri,Motakondur,Black Gram,0,35
2017-2018,Rabi,Yadadri Bhuvanagiri,Narayanpur,Black Gram,8,15
2017-2018,Rabi,Yadadri Bhuvanagiri,Choutuppal,Black Gram,0,16
2017-2018,Rabi,Yadadri Bhuvanagiri,Ramannapet,Black Gram,44,5
2017-2018,Rabi,Yadadri Bhuvanagiri,Addagudur,Black Gram,4,
2017-2018,Rabi,Yadadri Bhuvanagiri,Mothkur,Black Gram,0,
2017-2018,Rabi,Yadadri Bhuvanagiri,Bhongir,Red Gram,0,
2017-2018,Rabi,Yadadri Bhuvanagiri,Bibinagar,Red Gram,0,
2017-2018,Rabi,Yadadri Bhuvanagiri,Pochampally,Red Gram,0,
2017-2018,Rabi,Yadadri Bhuvanagiri,Valigonda,Red Gram,0,
2017-2018,Rabi,Yadadri Bhuvanagiri,Alair,Red Gram,0,
2017-2018,Rabi,Yadadri Bhuvanagiri,Athmakur,Red Gram,0,
2017-2018,Rabi,Yadadri Bhuvanagiri,Yadagirigutta,Red Gram,0,
2017-2018,Rabi,Yadadri Bhuvanagiri,Bommalaramaram,Red Gram,0,
2017-2018,Rabi,Yadadri Bhuvanagiri,Rajapet,Red Gram,0,
2017-2018,Rabi,Yadadri Bhuvanagiri,M.turkapally,Red Gram,0,
2017-2018,Rabi,Yadadri Bhuvanagiri,Motakondur,Red Gram,0,
2017-2018,Rabi,Yadadri Bhuvanagiri,Narayanpur,Red Gram,0,
2017-2018,Rabi,Yadadri Bhuvanagiri,Choutuppal,Red Gram,0,
2017-2018,Rabi,Yadadri Bhuvanagiri,Ramannapet,Red Gram,0,
2017-2018,Rabi,Yadadri Bhuvanagiri,Addagudur,Red Gram,0,
2017-2018,Rabi,Yadadri Bhuvanagiri,Mothkur,Red Gram,0,
2017-2018,Rabi,Yadadri Bhuvanagiri,Bhongir,Bengal Gram,2,
2017-2018,Rabi,Yadadri Bhuvanagiri,Bibinagar,Bengal Gram,0,
2017-2018,Rabi,Yadadri Bhuvanagiri,Pochampally,Bengal Gram,0,
2017-2018,Rabi,Yadadri Bhuvanagiri,Valigonda,Bengal Gram,8,
2017-2018,Rabi,Yadadri Bhuvanagiri,Alair,Bengal Gram,33,
2017-2018,Rabi,Yadadri Bhuvanagiri,Athmakur,Bengal Gram,4,10
2017-2018,Rabi,Yadadri Bhuvanagiri,Yadagirigutta,Bengal Gram,11,1
2017-2018,Rabi,Yadadri Bhuvanagiri,Bommalaramaram,Bengal Gram,11,2
2017-2018,Rabi,Yadadri Bhuvanagiri,Rajapet,Bengal Gram,16,35
2017-2018,Rabi,Yadadri Bhuvanagiri,M.turkapally,Bengal Gram,0,
2017-2018,Rabi,Yadadri Bhuvanagiri,Motakondur,Bengal Gram,37,2
2017-2018,Rabi,Yadadri Bhuvanagiri,Narayanpur,Bengal Gram,10,15
2017-2018,Rabi,Yadadri Bhuvanagiri,Choutuppal,Bengal Gram,6,22
2017-2018,Rabi,Yadadri Bhuvanagiri,Ramannapet,Bengal Gram,10,3
2017-2018,Rabi,Yadadri Bhuvanagiri,Addagudur,Bengal Gram,0,
2017-2018,Rabi,Yadadri Bhuvanagiri,Mothkur,Bengal Gram,0,
2017-2018,Rabi,Yadadri Bhuvanagiri,Bhongir,Cow Gram,0,
2017-2018,Rabi,Yadadri Bhuvanagiri,Bibinagar,Cow Gram,0,
2017-2018,Rabi,Yadadri Bhuvanagiri,Pochampally,Cow Gram,0,
2017-2018,Rabi,Yadadri Bhuvanagiri,Valigonda,Cow Gram,0,
2017-2018,Rabi,Yadadri Bhuvanagiri,Alair,Cow Gram,0,
2017-2018,Rabi,Yadadri Bhuvanagiri,Athmakur,Cow Gram,0,
2017-2018,Rabi,Yadadri Bhuvanagiri,Yadagirigutta,Cow Gram,0,
2017-2018,Rabi,Yadadri Bhuvanagiri,Bommalaramaram,Cow Gram,0,
2017-2018,Rabi,Yadadri Bhuvanagiri,Rajapet,Cow Gram,7,4
2017-2018,Rabi,Yadadri Bhuvanagiri,M.turkapally,Cow Gram,0,1
2017-2018,Rabi,Yadadri Bhuvanagiri,Motakondur,Cow Gram,0,
2017-2018,Rabi,Yadadri Bhuvanagiri,Narayanpur,Cow Gram,3,
2017-2018,Rabi,Yadadri Bhuvanagiri,Choutuppal,Cow Gram,0,
2017-2018,Rabi,Yadadri Bhuvanagiri,Ramannapet,Cow Gram,0,
2017-2018,Rabi,Yadadri Bhuvanagiri,Addagudur,Cow Gram,1,
2017-2018,Rabi,Yadadri Bhuvanagiri,Mothkur,Cow Gram,3,5
2017-2018,Rabi,Yadadri Bhuvanagiri,Bhongir,Other pulses,0,
2017-2018,Rabi,Yadadri Bhuvanagiri,Bibinagar,Other pulses,0,
2017-2018,Rabi,Yadadri Bhuvanagiri,Pochampally,Other pulses,0,
2017-2018,Rabi,Yadadri Bhuvanagiri,Valigonda,Other pulses,0,
2017-2018,Rabi,Yadadri Bhuvanagiri,Alair,Other pulses,0,
2017-2018,Rabi,Yadadri Bhuvanagiri,Athmakur,Other pulses,0,
2017-2018,Rabi,Yadadri Bhuvanagiri,Yadagirigutta,Other pulses,0,
2017-2018,Rabi,Yadadri Bhuvanagiri,Bommalaramaram,Other pulses,0,
2017-2018,Rabi,Yadadri Bhuvanagiri,Rajapet,Other pulses,0,
2017-2018,Rabi,Yadadri Bhuvanagiri,M.turkapally,Other pulses,0,
2017-2018,Rabi,Yadadri Bhuvanagiri,Motakondur,Other pulses,0,
2017-2018,Rabi,Yadadri Bhuvanagiri,Narayanpur,Other pulses,0,
2017-2018,Rabi,Yadadri Bhuvanagiri,Choutuppal,Other pulses,0,
2017-2018,Rabi,Yadadri Bhuvanagiri,Ramannapet,Other pulses,0,
2017-2018,Rabi,Yadadri Bhuvanagiri,Addagudur,Other pulses,0,
2017-2018,Rabi,Yadadri Bhuvanagiri,Mothkur,Other pulses,0,
2017-2018,Rabi,Yadadri Bhuvanagiri,Bhongir,Chillies,0,
2017-2018,Rabi,Yadadri Bhuvanagiri,Bibinagar,Chillies,0,
2017-2018,Rabi,Yadadri Bhuvanagiri,Pochampally,Chillies,0,
2017-2018,Rabi,Yadadri Bhuvanagiri,Valigonda,Chillies,0,
2017-2018,Rabi,Yadadri Bhuvanagiri,Alair,Chillies,15,
2017-2018,Rabi,Yadadri Bhuvanagiri,Athmakur,Chillies,0,
2017-2018,Rabi,Yadadri Bhuvanagiri,Yadagirigutta,Chillies,0,
2017-2018,Rabi,Yadadri Bhuvanagiri,Bommalaramaram,Chillies,0,
2017-2018,Rabi,Yadadri Bhuvanagiri,Rajapet,Chillies,0,
2017-2018,Rabi,Yadadri Bhuvanagiri,M.turkapally,Chillies,0,
2017-2018,Rabi,Yadadri Bhuvanagiri,Motakondur,Chillies,0,
2017-2018,Rabi,Yadadri Bhuvanagiri,Narayanpur,Chillies,1,
2017-2018,Rabi,Yadadri Bhuvanagiri,Choutuppal,Chillies,0,
2017-2018,Rabi,Yadadri Bhuvanagiri,Ramannapet,Chillies,1,
2017-2018,Rabi,Yadadri Bhuvanagiri,Addagudur,Chillies,0,
2017-2018,Rabi,Yadadri Bhuvanagiri,Mothkur,Chillies,0,
2017-2018,Rabi,Yadadri Bhuvanagiri,Bhongir,Potato,0,
2017-2018,Rabi,Yadadri Bhuvanagiri,Bibinagar,Potato,0,
2017-2018,Rabi,Yadadri Bhuvanagiri,Pochampally,Potato,0,
2017-2018,Rabi,Yadadri Bhuvanagiri,Valigonda,Potato,0,
2017-2018,Rabi,Yadadri Bhuvanagiri,Alair,Potato,0,
2017-2018,Rabi,Yadadri Bhuvanagiri,Athmakur,Potato,0,
2017-2018,Rabi,Yadadri Bhuvanagiri,Yadagirigutta,Potato,0,
2017-2018,Rabi,Yadadri Bhuvanagiri,Bommalaramaram,Potato,0,
2017-2018,Rabi,Yadadri Bhuvanagiri,Rajapet,Potato,0,
2017-2018,Rabi,Yadadri Bhuvanagiri,M.turkapally,Potato,0,
2017-2018,Rabi,Yadadri Bhuvanagiri,Motakondur,Potato,0,
2017-2018,Rabi,Yadadri Bhuvanagiri,Narayanpur,Potato,0,
2017-2018,Rabi,Yadadri Bhuvanagiri,Choutuppal,Potato,0,
2017-2018,Rabi,Yadadri Bhuvanagiri,Ramannapet,Potato,0,
2017-2018,Rabi,Yadadri Bhuvanagiri,Addagudur,Potato,0,
2017-2018,Rabi,Yadadri Bhuvanagiri,Mothkur,Potato,0,
2017-2018,Rabi,Yadadri Bhuvanagiri,Bhongir,Onion,1,
2017-2018,Rabi,Yadadri Bhuvanagiri,Bibinagar,Onion,0,
2017-2018,Rabi,Yadadri Bhuvanagiri,Pochampally,Onion,0,
2017-2018,Rabi,Yadadri Bhuvanagiri,Valigonda,Onion,0,
2017-2018,Rabi,Yadadri Bhuvanagiri,Alair,Onion,0,
2017-2018,Rabi,Yadadri Bhuvanagiri,Athmakur,Onion,0,
2017-2018,Rabi,Yadadri Bhuvanagiri,Yadagirigutta,Onion,0,
2017-2018,Rabi,Yadadri Bhuvanagiri,Bommalaramaram,Onion,0,
2017-2018,Rabi,Yadadri Bhuvanagiri,Rajapet,Onion,0,
2017-2018,Rabi,Yadadri Bhuvanagiri,M.turkapally,Onion,0,
2017-2018,Rabi,Yadadri Bhuvanagiri,Motakondur,Onion,0,
2017-2018,Rabi,Yadadri Bhuvanagiri,Narayanpur,Onion,0,
2017-2018,Rabi,Yadadri Bhuvanagiri,Choutuppal,Onion,0,
2017-2018,Rabi,Yadadri Bhuvanagiri,Ramannapet,Onion,0,
2017-2018,Rabi,Yadadri Bhuvanagiri,Addagudur,Onion,0,
2017-2018,Rabi,Yadadri Bhuvanagiri,Mothkur,Onion,0,
2017-2018,Rabi,Yadadri Bhuvanagiri,Bhongir,Other food crops,104,
2017-2018,Rabi,Yadadri Bhuvanagiri,Bibinagar,Other food crops,185,
2017-2018,Rabi,Yadadri Bhuvanagiri,Pochampally,Other food crops,28,25
2017-2018,Rabi,Yadadri Bhuvanagiri,Valigonda,Other food crops,39,
2017-2018,Rabi,Yadadri Bhuvanagiri,Alair,Other food crops,46,
2017-2018,Rabi,Yadadri Bhuvanagiri,Athmakur,Other food crops,28,
2017-2018,Rabi,Yadadri Bhuvanagiri,Yadagirigutta,Other food crops,48,
2017-2018,Rabi,Yadadri Bhuvanagiri,Bommalaramaram,Other food crops,183,
2017-2018,Rabi,Yadadri Bhuvanagiri,Rajapet,Other food crops,24,
2017-2018,Rabi,Yadadri Bhuvanagiri,M.turkapally,Other food crops,64,
2017-2018,Rabi,Yadadri Bhuvanagiri,Motakondur,Other food crops,71,8
2017-2018,Rabi,Yadadri Bhuvanagiri,Narayanpur,Other food crops,29,
2017-2018,Rabi,Yadadri Bhuvanagiri,Choutuppal,Other food crops,71,
2017-2018,Rabi,Yadadri Bhuvanagiri,Ramannapet,Other food crops,23,10
2017-2018,Rabi,Yadadri Bhuvanagiri,Addagudur,Other food crops,7,
2017-2018,Rabi,Yadadri Bhuvanagiri,Mothkur,Other food crops,8,
2017-2018,Rabi,Yadadri Bhuvanagiri,Bhongir,Groundnut,2,
2017-2018,Rabi,Yadadri Bhuvanagiri,Bibinagar,Groundnut,11,
2017-2018,Rabi,Yadadri Bhuvanagiri,Pochampally,Groundnut,0,
2017-2018,Rabi,Yadadri Bhuvanagiri,Valigonda,Groundnut,0,2
2017-2018,Rabi,Yadadri Bhuvanagiri,Alair,Groundnut,3,
2017-2018,Rabi,Yadadri Bhuvanagiri,Athmakur,Groundnut,0,
2017-2018,Rabi,Yadadri Bhuvanagiri,Yadagirigutta,Groundnut,3,
2017-2018,Rabi,Yadadri Bhuvanagiri,Bommalaramaram,Groundnut,9,
2017-2018,Rabi,Yadadri Bhuvanagiri,Rajapet,Groundnut,0,1.2
2017-2018,Rabi,Yadadri Bhuvanagiri,M.turkapally,Groundnut,3,2.5
2017-2018,Rabi,Yadadri Bhuvanagiri,Motakondur,Groundnut,3,
2017-2018,Rabi,Yadadri Bhuvanagiri,Narayanpur,Groundnut,1,
2017-2018,Rabi,Yadadri Bhuvanagiri,Choutuppal,Groundnut,0,
2017-2018,Rabi,Yadadri Bhuvanagiri,Ramannapet,Groundnut,1,
2017-2018,Rabi,Yadadri Bhuvanagiri,Addagudur,Groundnut,5,12
2017-2018,Rabi,Yadadri Bhuvanagiri,Mothkur,Groundnut,12,15
2017-2018,Rabi,Yadadri Bhuvanagiri,Bhongir,Sesamum,0,
2017-2018,Rabi,Yadadri Bhuvanagiri,Bibinagar,Sesamum,0,
2017-2018,Rabi,Yadadri Bhuvanagiri,Pochampally,Sesamum,0,
2017-2018,Rabi,Yadadri Bhuvanagiri,Valigonda,Sesamum,0,
2017-2018,Rabi,Yadadri Bhuvanagiri,Alair,Sesamum,0,
2017-2018,Rabi,Yadadri Bhuvanagiri,Athmakur,Sesamum,0,
2017-2018,Rabi,Yadadri Bhuvanagiri,Yadagirigutta,Sesamum,0,
2017-2018,Rabi,Yadadri Bhuvanagiri,Bommalaramaram,Sesamum,0,
2017-2018,Rabi,Yadadri Bhuvanagiri,Rajapet,Sesamum,0,
2017-2018,Rabi,Yadadri Bhuvanagiri,M.turkapally,Sesamum,0,
2017-2018,Rabi,Yadadri Bhuvanagiri,Motakondur,Sesamum,0,
2017-2018,Rabi,Yadadri Bhuvanagiri,Narayanpur,Sesamum,0,
2017-2018,Rabi,Yadadri Bhuvanagiri,Choutuppal,Sesamum,0,
2017-2018,Rabi,Yadadri Bhuvanagiri,Ramannapet,Sesamum,0,
2017-2018,Rabi,Yadadri Bhuvanagiri,Addagudur,Sesamum,0,
2017-2018,Rabi,Yadadri Bhuvanagiri,Mothkur,Sesamum,0,
2017-2018,Rabi,Yadadri Bhuvanagiri,Bhongir,Safflower,0,
2017-2018,Rabi,Yadadri Bhuvanagiri,Bibinagar,Safflower,0,
2017-2018,Rabi,Yadadri Bhuvanagiri,Pochampally,Safflower,0,
2017-2018,Rabi,Yadadri Bhuvanagiri,Valigonda,Safflower,0,
2017-2018,Rabi,Yadadri Bhuvanagiri,Alair,Safflower,0,
2017-2018,Rabi,Yadadri Bhuvanagiri,Athmakur,Safflower,0,
2017-2018,Rabi,Yadadri Bhuvanagiri,Yadagirigutta,Safflower,0,
2017-2018,Rabi,Yadadri Bhuvanagiri,Bommalaramaram,Safflower,0,
2017-2018,Rabi,Yadadri Bhuvanagiri,Rajapet,Safflower,0,
2017-2018,Rabi,Yadadri Bhuvanagiri,M.turkapally,Safflower,0,
2017-2018,Rabi,Yadadri Bhuvanagiri,Motakondur,Safflower,0,
2017-2018,Rabi,Yadadri Bhuvanagiri,Narayanpur,Safflower,0,
2017-2018,Rabi,Yadadri Bhuvanagiri,Choutuppal,Safflower,0,
2017-2018,Rabi,Yadadri Bhuvanagiri,Ramannapet,Safflower,0,
2017-2018,Rabi,Yadadri Bhuvanagiri,Addagudur,Safflower,0,
2017-2018,Rabi,Yadadri Bhuvanagiri,Mothkur,Safflower,0,
2017-2018,Rabi,Yadadri Bhuvanagiri,Bhongir,Sunflower,0,
2017-2018,Rabi,Yadadri Bhuvanagiri,Bibinagar,Sunflower,0,
2017-2018,Rabi,Yadadri Bhuvanagiri,Pochampally,Sunflower,0,
2017-2018,Rabi,Yadadri Bhuvanagiri,Valigonda,Sunflower,0,
2017-2018,Rabi,Yadadri Bhuvanagiri,Alair,Sunflower,0,
2017-2018,Rabi,Yadadri Bhuvanagiri,Athmakur,Sunflower,0,
2017-2018,Rabi,Yadadri Bhuvanagiri,Yadagirigutta,Sunflower,0,
2017-2018,Rabi,Yadadri Bhuvanagiri,Bommalaramaram,Sunflower,0,
2017-2018,Rabi,Yadadri Bhuvanagiri,Rajapet,Sunflower,7,
2017-2018,Rabi,Yadadri Bhuvanagiri,M.turkapally,Sunflower,0,
2017-2018,Rabi,Yadadri Bhuvanagiri,Motakondur,Sunflower,0,
2017-2018,Rabi,Yadadri Bhuvanagiri,Narayanpur,Sunflower,0,
2017-2018,Rabi,Yadadri Bhuvanagiri,Choutuppal,Sunflower,0,
2017-2018,Rabi,Yadadri Bhuvanagiri,Ramannapet,Sunflower,0,
2017-2018,Rabi,Yadadri Bhuvanagiri,Addagudur,Sunflower,0,
2017-2018,Rabi,Yadadri Bhuvanagiri,Mothkur,Sunflower,0,
2017-2018,Rabi,Yadadri Bhuvanagiri,Bhongir,Other oil seeds,0,
2017-2018,Rabi,Yadadri Bhuvanagiri,Bibinagar,Other oil seeds,0,
2017-2018,Rabi,Yadadri Bhuvanagiri,Pochampally,Other oil seeds,0,
2017-2018,Rabi,Yadadri Bhuvanagiri,Valigonda,Other oil seeds,0,
2017-2018,Rabi,Yadadri Bhuvanagiri,Alair,Other oil seeds,0,
2017-2018,Rabi,Yadadri Bhuvanagiri,Athmakur,Other oil seeds,0,
2017-2018,Rabi,Yadadri Bhuvanagiri,Yadagirigutta,Other oil seeds,0,
2017-2018,Rabi,Yadadri Bhuvanagiri,Bommalaramaram,Other oil seeds,0,
2017-2018,Rabi,Yadadri Bhuvanagiri,Rajapet,Other oil seeds,0,
2017-2018,Rabi,Yadadri Bhuvanagiri,M.turkapally,Other oil seeds,0,
2017-2018,Rabi,Yadadri Bhuvanagiri,Motakondur,Other oil seeds,0,
2017-2018,Rabi,Yadadri Bhuvanagiri,Narayanpur,Other oil seeds,0,
2017-2018,Rabi,Yadadri Bhuvanagiri,Choutuppal,Other oil seeds,0,
2017-2018,Rabi,Yadadri Bhuvanagiri,Ramannapet,Other oil seeds,0,
2017-2018,Rabi,Yadadri Bhuvanagiri,Addagudur,Other oil seeds,0,
2017-2018,Rabi,Yadadri Bhuvanagiri,Mothkur,Other oil seeds,0,
2017-2018,Rabi,Yadadri Bhuvanagiri,Bhongir,Tobacco,0,
2017-2018,Rabi,Yadadri Bhuvanagiri,Bibinagar,Tobacco,0,
2017-2018,Rabi,Yadadri Bhuvanagiri,Pochampally,Tobacco,0,
2017-2018,Rabi,Yadadri Bhuvanagiri,Valigonda,Tobacco,0,
2017-2018,Rabi,Yadadri Bhuvanagiri,Alair,Tobacco,0,
2017-2018,Rabi,Yadadri Bhuvanagiri,Athmakur,Tobacco,0,
2017-2018,Rabi,Yadadri Bhuvanagiri,Yadagirigutta,Tobacco,0,
2017-2018,Rabi,Yadadri Bhuvanagiri,Bommalaramaram,Tobacco,0,
2017-2018,Rabi,Yadadri Bhuvanagiri,Rajapet,Tobacco,0,
2017-2018,Rabi,Yadadri Bhuvanagiri,M.turkapally,Tobacco,0,
2017-2018,Rabi,Yadadri Bhuvanagiri,Motakondur,Tobacco,0,
2017-2018,Rabi,Yadadri Bhuvanagiri,Narayanpur,Tobacco,0,
2017-2018,Rabi,Yadadri Bhuvanagiri,Choutuppal,Tobacco,0,
2017-2018,Rabi,Yadadri Bhuvanagiri,Ramannapet,Tobacco,0,
2017-2018,Rabi,Yadadri Bhuvanagiri,Addagudur,Tobacco,0,
2017-2018,Rabi,Yadadri Bhuvanagiri,Mothkur,Tobacco,0,
2017-2018,Rabi,Yadadri Bhuvanagiri,Bhongir,Other non-food crops,0,
2017-2018,Rabi,Yadadri Bhuvanagiri,Bibinagar,Other non-food crops,264,
2017-2018,Rabi,Yadadri Bhuvanagiri,Pochampally,Other non-food crops,14,
2017-2018,Rabi,Yadadri Bhuvanagiri,Valigonda,Other non-food crops,7,
2017-2018,Rabi,Yadadri Bhuvanagiri,Alair,Other non-food crops,9,
2017-2018,Rabi,Yadadri Bhuvanagiri,Athmakur,Other non-food crops,0,
2017-2018,Rabi,Yadadri Bhuvanagiri,Yadagirigutta,Other non-food crops,122,
2017-2018,Rabi,Yadadri Bhuvanagiri,Bommalaramaram,Other non-food crops,16,
2017-2018,Rabi,Yadadri Bhuvanagiri,Rajapet,Other non-food crops,38,
2017-2018,Rabi,Yadadri Bhuvanagiri,M.turkapally,Other non-food crops,90,
2017-2018,Rabi,Yadadri Bhuvanagiri,Motakondur,Other non-food crops,2,
2017-2018,Rabi,Yadadri Bhuvanagiri,Narayanpur,Other non-food crops,14,
2017-2018,Rabi,Yadadri Bhuvanagiri,Choutuppal,Other non-food crops,3,
2017-2018,Rabi,Yadadri Bhuvanagiri,Ramannapet,Other non-food crops,6,
2017-2018,Rabi,Yadadri Bhuvanagiri,Addagudur,Other non-food crops,0,
2017-2018,Rabi,Yadadri Bhuvanagiri,Mothkur,Other non-food crops,1,
2017-2018,Rabi,Yadadri Bhuvanagiri,Bhongir,Total,2168,3574
2017-2018,Rabi,Yadadri Bhuvanagiri,Bibinagar,Total,6593,3580
2017-2018,Rabi,Yadadri Bhuvanagiri,Pochampally,Total,6013,6075
2017-2018,Rabi,Yadadri Bhuvanagiri,Valigonda,Total,4508,5589
2017-2018,Rabi,Yadadri Bhuvanagiri,Alair,Total,1707,1591
2017-2018,Rabi,Yadadri Bhuvanagiri,Athmakur,Total,1765,2642
2017-2018,Rabi,Yadadri Bhuvanagiri,Yadagirigutta,Total,869,953
2017-2018,Rabi,Yadadri Bhuvanagiri,Bommalaramaram,Total,995,430
2017-2018,Rabi,Yadadri Bhuvanagiri,Rajapet,Total,1253,1192.2
2017-2018,Rabi,Yadadri Bhuvanagiri,M.turkapally,Total,1244,1566.5
2017-2018,Rabi,Yadadri Bhuvanagiri,Motakondur,Total,539,1275
2017-2018,Rabi,Yadadri Bhuvanagiri,Narayanpur,Total,1173,129
2017-2018,Rabi,Yadadri Bhuvanagiri,Choutuppal,Total,1556,1566
2017-2018,Rabi,Yadadri Bhuvanagiri,Ramannapet,Total,3238,3484
2017-2018,Rabi,Yadadri Bhuvanagiri,Addagudur,Total,1052,2350
2017-2018,Rabi,Yadadri Bhuvanagiri,Mothkur,Total,963,2533
