year,season,districtName,mandalName,crop,normalAreaSown,actualAreaSown
2018-2019,Rabi,Yadadri Bhuvanagiri,M.turkapally,Paddy,1197,330
2018-2019,Rabi,Yadadri Bhuvanagiri,Rajapet,Paddy,1128,430
2018-2019,Rabi,Yadadri Bhuvanagiri,Alair,Paddy,1625,470
2018-2019,Rabi,Yadadri Bhuvanagiri,Motakondur,Paddy,1215,598
2018-2019,Rabi,Yadadri Bhuvanagiri,Yadagirigutta,Paddy,906,250
2018-2019,Rabi,Yadadri Bhuvanagiri,Bhongir,Paddy,2717,400
2018-2019,Rabi,Yadadri Bhuvanagiri,Bommalaramaram,Paddy,926,150
2018-2019,Rabi,Yadadri Bhuvanagiri,Bibinagar,Paddy,6922,780
2018-2019,Rabi,Yadadri Bhuvanagiri,Pochampally,Paddy,6473,5150
2018-2019,Rabi,Yadadri Bhuvanagiri,Choutuppal,Paddy,2943,1350
2018-2019,Rabi,Yadadri Bhuvanagiri,Narayanpur,Paddy,1414,125
2018-2019,Rabi,Yadadri Bhuvanagiri,Ramannapet,Paddy,7158,3500
2018-2019,Rabi,Yadadri Bhuvanagiri,Valigonda,Paddy,5241,3450
2018-2019,Rabi,Yadadri Bhuvanagiri,Athmakur,Paddy,1895,200
2018-2019,Rabi,Yadadri Bhuvanagiri,Mothkur,Paddy,1578,1442
2018-2019,Rabi,Yadadri Bhuvanagiri,Addagudur,Paddy,872,800
2018-2019,Rabi,Yadadri Bhuvanagiri,M.turkapally,Wheat,0,0
2018-2019,Rabi,Yadadri Bhuvanagiri,Rajapet,Wheat,0,0
2018-2019,Rabi,Yadadri Bhuvanagiri,Alair,Wheat,0,0
2018-2019,Rabi,Yadadri Bhuvanagiri,Motakondur,Wheat,0,0
2018-2019,Rabi,Yadadri Bhuvanagiri,Yadagirigutta,Wheat,0,0
2018-2019,Rabi,Yadadri Bhuvanagiri,Bhongir,Wheat,0,0
2018-2019,Rabi,Yadadri Bhuvanagiri,Bommalaramaram,Wheat,0,0
2018-2019,Rabi,Yadadri Bhuvanagiri,Bibinagar,Wheat,0,0
2018-2019,Rabi,Yadadri Bhuvanagiri,Pochampally,Wheat,0,0
2018-2019,Rabi,Yadadri Bhuvanagiri,Choutuppal,Wheat,0,0
2018-2019,Rabi,Yadadri Bhuvanagiri,Narayanpur,Wheat,0,0
2018-2019,Rabi,Yadadri Bhuvanagiri,Ramannapet,Wheat,0,0
2018-2019,Rabi,Yadadri Bhuvanagiri,Valigonda,Wheat,0,0
2018-2019,Rabi,Yadadri Bhuvanagiri,Athmakur,Wheat,0,0
2018-2019,Rabi,Yadadri Bhuvanagiri,Mothkur,Wheat,0,0
2018-2019,Rabi,Yadadri Bhuvanagiri,Addagudur,Wheat,0,0
2018-2019,Rabi,Yadadri Bhuvanagiri,M.turkapally,Jowar,0,0
2018-2019,Rabi,Yadadri Bhuvanagiri,Rajapet,Jowar,0,0
2018-2019,Rabi,Yadadri Bhuvanagiri,Alair,Jowar,4,0
2018-2019,Rabi,Yadadri Bhuvanagiri,Motakondur,Jowar,0,8
2018-2019,Rabi,Yadadri Bhuvanagiri,Yadagirigutta,Jowar,2,0
2018-2019,Rabi,Yadadri Bhuvanagiri,Bhongir,Jowar,5,0
2018-2019,Rabi,Yadadri Bhuvanagiri,Bommalaramaram,Jowar,7,0
2018-2019,Rabi,Yadadri Bhuvanagiri,Bibinagar,Jowar,0,0
2018-2019,Rabi,Yadadri Bhuvanagiri,Pochampally,Jowar,0,0
2018-2019,Rabi,Yadadri Bhuvanagiri,Choutuppal,Jowar,0,0
2018-2019,Rabi,Yadadri Bhuvanagiri,Narayanpur,Jowar,4,0
2018-2019,Rabi,Yadadri Bhuvanagiri,Ramannapet,Jowar,4,0
2018-2019,Rabi,Yadadri Bhuvanagiri,Valigonda,Jowar,2,0
2018-2019,Rabi,Yadadri Bhuvanagiri,Athmakur,Jowar,0,0
2018-2019,Rabi,Yadadri Bhuvanagiri,Mothkur,Jowar,2,0
2018-2019,Rabi,Yadadri Bhuvanagiri,Addagudur,Jowar,0,0
2018-2019,Rabi,Yadadri Bhuvanagiri,M.turkapally,Bajra,0,0
2018-2019,Rabi,Yadadri Bhuvanagiri,Rajapet,Bajra,0,0
2018-2019,Rabi,Yadadri Bhuvanagiri,Alair,Bajra,0,0
2018-2019,Rabi,Yadadri Bhuvanagiri,Motakondur,Bajra,0,0
2018-2019,Rabi,Yadadri Bhuvanagiri,Yadagirigutta,Bajra,0,0
2018-2019,Rabi,Yadadri Bhuvanagiri,Bhongir,Bajra,0,0
2018-2019,Rabi,Yadadri Bhuvanagiri,Bommalaramaram,Bajra,0,0
2018-2019,Rabi,Yadadri Bhuvanagiri,Bibinagar,Bajra,0,0
2018-2019,Rabi,Yadadri Bhuvanagiri,Pochampally,Bajra,0,0
2018-2019,Rabi,Yadadri Bhuvanagiri,Choutuppal,Bajra,0,0
2018-2019,Rabi,Yadadri Bhuvanagiri,Narayanpur,Bajra,0,0
2018-2019,Rabi,Yadadri Bhuvanagiri,Ramannapet,Bajra,0,0
2018-2019,Rabi,Yadadri Bhuvanagiri,Valigonda,Bajra,0,0
2018-2019,Rabi,Yadadri Bhuvanagiri,Athmakur,Bajra,0,0
2018-2019,Rabi,Yadadri Bhuvanagiri,Mothkur,Bajra,0,0
2018-2019,Rabi,Yadadri Bhuvanagiri,Addagudur,Bajra,0,0
2018-2019,Rabi,Yadadri Bhuvanagiri,M.turkapally,Maize,5,2
2018-2019,Rabi,Yadadri Bhuvanagiri,Rajapet,Maize,6,1
2018-2019,Rabi,Yadadri Bhuvanagiri,Alair,Maize,12,1.2
2018-2019,Rabi,Yadadri Bhuvanagiri,Motakondur,Maize,8,0
2018-2019,Rabi,Yadadri Bhuvanagiri,Yadagirigutta,Maize,4,0
2018-2019,Rabi,Yadadri Bhuvanagiri,Bhongir,Maize,2,0
2018-2019,Rabi,Yadadri Bhuvanagiri,Bommalaramaram,Maize,3,0
2018-2019,Rabi,Yadadri Bhuvanagiri,Bibinagar,Maize,0,0
2018-2019,Rabi,Yadadri Bhuvanagiri,Pochampally,Maize,0,0
2018-2019,Rabi,Yadadri Bhuvanagiri,Choutuppal,Maize,0,0
2018-2019,Rabi,Yadadri Bhuvanagiri,Narayanpur,Maize,3,0
2018-2019,Rabi,Yadadri Bhuvanagiri,Ramannapet,Maize,5,0
2018-2019,Rabi,Yadadri Bhuvanagiri,Valigonda,Maize,5,0
2018-2019,Rabi,Yadadri Bhuvanagiri,Athmakur,Maize,9,0
2018-2019,Rabi,Yadadri Bhuvanagiri,Mothkur,Maize,3,0
2018-2019,Rabi,Yadadri Bhuvanagiri,Addagudur,Maize,0,0
2018-2019,Rabi,Yadadri Bhuvanagiri,M.turkapally,Ragi,0,0
2018-2019,Rabi,Yadadri Bhuvanagiri,Rajapet,Ragi,0,0
2018-2019,Rabi,Yadadri Bhuvanagiri,Alair,Ragi,0,0
2018-2019,Rabi,Yadadri Bhuvanagiri,Motakondur,Ragi,0,0
2018-2019,Rabi,Yadadri Bhuvanagiri,Yadagirigutta,Ragi,0,0
2018-2019,Rabi,Yadadri Bhuvanagiri,Bhongir,Ragi,0,0
2018-2019,Rabi,Yadadri Bhuvanagiri,Bommalaramaram,Ragi,0,0
2018-2019,Rabi,Yadadri Bhuvanagiri,Bibinagar,Ragi,0,0
2018-2019,Rabi,Yadadri Bhuvanagiri,Pochampally,Ragi,0,0
2018-2019,Rabi,Yadadri Bhuvanagiri,Choutuppal,Ragi,0,0
2018-2019,Rabi,Yadadri Bhuvanagiri,Narayanpur,Ragi,0,0
2018-2019,Rabi,Yadadri Bhuvanagiri,Ramannapet,Ragi,0,0
2018-2019,Rabi,Yadadri Bhuvanagiri,Valigonda,Ragi,0,0
2018-2019,Rabi,Yadadri Bhuvanagiri,Athmakur,Ragi,0,0
2018-2019,Rabi,Yadadri Bhuvanagiri,Mothkur,Ragi,0,0
2018-2019,Rabi,Yadadri Bhuvanagiri,Addagudur,Ragi,0,0
2018-2019,Rabi,Yadadri Bhuvanagiri,M.turkapally,Korra,0,0
2018-2019,Rabi,Yadadri Bhuvanagiri,Rajapet,Korra,0,0
2018-2019,Rabi,Yadadri Bhuvanagiri,Alair,Korra,0,0
2018-2019,Rabi,Yadadri Bhuvanagiri,Motakondur,Korra,0,1
2018-2019,Rabi,Yadadri Bhuvanagiri,Yadagirigutta,Korra,0,0
2018-2019,Rabi,Yadadri Bhuvanagiri,Bhongir,Korra,0,0
2018-2019,Rabi,Yadadri Bhuvanagiri,Bommalaramaram,Korra,0,0
2018-2019,Rabi,Yadadri Bhuvanagiri,Bibinagar,Korra,0,0
2018-2019,Rabi,Yadadri Bhuvanagiri,Pochampally,Korra,0,0
2018-2019,Rabi,Yadadri Bhuvanagiri,Choutuppal,Korra,0,0
2018-2019,Rabi,Yadadri Bhuvanagiri,Narayanpur,Korra,0,0
2018-2019,Rabi,Yadadri Bhuvanagiri,Ramannapet,Korra,0,0
2018-2019,Rabi,Yadadri Bhuvanagiri,Valigonda,Korra,0,0
2018-2019,Rabi,Yadadri Bhuvanagiri,Athmakur,Korra,0,0
2018-2019,Rabi,Yadadri Bhuvanagiri,Mothkur,Korra,0,0
2018-2019,Rabi,Yadadri Bhuvanagiri,Addagudur,Korra,0,0
2018-2019,Rabi,Yadadri Bhuvanagiri,M.turkapally,Horse Gram,47,0
2018-2019,Rabi,Yadadri Bhuvanagiri,Rajapet,Horse Gram,13,0
2018-2019,Rabi,Yadadri Bhuvanagiri,Alair,Horse Gram,11,2
2018-2019,Rabi,Yadadri Bhuvanagiri,Motakondur,Horse Gram,44,0
2018-2019,Rabi,Yadadri Bhuvanagiri,Yadagirigutta,Horse Gram,0,0
2018-2019,Rabi,Yadadri Bhuvanagiri,Bhongir,Horse Gram,0,0
2018-2019,Rabi,Yadadri Bhuvanagiri,Bommalaramaram,Horse Gram,25,2
2018-2019,Rabi,Yadadri Bhuvanagiri,Bibinagar,Horse Gram,0,0
2018-2019,Rabi,Yadadri Bhuvanagiri,Pochampally,Horse Gram,0,0
2018-2019,Rabi,Yadadri Bhuvanagiri,Choutuppal,Horse Gram,1,0
2018-2019,Rabi,Yadadri Bhuvanagiri,Narayanpur,Horse Gram,11,0
2018-2019,Rabi,Yadadri Bhuvanagiri,Ramannapet,Horse Gram,12,0
2018-2019,Rabi,Yadadri Bhuvanagiri,Valigonda,Horse Gram,6,0
2018-2019,Rabi,Yadadri Bhuvanagiri,Athmakur,Horse Gram,0,0
2018-2019,Rabi,Yadadri Bhuvanagiri,Mothkur,Horse Gram,14,0
2018-2019,Rabi,Yadadri Bhuvanagiri,Addagudur,Horse Gram,0,0
2018-2019,Rabi,Yadadri Bhuvanagiri,M.turkapally,Green Gram,0,0
2018-2019,Rabi,Yadadri Bhuvanagiri,Rajapet,Green Gram,0,0
2018-2019,Rabi,Yadadri Bhuvanagiri,Alair,Green Gram,0,0
2018-2019,Rabi,Yadadri Bhuvanagiri,Motakondur,Green Gram,0,0
2018-2019,Rabi,Yadadri Bhuvanagiri,Yadagirigutta,Green Gram,0,0
2018-2019,Rabi,Yadadri Bhuvanagiri,Bhongir,Green Gram,0,0
2018-2019,Rabi,Yadadri Bhuvanagiri,Bommalaramaram,Green Gram,2,0
2018-2019,Rabi,Yadadri Bhuvanagiri,Bibinagar,Green Gram,0,0
2018-2019,Rabi,Yadadri Bhuvanagiri,Pochampally,Green Gram,0,0
2018-2019,Rabi,Yadadri Bhuvanagiri,Choutuppal,Green Gram,0,0
2018-2019,Rabi,Yadadri Bhuvanagiri,Narayanpur,Green Gram,1,0
2018-2019,Rabi,Yadadri Bhuvanagiri,Ramannapet,Green Gram,0,0
2018-2019,Rabi,Yadadri Bhuvanagiri,Valigonda,Green Gram,0,0
2018-2019,Rabi,Yadadri Bhuvanagiri,Athmakur,Green Gram,1,0
2018-2019,Rabi,Yadadri Bhuvanagiri,Mothkur,Green Gram,27,0
2018-2019,Rabi,Yadadri Bhuvanagiri,Addagudur,Green Gram,5,0
2018-2019,Rabi,Yadadri Bhuvanagiri,M.turkapally,Black Gram,0,0
2018-2019,Rabi,Yadadri Bhuvanagiri,Rajapet,Black Gram,23,6
2018-2019,Rabi,Yadadri Bhuvanagiri,Alair,Black Gram,2,0
2018-2019,Rabi,Yadadri Bhuvanagiri,Motakondur,Black Gram,0,6
2018-2019,Rabi,Yadadri Bhuvanagiri,Yadagirigutta,Black Gram,0,0
2018-2019,Rabi,Yadadri Bhuvanagiri,Bhongir,Black Gram,4,0
2018-2019,Rabi,Yadadri Bhuvanagiri,Bommalaramaram,Black Gram,10,0
2018-2019,Rabi,Yadadri Bhuvanagiri,Bibinagar,Black Gram,0,0
2018-2019,Rabi,Yadadri Bhuvanagiri,Pochampally,Black Gram,0,0
2018-2019,Rabi,Yadadri Bhuvanagiri,Choutuppal,Black Gram,0,0
2018-2019,Rabi,Yadadri Bhuvanagiri,Narayanpur,Black Gram,4,0
2018-2019,Rabi,Yadadri Bhuvanagiri,Ramannapet,Black Gram,43,0
2018-2019,Rabi,Yadadri Bhuvanagiri,Valigonda,Black Gram,6,0
2018-2019,Rabi,Yadadri Bhuvanagiri,Athmakur,Black Gram,1,0
2018-2019,Rabi,Yadadri Bhuvanagiri,Mothkur,Black Gram,1,0
2018-2019,Rabi,Yadadri Bhuvanagiri,Addagudur,Black Gram,0,0
2018-2019,Rabi,Yadadri Bhuvanagiri,M.turkapally,Black Gram,0,0
2018-2019,Rabi,Yadadri Bhuvanagiri,Rajapet,Black Gram,0,0
2018-2019,Rabi,Yadadri Bhuvanagiri,Alair,Black Gram,0,0
2018-2019,Rabi,Yadadri Bhuvanagiri,Motakondur,Black Gram,0,0
2018-2019,Rabi,Yadadri Bhuvanagiri,Yadagirigutta,Black Gram,0,0
2018-2019,Rabi,Yadadri Bhuvanagiri,Bhongir,Black Gram,0,0
2018-2019,Rabi,Yadadri Bhuvanagiri,Bommalaramaram,Black Gram,0,0
2018-2019,Rabi,Yadadri Bhuvanagiri,Bibinagar,Black Gram,0,0
2018-2019,Rabi,Yadadri Bhuvanagiri,Pochampally,Black Gram,0,0
2018-2019,Rabi,Yadadri Bhuvanagiri,Choutuppal,Black Gram,0,0
2018-2019,Rabi,Yadadri Bhuvanagiri,Narayanpur,Black Gram,0,0
2018-2019,Rabi,Yadadri Bhuvanagiri,Ramannapet,Black Gram,0,0
2018-2019,Rabi,Yadadri Bhuvanagiri,Valigonda,Black Gram,0,0
2018-2019,Rabi,Yadadri Bhuvanagiri,Athmakur,Black Gram,0,0
2018-2019,Rabi,Yadadri Bhuvanagiri,Mothkur,Black Gram,0,0
2018-2019,Rabi,Yadadri Bhuvanagiri,Addagudur,Black Gram,0,0
2018-2019,Rabi,Yadadri Bhuvanagiri,M.turkapally,Cow Gram,2,0
2018-2019,Rabi,Yadadri Bhuvanagiri,Rajapet,Cow Gram,6,5
2018-2019,Rabi,Yadadri Bhuvanagiri,Alair,Cow Gram,0,0
2018-2019,Rabi,Yadadri Bhuvanagiri,Motakondur,Cow Gram,1,0
2018-2019,Rabi,Yadadri Bhuvanagiri,Yadagirigutta,Cow Gram,8,0
2018-2019,Rabi,Yadadri Bhuvanagiri,Bhongir,Cow Gram,0,0
2018-2019,Rabi,Yadadri Bhuvanagiri,Bommalaramaram,Cow Gram,0,0
2018-2019,Rabi,Yadadri Bhuvanagiri,Bibinagar,Cow Gram,0,0
2018-2019,Rabi,Yadadri Bhuvanagiri,Pochampally,Cow Gram,0,0
2018-2019,Rabi,Yadadri Bhuvanagiri,Choutuppal,Cow Gram,0,0
2018-2019,Rabi,Yadadri Bhuvanagiri,Narayanpur,Cow Gram,0,0
2018-2019,Rabi,Yadadri Bhuvanagiri,Ramannapet,Cow Gram,0,0
2018-2019,Rabi,Yadadri Bhuvanagiri,Valigonda,Cow Gram,0,0
2018-2019,Rabi,Yadadri Bhuvanagiri,Athmakur,Cow Gram,0,0
2018-2019,Rabi,Yadadri Bhuvanagiri,Mothkur,Cow Gram,4,0
2018-2019,Rabi,Yadadri Bhuvanagiri,Addagudur,Cow Gram,1,0
2018-2019,Rabi,Yadadri Bhuvanagiri,M.turkapally,Bengal Gram,0,0
2018-2019,Rabi,Yadadri Bhuvanagiri,Rajapet,Bengal Gram,21,30
2018-2019,Rabi,Yadadri Bhuvanagiri,Alair,Bengal Gram,26,4.8
2018-2019,Rabi,Yadadri Bhuvanagiri,Motakondur,Bengal Gram,4,25
2018-2019,Rabi,Yadadri Bhuvanagiri,Yadagirigutta,Bengal Gram,9,2
2018-2019,Rabi,Yadadri Bhuvanagiri,Bhongir,Bengal Gram,4,4
2018-2019,Rabi,Yadadri Bhuvanagiri,Bommalaramaram,Bengal Gram,2,4
2018-2019,Rabi,Yadadri Bhuvanagiri,Bibinagar,Bengal Gram,0,0
2018-2019,Rabi,Yadadri Bhuvanagiri,Pochampally,Bengal Gram,0,2
2018-2019,Rabi,Yadadri Bhuvanagiri,Choutuppal,Bengal Gram,3,0
2018-2019,Rabi,Yadadri Bhuvanagiri,Narayanpur,Bengal Gram,12,5
2018-2019,Rabi,Yadadri Bhuvanagiri,Ramannapet,Bengal Gram,10,0
2018-2019,Rabi,Yadadri Bhuvanagiri,Valigonda,Bengal Gram,6,3
2018-2019,Rabi,Yadadri Bhuvanagiri,Athmakur,Bengal Gram,6,0
2018-2019,Rabi,Yadadri Bhuvanagiri,Mothkur,Bengal Gram,0,23
2018-2019,Rabi,Yadadri Bhuvanagiri,Addagudur,Bengal Gram,0,15
2018-2019,Rabi,Yadadri Bhuvanagiri,M.turkapally,Other pulses,0,0
2018-2019,Rabi,Yadadri Bhuvanagiri,Rajapet,Other pulses,0,0
2018-2019,Rabi,Yadadri Bhuvanagiri,Alair,Other pulses,0,0
2018-2019,Rabi,Yadadri Bhuvanagiri,Motakondur,Other pulses,0,0
2018-2019,Rabi,Yadadri Bhuvanagiri,Yadagirigutta,Other pulses,0,0
2018-2019,Rabi,Yadadri Bhuvanagiri,Bhongir,Other pulses,0,0
2018-2019,Rabi,Yadadri Bhuvanagiri,Bommalaramaram,Other pulses,0,0
2018-2019,Rabi,Yadadri Bhuvanagiri,Bibinagar,Other pulses,0,0
2018-2019,Rabi,Yadadri Bhuvanagiri,Pochampally,Other pulses,0,0
2018-2019,Rabi,Yadadri Bhuvanagiri,Choutuppal,Other pulses,0,0
2018-2019,Rabi,Yadadri Bhuvanagiri,Narayanpur,Other pulses,0,0
2018-2019,Rabi,Yadadri Bhuvanagiri,Ramannapet,Other pulses,0,0
2018-2019,Rabi,Yadadri Bhuvanagiri,Valigonda,Other pulses,0,0
2018-2019,Rabi,Yadadri Bhuvanagiri,Athmakur,Other pulses,0,0
2018-2019,Rabi,Yadadri Bhuvanagiri,Mothkur,Other pulses,0,0
2018-2019,Rabi,Yadadri Bhuvanagiri,Addagudur,Other pulses,0,0
2018-2019,Rabi,Yadadri Bhuvanagiri,M.turkapally,Chillies,0,0
2018-2019,Rabi,Yadadri Bhuvanagiri,Rajapet,Chillies,0,0
2018-2019,Rabi,Yadadri Bhuvanagiri,Alair,Chillies,9,0
2018-2019,Rabi,Yadadri Bhuvanagiri,Motakondur,Chillies,0,0
2018-2019,Rabi,Yadadri Bhuvanagiri,Yadagirigutta,Chillies,0,0
2018-2019,Rabi,Yadadri Bhuvanagiri,Bhongir,Chillies,0,0
2018-2019,Rabi,Yadadri Bhuvanagiri,Bommalaramaram,Chillies,0,0
2018-2019,Rabi,Yadadri Bhuvanagiri,Bibinagar,Chillies,0,0
2018-2019,Rabi,Yadadri Bhuvanagiri,Pochampally,Chillies,0,0
2018-2019,Rabi,Yadadri Bhuvanagiri,Choutuppal,Chillies,0,0
2018-2019,Rabi,Yadadri Bhuvanagiri,Narayanpur,Chillies,1,0
2018-2019,Rabi,Yadadri Bhuvanagiri,Ramannapet,Chillies,3,0
2018-2019,Rabi,Yadadri Bhuvanagiri,Valigonda,Chillies,1,0
2018-2019,Rabi,Yadadri Bhuvanagiri,Athmakur,Chillies,0,0
2018-2019,Rabi,Yadadri Bhuvanagiri,Mothkur,Chillies,6,0
2018-2019,Rabi,Yadadri Bhuvanagiri,Addagudur,Chillies,8,0
2018-2019,Rabi,Yadadri Bhuvanagiri,M.turkapally,Coriander,0,0
2018-2019,Rabi,Yadadri Bhuvanagiri,Rajapet,Coriander,0,0
2018-2019,Rabi,Yadadri Bhuvanagiri,Alair,Coriander,16,0
2018-2019,Rabi,Yadadri Bhuvanagiri,Motakondur,Coriander,0,0
2018-2019,Rabi,Yadadri Bhuvanagiri,Yadagirigutta,Coriander,0,0
2018-2019,Rabi,Yadadri Bhuvanagiri,Bhongir,Coriander,0,0
2018-2019,Rabi,Yadadri Bhuvanagiri,Bommalaramaram,Coriander,0,0
2018-2019,Rabi,Yadadri Bhuvanagiri,Bibinagar,Coriander,0,0
2018-2019,Rabi,Yadadri Bhuvanagiri,Pochampally,Coriander,0,0
2018-2019,Rabi,Yadadri Bhuvanagiri,Choutuppal,Coriander,0,0
2018-2019,Rabi,Yadadri Bhuvanagiri,Narayanpur,Coriander,0,0
2018-2019,Rabi,Yadadri Bhuvanagiri,Ramannapet,Coriander,0,0
2018-2019,Rabi,Yadadri Bhuvanagiri,Valigonda,Coriander,5,0
2018-2019,Rabi,Yadadri Bhuvanagiri,Athmakur,Coriander,0,0
2018-2019,Rabi,Yadadri Bhuvanagiri,Mothkur,Coriander,0,0
2018-2019,Rabi,Yadadri Bhuvanagiri,Addagudur,Coriander,0,0
2018-2019,Rabi,Yadadri Bhuvanagiri,M.turkapally,Potato,0,0
2018-2019,Rabi,Yadadri Bhuvanagiri,Rajapet,Potato,0,0
2018-2019,Rabi,Yadadri Bhuvanagiri,Alair,Potato,0,0
2018-2019,Rabi,Yadadri Bhuvanagiri,Motakondur,Potato,0,0
2018-2019,Rabi,Yadadri Bhuvanagiri,Yadagirigutta,Potato,0,0
2018-2019,Rabi,Yadadri Bhuvanagiri,Bhongir,Potato,0,0
2018-2019,Rabi,Yadadri Bhuvanagiri,Bommalaramaram,Potato,0,0
2018-2019,Rabi,Yadadri Bhuvanagiri,Bibinagar,Potato,0,0
2018-2019,Rabi,Yadadri Bhuvanagiri,Pochampally,Potato,0,0
2018-2019,Rabi,Yadadri Bhuvanagiri,Choutuppal,Potato,0,0
2018-2019,Rabi,Yadadri Bhuvanagiri,Narayanpur,Potato,0,0
2018-2019,Rabi,Yadadri Bhuvanagiri,Ramannapet,Potato,0,0
2018-2019,Rabi,Yadadri Bhuvanagiri,Valigonda,Potato,0,0
2018-2019,Rabi,Yadadri Bhuvanagiri,Athmakur,Potato,0,0
2018-2019,Rabi,Yadadri Bhuvanagiri,Mothkur,Potato,0,0
2018-2019,Rabi,Yadadri Bhuvanagiri,Addagudur,Potato,0,0
2018-2019,Rabi,Yadadri Bhuvanagiri,M.turkapally,Onion,0,0
2018-2019,Rabi,Yadadri Bhuvanagiri,Rajapet,Onion,0,0
2018-2019,Rabi,Yadadri Bhuvanagiri,Alair,Onion,0,0
2018-2019,Rabi,Yadadri Bhuvanagiri,Motakondur,Onion,0,0
2018-2019,Rabi,Yadadri Bhuvanagiri,Yadagirigutta,Onion,0,0
2018-2019,Rabi,Yadadri Bhuvanagiri,Bhongir,Onion,0,0
2018-2019,Rabi,Yadadri Bhuvanagiri,Bommalaramaram,Onion,0,0
2018-2019,Rabi,Yadadri Bhuvanagiri,Bibinagar,Onion,0,0
2018-2019,Rabi,Yadadri Bhuvanagiri,Pochampally,Onion,0,0
2018-2019,Rabi,Yadadri Bhuvanagiri,Choutuppal,Onion,0,0
2018-2019,Rabi,Yadadri Bhuvanagiri,Narayanpur,Onion,0,0
2018-2019,Rabi,Yadadri Bhuvanagiri,Ramannapet,Onion,0,0
2018-2019,Rabi,Yadadri Bhuvanagiri,Valigonda,Onion,0,0
2018-2019,Rabi,Yadadri Bhuvanagiri,Athmakur,Onion,0,0
2018-2019,Rabi,Yadadri Bhuvanagiri,Mothkur,Onion,0,0
2018-2019,Rabi,Yadadri Bhuvanagiri,Addagudur,Onion,0,0
2018-2019,Rabi,Yadadri Bhuvanagiri,M.turkapally,Other food crops,91,0
2018-2019,Rabi,Yadadri Bhuvanagiri,Rajapet,Other food crops,25,0
2018-2019,Rabi,Yadadri Bhuvanagiri,Alair,Other food crops,36,0.6
2018-2019,Rabi,Yadadri Bhuvanagiri,Motakondur,Other food crops,119,70
2018-2019,Rabi,Yadadri Bhuvanagiri,Yadagirigutta,Other food crops,50,0
2018-2019,Rabi,Yadadri Bhuvanagiri,Bhongir,Other food crops,67,0
2018-2019,Rabi,Yadadri Bhuvanagiri,Bommalaramaram,Other food crops,241,0
2018-2019,Rabi,Yadadri Bhuvanagiri,Bibinagar,Other food crops,0,0
2018-2019,Rabi,Yadadri Bhuvanagiri,Pochampally,Other food crops,25,10
2018-2019,Rabi,Yadadri Bhuvanagiri,Choutuppal,Other food crops,73,0
2018-2019,Rabi,Yadadri Bhuvanagiri,Narayanpur,Other food crops,44,0
2018-2019,Rabi,Yadadri Bhuvanagiri,Ramannapet,Other food crops,3,0
2018-2019,Rabi,Yadadri Bhuvanagiri,Valigonda,Other food crops,33,0
2018-2019,Rabi,Yadadri Bhuvanagiri,Athmakur,Other food crops,52,0
2018-2019,Rabi,Yadadri Bhuvanagiri,Mothkur,Other food crops,0,0
2018-2019,Rabi,Yadadri Bhuvanagiri,Addagudur,Other food crops,6,0
2018-2019,Rabi,Yadadri Bhuvanagiri,M.turkapally,Groundnut,5,0
2018-2019,Rabi,Yadadri Bhuvanagiri,Rajapet,Groundnut,0,0
2018-2019,Rabi,Yadadri Bhuvanagiri,Alair,Groundnut,2,10
2018-2019,Rabi,Yadadri Bhuvanagiri,Motakondur,Groundnut,4,30
2018-2019,Rabi,Yadadri Bhuvanagiri,Yadagirigutta,Groundnut,3,0
2018-2019,Rabi,Yadadri Bhuvanagiri,Bhongir,Groundnut,3,0
2018-2019,Rabi,Yadadri Bhuvanagiri,Bommalaramaram,Groundnut,4,0
2018-2019,Rabi,Yadadri Bhuvanagiri,Bibinagar,Groundnut,9,0
2018-2019,Rabi,Yadadri Bhuvanagiri,Pochampally,Groundnut,0,0
2018-2019,Rabi,Yadadri Bhuvanagiri,Choutuppal,Groundnut,0,0
2018-2019,Rabi,Yadadri Bhuvanagiri,Narayanpur,Groundnut,1,0
2018-2019,Rabi,Yadadri Bhuvanagiri,Ramannapet,Groundnut,3,0
2018-2019,Rabi,Yadadri Bhuvanagiri,Valigonda,Groundnut,7,0
2018-2019,Rabi,Yadadri Bhuvanagiri,Athmakur,Groundnut,0,0
2018-2019,Rabi,Yadadri Bhuvanagiri,Mothkur,Groundnut,10,0
2018-2019,Rabi,Yadadri Bhuvanagiri,Addagudur,Groundnut,3,0
2018-2019,Rabi,Yadadri Bhuvanagiri,M.turkapally,Sesamum,0,0
2018-2019,Rabi,Yadadri Bhuvanagiri,Rajapet,Sesamum,0,0
2018-2019,Rabi,Yadadri Bhuvanagiri,Alair,Sesamum,0,0
2018-2019,Rabi,Yadadri Bhuvanagiri,Motakondur,Sesamum,0,0
2018-2019,Rabi,Yadadri Bhuvanagiri,Yadagirigutta,Sesamum,0,0
2018-2019,Rabi,Yadadri Bhuvanagiri,Bhongir,Sesamum,0,0
2018-2019,Rabi,Yadadri Bhuvanagiri,Bommalaramaram,Sesamum,0,0
2018-2019,Rabi,Yadadri Bhuvanagiri,Bibinagar,Sesamum,0,0
2018-2019,Rabi,Yadadri Bhuvanagiri,Pochampally,Sesamum,0,0
2018-2019,Rabi,Yadadri Bhuvanagiri,Choutuppal,Sesamum,0,0
2018-2019,Rabi,Yadadri Bhuvanagiri,Narayanpur,Sesamum,0,0
2018-2019,Rabi,Yadadri Bhuvanagiri,Ramannapet,Sesamum,0,0
2018-2019,Rabi,Yadadri Bhuvanagiri,Valigonda,Sesamum,0,0
2018-2019,Rabi,Yadadri Bhuvanagiri,Athmakur,Sesamum,0,0
2018-2019,Rabi,Yadadri Bhuvanagiri,Mothkur,Sesamum,0,0
2018-2019,Rabi,Yadadri Bhuvanagiri,Addagudur,Sesamum,0,0
2018-2019,Rabi,Yadadri Bhuvanagiri,M.turkapally,Safflower,0,0
2018-2019,Rabi,Yadadri Bhuvanagiri,Rajapet,Safflower,0,0
2018-2019,Rabi,Yadadri Bhuvanagiri,Alair,Safflower,0,0
2018-2019,Rabi,Yadadri Bhuvanagiri,Motakondur,Safflower,0,0
2018-2019,Rabi,Yadadri Bhuvanagiri,Yadagirigutta,Safflower,0,0
2018-2019,Rabi,Yadadri Bhuvanagiri,Bhongir,Safflower,0,0
2018-2019,Rabi,Yadadri Bhuvanagiri,Bommalaramaram,Safflower,0,0
2018-2019,Rabi,Yadadri Bhuvanagiri,Bibinagar,Safflower,0,0
2018-2019,Rabi,Yadadri Bhuvanagiri,Pochampally,Safflower,0,0
2018-2019,Rabi,Yadadri Bhuvanagiri,Choutuppal,Safflower,0,0
2018-2019,Rabi,Yadadri Bhuvanagiri,Narayanpur,Safflower,0,0
2018-2019,Rabi,Yadadri Bhuvanagiri,Ramannapet,Safflower,0,0
2018-2019,Rabi,Yadadri Bhuvanagiri,Valigonda,Safflower,0,0
2018-2019,Rabi,Yadadri Bhuvanagiri,Athmakur,Safflower,0,0
2018-2019,Rabi,Yadadri Bhuvanagiri,Mothkur,Safflower,0,0
2018-2019,Rabi,Yadadri Bhuvanagiri,Addagudur,Safflower,0,0
2018-2019,Rabi,Yadadri Bhuvanagiri,M.turkapally,Sunflower,0,0
2018-2019,Rabi,Yadadri Bhuvanagiri,Rajapet,Sunflower,13,0
2018-2019,Rabi,Yadadri Bhuvanagiri,Alair,Sunflower,0,0
2018-2019,Rabi,Yadadri Bhuvanagiri,Motakondur,Sunflower,0,0
2018-2019,Rabi,Yadadri Bhuvanagiri,Yadagirigutta,Sunflower,0,0
2018-2019,Rabi,Yadadri Bhuvanagiri,Bhongir,Sunflower,0,0
2018-2019,Rabi,Yadadri Bhuvanagiri,Bommalaramaram,Sunflower,0,0
2018-2019,Rabi,Yadadri Bhuvanagiri,Bibinagar,Sunflower,0,0
2018-2019,Rabi,Yadadri Bhuvanagiri,Pochampally,Sunflower,0,0
2018-2019,Rabi,Yadadri Bhuvanagiri,Choutuppal,Sunflower,0,0
2018-2019,Rabi,Yadadri Bhuvanagiri,Narayanpur,Sunflower,0,0
2018-2019,Rabi,Yadadri Bhuvanagiri,Ramannapet,Sunflower,0,0
2018-2019,Rabi,Yadadri Bhuvanagiri,Valigonda,Sunflower,0,0
2018-2019,Rabi,Yadadri Bhuvanagiri,Athmakur,Sunflower,0,0
2018-2019,Rabi,Yadadri Bhuvanagiri,Mothkur,Sunflower,0,0
2018-2019,Rabi,Yadadri Bhuvanagiri,Addagudur,Sunflower,0,0
2018-2019,Rabi,Yadadri Bhuvanagiri,M.turkapally,Other oil seeds,0,0
2018-2019,Rabi,Yadadri Bhuvanagiri,Rajapet,Other oil seeds,0,0
2018-2019,Rabi,Yadadri Bhuvanagiri,Alair,Other oil seeds,0,0
2018-2019,Rabi,Yadadri Bhuvanagiri,Motakondur,Other oil seeds,0,0
2018-2019,Rabi,Yadadri Bhuvanagiri,Yadagirigutta,Other oil seeds,0,0
2018-2019,Rabi,Yadadri Bhuvanagiri,Bhongir,Other oil seeds,0,0
2018-2019,Rabi,Yadadri Bhuvanagiri,Bommalaramaram,Other oil seeds,0,0
2018-2019,Rabi,Yadadri Bhuvanagiri,Bibinagar,Other oil seeds,0,0
2018-2019,Rabi,Yadadri Bhuvanagiri,Pochampally,Other oil seeds,0,0
2018-2019,Rabi,Yadadri Bhuvanagiri,Choutuppal,Other oil seeds,0,0
2018-2019,Rabi,Yadadri Bhuvanagiri,Narayanpur,Other oil seeds,0,0
2018-2019,Rabi,Yadadri Bhuvanagiri,Ramannapet,Other oil seeds,0,0
2018-2019,Rabi,Yadadri Bhuvanagiri,Valigonda,Other oil seeds,0,0
2018-2019,Rabi,Yadadri Bhuvanagiri,Athmakur,Other oil seeds,0,0
2018-2019,Rabi,Yadadri Bhuvanagiri,Mothkur,Other oil seeds,0,0
2018-2019,Rabi,Yadadri Bhuvanagiri,Addagudur,Other oil seeds,0,0
2018-2019,Rabi,Yadadri Bhuvanagiri,M.turkapally,Tobacco,0,0
2018-2019,Rabi,Yadadri Bhuvanagiri,Rajapet,Tobacco,0,0
2018-2019,Rabi,Yadadri Bhuvanagiri,Alair,Tobacco,0,0
2018-2019,Rabi,Yadadri Bhuvanagiri,Motakondur,Tobacco,0,0
2018-2019,Rabi,Yadadri Bhuvanagiri,Yadagirigutta,Tobacco,0,0
2018-2019,Rabi,Yadadri Bhuvanagiri,Bhongir,Tobacco,0,0
2018-2019,Rabi,Yadadri Bhuvanagiri,Bommalaramaram,Tobacco,0,0
2018-2019,Rabi,Yadadri Bhuvanagiri,Bibinagar,Tobacco,0,0
2018-2019,Rabi,Yadadri Bhuvanagiri,Pochampally,Tobacco,0,0
2018-2019,Rabi,Yadadri Bhuvanagiri,Choutuppal,Tobacco,0,0
2018-2019,Rabi,Yadadri Bhuvanagiri,Narayanpur,Tobacco,0,0
2018-2019,Rabi,Yadadri Bhuvanagiri,Ramannapet,Tobacco,0,0
2018-2019,Rabi,Yadadri Bhuvanagiri,Valigonda,Tobacco,0,0
2018-2019,Rabi,Yadadri Bhuvanagiri,Athmakur,Tobacco,0,0
2018-2019,Rabi,Yadadri Bhuvanagiri,Mothkur,Tobacco,0,0
2018-2019,Rabi,Yadadri Bhuvanagiri,Addagudur,Tobacco,0,0
2018-2019,Rabi,Yadadri Bhuvanagiri,M.turkapally,Other non-food crops,86,0
2018-2019,Rabi,Yadadri Bhuvanagiri,Rajapet,Other non-food crops,38,0
2018-2019,Rabi,Yadadri Bhuvanagiri,Alair,Other non-food crops,15,0
2018-2019,Rabi,Yadadri Bhuvanagiri,Motakondur,Other non-food crops,131,260
2018-2019,Rabi,Yadadri Bhuvanagiri,Yadagirigutta,Other non-food crops,124,10
2018-2019,Rabi,Yadadri Bhuvanagiri,Bhongir,Other non-food crops,65,0
2018-2019,Rabi,Yadadri Bhuvanagiri,Bommalaramaram,Other non-food crops,12,0
2018-2019,Rabi,Yadadri Bhuvanagiri,Bibinagar,Other non-food crops,241,0
2018-2019,Rabi,Yadadri Bhuvanagiri,Pochampally,Other non-food crops,21,0
2018-2019,Rabi,Yadadri Bhuvanagiri,Choutuppal,Other non-food crops,3,0
2018-2019,Rabi,Yadadri Bhuvanagiri,Narayanpur,Other non-food crops,31,0
2018-2019,Rabi,Yadadri Bhuvanagiri,Ramannapet,Other non-food crops,0,0
2018-2019,Rabi,Yadadri Bhuvanagiri,Valigonda,Other non-food crops,9,0
2018-2019,Rabi,Yadadri Bhuvanagiri,Athmakur,Other non-food crops,0,0
2018-2019,Rabi,Yadadri Bhuvanagiri,Mothkur,Other non-food crops,0,0
2018-2019,Rabi,Yadadri Bhuvanagiri,Addagudur,Other non-food crops,0,0
2018-2019,Rabi,Yadadri Bhuvanagiri,M.turkapally,Total,1433,332
2018-2019,Rabi,Yadadri Bhuvanagiri,Rajapet,Total,1273,472
2018-2019,Rabi,Yadadri Bhuvanagiri,Alair,Total,1758,488.6
2018-2019,Rabi,Yadadri Bhuvanagiri,Motakondur,Total,1526,998
2018-2019,Rabi,Yadadri Bhuvanagiri,Yadagirigutta,Total,1106,262
2018-2019,Rabi,Yadadri Bhuvanagiri,Bhongir,Total,2867,404
2018-2019,Rabi,Yadadri Bhuvanagiri,Bommalaramaram,Total,1232,156
2018-2019,Rabi,Yadadri Bhuvanagiri,Bibinagar,Total,7172,780
2018-2019,Rabi,Yadadri Bhuvanagiri,Pochampally,Total,6519,5162
2018-2019,Rabi,Yadadri Bhuvanagiri,Choutuppal,Total,3023,1350
2018-2019,Rabi,Yadadri Bhuvanagiri,Narayanpur,Total,1526,130
2018-2019,Rabi,Yadadri Bhuvanagiri,Ramannapet,Total,7241,3500
2018-2019,Rabi,Yadadri Bhuvanagiri,Valigonda,Total,5321,3453
2018-2019,Rabi,Yadadri Bhuvanagiri,Athmakur,Total,1964,200
2018-2019,Rabi,Yadadri Bhuvanagiri,Mothkur,Total,1645,1465
2018-2019,Rabi,Yadadri Bhuvanagiri,Addagudur,Total,895,815
