year,season,districtName,mandalName,crop,normalAreaSown,actualAreaSown
2018-2019,Kharif,Yadadri Bhuvanagiri,M.turkapally,Paddy,893,1585
2018-2019,Kharif,Yadadri Bhuvanagiri,Rajapet,Paddy,883,810
2018-2019,Kharif,Yadadri Bhuvanagiri,Alair,Paddy,1344,1022
2018-2019,Kharif,Yadadri Bhuvanagiri,Motakondur,Paddy,1629,1493
2018-2019,Kharif,Yadadri Bhuvanagiri,Yadagirigutta,Paddy,779,991
2018-2019,Kharif,Yadadri Bhuvanagiri,Bhongir,Paddy,2393,3968
2018-2019,Kharif,Yadadri Bhuvanagiri,Bommalaramaram,Paddy,625,1081
2018-2019,Kharif,Yadadri Bhuvanagiri,Bibinagar,Paddy,2683,3847
2018-2019,Kharif,Yadadri Bhuvanagiri,Pochampally,Paddy,6758,8703
2018-2019,Kharif,Yadadri Bhuvanagiri,Choutuppal,Paddy,1396,2322
2018-2019,Kharif,Yadadri Bhuvanagiri,Narayanpur,Paddy,696,913
2018-2019,Kharif,Yadadri Bhuvanagiri,Ramannapet,Paddy,3654,5895
2018-2019,Kharif,Yadadri Bhuvanagiri,Valigonda,Paddy,5554,7162
2018-2019,Kharif,Yadadri Bhuvanagiri,Athmakur,Paddy,1825,2142
2018-2019,Kharif,Yadadri Bhuvanagiri,Mothkur,Paddy,1557,2013
2018-2019,Kharif,Yadadri Bhuvanagiri,Addagudur,Paddy,1397,2785
2018-2019,Kharif,Yadadri Bhuvanagiri,M.turkapally,Jowar,497,520
2018-2019,Kharif,Yadadri Bhuvanagiri,Rajapet,Jowar,123,75
2018-2019,Kharif,Yadadri Bhuvanagiri,Alair,Jowar,6,9
2018-2019,Kharif,Yadadri Bhuvanagiri,Motakondur,Jowar,23,67
2018-2019,Kharif,Yadadri Bhuvanagiri,Yadagirigutta,Jowar,41,30
2018-2019,Kharif,Yadadri Bhuvanagiri,Bhongir,Jowar,71,0
2018-2019,Kharif,Yadadri Bhuvanagiri,Bommalaramaram,Jowar,398,267
2018-2019,Kharif,Yadadri Bhuvanagiri,Bibinagar,Jowar,141,0
2018-2019,Kharif,Yadadri Bhuvanagiri,Pochampally,Jowar,1,0
2018-2019,Kharif,Yadadri Bhuvanagiri,Choutuppal,Jowar,30,3
2018-2019,Kharif,Yadadri Bhuvanagiri,Narayanpur,Jowar,139,54
2018-2019,Kharif,Yadadri Bhuvanagiri,Ramannapet,Jowar,0,0
2018-2019,Kharif,Yadadri Bhuvanagiri,Valigonda,Jowar,0,0
2018-2019,Kharif,Yadadri Bhuvanagiri,Athmakur,Jowar,0,0
2018-2019,Kharif,Yadadri Bhuvanagiri,Mothkur,Jowar,0,0
2018-2019,Kharif,Yadadri Bhuvanagiri,Addagudur,Jowar,0,0
2018-2019,Kharif,Yadadri Bhuvanagiri,M.turkapally,Bajra,0,0
2018-2019,Kharif,Yadadri Bhuvanagiri,Rajapet,Bajra,0,0
2018-2019,Kharif,Yadadri Bhuvanagiri,Alair,Bajra,0,0
2018-2019,Kharif,Yadadri Bhuvanagiri,Motakondur,Bajra,0,0
2018-2019,Kharif,Yadadri Bhuvanagiri,Yadagirigutta,Bajra,0,0
2018-2019,Kharif,Yadadri Bhuvanagiri,Bhongir,Bajra,1,0
2018-2019,Kharif,Yadadri Bhuvanagiri,Bommalaramaram,Bajra,0,0
2018-2019,Kharif,Yadadri Bhuvanagiri,Bibinagar,Bajra,3,0
2018-2019,Kharif,Yadadri Bhuvanagiri,Pochampally,Bajra,0,0
2018-2019,Kharif,Yadadri Bhuvanagiri,Choutuppal,Bajra,0,0
2018-2019,Kharif,Yadadri Bhuvanagiri,Narayanpur,Bajra,12,0
2018-2019,Kharif,Yadadri Bhuvanagiri,Ramannapet,Bajra,0,0
2018-2019,Kharif,Yadadri Bhuvanagiri,Valigonda,Bajra,0,0
2018-2019,Kharif,Yadadri Bhuvanagiri,Athmakur,Bajra,0,0
2018-2019,Kharif,Yadadri Bhuvanagiri,Mothkur,Bajra,0,0
2018-2019,Kharif,Yadadri Bhuvanagiri,Addagudur,Bajra,0,0
2018-2019,Kharif,Yadadri Bhuvanagiri,M.turkapally,Maize,563,380
2018-2019,Kharif,Yadadri Bhuvanagiri,Rajapet,Maize,1568,1290
2018-2019,Kharif,Yadadri Bhuvanagiri,Alair,Maize,58,70
2018-2019,Kharif,Yadadri Bhuvanagiri,Motakondur,Maize,57,21
2018-2019,Kharif,Yadadri Bhuvanagiri,Yadagirigutta,Maize,284,202
2018-2019,Kharif,Yadadri Bhuvanagiri,Bhongir,Maize,61,0
2018-2019,Kharif,Yadadri Bhuvanagiri,Bommalaramaram,Maize,219,83
2018-2019,Kharif,Yadadri Bhuvanagiri,Bibinagar,Maize,17,0
2018-2019,Kharif,Yadadri Bhuvanagiri,Pochampally,Maize,0,4
2018-2019,Kharif,Yadadri Bhuvanagiri,Choutuppal,Maize,4,2
2018-2019,Kharif,Yadadri Bhuvanagiri,Narayanpur,Maize,1,5
2018-2019,Kharif,Yadadri Bhuvanagiri,Ramannapet,Maize,3,0
2018-2019,Kharif,Yadadri Bhuvanagiri,Valigonda,Maize,5,0
2018-2019,Kharif,Yadadri Bhuvanagiri,Athmakur,Maize,7,0
2018-2019,Kharif,Yadadri Bhuvanagiri,Mothkur,Maize,1,0
2018-2019,Kharif,Yadadri Bhuvanagiri,Addagudur,Maize,0,0
2018-2019,Kharif,Yadadri Bhuvanagiri,M.turkapally,Ragi,0,0
2018-2019,Kharif,Yadadri Bhuvanagiri,Rajapet,Ragi,0,0
2018-2019,Kharif,Yadadri Bhuvanagiri,Alair,Ragi,0,0
2018-2019,Kharif,Yadadri Bhuvanagiri,Motakondur,Ragi,0,0
2018-2019,Kharif,Yadadri Bhuvanagiri,Yadagirigutta,Ragi,0,0
2018-2019,Kharif,Yadadri Bhuvanagiri,Bhongir,Ragi,0,0
2018-2019,Kharif,Yadadri Bhuvanagiri,Bommalaramaram,Ragi,0,0
2018-2019,Kharif,Yadadri Bhuvanagiri,Bibinagar,Ragi,0,0
2018-2019,Kharif,Yadadri Bhuvanagiri,Pochampally,Ragi,0,0
2018-2019,Kharif,Yadadri Bhuvanagiri,Choutuppal,Ragi,0,0
2018-2019,Kharif,Yadadri Bhuvanagiri,Narayanpur,Ragi,0,0
2018-2019,Kharif,Yadadri Bhuvanagiri,Ramannapet,Ragi,0,0
2018-2019,Kharif,Yadadri Bhuvanagiri,Valigonda,Ragi,0,0
2018-2019,Kharif,Yadadri Bhuvanagiri,Athmakur,Ragi,0,0
2018-2019,Kharif,Yadadri Bhuvanagiri,Mothkur,Ragi,0,0
2018-2019,Kharif,Yadadri Bhuvanagiri,Addagudur,Ragi,0,0
2018-2019,Kharif,Yadadri Bhuvanagiri,M.turkapally,Korra,0,0
2018-2019,Kharif,Yadadri Bhuvanagiri,Rajapet,Korra,0,0
2018-2019,Kharif,Yadadri Bhuvanagiri,Alair,Korra,0,0
2018-2019,Kharif,Yadadri Bhuvanagiri,Motakondur,Korra,0,0
2018-2019,Kharif,Yadadri Bhuvanagiri,Yadagirigutta,Korra,0,0
2018-2019,Kharif,Yadadri Bhuvanagiri,Bhongir,Korra,0,0
2018-2019,Kharif,Yadadri Bhuvanagiri,Bommalaramaram,Korra,0,0
2018-2019,Kharif,Yadadri Bhuvanagiri,Bibinagar,Korra,0,0
2018-2019,Kharif,Yadadri Bhuvanagiri,Pochampally,Korra,0,0
2018-2019,Kharif,Yadadri Bhuvanagiri,Choutuppal,Korra,0,0
2018-2019,Kharif,Yadadri Bhuvanagiri,Narayanpur,Korra,0,0
2018-2019,Kharif,Yadadri Bhuvanagiri,Ramannapet,Korra,0,0
2018-2019,Kharif,Yadadri Bhuvanagiri,Valigonda,Korra,0,0
2018-2019,Kharif,Yadadri Bhuvanagiri,Athmakur,Korra,0,0
2018-2019,Kharif,Yadadri Bhuvanagiri,Mothkur,Korra,0,0
2018-2019,Kharif,Yadadri Bhuvanagiri,Addagudur,Korra,0,0
2018-2019,Kharif,Yadadri Bhuvanagiri,M.turkapally,Horse Gram,0,0
2018-2019,Kharif,Yadadri Bhuvanagiri,Rajapet,Horse Gram,0,0
2018-2019,Kharif,Yadadri Bhuvanagiri,Alair,Horse Gram,0,0
2018-2019,Kharif,Yadadri Bhuvanagiri,Motakondur,Horse Gram,0,0
2018-2019,Kharif,Yadadri Bhuvanagiri,Yadagirigutta,Horse Gram,0,0
2018-2019,Kharif,Yadadri Bhuvanagiri,Bhongir,Horse Gram,0,0
2018-2019,Kharif,Yadadri Bhuvanagiri,Bommalaramaram,Horse Gram,3,0
2018-2019,Kharif,Yadadri Bhuvanagiri,Bibinagar,Horse Gram,0,0
2018-2019,Kharif,Yadadri Bhuvanagiri,Pochampally,Horse Gram,0,0
2018-2019,Kharif,Yadadri Bhuvanagiri,Choutuppal,Horse Gram,0,0
2018-2019,Kharif,Yadadri Bhuvanagiri,Narayanpur,Horse Gram,0,0
2018-2019,Kharif,Yadadri Bhuvanagiri,Ramannapet,Horse Gram,0,0
2018-2019,Kharif,Yadadri Bhuvanagiri,Valigonda,Horse Gram,0,0
2018-2019,Kharif,Yadadri Bhuvanagiri,Athmakur,Horse Gram,0,0
2018-2019,Kharif,Yadadri Bhuvanagiri,Mothkur,Horse Gram,0,0
2018-2019,Kharif,Yadadri Bhuvanagiri,Addagudur,Horse Gram,0,0
2018-2019,Kharif,Yadadri Bhuvanagiri,M.turkapally,Green Gram,51,12
2018-2019,Kharif,Yadadri Bhuvanagiri,Rajapet,Green Gram,44,32
2018-2019,Kharif,Yadadri Bhuvanagiri,Alair,Green Gram,39,12
2018-2019,Kharif,Yadadri Bhuvanagiri,Motakondur,Green Gram,74,131
2018-2019,Kharif,Yadadri Bhuvanagiri,Yadagirigutta,Green Gram,18,0
2018-2019,Kharif,Yadadri Bhuvanagiri,Bhongir,Green Gram,25,5
2018-2019,Kharif,Yadadri Bhuvanagiri,Bommalaramaram,Green Gram,27,0
2018-2019,Kharif,Yadadri Bhuvanagiri,Bibinagar,Green Gram,22,0
2018-2019,Kharif,Yadadri Bhuvanagiri,Pochampally,Green Gram,1,0
2018-2019,Kharif,Yadadri Bhuvanagiri,Choutuppal,Green Gram,14,1
2018-2019,Kharif,Yadadri Bhuvanagiri,Narayanpur,Green Gram,17,23
2018-2019,Kharif,Yadadri Bhuvanagiri,Ramannapet,Green Gram,43,0
2018-2019,Kharif,Yadadri Bhuvanagiri,Valigonda,Green Gram,14,0
2018-2019,Kharif,Yadadri Bhuvanagiri,Athmakur,Green Gram,57,0
2018-2019,Kharif,Yadadri Bhuvanagiri,Mothkur,Green Gram,60,38
2018-2019,Kharif,Yadadri Bhuvanagiri,Addagudur,Green Gram,27,6
2018-2019,Kharif,Yadadri Bhuvanagiri,M.turkapally,Black Gram,0,0
2018-2019,Kharif,Yadadri Bhuvanagiri,Rajapet,Black Gram,0,0
2018-2019,Kharif,Yadadri Bhuvanagiri,Alair,Black Gram,0,0
2018-2019,Kharif,Yadadri Bhuvanagiri,Motakondur,Black Gram,2,16
2018-2019,Kharif,Yadadri Bhuvanagiri,Yadagirigutta,Black Gram,0,0
2018-2019,Kharif,Yadadri Bhuvanagiri,Bhongir,Black Gram,0,0
2018-2019,Kharif,Yadadri Bhuvanagiri,Bommalaramaram,Black Gram,0,0
2018-2019,Kharif,Yadadri Bhuvanagiri,Bibinagar,Black Gram,0,0
2018-2019,Kharif,Yadadri Bhuvanagiri,Pochampally,Black Gram,0,0
2018-2019,Kharif,Yadadri Bhuvanagiri,Choutuppal,Black Gram,3,0
2018-2019,Kharif,Yadadri Bhuvanagiri,Narayanpur,Black Gram,0,12
2018-2019,Kharif,Yadadri Bhuvanagiri,Ramannapet,Black Gram,0,0
2018-2019,Kharif,Yadadri Bhuvanagiri,Valigonda,Black Gram,0,0
2018-2019,Kharif,Yadadri Bhuvanagiri,Athmakur,Black Gram,0,0
2018-2019,Kharif,Yadadri Bhuvanagiri,Mothkur,Black Gram,0,0
2018-2019,Kharif,Yadadri Bhuvanagiri,Addagudur,Black Gram,0,0
2018-2019,Kharif,Yadadri Bhuvanagiri,M.turkapally,Red Gram,286,310
2018-2019,Kharif,Yadadri Bhuvanagiri,Rajapet,Red Gram,782,725
2018-2019,Kharif,Yadadri Bhuvanagiri,Alair,Red Gram,492,1039
2018-2019,Kharif,Yadadri Bhuvanagiri,Motakondur,Red Gram,692,1755
2018-2019,Kharif,Yadadri Bhuvanagiri,Yadagirigutta,Red Gram,385,607
2018-2019,Kharif,Yadadri Bhuvanagiri,Bhongir,Red Gram,1018,1062
2018-2019,Kharif,Yadadri Bhuvanagiri,Bommalaramaram,Red Gram,124,88
2018-2019,Kharif,Yadadri Bhuvanagiri,Bibinagar,Red Gram,191,79
2018-2019,Kharif,Yadadri Bhuvanagiri,Pochampally,Red Gram,67,32
2018-2019,Kharif,Yadadri Bhuvanagiri,Choutuppal,Red Gram,409,310
2018-2019,Kharif,Yadadri Bhuvanagiri,Narayanpur,Red Gram,407,192
2018-2019,Kharif,Yadadri Bhuvanagiri,Ramannapet,Red Gram,426,318
2018-2019,Kharif,Yadadri Bhuvanagiri,Valigonda,Red Gram,608,487
2018-2019,Kharif,Yadadri Bhuvanagiri,Athmakur,Red Gram,473,630
2018-2019,Kharif,Yadadri Bhuvanagiri,Mothkur,Red Gram,475,1033
2018-2019,Kharif,Yadadri Bhuvanagiri,Addagudur,Red Gram,254,590
2018-2019,Kharif,Yadadri Bhuvanagiri,M.turkapally,Cow Gram,0,0
2018-2019,Kharif,Yadadri Bhuvanagiri,Rajapet,Cow Gram,0,0
2018-2019,Kharif,Yadadri Bhuvanagiri,Alair,Cow Gram,0,0
2018-2019,Kharif,Yadadri Bhuvanagiri,Motakondur,Cow Gram,0,0
2018-2019,Kharif,Yadadri Bhuvanagiri,Yadagirigutta,Cow Gram,0,0
2018-2019,Kharif,Yadadri Bhuvanagiri,Bhongir,Cow Gram,7,0
2018-2019,Kharif,Yadadri Bhuvanagiri,Bommalaramaram,Cow Gram,0,0
2018-2019,Kharif,Yadadri Bhuvanagiri,Bibinagar,Cow Gram,0,0
2018-2019,Kharif,Yadadri Bhuvanagiri,Pochampally,Cow Gram,0,0
2018-2019,Kharif,Yadadri Bhuvanagiri,Choutuppal,Cow Gram,0,0
2018-2019,Kharif,Yadadri Bhuvanagiri,Narayanpur,Cow Gram,0,0
2018-2019,Kharif,Yadadri Bhuvanagiri,Ramannapet,Cow Gram,0,0
2018-2019,Kharif,Yadadri Bhuvanagiri,Valigonda,Cow Gram,0,0
2018-2019,Kharif,Yadadri Bhuvanagiri,Athmakur,Cow Gram,0,0
2018-2019,Kharif,Yadadri Bhuvanagiri,Mothkur,Cow Gram,0,0
2018-2019,Kharif,Yadadri Bhuvanagiri,Addagudur,Cow Gram,0,0
2018-2019,Kharif,Yadadri Bhuvanagiri,M.turkapally,Anumulu,0,0
2018-2019,Kharif,Yadadri Bhuvanagiri,Rajapet,Anumulu,0,0
2018-2019,Kharif,Yadadri Bhuvanagiri,Alair,Anumulu,0,0
2018-2019,Kharif,Yadadri Bhuvanagiri,Motakondur,Anumulu,0,0
2018-2019,Kharif,Yadadri Bhuvanagiri,Yadagirigutta,Anumulu,0,0
2018-2019,Kharif,Yadadri Bhuvanagiri,Bhongir,Anumulu,0,0
2018-2019,Kharif,Yadadri Bhuvanagiri,Bommalaramaram,Anumulu,0,0
2018-2019,Kharif,Yadadri Bhuvanagiri,Bibinagar,Anumulu,0,0
2018-2019,Kharif,Yadadri Bhuvanagiri,Pochampally,Anumulu,0,0
2018-2019,Kharif,Yadadri Bhuvanagiri,Choutuppal,Anumulu,0,0
2018-2019,Kharif,Yadadri Bhuvanagiri,Narayanpur,Anumulu,0,0
2018-2019,Kharif,Yadadri Bhuvanagiri,Ramannapet,Anumulu,0,0
2018-2019,Kharif,Yadadri Bhuvanagiri,Valigonda,Anumulu,0,0
2018-2019,Kharif,Yadadri Bhuvanagiri,Athmakur,Anumulu,0,0
2018-2019,Kharif,Yadadri Bhuvanagiri,Mothkur,Anumulu,0,0
2018-2019,Kharif,Yadadri Bhuvanagiri,Addagudur,Anumulu,0,0
2018-2019,Kharif,Yadadri Bhuvanagiri,M.turkapally,Chillies,0,0
2018-2019,Kharif,Yadadri Bhuvanagiri,Rajapet,Chillies,2,0
2018-2019,Kharif,Yadadri Bhuvanagiri,Alair,Chillies,15,0
2018-2019,Kharif,Yadadri Bhuvanagiri,Motakondur,Chillies,11,0
2018-2019,Kharif,Yadadri Bhuvanagiri,Yadagirigutta,Chillies,0,0
2018-2019,Kharif,Yadadri Bhuvanagiri,Bhongir,Chillies,13,0
2018-2019,Kharif,Yadadri Bhuvanagiri,Bommalaramaram,Chillies,2.17122946739671,0
2018-2019,Kharif,Yadadri Bhuvanagiri,Bibinagar,Chillies,0,0
2018-2019,Kharif,Yadadri Bhuvanagiri,Pochampally,Chillies,0,0
2018-2019,Kharif,Yadadri Bhuvanagiri,Choutuppal,Chillies,1,0
2018-2019,Kharif,Yadadri Bhuvanagiri,Narayanpur,Chillies,0,0
2018-2019,Kharif,Yadadri Bhuvanagiri,Ramannapet,Chillies,1.6,0
2018-2019,Kharif,Yadadri Bhuvanagiri,Valigonda,Chillies,2,9
2018-2019,Kharif,Yadadri Bhuvanagiri,Athmakur,Chillies,2,0
2018-2019,Kharif,Yadadri Bhuvanagiri,Mothkur,Chillies,9,25
2018-2019,Kharif,Yadadri Bhuvanagiri,Addagudur,Chillies,25,13
2018-2019,Kharif,Yadadri Bhuvanagiri,M.turkapally,Turmeric,0,0
2018-2019,Kharif,Yadadri Bhuvanagiri,Rajapet,Turmeric,0,0
2018-2019,Kharif,Yadadri Bhuvanagiri,Alair,Turmeric,0,0
2018-2019,Kharif,Yadadri Bhuvanagiri,Motakondur,Turmeric,0,0
2018-2019,Kharif,Yadadri Bhuvanagiri,Yadagirigutta,Turmeric,0,0
2018-2019,Kharif,Yadadri Bhuvanagiri,Bhongir,Turmeric,0,0
2018-2019,Kharif,Yadadri Bhuvanagiri,Bommalaramaram,Turmeric,0,0
2018-2019,Kharif,Yadadri Bhuvanagiri,Bibinagar,Turmeric,0,0
2018-2019,Kharif,Yadadri Bhuvanagiri,Pochampally,Turmeric,0,0
2018-2019,Kharif,Yadadri Bhuvanagiri,Choutuppal,Turmeric,0,0
2018-2019,Kharif,Yadadri Bhuvanagiri,Narayanpur,Turmeric,0,0
2018-2019,Kharif,Yadadri Bhuvanagiri,Ramannapet,Turmeric,0,0
2018-2019,Kharif,Yadadri Bhuvanagiri,Valigonda,Turmeric,0,0
2018-2019,Kharif,Yadadri Bhuvanagiri,Athmakur,Turmeric,0,0
2018-2019,Kharif,Yadadri Bhuvanagiri,Mothkur,Turmeric,0,0
2018-2019,Kharif,Yadadri Bhuvanagiri,Addagudur,Turmeric,0,0
2018-2019,Kharif,Yadadri Bhuvanagiri,M.turkapally,Sugarcane,0,0
2018-2019,Kharif,Yadadri Bhuvanagiri,Rajapet,Sugarcane,0,0
2018-2019,Kharif,Yadadri Bhuvanagiri,Alair,Sugarcane,4,4
2018-2019,Kharif,Yadadri Bhuvanagiri,Motakondur,Sugarcane,0,0
2018-2019,Kharif,Yadadri Bhuvanagiri,Yadagirigutta,Sugarcane,0,0
2018-2019,Kharif,Yadadri Bhuvanagiri,Bhongir,Sugarcane,0,0
2018-2019,Kharif,Yadadri Bhuvanagiri,Bommalaramaram,Sugarcane,0,0
2018-2019,Kharif,Yadadri Bhuvanagiri,Bibinagar,Sugarcane,0,0
2018-2019,Kharif,Yadadri Bhuvanagiri,Pochampally,Sugarcane,0,0
2018-2019,Kharif,Yadadri Bhuvanagiri,Choutuppal,Sugarcane,0,0
2018-2019,Kharif,Yadadri Bhuvanagiri,Narayanpur,Sugarcane,0,0
2018-2019,Kharif,Yadadri Bhuvanagiri,Ramannapet,Sugarcane,16,10
2018-2019,Kharif,Yadadri Bhuvanagiri,Valigonda,Sugarcane,0,0
2018-2019,Kharif,Yadadri Bhuvanagiri,Athmakur,Sugarcane,0,0
2018-2019,Kharif,Yadadri Bhuvanagiri,Mothkur,Sugarcane,0,0
2018-2019,Kharif,Yadadri Bhuvanagiri,Addagudur,Sugarcane,0,0
2018-2019,Kharif,Yadadri Bhuvanagiri,M.turkapally,Onion,0,0
2018-2019,Kharif,Yadadri Bhuvanagiri,Rajapet,Onion,0,0
2018-2019,Kharif,Yadadri Bhuvanagiri,Alair,Onion,0,0
2018-2019,Kharif,Yadadri Bhuvanagiri,Motakondur,Onion,0,0
2018-2019,Kharif,Yadadri Bhuvanagiri,Yadagirigutta,Onion,0,0
2018-2019,Kharif,Yadadri Bhuvanagiri,Bhongir,Onion,0,0
2018-2019,Kharif,Yadadri Bhuvanagiri,Bommalaramaram,Onion,0,0
2018-2019,Kharif,Yadadri Bhuvanagiri,Bibinagar,Onion,0,0
2018-2019,Kharif,Yadadri Bhuvanagiri,Pochampally,Onion,0,0
2018-2019,Kharif,Yadadri Bhuvanagiri,Choutuppal,Onion,0,0
2018-2019,Kharif,Yadadri Bhuvanagiri,Narayanpur,Onion,0,0
2018-2019,Kharif,Yadadri Bhuvanagiri,Ramannapet,Onion,0,0
2018-2019,Kharif,Yadadri Bhuvanagiri,Valigonda,Onion,0,0
2018-2019,Kharif,Yadadri Bhuvanagiri,Athmakur,Onion,0,0
2018-2019,Kharif,Yadadri Bhuvanagiri,Mothkur,Onion,0,0
2018-2019,Kharif,Yadadri Bhuvanagiri,Addagudur,Onion,0,0
2018-2019,Kharif,Yadadri Bhuvanagiri,M.turkapally,Tomato,34,0
2018-2019,Kharif,Yadadri Bhuvanagiri,Rajapet,Tomato,14,0
2018-2019,Kharif,Yadadri Bhuvanagiri,Alair,Tomato,53,0
2018-2019,Kharif,Yadadri Bhuvanagiri,Motakondur,Tomato,22,0
2018-2019,Kharif,Yadadri Bhuvanagiri,Yadagirigutta,Tomato,19,0
2018-2019,Kharif,Yadadri Bhuvanagiri,Bhongir,Tomato,53,0
2018-2019,Kharif,Yadadri Bhuvanagiri,Bommalaramaram,Tomato,125,0
2018-2019,Kharif,Yadadri Bhuvanagiri,Bibinagar,Tomato,52,0
2018-2019,Kharif,Yadadri Bhuvanagiri,Pochampally,Tomato,0,0
2018-2019,Kharif,Yadadri Bhuvanagiri,Choutuppal,Tomato,21,0
2018-2019,Kharif,Yadadri Bhuvanagiri,Narayanpur,Tomato,14,0
2018-2019,Kharif,Yadadri Bhuvanagiri,Ramannapet,Tomato,6,0
2018-2019,Kharif,Yadadri Bhuvanagiri,Valigonda,Tomato,35,0
2018-2019,Kharif,Yadadri Bhuvanagiri,Athmakur,Tomato,18,0
2018-2019,Kharif,Yadadri Bhuvanagiri,Mothkur,Tomato,0,0
2018-2019,Kharif,Yadadri Bhuvanagiri,Addagudur,Tomato,0,0
2018-2019,Kharif,Yadadri Bhuvanagiri,M.turkapally,Other food crops,420,648
2018-2019,Kharif,Yadadri Bhuvanagiri,Rajapet,Other food crops,268,272
2018-2019,Kharif,Yadadri Bhuvanagiri,Alair,Other food crops,633,496
2018-2019,Kharif,Yadadri Bhuvanagiri,Motakondur,Other food crops,151,395
2018-2019,Kharif,Yadadri Bhuvanagiri,Yadagirigutta,Other food crops,309,380
2018-2019,Kharif,Yadadri Bhuvanagiri,Bhongir,Other food crops,685,699
2018-2019,Kharif,Yadadri Bhuvanagiri,Bommalaramaram,Other food crops,187,1295
2018-2019,Kharif,Yadadri Bhuvanagiri,Bibinagar,Other food crops,72,401
2018-2019,Kharif,Yadadri Bhuvanagiri,Pochampally,Other food crops,131,148
2018-2019,Kharif,Yadadri Bhuvanagiri,Choutuppal,Other food crops,308,260
2018-2019,Kharif,Yadadri Bhuvanagiri,Narayanpur,Other food crops,193,292
2018-2019,Kharif,Yadadri Bhuvanagiri,Ramannapet,Other food crops,583,250
2018-2019,Kharif,Yadadri Bhuvanagiri,Valigonda,Other food crops,539,558
2018-2019,Kharif,Yadadri Bhuvanagiri,Athmakur,Other food crops,270,756
2018-2019,Kharif,Yadadri Bhuvanagiri,Mothkur,Other food crops,2064,871
2018-2019,Kharif,Yadadri Bhuvanagiri,Addagudur,Other food crops,225,339
2018-2019,Kharif,Yadadri Bhuvanagiri,M.turkapally,Cotton,707,645
2018-2019,Kharif,Yadadri Bhuvanagiri,Rajapet,Cotton,3469,3200
2018-2019,Kharif,Yadadri Bhuvanagiri,Alair,Cotton,1667,1576
2018-2019,Kharif,Yadadri Bhuvanagiri,Motakondur,Cotton,5372,5820
2018-2019,Kharif,Yadadri Bhuvanagiri,Yadagirigutta,Cotton,2401,2380
2018-2019,Kharif,Yadadri Bhuvanagiri,Bhongir,Cotton,3302,3464
2018-2019,Kharif,Yadadri Bhuvanagiri,Bommalaramaram,Cotton,152,89
2018-2019,Kharif,Yadadri Bhuvanagiri,Bibinagar,Cotton,118,32
2018-2019,Kharif,Yadadri Bhuvanagiri,Pochampally,Cotton,442,214
2018-2019,Kharif,Yadadri Bhuvanagiri,Choutuppal,Cotton,8685,7578
2018-2019,Kharif,Yadadri Bhuvanagiri,Narayanpur,Cotton,12083,11869
2018-2019,Kharif,Yadadri Bhuvanagiri,Ramannapet,Cotton,4335,5828
2018-2019,Kharif,Yadadri Bhuvanagiri,Valigonda,Cotton,6001,6973
2018-2019,Kharif,Yadadri Bhuvanagiri,Athmakur,Cotton,3455,3229
2018-2019,Kharif,Yadadri Bhuvanagiri,Mothkur,Cotton,3175,3898
2018-2019,Kharif,Yadadri Bhuvanagiri,Addagudur,Cotton,4125,4561
2018-2019,Kharif,Yadadri Bhuvanagiri,M.turkapally,Mesta,0,0
2018-2019,Kharif,Yadadri Bhuvanagiri,Rajapet,Mesta,0,0
2018-2019,Kharif,Yadadri Bhuvanagiri,Alair,Mesta,0,0
2018-2019,Kharif,Yadadri Bhuvanagiri,Motakondur,Mesta,0,0
2018-2019,Kharif,Yadadri Bhuvanagiri,Yadagirigutta,Mesta,0,0
2018-2019,Kharif,Yadadri Bhuvanagiri,Bhongir,Mesta,0,0
2018-2019,Kharif,Yadadri Bhuvanagiri,Bommalaramaram,Mesta,0,0
2018-2019,Kharif,Yadadri Bhuvanagiri,Bibinagar,Mesta,0,0
2018-2019,Kharif,Yadadri Bhuvanagiri,Pochampally,Mesta,0,0
2018-2019,Kharif,Yadadri Bhuvanagiri,Choutuppal,Mesta,0,0
2018-2019,Kharif,Yadadri Bhuvanagiri,Narayanpur,Mesta,0,0
2018-2019,Kharif,Yadadri Bhuvanagiri,Ramannapet,Mesta,0,0
2018-2019,Kharif,Yadadri Bhuvanagiri,Valigonda,Mesta,0,0
2018-2019,Kharif,Yadadri Bhuvanagiri,Athmakur,Mesta,0,0
2018-2019,Kharif,Yadadri Bhuvanagiri,Mothkur,Mesta,0,0
2018-2019,Kharif,Yadadri Bhuvanagiri,Addagudur,Mesta,0,0
2018-2019,Kharif,Yadadri Bhuvanagiri,M.turkapally,Groundnut,2,0
2018-2019,Kharif,Yadadri Bhuvanagiri,Rajapet,Groundnut,2,0
2018-2019,Kharif,Yadadri Bhuvanagiri,Alair,Groundnut,6,57
2018-2019,Kharif,Yadadri Bhuvanagiri,Motakondur,Groundnut,15,75
2018-2019,Kharif,Yadadri Bhuvanagiri,Yadagirigutta,Groundnut,3,0
2018-2019,Kharif,Yadadri Bhuvanagiri,Bhongir,Groundnut,7,0
2018-2019,Kharif,Yadadri Bhuvanagiri,Bommalaramaram,Groundnut,7,0
2018-2019,Kharif,Yadadri Bhuvanagiri,Bibinagar,Groundnut,5,0
2018-2019,Kharif,Yadadri Bhuvanagiri,Pochampally,Groundnut,0,0
2018-2019,Kharif,Yadadri Bhuvanagiri,Choutuppal,Groundnut,0,3
2018-2019,Kharif,Yadadri Bhuvanagiri,Narayanpur,Groundnut,2,0
2018-2019,Kharif,Yadadri Bhuvanagiri,Ramannapet,Groundnut,37,0
2018-2019,Kharif,Yadadri Bhuvanagiri,Valigonda,Groundnut,0,0
2018-2019,Kharif,Yadadri Bhuvanagiri,Athmakur,Groundnut,14,0
2018-2019,Kharif,Yadadri Bhuvanagiri,Mothkur,Groundnut,6,1
2018-2019,Kharif,Yadadri Bhuvanagiri,Addagudur,Groundnut,1,2
2018-2019,Kharif,Yadadri Bhuvanagiri,M.turkapally,Sesamum,20,0
2018-2019,Kharif,Yadadri Bhuvanagiri,Rajapet,Sesamum,58,0
2018-2019,Kharif,Yadadri Bhuvanagiri,Alair,Sesamum,23,0
2018-2019,Kharif,Yadadri Bhuvanagiri,Motakondur,Sesamum,35,6
2018-2019,Kharif,Yadadri Bhuvanagiri,Yadagirigutta,Sesamum,20,1
2018-2019,Kharif,Yadadri Bhuvanagiri,Bhongir,Sesamum,30,0
2018-2019,Kharif,Yadadri Bhuvanagiri,Bommalaramaram,Sesamum,8,0
2018-2019,Kharif,Yadadri Bhuvanagiri,Bibinagar,Sesamum,0,0
2018-2019,Kharif,Yadadri Bhuvanagiri,Pochampally,Sesamum,0,0
2018-2019,Kharif,Yadadri Bhuvanagiri,Choutuppal,Sesamum,0,0
2018-2019,Kharif,Yadadri Bhuvanagiri,Narayanpur,Sesamum,0,0
2018-2019,Kharif,Yadadri Bhuvanagiri,Ramannapet,Sesamum,4.2,0
2018-2019,Kharif,Yadadri Bhuvanagiri,Valigonda,Sesamum,0,0
2018-2019,Kharif,Yadadri Bhuvanagiri,Athmakur,Sesamum,17,0
2018-2019,Kharif,Yadadri Bhuvanagiri,Mothkur,Sesamum,4,0
2018-2019,Kharif,Yadadri Bhuvanagiri,Addagudur,Sesamum,0,0
2018-2019,Kharif,Yadadri Bhuvanagiri,M.turkapally,Sunflower,0,0
2018-2019,Kharif,Yadadri Bhuvanagiri,Rajapet,Sunflower,0,0
2018-2019,Kharif,Yadadri Bhuvanagiri,Alair,Sunflower,0,0
2018-2019,Kharif,Yadadri Bhuvanagiri,Motakondur,Sunflower,0,0
2018-2019,Kharif,Yadadri Bhuvanagiri,Yadagirigutta,Sunflower,0,0
2018-2019,Kharif,Yadadri Bhuvanagiri,Bhongir,Sunflower,0,0
2018-2019,Kharif,Yadadri Bhuvanagiri,Bommalaramaram,Sunflower,0,0
2018-2019,Kharif,Yadadri Bhuvanagiri,Bibinagar,Sunflower,0,0
2018-2019,Kharif,Yadadri Bhuvanagiri,Pochampally,Sunflower,0,0
2018-2019,Kharif,Yadadri Bhuvanagiri,Choutuppal,Sunflower,0,0
2018-2019,Kharif,Yadadri Bhuvanagiri,Narayanpur,Sunflower,0,0
2018-2019,Kharif,Yadadri Bhuvanagiri,Ramannapet,Sunflower,0,0
2018-2019,Kharif,Yadadri Bhuvanagiri,Valigonda,Sunflower,0,0
2018-2019,Kharif,Yadadri Bhuvanagiri,Athmakur,Sunflower,0,0
2018-2019,Kharif,Yadadri Bhuvanagiri,Mothkur,Sunflower,0,0
2018-2019,Kharif,Yadadri Bhuvanagiri,Addagudur,Sunflower,0,0
2018-2019,Kharif,Yadadri Bhuvanagiri,M.turkapally,Castor,55,11
2018-2019,Kharif,Yadadri Bhuvanagiri,Rajapet,Castor,96,0
2018-2019,Kharif,Yadadri Bhuvanagiri,Alair,Castor,309,0
2018-2019,Kharif,Yadadri Bhuvanagiri,Motakondur,Castor,12,0
2018-2019,Kharif,Yadadri Bhuvanagiri,Yadagirigutta,Castor,28,0
2018-2019,Kharif,Yadadri Bhuvanagiri,Bhongir,Castor,13,0
2018-2019,Kharif,Yadadri Bhuvanagiri,Bommalaramaram,Castor,27,2
2018-2019,Kharif,Yadadri Bhuvanagiri,Bibinagar,Castor,2,0
2018-2019,Kharif,Yadadri Bhuvanagiri,Pochampally,Castor,16,0
2018-2019,Kharif,Yadadri Bhuvanagiri,Choutuppal,Castor,33,0
2018-2019,Kharif,Yadadri Bhuvanagiri,Narayanpur,Castor,73,11
2018-2019,Kharif,Yadadri Bhuvanagiri,Ramannapet,Castor,6,0
2018-2019,Kharif,Yadadri Bhuvanagiri,Valigonda,Castor,11,0
2018-2019,Kharif,Yadadri Bhuvanagiri,Athmakur,Castor,9,0
2018-2019,Kharif,Yadadri Bhuvanagiri,Mothkur,Castor,0,0
2018-2019,Kharif,Yadadri Bhuvanagiri,Addagudur,Castor,0,0
2018-2019,Kharif,Yadadri Bhuvanagiri,M.turkapally,Soyabean,0,0
2018-2019,Kharif,Yadadri Bhuvanagiri,Rajapet,Soyabean,3,0
2018-2019,Kharif,Yadadri Bhuvanagiri,Alair,Soyabean,0,0
2018-2019,Kharif,Yadadri Bhuvanagiri,Motakondur,Soyabean,9,0
2018-2019,Kharif,Yadadri Bhuvanagiri,Yadagirigutta,Soyabean,0,0
2018-2019,Kharif,Yadadri Bhuvanagiri,Bhongir,Soyabean,3.77707182506762,0
2018-2019,Kharif,Yadadri Bhuvanagiri,Bommalaramaram,Soyabean,0,0
2018-2019,Kharif,Yadadri Bhuvanagiri,Bibinagar,Soyabean,0,0
2018-2019,Kharif,Yadadri Bhuvanagiri,Pochampally,Soyabean,0,0
2018-2019,Kharif,Yadadri Bhuvanagiri,Choutuppal,Soyabean,0,0
2018-2019,Kharif,Yadadri Bhuvanagiri,Narayanpur,Soyabean,1,0
2018-2019,Kharif,Yadadri Bhuvanagiri,Ramannapet,Soyabean,2,0
2018-2019,Kharif,Yadadri Bhuvanagiri,Valigonda,Soyabean,2,0
2018-2019,Kharif,Yadadri Bhuvanagiri,Athmakur,Soyabean,0,0
2018-2019,Kharif,Yadadri Bhuvanagiri,Mothkur,Soyabean,0,0
2018-2019,Kharif,Yadadri Bhuvanagiri,Addagudur,Soyabean,0,0
2018-2019,Kharif,Yadadri Bhuvanagiri,M.turkapally,Other oil seeds,0,0
2018-2019,Kharif,Yadadri Bhuvanagiri,Rajapet,Other oil seeds,0,0
2018-2019,Kharif,Yadadri Bhuvanagiri,Alair,Other oil seeds,0,1
2018-2019,Kharif,Yadadri Bhuvanagiri,Motakondur,Other oil seeds,0,0
2018-2019,Kharif,Yadadri Bhuvanagiri,Yadagirigutta,Other oil seeds,0,0
2018-2019,Kharif,Yadadri Bhuvanagiri,Bhongir,Other oil seeds,0,0
2018-2019,Kharif,Yadadri Bhuvanagiri,Bommalaramaram,Other oil seeds,0,0
2018-2019,Kharif,Yadadri Bhuvanagiri,Bibinagar,Other oil seeds,0,0
2018-2019,Kharif,Yadadri Bhuvanagiri,Pochampally,Other oil seeds,0,0
2018-2019,Kharif,Yadadri Bhuvanagiri,Choutuppal,Other oil seeds,0,31
2018-2019,Kharif,Yadadri Bhuvanagiri,Narayanpur,Other oil seeds,0,0
2018-2019,Kharif,Yadadri Bhuvanagiri,Ramannapet,Other oil seeds,0,0
2018-2019,Kharif,Yadadri Bhuvanagiri,Valigonda,Other oil seeds,0,8
2018-2019,Kharif,Yadadri Bhuvanagiri,Athmakur,Other oil seeds,0,0
2018-2019,Kharif,Yadadri Bhuvanagiri,Mothkur,Other oil seeds,0,70
2018-2019,Kharif,Yadadri Bhuvanagiri,Addagudur,Other oil seeds,0,39
2018-2019,Kharif,Yadadri Bhuvanagiri,M.turkapally,Tobacco,0,0
2018-2019,Kharif,Yadadri Bhuvanagiri,Rajapet,Tobacco,0,0
2018-2019,Kharif,Yadadri Bhuvanagiri,Alair,Tobacco,0,0
2018-2019,Kharif,Yadadri Bhuvanagiri,Motakondur,Tobacco,0,0
2018-2019,Kharif,Yadadri Bhuvanagiri,Yadagirigutta,Tobacco,3,0
2018-2019,Kharif,Yadadri Bhuvanagiri,Bhongir,Tobacco,0,0
2018-2019,Kharif,Yadadri Bhuvanagiri,Bommalaramaram,Tobacco,0,0
2018-2019,Kharif,Yadadri Bhuvanagiri,Bibinagar,Tobacco,0,0
2018-2019,Kharif,Yadadri Bhuvanagiri,Pochampally,Tobacco,0,0
2018-2019,Kharif,Yadadri Bhuvanagiri,Choutuppal,Tobacco,0,0
2018-2019,Kharif,Yadadri Bhuvanagiri,Narayanpur,Tobacco,0,0
2018-2019,Kharif,Yadadri Bhuvanagiri,Ramannapet,Tobacco,0,0
2018-2019,Kharif,Yadadri Bhuvanagiri,Valigonda,Tobacco,0,0
2018-2019,Kharif,Yadadri Bhuvanagiri,Athmakur,Tobacco,0,0
2018-2019,Kharif,Yadadri Bhuvanagiri,Mothkur,Tobacco,0,0
2018-2019,Kharif,Yadadri Bhuvanagiri,Addagudur,Tobacco,0,0
2018-2019,Kharif,Yadadri Bhuvanagiri,M.turkapally,Other non-food crops,22,67
2018-2019,Kharif,Yadadri Bhuvanagiri,Rajapet,Other non-food crops,35,0
2018-2019,Kharif,Yadadri Bhuvanagiri,Alair,Other non-food crops,0,5
2018-2019,Kharif,Yadadri Bhuvanagiri,Motakondur,Other non-food crops,65,123
2018-2019,Kharif,Yadadri Bhuvanagiri,Yadagirigutta,Other non-food crops,147,17
2018-2019,Kharif,Yadadri Bhuvanagiri,Bhongir,Other non-food crops,76,151
2018-2019,Kharif,Yadadri Bhuvanagiri,Bommalaramaram,Other non-food crops,62,167
2018-2019,Kharif,Yadadri Bhuvanagiri,Bibinagar,Other non-food crops,88,39
2018-2019,Kharif,Yadadri Bhuvanagiri,Pochampally,Other non-food crops,20,50
2018-2019,Kharif,Yadadri Bhuvanagiri,Choutuppal,Other non-food crops,26,51
2018-2019,Kharif,Yadadri Bhuvanagiri,Narayanpur,Other non-food crops,11,53
2018-2019,Kharif,Yadadri Bhuvanagiri,Ramannapet,Other non-food crops,5,8
2018-2019,Kharif,Yadadri Bhuvanagiri,Valigonda,Other non-food crops,3,13
2018-2019,Kharif,Yadadri Bhuvanagiri,Athmakur,Other non-food crops,21,6
2018-2019,Kharif,Yadadri Bhuvanagiri,Mothkur,Other non-food crops,231,52
2018-2019,Kharif,Yadadri Bhuvanagiri,Addagudur,Other non-food crops,88,3
2018-2019,Kharif,Yadadri Bhuvanagiri,M.turkapally,Total,3550,4178
2018-2019,Kharif,Yadadri Bhuvanagiri,Rajapet,Total,7347,6404
2018-2019,Kharif,Yadadri Bhuvanagiri,Alair,Total,4649,4291
2018-2019,Kharif,Yadadri Bhuvanagiri,Motakondur,Total,8169,9902
2018-2019,Kharif,Yadadri Bhuvanagiri,Yadagirigutta,Total,4437,4608
2018-2019,Kharif,Yadadri Bhuvanagiri,Bhongir,Total,7758.77707182507,9349
2018-2019,Kharif,Yadadri Bhuvanagiri,Bommalaramaram,Total,1966.1712294674,3072
2018-2019,Kharif,Yadadri Bhuvanagiri,Bibinagar,Total,3394,4398
2018-2019,Kharif,Yadadri Bhuvanagiri,Pochampally,Total,7436,9151
2018-2019,Kharif,Yadadri Bhuvanagiri,Choutuppal,Total,10930,10561
2018-2019,Kharif,Yadadri Bhuvanagiri,Narayanpur,Total,13649,13424
2018-2019,Kharif,Yadadri Bhuvanagiri,Ramannapet,Total,9121.8,12309
2018-2019,Kharif,Yadadri Bhuvanagiri,Valigonda,Total,12773,15210
2018-2019,Kharif,Yadadri Bhuvanagiri,Athmakur,Total,6168,6763
2018-2019,Kharif,Yadadri Bhuvanagiri,Mothkur,Total,7582,8001
2018-2019,Kharif,Yadadri Bhuvanagiri,Addagudur,Total,6142,8338
